[
    {
    "Title"         : "ENVIRONMENTS RH",
    "SENSOR_TYPES"  : ["WI-SENSOR RH SENSOR (LORA)"],
    "ALL_STYPES"    : ["POWER METER SENSOR (485)","ADC CONVERTOR (485)","WI-SENSOR RH SENSOR (LORA)","RH SENSOR (485)",
                       "AIR FLOW RH SENSOR (485)","AIR FLOW VELOCITY SENSOR (485)","WATER LEAK SENSOR (485)",
                       "WATER TEMPERATURE (485)","WATER PRESSURE (485)","WATER LEAK SENSOR (485)"],
    "COMPONENTS"    :   [{
        "TITLE"     : "PRODUCTION BACKEND",
        "SENSORS"   :   [{ "TITLE":"BACKEND1","DTUID":-1,"SENSORID":"B0-f8-97-C3-7C-87","TYPE":"WI-SENSOR RH SENSOR (LORA)" },
                         { "TITLE":"BACKEND2","DTUID":-1,"SENSORID":"B0-e1-64-78-DE-E0","TYPE":"WI-SENSOR RH SENSOR (LORA)" },
                         { "TITLE":"BACKEND3","DTUID":-1,"SENSORID":"B0-d8-BE-52-21-62","TYPE":"WI-SENSOR RH SENSOR (LORA)" },
                         { "TITLE":"BACKEND4","DTUID":-1,"SENSORID":"B0-c0-E7-11-A7-E3","TYPE":"WI-SENSOR RH SENSOR (LORA)" },
                         { "TITLE":"BACKEND5","DTUID":-1,"SENSORID":"B0-96-40-57-8B-E3","TYPE":"WI-SENSOR RH SENSOR (LORA)" }]},{
        "TITLE"     : "PRODUCTION FRONTEND",
        "SENSORS"   : [{ "TITLE":"FRONTEND1","DTUID":-1,"SENSORID":"B0-8E-58-B6-05-52","TYPE":"WI-SENSOR RH SENSOR (LORA)"}]},{
        "TITLE"     : "PRODUCTION",
        "SENSORS"   : [{ "TITLE":"HVC","DTUID":-1,"SENSORID":"B0-8A-EA-86-E2-C9","TYPE":"WI-SENSOR RH SENSOR (LORA)"}]},{
        "TITLE"     : "PRODUCTION CLEANROOM",
        "SENSORS"   : [{ "TITLE":"CLEANROOM1","DTUID":-1,"SENSORID":"B0-84-88-E0-CE-E7","TYPE":"WI-SENSOR RH SENSOR (LORA)"}]},{
        "TITLE"     : "PRODUCTION PASTE PREP",
        "SENSORS"   : [{ "TITLE":"PASTE PREP","DTUID":-1,"SENSORID":"B0-68-61-5E-F9-72","TYPE":"WI-SENSOR RH SENSOR (LORA)"}]}
    ]
},
{
    "Title"         : "ENVIRONMENTS AIRLOW",
    "SENSOR_TYPES"  : ["AIR FLOW VELOCITY SENSOR (485)"],
    "COMPONENTS"    :   [{
        "TITLE"     : "AIR HANDLING UNITS",
        "SENSORS"   :   [{ "TITLE":"AHU FE","DTUID":1,"SENSORID":60,"TYPE":"AIR FLOW VELOCITY SENSOR (485)" },
                         { "TITLE":"AHE CLEANROOM","DTUID":2,"SENSORID":61,"TYPE":"AIR FLOW VELOCITY SENSOR (485)" }]},{
        "TITLE"     : "WCPU",
        "SENSORS"   : [{ "TITLE":"WCPU A","DTUID":3,"SENSORID":62,"TYPE":"AIR FLOW VELOCITY SENSOR (485)"},
                       { "TITLE":"WCPU B","DTUID":4,"SENSORID":63,"TYPE":"AIR FLOW VELOCITY SENSOR (485)"}]},{
        "TITLE"     : "DEHUMIDIFER",
        "SENSORS"   : [{ "TITLE":"FE/HVC/R&D1","DTUID":5,"SENSORID":64,"TYPE":"AIR FLOW VELOCITY SENSOR (485)"},
                       { "TITLE":"FE/HVC/R&D2","DTUID":6,"SENSORID":65,"TYPE":"AIR FLOW VELOCITY SENSOR (485)"},
                       { "TITLE":"PASTE ROOM","DTUID":7,"SENSORID":66,"TYPE":"AIR FLOW VELOCITY SENSOR (485)"},
                       { "TITLE":"CLEANROOM","DTUID":8,"SENSORID":67,"TYPE":"AIR FLOW VELOCITY SENSOR (485)"}]},{
        "TITLE"     : "PRE-COOL",
        "SENSORS"   : [{ "TITLE":"PASTE PREP","DTUID":9,"SENSORID":68,"TYPE":"AIR FLOW VELOCITY SENSOR (485)"},
                       { "TITLE":"FE","DTUID":10,"SENSORID":69,"TYPE":"AIR FLOW VELOCITY SENSOR (485)"}]}
    ]
},
{
    "Title"         : "ELECTRICAL NETWORK",
    "SENSOR_TYPES"  : ["POWER METER SENSOR (485)"],
    "COMPONENTS"    :   [{
        "TITLE"     : "COMPRESSOR",
        "SENSORS"   : [{ "TITLE":"AIR C1","DTUID":100,"SENSORID":1,"TYPE":"POWER METER SENSOR (485)" },
                       { "TITLE":"AIR C2","DTUID":101,"SENSORID":2,"TYPE":"POWER METER SENSOR (485)" },
                       { "TITLE":"AIR C3","DTUID":102,"SENSORID":3,"TYPE":"POWER METER SENSOR (485)" },
                       { "TITLE":"WCPU A","DTUID":-1,"SENSORID":-1,"TYPE":"POWER METER SENSOR (485)" },
                       { "TITLE":"WCPU B","DTUID":106,"SENSORID":7,"TYPE":"POWER METER SENSOR (485)" }]},{
        "TITLE"     : "COOLING TOWERS",
        "SENSORS"   : [{ "TITLE":"COOLING TOWER 1","DTUID":111,"SENSORID":17,"TYPE":"POWER METER SENSOR (485)"},
                       { "TITLE":"COOLING TOWER 2","DTUID":112,"SENSORID":18,"TYPE":"POWER METER SENSOR (485)"}]},{
        "TITLE"     : "CHILLERS",
        "SENSORS"   : [{ "TITLE":"CHILLER A","DTUID":107,"SENSORID":8,"TYPE":"POWER METER SENSOR (485)"},
                       { "TITLE":"HEAT EXCHANGER","DTUID":108,"SENSORID":9,"TYPE":"POWER METER SENSOR (485)"}]},{
        "TITLE"     : "AHU",
        "SENSORS"   : [{ "TITLE":"AHU FE","DTUID":105,"SENSORID":6,"TYPE":"POWER METER SENSOR (485)"},
                       { "TITLE":"AHU CLEAN ROOM","DTUID":109,"SENSORID":10,"TYPE":"POWER METER SENSOR (485)"},
                       { "TITLE":"PRE-COOL FE","DTUID":100,"SENSORID":20,"TYPE":"POWER METER SENSOR (485)"},
                       { "TITLE":"PRE-COOL FE CLEAN ROOM","DTUID":-1,"SENSORID":-1,"TYPE":"POWER METER SENSOR (485)"}]},{
        "TITLE"     : "PUMP",
        "SENSORS"   : [{ "TITLE":"CHWP 1","DTUID":110,"SENSORID":11,"TYPE":"POWER METER SENSOR (485)"},
                       { "TITLE":"CHWP 2","DTUID":111,"SENSORID":12,"TYPE":"POWER METER SENSOR (485)"},
                       { "TITLE":"CHWP 3","DTUID":112,"SENSORID":13,"TYPE":"POWER METER SENSOR (485)"},
                       { "TITLE":"CWP 1","DTUID":113,"SENSORID":14,"TYPE":"POWER METER SENSOR (485)"},
                       { "TITLE":"CWP 2","DTUID":100,"SENSORID":15,"TYPE":"POWER METER SENSOR (485)"},
                       { "TITLE":"CWP 3","DTUID":110,"SENSORID":16,"TYPE":"POWER METER SENSOR (485)"}]},{
        "TITLE"     : "DEHUMIDIFIER",
        "SENSORS"   : [{ "TITLE":"DEHUMIDIFIER 1","DTUID":103,"SENSORID":4,"TYPE":"POWER METER SENSOR (485)"},
                       { "TITLE":"DEHUMIFIDIER 2","DTUID":104,"SENSORID":5,"TYPE":"POWER METER SENSOR (485)"},
                       { "TITLE":"DEHUMIFIDIER 3 PASTE ROOM","DTUID":113,"SENSORID":19,"TYPE":"POWER METER SENSOR (485)"}]}
    ]
},
{
    "Title"         : "CHILLER A",
    "SENSOR_TYPES"  : ["WATER TEMPERATURE (485)","WATER PRESSURE (485)"],
    "COMPONENTS"    :   [{
        "TITLE"     : "CHILLED WATER SYSTEM (SUPPLIES)",
        "SENSORS"   :  [{ "TITLE":"WATER TEMP","DTUID":211,"SENSORID":24,"TYPE":"WATER TEMPERATURE (485)" },
                        { "TITLE":"WATER PRESS 1","DTUID":211,"SENSORID":35,"TYPE":"WATER PRESSURE (485)" },
                        { "TITLE":"WATER PRESS 2","DTUID":211,"SENSORID":37,"TYPE":"WATER PRESSURE (485)" }]},{
        "TITLE"     : "CHILLED WATER SYSTEM (RETURN)",
        "SENSORS"   :  [{ "TITLE":"WATER TEMP","DTUID":207,"SENSORID":16,"TYPE":"WATER TEMPERATURE (485)" },
                        { "TITLE":"WATER PRESS","DTUID":207,"SENSORID":21,"TYPE":"WATER PRESSURE (485)" }]},{
        "TITLE"     : "COOLING WATER SYSTEM (SUPPLIES)",
        "SENSORS"   :  [{ "TITLE":"WATER TEMP","DTUID":208,"SENSORID":18,"TYPE":"WATER TEMPERATURE (485)"},
                        { "TITLE":"WATER PRESS 1","DTUID":208,"SENSORID":25,"TYPE":"WATER PRESSURE (485)"},
                        { "TITLE":"WATER PRESS 2","DTUID":208,"SENSORID":23,"TYPE":"WATER PRESSURE (485)"}]},{
        "TITLE"     : "COOLING WATER SYSTEM (RETURN)",
        "SENSORS"   : [{ "TITLE":"WATER TEMP","DTUID":205,"SENSORID":12,"TYPE":"WATER TEMPERATURE (485)"},
                       { "TITLE":"WATER PRESS","DTUID":205,"SENSORID":17,"TYPE":"WATER PRESSURE (485)"}]}
    ]
},
{
    "Title"         : "CHILLER B",
    "SENSOR_TYPES"  : ["WATER TEMPERATURE (485)","WATER PRESSURE (485)"],
    "COMPONENTS"    :   [{
        "TITLE"     : "CHILLED WATER SYSTEM (SUPPLIES)",
        "SENSORS"   :  [{ "TITLE":"WATER TEMP","DTUID":200,"SENSORID":2,"TYPE":"WATER TEMPERATURE (485)" },
                        { "TITLE":"WATER PRESS 1","DTUID":200,"SENSORID":1,"TYPE":"WATER PRESSURE (485)" },
                        { "TITLE":"WATER PRESS 2","DTUID":200,"SENSORID":3,"TYPE":"WATER PRESSURE (485)" }]},{
        "TITLE"     : "CHILLED WATER SYSTEM (RETURN)",
        "SENSORS"   :  [{ "TITLE":"WATER TEMP","DTUID":213,"SENSORID":28,"TYPE":"WATER TEMPERATURE (485)" },
                        { "TITLE":"WATER PRESS","DTUID":213,"SENSORID":41,"TYPE":"WATER PRESSURE (485)" }]},{
        "TITLE"     : "COOLING WATER SYSTEM (SUPPLIES)",
        "SENSORS"   :  [{ "TITLE":"WATER TEMP","DTUID":203,"SENSORID":8,"TYPE":"WATER TEMPERATURE (485)"},
                        { "TITLE":"WATER PRESS 1","DTUID":219,"SENSORID":55,"TYPE":"WATER PRESSURE (485)"},
                        { "TITLE":"WATER PRESS 2","DTUID":219,"SENSORID":57,"TYPE":"WATER PRESSURE (485)"}]},{
        "TITLE"     : "COOLING WATER SYSTEM (RETURN)",
        "SENSORS"   : [{ "TITLE":"WATER TEMP","DTUID":219,"SENSORID":40,"TYPE":"WATER TEMPERATURE (485)"},
                       { "TITLE":"WATER PRESS","DTUID":206,"SENSORID":13,"TYPE":"WATER PRESSURE (485)"}]}
    ]
},
{
    "Title"         : "HEAT EXCHANGER",
    "SENSOR_TYPES"  : ["WATER TEMPERATURE (485)","WATER PRESSURE (485)"],
    "COMPONENTS"    :   [{
        "TITLE"     : "CHILLED WATER SYSTEM (SUPPLIES)",
        "SENSORS"   :  [{ "TITLE":"WATER TEMP",   "DTUID":206,"SENSORID":14,"TYPE":"WATER TEMPERATURE (485)" },
                        { "TITLE":"WATER PRESS 1","DTUID":206,"SENSORID":19,"TYPE":"WATER PRESSURE (485)" }]},{
        "TITLE"     : "CHILLED WATER SYSTEM (RETURN)",
        "SENSORS"   :  [{ "TITLE":"WATER TEMP", "DTUID":202,"SENSORID":6,"TYPE":"WATER TEMPERATURE (485)" },
                        { "TITLE":"WATER PRESS","DTUID":202,"SENSORID":9,"TYPE":"WATER PRESSURE (485)" },
                        { "TITLE":"WATER PRESS","DTUID":202,"SENSORID":11,"TYPE":"WATER PRESSURE (485)" }]},{
        "TITLE"     : "MACHINE COOLING (SUPPLIES)",
        "SENSORS"   :  [{ "TITLE":"WATER TEMP",   "DTUID":-1,"SENSORID":-1,"TYPE":"WATER TEMPERATURE (485)"},
                        { "TITLE":"WATER PRESS 1","DTUID":-1,"SENSORID":-1,"TYPE":"WATER PRESSURE (485)"}]},{
        "TITLE"     : "MACHINE COOLING (RETURN)",
        "SENSORS"   : [{ "TITLE":"WATER TEMP", "DTUID":-1,"SENSORID":-1,"TYPE":"WATER TEMPERATURE (485)"},
                       { "TITLE":"WATER PRESS","DTUID":-1,"SENSORID":-1,"TYPE":"WATER PRESSURE (485)"}]}
    ]
},
{
    "Title"         : "PRE-HEAT FE",
    "SENSOR_TYPES"  : ["WATER TEMPERATURE (485)","WATER PRESSURE (485)"],
    "COMPONENTS"    :   [{
        "TITLE"     : "CHILLED WATER SYSTEM (SUPPLIES)",
        "SENSORS"   :  [{ "TITLE":"WATER TEMP","DTUID":212,"SENSORID":26,"TYPE":"WATER TEMPERATURE (485)" },
                        { "TITLE":"WATER PRESS 1","DTUID":212,"SENSORID":39,"TYPE":"WATER PRESSURE (485)" }]},{
        "TITLE"     : "CHILLED WATER SYSTEM (RETURN)",
        "SENSORS"   :  [{ "TITLE":"WATER TEMP","DTUID":209,"SENSORID":20,"TYPE":"WATER TEMPERATURE (485)" },
                        { "TITLE":"WATER PRESS","DTUID":209,"SENSORID":27,"TYPE":"WATER PRESSURE (485)" },
                        { "TITLE":"WATER PRESS","DTUID":209,"SENSORID":29,"TYPE":"WATER PRESSURE (485)" }]}
    ]
},
{
    "Title"         : "WATER COOLING PACK UNIT A",
    "SENSOR_TYPES"  : ["WATER TEMPERATURE (485)","WATER PRESSURE (485)"],
    "COMPONENTS"    :   [{
        "TITLE"     : "COOLING WATER SYSTEM (SUPPLIES)",
        "SENSORS"   :  [{ "TITLE":"WATER TEMP","DTUID":215,"SENSORID":32,"TYPE":"WATER TEMPERATURE (485)" },
                        { "TITLE":"WATER PRESS 1","DTUID":215,"SENSORID":45,"TYPE":"WATER PRESSURE (485)" },
                        { "TITLE":"WATER PRESS 2","DTUID":30,"SENSORID":59,"TYPE":"WATER PRESSURE (485)" }]},{
        "TITLE"     : "COOLING WATER SYSTEM (RETURN)",
        "SENSORS"   :  [{ "TITLE":"WATER TEMP","DTUID":216,"SENSORID":34,"TYPE":"WATER TEMPERATURE (485)" },
                        { "TITLE":"WATER PRESS","DTUID":216,"SENSORID":47,"TYPE":"WATER PRESSURE (485)" }]}
    ]
},
{
    "Title"         : "WATER COOLING PACK UNIT B",
    "SENSOR_TYPES"  : ["WATER TEMPERATURE (485)","WATER PRESSURE (485)"],
    "COMPONENTS"    :   [{
        "TITLE"     : "COOLING WATER SYSTEM (SUPPLIES)",
        "SENSORS"   :  [{ "TITLE":"WATER TEMP","DTUID":210,"SENSORID":22,"TYPE":"WATER TEMPERATURE (485)" },
                        { "TITLE":"WATER PRESS 1","DTUID":210,"SENSORID":31,"TYPE":"WATER PRESSURE (485)" },
                        { "TITLE":"WATER PRESS 2","DTUID":210,"SENSORID":33,"TYPE":"WATER PRESSURE (485)" }]},{
        "TITLE"     : "COOLING WATER SYSTEM (RETURN)",
        "SENSORS"   :  [{ "TITLE":"WATER TEMP","DTUID":214,"SENSORID":30,"TYPE":"WATER TEMPERATURE (485)" },
                        { "TITLE":"WATER PRESS","DTUID":214,"SENSORID":43,"TYPE":"WATER PRESSURE (485)" }]}
    ]
},
{
    "Title"         : "COOLING TOWER A",
    "SENSOR_TYPES"  : ["WATER TEMPERATURE (485)","WATER PRESSURE (485)"],
    "COMPONENTS"    :   [{
        "TITLE"     : "COOLING WATER SYSTEM (SUPPLIES)",
        "SENSORS"   :  [{ "TITLE":"WATER TEMP","DTUID":201,"SENSORID":4,"TYPE":"WATER TEMPERATURE (485)" },
                        { "TITLE":"WATER PRESS 1","DTUID":201,"SENSORID":5,"TYPE":"WATER PRESSURE (485)" },
                        { "TITLE":"WATER PRESS 2","DTUID":201,"SENSORID":7,"TYPE":"WATER PRESSURE (485)" }]},{
        "TITLE"     : "COOLING WATER SYSTEM (RETURN)",
        "SENSORS"   :  [{ "TITLE":"WATER TEMP","DTUID":217,"SENSORID":36,"TYPE":"WATER TEMPERATURE (485)" },
                        { "TITLE":"WATER PRESS","DTUID":217,"SENSORID":49,"TYPE":"WATER PRESSURE (485)" }]}
    ]
},
{
    "Title"         : "COOLING TOWER B",
    "SENSOR_TYPES"  : ["WATER TEMPERATURE (485)","WATER PRESSURE (485)"],
    "COMPONENTS"    :   [{
        "TITLE"     : "COOLING WATER SYSTEM (SUPPLIES)",
        "SENSORS"   :  [{ "TITLE":"WATER TEMP","DTUID":218,"SENSORID":38,"TYPE":"WATER TEMPERATURE (485)" },
                        { "TITLE":"WATER PRESS 1","DTUID":218,"SENSORID":51,"TYPE":"WATER PRESSURE (485)" },
                        { "TITLE":"WATER PRESS 2","DTUID":218,"SENSORID":53,"TYPE":"WATER PRESSURE (485)" }]},{
        "TITLE"     : "COOLING WATER SYSTEM (RETURN)",
        "SENSORS"   :  [{ "TITLE":"WATER TEMP","DTUID":204,"SENSORID":10,"TYPE":"WATER TEMPERATURE (485)" },
                        { "TITLE":"WATER PRESS","DTUID":204,"SENSORID":15,"TYPE":"WATER PRESSURE (485)" }]}
    ]
}
]