{
  "44" : { "id":44, "NAME":"DTU #44", "Temperature" : { "max" : 28.5 }, "Humidity" : { "max" : 74.0 }, "CO2" : { "max" : 480, "offset":0 } },
  "45" : { "id":45, "NAME":"DTU #45", "Temperature" : { "max" : 28.5 }, "Humidity" : { "max" : 74.0 }, "CO2" : { "max" : 480, "offset":0 } },
  "46" : { "id":46, "NAME":"DTU #46", "Temperature" : { "max" : 28.5 }, "Humidity" : { "max" : 74.0 }, "CO2" : { "max" : 480, "offset":0 } },
  "47" : { "id":47, "NAME":"DTU #47", "Temperature" : { "max" : 28.5 }, "Humidity" : { "max" : 74.0 }, "CO2" : { "max" : 480, "offset":0 } },
  "48" : { "id":48, "NAME":"DTU #48", "Temperature" : { "max" : 28.5 }, "Humidity" : { "max" : 74.0 }, "CO2" : { "max" : 480, "offset":0 } },
  "49" : { "id":49, "NAME":"DTU #49", "Temperature" : { "max" : 28.5 }, "Humidity" : { "max" : 74.0 }, "CO2" : { "max" : 480, "offset":0 } },
  "50" : { "id":50, "NAME":"DTU #50", "Temperature" : { "max" : 28.5 }, "Humidity" : { "max" : 74.0 }, "CO2" : { "max" : 480, "offset":0 } },
  "51" : { "id":51, "NAME":"DTU #51", "Temperature" : { "max" : 28.5 }, "Humidity" : { "max" : 74.0 }, "CO2" : { "max" : 480, "offset":0 } },
  "52" : { "id":52, "NAME":"DTU #52", "Temperature" : { "max" : 28.5 }, "Humidity" : { "max" : 74.0 }, "CO2" : { "max" : 480, "offset":0 } },
  "53" : { "id":53, "NAME":"DTU #53", "Temperature" : { "max" : 28.5 }, "Humidity" : { "max" : 74.0 }, "CO2" : { "max" : 480, "offset":0 } },
  "54" : { "id":54, "NAME":"DTU #54", "Temperature" : { "max" : 28.5 }, "Humidity" : { "max" : 74.0 }, "CO2" : { "max" : 480, "offset":0 } },
  "55" : { "id":55, "NAME":"DTU #55", "Temperature" : { "max" : 28.5 }, "Humidity" : { "max" : 74.0 }, "CO2" : { "max" : 480, "offset":0 } },
  "56" : { "id":56, "NAME":"DTU #56", "Temperature" : { "max" : 28.5 }, "Humidity" : { "max" : 74.0 }, "CO2" : { "max" : 480, "offset":0 } },
  "57" : { "id":57, "NAME":"DTU #57", "Temperature" : { "max" : 28.5 }, "Humidity" : { "max" : 74.0 }, "CO2" : { "max" : 480, "offset":0 } },
  "63" : { "id":63, "NAME":"DTU #63", "Temperature" : { "max" : 28.5 }, "Humidity" : { "max" : 74.0 }, "CO2" : { "max" : 488, "offset":0 } },
  "DEFAULT" : { "id":-9, "NAME":"DEFAULT", "Temperature" : { "max" : 28.5 }, "Humidity" : { "max" : 74.0 }, "CO2" : { "max" : 480, "offset":0 } }
}