[
  
  {"REMARK":"DTU STATE","NOTE":"CHECK ON DTU STATES"},

  {"GATEWAYID":2345678901,"NAME":"DTU-STATE-#001",  "TYPE":"DTU-STATE","DTUID":1,  "FLAG":true,"REMARK":"SYSTEM CHECK"},
  {"GATEWAYID":2345678901,"NAME":"DTU-STATE-#002",  "TYPE":"DTU-STATE","DTUID":2,  "FLAG":true,"REMARK":"SYSTEM CHECK"},
  {"GATEWAYID":2345678901,"NAME":"DTU-STATE-#003",  "TYPE":"DTU-STATE","DTUID":3,  "FLAG":true,"REMARK":"SYSTEM CHECK"},
  {"GATEWAYID":2345678901,"NAME":"DTU-STATE-#004",  "TYPE":"DTU-STATE","DTUID":4,  "FLAG":true,"REMARK":"SYSTEM CHECK"},
  {"GATEWAYID":2345678901,"NAME":"DTU-STATE-#005",  "TYPE":"DTU-STATE","DTUID":5,  "FLAG":true,"REMARK":"SYSTEM CHECK"},
  {"GATEWAYID":2345678901,"NAME":"DTU-STATE-#006",  "TYPE":"DTU-STATE","DTUID":6,  "FLAG":true,"REMARK":"SYSTEM CHECK"},
  {"GATEWAYID":2345678901,"NAME":"DTU-STATE-#007",  "TYPE":"DTU-STATE","DTUID":7,  "FLAG":true,"REMARK":"SYSTEM CHECK"},

  {"GATEWAYID":2345678901,"NAME":"DTU-STATE-#008",  "TYPE":"DTU-STATE","DTUID":8,  "FLAG":true,"REMARK":"SYSTEM CHECK"},
  {"GATEWAYID":2345678901,"NAME":"DTU-STATE-#009",  "TYPE":"DTU-STATE","DTUID":9,  "FLAG":true,"REMARK":"SYSTEM CHECK"},
  {"GATEWAYID":2345678901,"NAME":"DTU-STATE-#010",  "TYPE":"DTU-STATE","DTUID":10, "FLAG":true,"REMARK":"SYSTEM CHECK"},

  {"GATEWAYID":2345678901,"NAME":"DTU-STATE-#100",  "TYPE":"DTU-STATE","DTUID":100,"FLAG":true,"REMARK":"SYSTEM CHECK"},
  {"GATEWAYID":2345678901,"NAME":"DTU-STATE-#101",  "TYPE":"DTU-STATE","DTUID":101,"FLAG":true,"REMARK":"SYSTEM CHECK"},
  {"GATEWAYID":2345678901,"NAME":"DTU-STATE-#102",  "TYPE":"DTU-STATE","DTUID":102,"FLAG":true,"REMARK":"SYSTEM CHECK"},

  {"GATEWAYID":2345678901,"NAME":"DTU-STATE-#103",  "TYPE":"DTU-STATE","DTUID":103,"FLAG":true,"REMARK":"SYSTEM CHECK"},
  {"GATEWAYID":2345678901,"NAME":"DTU-STATE-#104",  "TYPE":"DTU-STATE","DTUID":104,"FLAG":true,"REMARK":"SYSTEM CHECK"},
  {"GATEWAYID":2345678901,"NAME":"DTU-STATE-#105",  "TYPE":"DTU-STATE","DTUID":105,"FLAG":true,"REMARK":"SYSTEM CHECK"},
  {"GATEWAYID":2345678901,"NAME":"DTU-STATE-#106",  "TYPE":"DTU-STATE","DTUID":106,"FLAG":true,"REMARK":"SYSTEM CHECK"},
 
  {"GATEWAYID":2345678901,"NAME":"DTU-STATE-#107",  "TYPE":"DTU-STATE","DTUID":107,"FLAG":true,"REMARK":"SYSTEM CHECK"},

  {"GATEWAYID":2345678901,"NAME":"DTU-STATE-#108",  "TYPE":"DTU-STATE","DTUID":108,"FLAG":true,"REMARK":"SYSTEM CHECK"},
  {"GATEWAYID":2345678901,"NAME":"DTU-STATE-#109",  "TYPE":"DTU-STATE","DTUID":109,"FLAG":true,"REMARK":"SYSTEM CHECK"},

  {"GATEWAYID":2345678901,"NAME":"DTU-STATE-#110",  "TYPE":"DTU-STATE","DTUID":110,"FLAG":true,"REMARK":"SYSTEM CHECK"},
  {"GATEWAYID":2345678901,"NAME":"DTU-STATE-#111",  "TYPE":"DTU-STATE","DTUID":111,"FLAG":true,"REMARK":"SYSTEM CHECK"},
  {"GATEWAYID":2345678901,"NAME":"DTU-STATE-#112",  "TYPE":"DTU-STATE","DTUID":112,"FLAG":true,"REMARK":"SYSTEM CHECK"},
  {"GATEWAYID":2345678901,"NAME":"DTU-STATE-#113",  "TYPE":"DTU-STATE","DTUID":113,"FLAG":true,"REMARK":"SYSTEM CHECK"},

  {"GATEWAYID":2345678901,"NAME":"DTU-STATE-#200",  "TYPE":"DTU-STATE","DTUID":200,"FLAG":true,"REMARK":"SYSTEM CHECK"},
  {"GATEWAYID":2345678901,"NAME":"DTU-STATE-#201",  "TYPE":"DTU-STATE","DTUID":201,"FLAG":true,"REMARK":"SYSTEM CHECK"},
  {"GATEWAYID":2345678901,"NAME":"DTU-STATE-#202",  "TYPE":"DTU-STATE","DTUID":202,"FLAG":true,"REMARK":"SYSTEM CHECK"},
  {"GATEWAYID":2345678901,"NAME":"DTU-STATE-#203",  "TYPE":"DTU-STATE","DTUID":203,"FLAG":true,"REMARK":"SYSTEM CHECK"},
  {"GATEWAYID":2345678901,"NAME":"DTU-STATE-#204",  "TYPE":"DTU-STATE","DTUID":204,"FLAG":true,"REMARK":"SYSTEM CHECK"},
  {"GATEWAYID":2345678901,"NAME":"DTU-STATE-#205",  "TYPE":"DTU-STATE","DTUID":205,"FLAG":true,"REMARK":"SYSTEM CHECK"},
  {"GATEWAYID":2345678901,"NAME":"DTU-STATE-#206",  "TYPE":"DTU-STATE","DTUID":206,"FLAG":true,"REMARK":"SYSTEM CHECK"},
  {"GATEWAYID":2345678901,"NAME":"DTU-STATE-#207",  "TYPE":"DTU-STATE","DTUID":207,"FLAG":true,"REMARK":"SYSTEM CHECK"},

  {"GATEWAYID":2345678901,"NAME":"DTU-STATE-#208",  "TYPE":"DTU-STATE","DTUID":208,"FLAG":true,"REMARK":"SYSTEM CHECK"},

  {"GATEWAYID":2345678901,"NAME":"DTU-STATE-#209",  "TYPE":"DTU-STATE","DTUID":209,"FLAG":true,"REMARK":"SYSTEM CHECK"},

  {"GATEWAYID":2345678901,"NAME":"DTU-STATE-#210",  "TYPE":"DTU-STATE","DTUID":210,"FLAG":true,"REMARK":"SYSTEM CHECK"},
  {"GATEWAYID":2345678901,"NAME":"DTU-STATE-#211",  "TYPE":"DTU-STATE","DTUID":211,"FLAG":true,"REMARK":"SYSTEM CHECK"},
  {"GATEWAYID":2345678901,"NAME":"DTU-STATE-#212",  "TYPE":"DTU-STATE","DTUID":212,"FLAG":true,"REMARK":"SYSTEM CHECK"},
  {"GATEWAYID":2345678901,"NAME":"DTU-STATE-#213",  "TYPE":"DTU-STATE","DTUID":213,"FLAG":true,"REMARK":"SYSTEM CHECK"},
 
  {"GATEWAYID":2345678901,"NAME":"DTU-STATE-#214",  "TYPE":"DTU-STATE","DTUID":214,"FLAG":true,"REMARK":"SYSTEM CHECK"},
  {"GATEWAYID":2345678901,"NAME":"DTU-STATE-#215",  "TYPE":"DTU-STATE","DTUID":215,"FLAG":true,"REMARK":"SYSTEM CHECK"},

  {"GATEWAYID":2345678901,"NAME":"DTU-STATE-#216",  "TYPE":"DTU-STATE","DTUID":216,"FLAG":true,"REMARK":"SYSTEM CHECK"},
 
  {"GATEWAYID":2345678901,"NAME":"DTU-STATE-#217",  "TYPE":"DTU-STATE","DTUID":217,"FLAG":true,"REMARK":"SYSTEM CHECK"},

  {"GATEWAYID":2345678901,"NAME":"DTU-STATE-#218",  "TYPE":"DTU-STATE","DTUID":218,"FLAG":true,"REMARK":"SYSTEM CHECK"},
  
  {"GATEWAYID":2345678901,"NAME":"DTU-STATE-#219",  "TYPE":"DTU-STATE","DTUID":219,"FLAG":true,"REMARK":"SYSTEM CHECK"},

]