[    
    {"REMARK":"AIR COMPRESSORS"},
    {"GATEWAYID":2345678901,"NAME":"AIR-PRES#219-40","TYPE":"485","DTUID":219,"SENSORID":40,"FLAG":true,"MODBUS":"0300020002","SENSORTYPE":"AIR-PRES"},
    {"GATEWAYID":2345678901,"NAME":"AIR-PRES#215-41","TYPE":"485","DTUID":215,"SENSORID":41,"FLAG":true,"MODBUS":"0300020002","SENSORTYPE":"AIR-PRES"},
    {"GATEWAYID":2345678901,"NAME":"AIR-PRES#215-42","TYPE":"485","DTUID":215,"SENSORID":42,"FLAG":true,"MODBUS":"0300020002","SENSORTYPE":"AIR-PRES"},
    
    {"REMARK":"AIRFLOW VELOCITY METER"},
    {"GATEWAYID":2345678901,"NAME":"AIR-VELS#203-60","TYPE":"485","DTUID":203,"SENSORID":60,"FLAG":true,"MODBUS":"0300000002","SENSORTYPE":"AIRFLOW-VEL"},
    
    {"REMARK":"END OF ENTRY"}
]