{"207_16":{"DTUID":"207","SENSORID":16,"FUNCID":3,"NDATA":2,"RCV_BYTES":["0000","0000"],"sensorDataArr":[0,0],"sensorDataFloatArr":["0.0000"],"sensorDataIntArr":[0],"TIMESTAMP":"19:55","DATESTAMP":"28/11","SENSORTYPE":"WATER-TEMP"},"202_9":{"DTUID":"202","SENSORID":9,"FUNCID":3,"NDATA":2,"RCV_BYTES":["4362","BC6A"],"sensorDataArr":[17250,-17302],"sensorDataFloatArr":["226.7360"],"sensorDataIntArr":[1130544234],"TIMESTAMP":"19:55","DATESTAMP":"28/11","SENSORTYPE":"WATER-PRES"},"207_23":{"DTUID":"207","SENSORID":23,"FUNCID":3,"NDATA":2,"RCV_BYTES":["4325","7BA6"],"sensorDataArr":[17189,31654],"sensorDataFloatArr":["165.4830"],"sensorDataIntArr":[1126529958],"TIMESTAMP":"19:55","DATESTAMP":"28/11","SENSORTYPE":"WATER-PRES"},"205_8":{"DTUID":"205","SENSORID":8,"FUNCID":3,"NDATA":2,"RCV_BYTES":["0000","0121"],"sensorDataArr":[0,289],"sensorDataFloatArr":["0.0000"],"sensorDataIntArr":[289],"TIMESTAMP":"19:55","DATESTAMP":"28/11","SENSORTYPE":"WATER-TEMP"},"214_59":{"DTUID":"214","SENSORID":59,"FUNCID":3,"NDATA":2,"RCV_BYTES":["4316","3F3B"],"sensorDataArr":[17174,16187],"sensorDataFloatArr":["150.2470"],"sensorDataIntArr":[1125531451],"TIMESTAMP":"19:55","DATESTAMP":"28/11","SENSORTYPE":"WATER-PRES"},"215_22":{"DTUID":"215","SENSORID":22,"FUNCID":3,"NDATA":2,"RCV_BYTES":["0000","013E"],"sensorDataArr":[0,318],"sensorDataFloatArr":["0.0000"],"sensorDataIntArr":[318],"TIMESTAMP":"19:56","DATESTAMP":"28/11","SENSORTYPE":"WATER-TEMP"},"201_5":{"DTUID":"201","SENSORID":5,"FUNCID":3,"NDATA":2,"RCV_BYTES":["42BC","6666"],"sensorDataArr":[17084,26214],"sensorDataFloatArr":["94.2000"],"sensorDataIntArr":[1119643238],"TIMESTAMP":"19:56","DATESTAMP":"28/11","SENSORTYPE":"WATER-PRES"},"201_65":{"DTUID":"201","SENSORID":65,"FUNCID":3,"NDATA":2,"RCV_BYTES":["42C1","C106"],"sensorDataArr":[17089,-16122],"sensorDataFloatArr":["96.8770"],"sensorDataIntArr":[1119994118],"TIMESTAMP":"19:56","DATESTAMP":"28/11","SENSORTYPE":"WATER-PRES"},"204_63":{"DTUID":"204","SENSORID":63,"FUNCID":3,"NDATA":2,"RCV_BYTES":["42CA","AF9E"],"sensorDataArr":[17098,-20578],"sensorDataFloatArr":["101.3430"],"sensorDataIntArr":[1120579486],"TIMESTAMP":"19:56","DATESTAMP":"28/11","SENSORTYPE":"WATER-PRES"},"204_38":{"DTUID":"204","SENSORID":38,"FUNCID":3,"NDATA":2,"RCV_BYTES":["0000","0120"],"sensorDataArr":[0,288],"sensorDataFloatArr":["0.0000"],"sensorDataIntArr":[288],"TIMESTAMP":"19:56","DATESTAMP":"28/11","SENSORTYPE":"WATER-TEMP"},"207_17":{"DTUID":"207","SENSORID":17,"FUNCID":3,"NDATA":2,"RCV_BYTES":["436B","C6E9"],"sensorDataArr":[17259,-14615],"sensorDataFloatArr":["235.7770"],"sensorDataIntArr":[1131136745],"TIMESTAMP":"19:56","DATESTAMP":"28/11","SENSORTYPE":"WATER-PRES"},"205_40":{"DTUID":"205","SENSORID":40,"FUNCID":3,"NDATA":2,"RCV_BYTES":["0000","0129"],"sensorDataArr":[0,297],"sensorDataFloatArr":["0.0000"],"sensorDataIntArr":[297],"TIMESTAMP":"19:56","DATESTAMP":"28/11","SENSORTYPE":"WATER-TEMP"},"214_47":{"DTUID":"214","SENSORID":47,"FUNCID":3,"NDATA":2,"RCV_BYTES":["436C","D581"],"sensorDataArr":[17260,-10879],"sensorDataFloatArr":["236.8340"],"sensorDataIntArr":[1131206017],"TIMESTAMP":"19:56","DATESTAMP":"28/11","SENSORTYPE":"WATER-PRES"},"214_34":{"DTUID":"214","SENSORID":34,"FUNCID":3,"NDATA":2,"RCV_BYTES":["0000","0129"],"sensorDataArr":[0,297],"sensorDataFloatArr":["0.0000"],"sensorDataIntArr":[297],"TIMESTAMP":"19:56","DATESTAMP":"28/11","SENSORTYPE":"WATER-TEMP"},"204_15":{"DTUID":"204","SENSORID":15,"FUNCID":3,"NDATA":2,"RCV_BYTES":["42FF","31AA"],"sensorDataArr":[17151,12714],"sensorDataFloatArr":["127.5970"],"sensorDataIntArr":[1124020650],"TIMESTAMP":"19:56","DATESTAMP":"28/11","SENSORTYPE":"WATER-PRES"},"204_10":{"DTUID":"204","SENSORID":10,"FUNCID":3,"NDATA":2,"RCV_BYTES":["0000","012F"],"sensorDataArr":[0,303],"sensorDataFloatArr":["0.0000"],"sensorDataIntArr":[303],"TIMESTAMP":"19:56","DATESTAMP":"28/11","SENSORTYPE":"WATER-TEMP"},"201_49":{"DTUID":"201","SENSORID":49,"FUNCID":3,"NDATA":2,"RCV_BYTES":["4300","09FC"],"sensorDataArr":[17152,2556],"sensorDataFloatArr":["128.0390"],"sensorDataIntArr":[1124076028],"TIMESTAMP":"19:56","DATESTAMP":"28/11","SENSORTYPE":"WATER-PRES"},"203_60":{"DTUID":"203","SENSORID":60,"FUNCID":3,"NDATA":2,"RCV_BYTES":["000D","1248"],"sensorDataArr":[13,4680],"sensorDataFloatArr":["0.0000"],"sensorDataIntArr":[856648],"TIMESTAMP":"19:56","DATESTAMP":"28/11","SENSORTYPE":"AIRFLOW-VEL"},"219_189":{"DTUID":"219","SENSORID":189,"FUNCID":3,"NDATA":2,"RCV_BYTES":["0015","004B"],"sensorDataArr":[21,75],"sensorDataFloatArr":["0.0000"],"sensorDataIntArr":[1376331],"TIMESTAMP":"19:56","DATESTAMP":"28/11"},"217_62":{"DTUID":"217","SENSORID":62,"FUNCID":3,"NDATA":2,"RCV_BYTES":["0016","1EF0"],"sensorDataArr":[22,7920],"sensorDataFloatArr":["0.0000"],"sensorDataIntArr":[1449712],"TIMESTAMP":"19:56","DATESTAMP":"28/11","SENSORTYPE":"AIRFLOW-VEL"},"206_64":{"DTUID":"206","SENSORID":64,"FUNCID":3,"NDATA":2,"RCV_BYTES":["0014","1C20"],"sensorDataArr":[20,7200],"sensorDataFloatArr":["0.0000"],"sensorDataIntArr":[1317920],"TIMESTAMP":"19:56","DATESTAMP":"28/11","SENSORTYPE":"AIRFLOW-VEL"},"203_66":{"DTUID":"203","SENSORID":66,"FUNCID":3,"NDATA":2,"RCV_BYTES":["000E","13B0"],"sensorDataArr":[14,5040],"sensorDataFloatArr":["0.0000"],"sensorDataIntArr":[922544],"TIMESTAMP":"19:56","DATESTAMP":"28/11","SENSORTYPE":"AIRFLOW-VEL"},"203_67":{"DTUID":"203","SENSORID":67,"FUNCID":3,"NDATA":2,"RCV_BYTES":["001E","2A30"],"sensorDataArr":[30,10800],"sensorDataFloatArr":["0.0000"],"sensorDataIntArr":[1976880],"TIMESTAMP":"19:56","DATESTAMP":"28/11","SENSORTYPE":"AIRFLOW-VEL"},"215_69":{"DTUID":"215","SENSORID":69,"FUNCID":3,"NDATA":2,"RCV_BYTES":["0032","4650"],"sensorDataArr":[50,18000],"sensorDataFloatArr":["0.0000"],"sensorDataIntArr":[3294800],"TIMESTAMP":"19:56","DATESTAMP":"28/11","SENSORTYPE":"AIRFLOW-VEL"},"206_68":{"DTUID":"206","SENSORID":68,"FUNCID":3,"NDATA":2,"RCV_BYTES":["0010","1680"],"sensorDataArr":[16,5760],"sensorDataFloatArr":["0.0000"],"sensorDataIntArr":[1054336],"TIMESTAMP":"19:56","DATESTAMP":"28/11","SENSORTYPE":"AIRFLOW-VEL"},"203_22":{"DTUID":"203","SENSORID":22,"FUNCID":3,"NDATA":2,"RCV_BYTES":["01FB","0090"],"sensorDataArr":[507,144],"sensorDataFloatArr":["0.0000"],"sensorDataIntArr":[33226896],"TIMESTAMP":"19:56","DATESTAMP":"28/11","SENSORTYPE":"AIRFLOW-TEMP"},"107_1":{"DTUID":"107","SENSORID":1,"FUNCID":3,"NDATA":2,"RCV_BYTES":["027B","C9E0"],"sensorDataArr":[635,-13856],"sensorDataFloatArr":["0.0000"],"sensorDataIntArr":[41667040],"TIMESTAMP":"19:56","DATESTAMP":"28/11","SENSORTYPE":"PWR-METER-POWER"},"101_3":{"DTUID":"101","SENSORID":3,"FUNCID":3,"NDATA":2,"RCV_BYTES":["0117","16E0"],"sensorDataArr":[279,5856],"sensorDataFloatArr":["0.0000"],"sensorDataIntArr":[18290400],"TIMESTAMP":"19:56","DATESTAMP":"28/11","SENSORTYPE":"PWR-METER-POWER"},"111_4":{"DTUID":"111","SENSORID":4,"FUNCID":3,"NDATA":2,"RCV_BYTES":["0126","C400"],"sensorDataArr":[294,-15360],"sensorDataFloatArr":["0.0000"],"sensorDataIntArr":[19317760],"TIMESTAMP":"19:56","DATESTAMP":"28/11","SENSORTYPE":"PWR-METER-POWER"},"110_5":{"DTUID":"110","SENSORID":5,"FUNCID":3,"NDATA":2,"RCV_BYTES":["0009","C0B0"],"sensorDataArr":[9,-16208],"sensorDataFloatArr":["0.0000"],"sensorDataIntArr":[639152],"TIMESTAMP":"19:56","DATESTAMP":"28/11","SENSORTYPE":"PWR-METER-POWER"},"107_1A":{"DTUID":"107","SENSORID":1,"FUNCID":3,"NDATA":17,"RCV_BYTES":["095E","096F","097A","0001","B210","0001","B4B8","0001","BC10","0001","369C","FFFF","F9C3","0001","36AA","270E","138A"],"sensorDataArr":[2398,2415,2426,1,-19952,1,-19272,1,-17392,1,13980,-1,-1597,1,13994,9998,5002],"sensorDataFloatArr":[],"sensorDataIntArr":[],"TIMESTAMP":"19:56","DATESTAMP":"28/11","SENSORTYPE":"PWR-METER-STATE"},"111_4A":{"DTUID":"111","SENSORID":4,"FUNCID":3,"NDATA":17,"RCV_BYTES":["096C","0976","0984","0001","E4D8","0001","E474","0001","E1CC","0001","4FAC","0000","0279","0001","4FAC","2710","1389"],"sensorDataArr":[2412,2422,2436,1,-6952,1,-7052,1,-7732,1,20396,0,633,1,20396,10000,5001],"sensorDataFloatArr":[],"sensorDataIntArr":[],"TIMESTAMP":"19:56","DATESTAMP":"28/11","SENSORTYPE":"PWR-METER-STATE"},"113_6":{"DTUID":"113","SENSORID":6,"FUNCID":3,"NDATA":2,"RCV_BYTES":["0076","3DD8"],"sensorDataArr":[118,15832],"sensorDataFloatArr":["0.0000"],"sensorDataIntArr":[7749080],"TIMESTAMP":"19:56","DATESTAMP":"28/11","SENSORTYPE":"PWR-METER-POWER"},"112_7":{"DTUID":"112","SENSORID":7,"FUNCID":3,"NDATA":2,"RCV_BYTES":["003B","F8E4"],"sensorDataArr":[59,-1820],"sensorDataFloatArr":["0.0000"],"sensorDataIntArr":[3930340],"TIMESTAMP":"19:56","DATESTAMP":"28/11","SENSORTYPE":"PWR-METER-POWER"},"110_5A":{"DTUID":"110","SENSORID":5,"FUNCID":3,"NDATA":17,"RCV_BYTES":["095A","0972","097E","0000","0619","0000","0659","0000","0748","0000","03C5","0000","007E","0000","03CD","26BE","1387"],"sensorDataArr":[2394,2418,2430,0,1561,0,1625,0,1864,0,965,0,126,0,973,9918,4999],"sensorDataFloatArr":[],"sensorDataIntArr":[],"TIMESTAMP":"19:56","DATESTAMP":"28/11","SENSORTYPE":"PWR-METER-STATE"},"107_2A":{"DTUID":"107","SENSORID":2,"FUNCID":3,"NDATA":17,"RCV_BYTES":["0963","0973","097F","0000","254E","0000","265C","0000","276A","0000","1B88","0000","03DE","0000","1BCA","26B3","1389"],"sensorDataArr":[2403,2419,2431,0,9550,0,9820,0,10090,0,7048,0,990,0,7114,9907,5001],"sensorDataFloatArr":[],"sensorDataIntArr":[],"TIMESTAMP":"19:56","DATESTAMP":"28/11","SENSORTYPE":"PWR-METER-STATE"},"101_3A":{"DTUID":"101","SENSORID":3,"FUNCID":3,"NDATA":17,"RCV_BYTES":["0966","0969","0976","0000","D570","0000","C51C","0000","CF6C","0000","89FB","0000","339D","0000","9350","2496","1389"],"sensorDataArr":[2406,2409,2422,0,-10896,0,-15076,0,-12436,0,-30213,0,13213,0,-27824,9366,5001],"sensorDataFloatArr":[],"sensorDataIntArr":[],"TIMESTAMP":"19:56","DATESTAMP":"28/11","SENSORTYPE":"PWR-METER-STATE"},"201_36":{"DTUID":"201","SENSORID":36,"FUNCID":3,"NDATA":2,"RCV_BYTES":["0000","0131"],"sensorDataArr":[0,305],"sensorDataFloatArr":["0.0000"],"sensorDataIntArr":[305],"TIMESTAMP":"19:56","DATESTAMP":"28/11","SENSORTYPE":"WATER-TEMP"},"102_11A":{"DTUID":"102","SENSORID":11,"FUNCID":3,"NDATA":17,"RCV_BYTES":["095D","0976","0980","0000","2A58","0000","2AFD","0000","2CD8","0000","1849","0000","13FE","0000","1F74","1E29","1387"],"sensorDataArr":[2397,2422,2432,0,10840,0,11005,0,11480,0,6217,0,5118,0,8052,7721,4999],"sensorDataFloatArr":[],"sensorDataIntArr":[],"TIMESTAMP":"19:57","DATESTAMP":"28/11","SENSORTYPE":"PWR-METER-STATE"},"112_7A":{"DTUID":"112","SENSORID":7,"FUNCID":3,"NDATA":17,"RCV_BYTES":["0952","096B","0979","0000","3A5C","0000","407E","0000","40C4","0000","1F9B","0000","2019","0000","2D0A","1B69","1387"],"sensorDataArr":[2386,2411,2425,0,14940,0,16510,0,16580,0,8091,0,8217,0,11530,7017,4999],"sensorDataFloatArr":[],"sensorDataIntArr":[],"TIMESTAMP":"19:57","DATESTAMP":"28/11","SENSORTYPE":"PWR-METER-STATE"},"110_15A":{"DTUID":"110","SENSORID":15,"FUNCID":3,"NDATA":17,"RCV_BYTES":["0959","0972","097D","0000","0C24","0000","0D4A","0000","0CC6","FFFF","FF8F","FFFF","FFDC","0000","0076","DAC9","1387"],"sensorDataArr":[2393,2418,2429,0,3108,0,3402,0,3270,-1,-113,-1,-36,0,118,-9527,4999],"sensorDataFloatArr":[],"sensorDataIntArr":[],"TIMESTAMP":"19:57","DATESTAMP":"28/11","SENSORTYPE":"PWR-METER-STATE"},"112_8A":{"DTUID":"112","SENSORID":8,"FUNCID":3,"NDATA":17,"RCV_BYTES":["0955","096A","0978","0000","FCBC","0001","0054","0000","FCB2","0000","59FA","FFFF","5FCC","0000","B7B7","1321","1387"],"sensorDataArr":[2389,2410,2424,0,-836,1,84,0,-846,0,23034,-1,24524,0,-18505,4897,4999],"sensorDataFloatArr":[],"sensorDataIntArr":[],"TIMESTAMP":"19:57","DATESTAMP":"28/11","SENSORTYPE":"PWR-METER-STATE"},"112_14":{"DTUID":"112","SENSORID":14,"FUNCID":3,"NDATA":2,"RCV_BYTES":["0002","D5F7"],"sensorDataArr":[2,-10761],"sensorDataFloatArr":["0.0000"],"sensorDataIntArr":[185847],"TIMESTAMP":"19:57","DATESTAMP":"28/11","SENSORTYPE":"PWR-METER-POWER"},"112_14A":{"DTUID":"112","SENSORID":14,"FUNCID":3,"NDATA":17,"RCV_BYTES":["094F","0969","0979","0000","07DA","0000","07A8","0000","07DA","0000","01A9","0000","055C","0000","059B","0B95","1387"],"sensorDataArr":[2383,2409,2425,0,2010,0,1960,0,2010,0,425,0,1372,0,1435,2965,4999],"sensorDataFloatArr":[],"sensorDataIntArr":[],"TIMESTAMP":"19:57","DATESTAMP":"28/11","SENSORTYPE":"PWR-METER-STATE"},"111_9A":{"DTUID":"111","SENSORID":9,"FUNCID":3,"NDATA":17,"RCV_BYTES":["096C","0975","0984","0000","0000","0000","00C8","0000","0000","0000","0000","0000","0000","0000","0000","0000","1387"],"sensorDataArr":[2412,2421,2436,0,0,0,200,0,0,0,0,0,0,0,0,0,4999],"sensorDataFloatArr":[],"sensorDataIntArr":[],"TIMESTAMP":"19:57","DATESTAMP":"28/11","SENSORTYPE":"PWR-METER-STATE"},"206_20":{"DTUID":"206","SENSORID":20,"FUNCID":3,"NDATA":2,"RCV_BYTES":["0133","00E1"],"sensorDataArr":[307,225],"sensorDataFloatArr":["0.0000"],"sensorDataIntArr":[20119777],"TIMESTAMP":"19:57","DATESTAMP":"28/11","SENSORTYPE":"AIRFLOW-TEMP"},"6_1":{"DTUID":"6","SENSORID":1,"FUNCID":3,"NDATA":2,"RCV_BYTES":["00E8","D370"],"sensorDataArr":[232,-11408],"sensorDataFloatArr":["0.0000"],"sensorDataIntArr":[15258480],"TIMESTAMP":"19:57","DATESTAMP":"28/11","SENSORTYPE":"PWR-METER-POWER"}}