{"215_21":{"DTUID":"215","SENSORID":21,"FUNCID":3,"NDATA":2,"RCV_BYTES":["0375","008C"],"sensorDataArr":[885,140],"sensorDataFloatArr":["0.0000"],"sensorDataIntArr":[57999500],"TIMESTAMP":"20:45","DATESTAMP":"1/7","SENSORTYPE":"AIRFLOW-TEMP"},"100_12":{"DTUID":"100","SENSORID":12,"FUNCID":3,"NDATA":2,"RCV_BYTES":["0003","1129"],"sensorDataArr":[3,4393],"sensorDataFloatArr":["0.0000"],"sensorDataIntArr":[201001],"TIMESTAMP":"20:45","DATESTAMP":"1/7","SENSORTYPE":"PWR-METER-POWER"},"113_6":{"DTUID":"113","SENSORID":6,"FUNCID":3,"NDATA":2,"RCV_BYTES":["001E","4E20"],"sensorDataArr":[30,20000],"sensorDataFloatArr":["0.0000"],"sensorDataIntArr":[1986080],"TIMESTAMP":"20:50","DATESTAMP":"1/7","SENSORTYPE":"PWR-METER-POWER"},"200_42":{"DTUID":"200","SENSORID":42,"FUNCID":3,"NDATA":2,"RCV_BYTES":["0000","0117"],"sensorDataArr":[0,279],"sensorDataFloatArr":["0.0000"],"sensorDataIntArr":[279],"TIMESTAMP":"20:54","DATESTAMP":"1/7","SENSORTYPE":"WATER-TEMP"},"209_29":{"DTUID":"209","SENSORID":29,"FUNCID":3,"NDATA":2,"RCV_BYTES":["42A6","7646"],"sensorDataArr":[17062,30278],"sensorDataFloatArr":["83.2310"],"sensorDataIntArr":[1118205510],"TIMESTAMP":"20:54","DATESTAMP":"1/7","SENSORTYPE":"WATER-PRES"},"205_55":{"DTUID":"205","SENSORID":55,"FUNCID":3,"NDATA":2,"RCV_BYTES":["4372","72B0"],"sensorDataArr":[17266,29360],"sensorDataFloatArr":["242.4480"],"sensorDataIntArr":[1131573936],"TIMESTAMP":"20:54","DATESTAMP":"1/7","SENSORTYPE":"WATER-PRES"},"200_3":{"DTUID":"200","SENSORID":3,"FUNCID":3,"NDATA":2,"RCV_BYTES":["42A5","B852"],"sensorDataArr":[17061,-18350],"sensorDataFloatArr":["82.8600"],"sensorDataIntArr":[1118156882],"TIMESTAMP":"21:04","DATESTAMP":"1/7","SENSORTYPE":"WATER-PRES"},"205_57":{"DTUID":"205","SENSORID":57,"FUNCID":3,"NDATA":2,"RCV_BYTES":["4327","1A5E"],"sensorDataArr":[17191,6750],"sensorDataFloatArr":["167.1030"],"sensorDataIntArr":[1126636126],"TIMESTAMP":"21:04","DATESTAMP":"1/7","SENSORTYPE":"WATER-PRES"},"107_1":{"DTUID":"107","SENSORID":1,"FUNCID":3,"NDATA":2,"RCV_BYTES":["00C2","21F8"],"sensorDataArr":[194,8696],"sensorDataFloatArr":["0.0000"],"sensorDataIntArr":[12722680],"TIMESTAMP":"21:05","DATESTAMP":"1/7","SENSORTYPE":"PWR-METER-POWER"},"203_22":{"DTUID":"203","SENSORID":22,"FUNCID":3,"NDATA":2,"RCV_BYTES":["01EB","0090"],"sensorDataArr":[491,144],"sensorDataFloatArr":["0.0000"],"sensorDataIntArr":[32178320],"TIMESTAMP":"21:05","DATESTAMP":"1/7","SENSORTYPE":"AIRFLOW-TEMP"},"100_20":{"DTUID":"100","SENSORID":20,"FUNCID":3,"NDATA":2,"RCV_BYTES":["0001","E2DA"],"sensorDataArr":[1,-7462],"sensorDataFloatArr":["0.0000"],"sensorDataIntArr":[123610],"TIMESTAMP":"21:05","DATESTAMP":"1/7","SENSORTYPE":"PWR-METER-POWER"},"110_16":{"DTUID":"110","SENSORID":16,"FUNCID":3,"NDATA":2,"RCV_BYTES":["0004","2C48"],"sensorDataArr":[4,11336],"sensorDataFloatArr":["0.0000"],"sensorDataIntArr":[273480],"TIMESTAMP":"21:05","DATESTAMP":"1/7","SENSORTYPE":"PWR-METER-POWER"},"1_1A":{"DTUID":"1","SENSORID":1,"FUNCID":3,"NDATA":17,"RCV_BYTES":["095E","0968","0974","0001","03B0","0000","98D0","0000","C148","FFFF","7A5A","FFFF","D779","0000","8BA1","DA9D","138C"],"sensorDataArr":[2398,2408,2420,1,944,0,-26416,0,-16056,-1,31322,-1,-10375,0,-29791,-9571,5004],"sensorDataFloatArr":[],"sensorDataIntArr":[],"TIMESTAMP":"21:06","DATESTAMP":"1/7","SENSORTYPE":"PWR-METER-STATE"},"107_2":{"DTUID":"107","SENSORID":2,"FUNCID":3,"NDATA":2,"RCV_BYTES":["000F","1FE0"],"sensorDataArr":[15,8160],"sensorDataFloatArr":["0.0000"],"sensorDataIntArr":[991200],"TIMESTAMP":"21:10","DATESTAMP":"1/7","SENSORTYPE":"PWR-METER-POWER"},"1_1":{"DTUID":"1","SENSORID":1,"FUNCID":3,"NDATA":2,"RCV_BYTES":["0061","02B0"],"sensorDataArr":[97,688],"sensorDataFloatArr":["0.0000"],"sensorDataIntArr":[6357680],"TIMESTAMP":"21:10","DATESTAMP":"1/7","SENSORTYPE":"PWR-METER-POWER"},"4_2":{"DTUID":"4","SENSORID":2,"FUNCID":3,"NDATA":2,"RCV_BYTES":["0185","6BE0"],"sensorDataArr":[389,27616],"sensorDataFloatArr":["0.0000"],"sensorDataIntArr":[25521120],"TIMESTAMP":"21:11","DATESTAMP":"1/7","SENSORTYPE":"PWR-METER-POWER"},"7_1":{"DTUID":"7","SENSORID":1,"FUNCID":3,"NDATA":2,"RCV_BYTES":["004A","7CC0"],"sensorDataArr":[74,31936],"sensorDataFloatArr":["0.0000"],"sensorDataIntArr":[4881600],"TIMESTAMP":"21:11","DATESTAMP":"1/7","SENSORTYPE":"PWR-METER-POWER"},"200_1":{"DTUID":"200","SENSORID":1,"FUNCID":3,"NDATA":2,"RCV_BYTES":["4413","1C4A"],"sensorDataArr":[17427,7242],"sensorDataFloatArr":["588.4420"],"sensorDataIntArr":[1142103114],"TIMESTAMP":"21:14","DATESTAMP":"1/7","SENSORTYPE":"WATER-PRES"},"209_39":{"DTUID":"209","SENSORID":39,"FUNCID":3,"NDATA":2,"RCV_BYTES":["4441","CC8B"],"sensorDataArr":[17473,-13173],"sensorDataFloatArr":["775.1960"],"sensorDataIntArr":[1145162891],"TIMESTAMP":"21:14","DATESTAMP":"1/7","SENSORTYPE":"WATER-PRES"},"209_27":{"DTUID":"209","SENSORID":27,"FUNCID":3,"NDATA":2,"RCV_BYTES":["430F","BDB2"],"sensorDataArr":[17167,-16974],"sensorDataFloatArr":["143.7410"],"sensorDataIntArr":[1125105074],"TIMESTAMP":"21:14","DATESTAMP":"1/7","SENSORTYPE":"WATER-PRES"},"207_18":{"DTUID":"207","SENSORID":18,"FUNCID":3,"NDATA":2,"RCV_BYTES":["0000","013F"],"sensorDataArr":[0,319],"sensorDataFloatArr":["0.0000"],"sensorDataIntArr":[319],"TIMESTAMP":"21:14","DATESTAMP":"1/7","SENSORTYPE":"WATER-TEMP"},"205_8":{"DTUID":"205","SENSORID":8,"FUNCID":3,"NDATA":2,"RCV_BYTES":["0000","0139"],"sensorDataArr":[0,313],"sensorDataFloatArr":["0.0000"],"sensorDataIntArr":[313],"TIMESTAMP":"21:14","DATESTAMP":"1/7","SENSORTYPE":"WATER-TEMP"},"215_22":{"DTUID":"215","SENSORID":22,"FUNCID":3,"NDATA":2,"RCV_BYTES":["0000","0148"],"sensorDataArr":[0,328],"sensorDataFloatArr":["0.0000"],"sensorDataIntArr":[328],"TIMESTAMP":"21:14","DATESTAMP":"1/7","SENSORTYPE":"WATER-TEMP"},"204_51":{"DTUID":"204","SENSORID":51,"FUNCID":3,"NDATA":2,"RCV_BYTES":["42C7","0AC1"],"sensorDataArr":[17095,2753],"sensorDataFloatArr":["99.5210"],"sensorDataIntArr":[1120340673],"TIMESTAMP":"21:14","DATESTAMP":"1/7","SENSORTYPE":"WATER-PRES"},"204_63":{"DTUID":"204","SENSORID":63,"FUNCID":3,"NDATA":2,"RCV_BYTES":["42C9","10E5"],"sensorDataArr":[17097,4325],"sensorDataFloatArr":["100.5330"],"sensorDataIntArr":[1120473317],"TIMESTAMP":"21:14","DATESTAMP":"1/7","SENSORTYPE":"WATER-PRES"},"205_90":{"DTUID":"205","SENSORID":90,"FUNCID":3,"NDATA":2,"RCV_BYTES":["4375","CA3D"],"sensorDataArr":[17269,-13763],"sensorDataFloatArr":["245.7900"],"sensorDataIntArr":[1131792957],"TIMESTAMP":"21:14","DATESTAMP":"1/7","SENSORTYPE":"WATER-PRES"},"205_40":{"DTUID":"205","SENSORID":40,"FUNCID":3,"NDATA":2,"RCV_BYTES":["0000","012F"],"sensorDataArr":[0,303],"sensorDataFloatArr":["0.0000"],"sensorDataIntArr":[303],"TIMESTAMP":"21:14","DATESTAMP":"1/7","SENSORTYPE":"WATER-TEMP"},"206_68":{"DTUID":"206","SENSORID":68,"FUNCID":3,"NDATA":2,"RCV_BYTES":["0013","1AB8"],"sensorDataArr":[19,6840],"sensorDataFloatArr":["0.0000"],"sensorDataIntArr":[1252024],"TIMESTAMP":"21:15","DATESTAMP":"1/7","SENSORTYPE":"AIRFLOW-VEL"},"206_20":{"DTUID":"206","SENSORID":20,"FUNCID":3,"NDATA":2,"RCV_BYTES":["0103","00E8"],"sensorDataArr":[259,232],"sensorDataFloatArr":["0.0000"],"sensorDataIntArr":[16974056],"TIMESTAMP":"21:15","DATESTAMP":"1/7","SENSORTYPE":"AIRFLOW-TEMP"},"101_3":{"DTUID":"101","SENSORID":3,"FUNCID":3,"NDATA":2,"RCV_BYTES":["004D","4F90"],"sensorDataArr":[77,20368],"sensorDataFloatArr":["0.0000"],"sensorDataIntArr":[5066640],"TIMESTAMP":"21:15","DATESTAMP":"1/7","SENSORTYPE":"PWR-METER-POWER"},"110_5":{"DTUID":"110","SENSORID":5,"FUNCID":3,"NDATA":2,"RCV_BYTES":["0002","D199"],"sensorDataArr":[2,-11879],"sensorDataFloatArr":["0.0000"],"sensorDataIntArr":[184729],"TIMESTAMP":"21:15","DATESTAMP":"1/7","SENSORTYPE":"PWR-METER-POWER"},"101_3A":{"DTUID":"101","SENSORID":3,"FUNCID":3,"NDATA":17,"RCV_BYTES":["0955","095A","0965","0000","F708","0000","DD04","0000","E560","0000","9CC0","0000","4CC6","0000","AE8A","2314","1389"],"sensorDataArr":[2389,2394,2405,0,-2296,0,-8956,0,-6816,0,-25408,0,19654,0,-20854,8980,5001],"sensorDataFloatArr":[],"sensorDataIntArr":[],"TIMESTAMP":"21:15","DATESTAMP":"1/7","SENSORTYPE":"PWR-METER-STATE"},"110_5A":{"DTUID":"110","SENSORID":5,"FUNCID":3,"NDATA":17,"RCV_BYTES":["0942","095C","0968","0000","0690","0000","075E","0000","08DA","0000","0498","0000","0062","0000","049C","26EE","138A"],"sensorDataArr":[2370,2396,2408,0,1680,0,1886,0,2266,0,1176,0,98,0,1180,9966,5002],"sensorDataFloatArr":[],"sensorDataIntArr":[],"TIMESTAMP":"21:15","DATESTAMP":"1/7","SENSORTYPE":"PWR-METER-STATE"},"112_7":{"DTUID":"112","SENSORID":7,"FUNCID":3,"NDATA":2,"RCV_BYTES":["0011","18B8"],"sensorDataArr":[17,6328],"sensorDataFloatArr":["0.0000"],"sensorDataIntArr":[1120440],"TIMESTAMP":"21:15","DATESTAMP":"1/7","SENSORTYPE":"PWR-METER-POWER"},"112_8":{"DTUID":"112","SENSORID":8,"FUNCID":3,"NDATA":2,"RCV_BYTES":["002F","8A78"],"sensorDataArr":[47,-30088],"sensorDataFloatArr":["0.0000"],"sensorDataIntArr":[3115640],"TIMESTAMP":"21:15","DATESTAMP":"1/7","SENSORTYPE":"PWR-METER-POWER"},"113_6A":{"DTUID":"113","SENSORID":6,"FUNCID":3,"NDATA":17,"RCV_BYTES":["093D","0957","0964","0000","6CB6","0000","648C","0000","7562","0000","4284","0000","0882","0000","430E","26BF","138A"],"sensorDataArr":[2365,2391,2404,0,27830,0,25740,0,30050,0,17028,0,2178,0,17166,9919,5002],"sensorDataFloatArr":[],"sensorDataIntArr":[],"TIMESTAMP":"21:15","DATESTAMP":"1/7","SENSORTYPE":"PWR-METER-STATE"},"102_11":{"DTUID":"102","SENSORID":11,"FUNCID":3,"NDATA":2,"RCV_BYTES":["0010","DA55"],"sensorDataArr":[16,-9643],"sensorDataFloatArr":["0.0000"],"sensorDataIntArr":[1104469],"TIMESTAMP":"21:15","DATESTAMP":"1/7","SENSORTYPE":"PWR-METER-POWER"},"110_15":{"DTUID":"110","SENSORID":15,"FUNCID":3,"NDATA":2,"RCV_BYTES":["0000","3731"],"sensorDataArr":[0,14129],"sensorDataFloatArr":["0.0000"],"sensorDataIntArr":[14129],"TIMESTAMP":"21:15","DATESTAMP":"1/7","SENSORTYPE":"PWR-METER-POWER"},"5_2":{"DTUID":"5","SENSORID":2,"FUNCID":3,"NDATA":2,"RCV_BYTES":["0012","7E60"],"sensorDataArr":[18,32352],"sensorDataFloatArr":["0.0000"],"sensorDataIntArr":[1212000],"TIMESTAMP":"21:16","DATESTAMP":"1/7","SENSORTYPE":"PWR-METER-POWER"},"100_19A":{"DTUID":"100","SENSORID":19,"FUNCID":3,"NDATA":17,"RCV_BYTES":["0941","0959","0968","0000","0000","0000","0000","0000","0000","0000","0000","0000","0000","0000","0000","0000","1389"],"sensorDataArr":[2369,2393,2408,0,0,0,0,0,0,0,0,0,0,0,0,0,5001],"sensorDataFloatArr":[],"sensorDataIntArr":[],"TIMESTAMP":"21:16","DATESTAMP":"1/7","SENSORTYPE":"PWR-METER-STATE"},"3_1":{"DTUID":"3","SENSORID":1,"FUNCID":3,"NDATA":2,"RCV_BYTES":["006E","7C60"],"sensorDataArr":[110,31840],"sensorDataFloatArr":["0.0000"],"sensorDataIntArr":[7240800],"TIMESTAMP":"21:16","DATESTAMP":"1/7","SENSORTYPE":"PWR-METER-POWER"},"3_2":{"DTUID":"3","SENSORID":2,"FUNCID":3,"NDATA":2,"RCV_BYTES":["0070","8460"],"sensorDataArr":[112,-31648],"sensorDataFloatArr":["0.0000"],"sensorDataIntArr":[7373920],"TIMESTAMP":"21:16","DATESTAMP":"1/7","SENSORTYPE":"PWR-METER-POWER"},"4_1":{"DTUID":"4","SENSORID":1,"FUNCID":3,"NDATA":2,"RCV_BYTES":["019C","1340"],"sensorDataArr":[412,4928],"sensorDataFloatArr":["0.0000"],"sensorDataIntArr":[27005760],"TIMESTAMP":"21:16","DATESTAMP":"1/7","SENSORTYPE":"PWR-METER-POWER"},"7_2":{"DTUID":"7","SENSORID":2,"FUNCID":3,"NDATA":2,"RCV_BYTES":["003E","1FC0"],"sensorDataArr":[62,8128],"sensorDataFloatArr":["0.0000"],"sensorDataIntArr":[4071360],"TIMESTAMP":"21:16","DATESTAMP":"1/7","SENSORTYPE":"PWR-METER-POWER"},"111_9":{"DTUID":"111","SENSORID":9,"FUNCID":3,"NDATA":2,"RCV_BYTES":["0083","3FD8"],"sensorDataArr":[131,16344],"sensorDataFloatArr":["0.0000"],"sensorDataIntArr":[8601560],"TIMESTAMP":"21:16","DATESTAMP":"1/7","SENSORTYPE":"PWR-METER-POWER"},"214_59":{"DTUID":"214","SENSORID":59,"FUNCID":3,"NDATA":2,"RCV_BYTES":["431A","4D0E"],"sensorDataArr":[17178,19726],"sensorDataFloatArr":["154.3010"],"sensorDataIntArr":[1125797134],"TIMESTAMP":"21:19","DATESTAMP":"1/7","SENSORTYPE":"WATER-PRES"},"201_49":{"DTUID":"201","SENSORID":49,"FUNCID":3,"NDATA":2,"RCV_BYTES":["4305","4A3D"],"sensorDataArr":[17157,19005],"sensorDataFloatArr":["133.2900"],"sensorDataIntArr":[1124420157],"TIMESTAMP":"21:19","DATESTAMP":"1/7","SENSORTYPE":"WATER-PRES"},"201_36":{"DTUID":"201","SENSORID":36,"FUNCID":3,"NDATA":2,"RCV_BYTES":["0000","013A"],"sensorDataArr":[0,314],"sensorDataFloatArr":["0.0000"],"sensorDataIntArr":[314],"TIMESTAMP":"21:19","DATESTAMP":"1/7","SENSORTYPE":"WATER-TEMP"},"215_41":{"DTUID":"215","SENSORID":41,"FUNCID":3,"NDATA":2,"RCV_BYTES":["441D","4AC1"],"sensorDataArr":[17437,19137],"sensorDataFloatArr":["629.1680"],"sensorDataIntArr":[1142770369],"TIMESTAMP":"21:19","DATESTAMP":"1/7","SENSORTYPE":"AIR-PRES"},"215_42":{"DTUID":"215","SENSORID":42,"FUNCID":3,"NDATA":2,"RCV_BYTES":["441D","4666"],"sensorDataArr":[17437,18022],"sensorDataFloatArr":["629.1000"],"sensorDataIntArr":[1142769254],"TIMESTAMP":"21:19","DATESTAMP":"1/7","SENSORTYPE":"AIR-PRES"},"219_61":{"DTUID":"219","SENSORID":61,"FUNCID":3,"NDATA":2,"RCV_BYTES":["0014","0048"],"sensorDataArr":[20,72],"sensorDataFloatArr":["0.0000"],"sensorDataIntArr":[1310792],"TIMESTAMP":"21:19","DATESTAMP":"1/7","SENSORTYPE":"AIRFLOW-VEL"},"217_62":{"DTUID":"217","SENSORID":62,"FUNCID":3,"NDATA":2,"RCV_BYTES":["0015","1D88"],"sensorDataArr":[21,7560],"sensorDataFloatArr":["0.0000"],"sensorDataIntArr":[1383816],"TIMESTAMP":"21:19","DATESTAMP":"1/7","SENSORTYPE":"AIRFLOW-VEL"},"206_64":{"DTUID":"206","SENSORID":64,"FUNCID":3,"NDATA":2,"RCV_BYTES":["0013","1AB8"],"sensorDataArr":[19,6840],"sensorDataFloatArr":["0.0000"],"sensorDataIntArr":[1252024],"TIMESTAMP":"21:19","DATESTAMP":"1/7","SENSORTYPE":"AIRFLOW-VEL"},"206_65":{"DTUID":"206","SENSORID":65,"FUNCID":3,"NDATA":2,"RCV_BYTES":["002C","3DE0"],"sensorDataArr":[44,15840],"sensorDataFloatArr":["0.0000"],"sensorDataIntArr":[2899424],"TIMESTAMP":"21:20","DATESTAMP":"1/7","SENSORTYPE":"AIRFLOW-VEL"},"203_60":{"DTUID":"203","SENSORID":60,"FUNCID":3,"NDATA":2,"RCV_BYTES":["0008","0B40"],"sensorDataArr":[8,2880],"sensorDataFloatArr":["0.0000"],"sensorDataIntArr":[527168],"TIMESTAMP":"21:20","DATESTAMP":"1/7","SENSORTYPE":"AIRFLOW-VEL"},"203_66":{"DTUID":"203","SENSORID":66,"FUNCID":3,"NDATA":2,"RCV_BYTES":["0014","1C20"],"sensorDataArr":[20,7200],"sensorDataFloatArr":["0.0000"],"sensorDataIntArr":[1317920],"TIMESTAMP":"21:20","DATESTAMP":"1/7","SENSORTYPE":"AIRFLOW-VEL"},"203_67":{"DTUID":"203","SENSORID":67,"FUNCID":3,"NDATA":2,"RCV_BYTES":["001E","2A30"],"sensorDataArr":[30,10800],"sensorDataFloatArr":["0.0000"],"sensorDataIntArr":[1976880],"TIMESTAMP":"21:20","DATESTAMP":"1/7","SENSORTYPE":"AIRFLOW-VEL"},"215_69":{"DTUID":"215","SENSORID":69,"FUNCID":3,"NDATA":2,"RCV_BYTES":["0031","44E8"],"sensorDataArr":[49,17640],"sensorDataFloatArr":["0.0000"],"sensorDataIntArr":[3228904],"TIMESTAMP":"21:20","DATESTAMP":"1/7","SENSORTYPE":"AIRFLOW-VEL"},"111_4":{"DTUID":"111","SENSORID":4,"FUNCID":3,"NDATA":2,"RCV_BYTES":["005B","9E10"],"sensorDataArr":[91,-25072],"sensorDataFloatArr":["0.0000"],"sensorDataIntArr":[6004240],"TIMESTAMP":"21:20","DATESTAMP":"1/7","SENSORTYPE":"PWR-METER-POWER"},"107_1A":{"DTUID":"107","SENSORID":1,"FUNCID":3,"NDATA":17,"RCV_BYTES":["094A","095C","0967","0001","FD10","0001","FF68","0002","06D4","0001","700D","FFFF","F85F","0001","701A","270E","138A"],"sensorDataArr":[2378,2396,2407,1,-752,1,-152,2,1748,1,28685,-1,-1953,1,28698,9998,5002],"sensorDataFloatArr":[],"sensorDataIntArr":[],"TIMESTAMP":"21:20","DATESTAMP":"1/7","SENSORTYPE":"PWR-METER-STATE"},"107_2A":{"DTUID":"107","SENSORID":2,"FUNCID":3,"NDATA":17,"RCV_BYTES":["094D","095E","0969","0000","2576","0000","26A2","0000","26D4","0000","1B46","0000","03AF","0000","1B82","26BB","138A"],"sensorDataArr":[2381,2398,2409,0,9590,0,9890,0,9940,0,6982,0,943,0,7042,9915,5002],"sensorDataFloatArr":[],"sensorDataIntArr":[],"TIMESTAMP":"21:20","DATESTAMP":"1/7","SENSORTYPE":"PWR-METER-STATE"},"111_4A":{"DTUID":"111","SENSORID":4,"FUNCID":3,"NDATA":17,"RCV_BYTES":["095A","0961","096F","0000","0168","0000","00F0","0000","01CC","0000","0000","0000","009E","0000","009E","0000","138A"],"sensorDataArr":[2394,2401,2415,0,360,0,240,0,460,0,0,0,158,0,158,0,5002],"sensorDataFloatArr":[],"sensorDataIntArr":[],"TIMESTAMP":"21:20","DATESTAMP":"1/7","SENSORTYPE":"PWR-METER-STATE"},"112_7A":{"DTUID":"112","SENSORID":7,"FUNCID":3,"NDATA":17,"RCV_BYTES":["093E","0956","0967","0000","398A","0000","3FFC","0000","3FF2","0000","1F66","0000","1F32","0000","2C3D","1BB9","138C"],"sensorDataArr":[2366,2390,2407,0,14730,0,16380,0,16370,0,8038,0,7986,0,11325,7097,5004],"sensorDataFloatArr":[],"sensorDataIntArr":[],"TIMESTAMP":"21:20","DATESTAMP":"1/7","SENSORTYPE":"PWR-METER-STATE"},"111_9A":{"DTUID":"111","SENSORID":9,"FUNCID":3,"NDATA":17,"RCV_BYTES":["0958","0960","096F","0002","3AC8","0002","5D3C","0002","623C","0001","8153","0000","BB88","0001","AC89","231F","138A"],"sensorDataArr":[2392,2400,2415,2,15048,2,23868,2,25148,1,-32429,0,-17528,1,-21367,8991,5002],"sensorDataFloatArr":[],"sensorDataIntArr":[],"TIMESTAMP":"21:20","DATESTAMP":"1/7","SENSORTYPE":"PWR-METER-STATE"},"112_8A":{"DTUID":"112","SENSORID":8,"FUNCID":3,"NDATA":17,"RCV_BYTES":["0943","0958","0966","0000","FE1A","0001","00FE","0000","FCF8","0000","5955","FFFF","60F5","0000","B667","1321","138C"],"sensorDataArr":[2371,2392,2406,0,-486,1,254,0,-776,0,22869,-1,24821,0,-18841,4897,5004],"sensorDataFloatArr":[],"sensorDataIntArr":[],"TIMESTAMP":"21:20","DATESTAMP":"1/7","SENSORTYPE":"PWR-METER-STATE"},"112_14":{"DTUID":"112","SENSORID":14,"FUNCID":3,"NDATA":2,"RCV_BYTES":["0000","DC44"],"sensorDataArr":[0,-9148],"sensorDataFloatArr":["0.0000"],"sensorDataIntArr":[56388],"TIMESTAMP":"21:20","DATESTAMP":"1/7","SENSORTYPE":"PWR-METER-POWER"},"102_11A":{"DTUID":"102","SENSORID":11,"FUNCID":3,"NDATA":17,"RCV_BYTES":["0948","0961","096D","0000","39D0","0000","3B92","0000","3EC6","0000","1E86","0000","1E68","0000","2B14","1BAD","138C"],"sensorDataArr":[2376,2401,2413,0,14800,0,15250,0,16070,0,7814,0,7784,0,11028,7085,5004],"sensorDataFloatArr":[],"sensorDataIntArr":[],"TIMESTAMP":"21:20","DATESTAMP":"1/7","SENSORTYPE":"PWR-METER-STATE"},"100_12A":{"DTUID":"100","SENSORID":12,"FUNCID":3,"NDATA":17,"RCV_BYTES":["0945","095C","096B","0000","2517","0000","22AB","0000","242C","0000","05C6","FFFF","E6D7","0000","19CE","08BD","138C"],"sensorDataArr":[2373,2396,2411,0,9495,0,8875,0,9260,0,1478,-1,-6441,0,6606,2237,5004],"sensorDataFloatArr":[],"sensorDataIntArr":[],"TIMESTAMP":"21:20","DATESTAMP":"1/7","SENSORTYPE":"PWR-METER-STATE"},"110_15A":{"DTUID":"110","SENSORID":15,"FUNCID":3,"NDATA":17,"RCV_BYTES":["0948","0960","096C","0000","0C19","0000","0D29","0000","0CC7","FFFF","FF98","FFFF","FFDA","0000","006F","DB5C","138C"],"sensorDataArr":[2376,2400,2412,0,3097,0,3369,0,3271,-1,-104,-1,-38,0,111,-9380,5004],"sensorDataFloatArr":[],"sensorDataIntArr":[],"TIMESTAMP":"21:20","DATESTAMP":"1/7","SENSORTYPE":"PWR-METER-STATE"},"100_17":{"DTUID":"100","SENSORID":17,"FUNCID":3,"NDATA":2,"RCV_BYTES":["0005","74D2"],"sensorDataArr":[5,29906],"sensorDataFloatArr":["0.0000"],"sensorDataIntArr":[357586],"TIMESTAMP":"21:20","DATESTAMP":"1/7","SENSORTYPE":"PWR-METER-POWER"},"112_14A":{"DTUID":"112","SENSORID":14,"FUNCID":3,"NDATA":17,"RCV_BYTES":["093E","0956","0967","0000","07BC","0000","0794","0000","07B7","0000","018C","0000","0545","0000","057D","0B00","138C"],"sensorDataArr":[2366,2390,2407,0,1980,0,1940,0,1975,0,396,0,1349,0,1405,2816,5004],"sensorDataFloatArr":[],"sensorDataIntArr":[],"TIMESTAMP":"21:20","DATESTAMP":"1/7","SENSORTYPE":"PWR-METER-STATE"},"110_16A":{"DTUID":"110","SENSORID":16,"FUNCID":3,"NDATA":17,"RCV_BYTES":["0948","0960","096C","0000","0000","0000","0000","0000","0000","0000","0000","0000","0000","0000","0000","0000","138C"],"sensorDataArr":[2376,2400,2412,0,0,0,0,0,0,0,0,0,0,0,0,0,5004],"sensorDataFloatArr":[],"sensorDataIntArr":[],"TIMESTAMP":"21:20","DATESTAMP":"1/7","SENSORTYPE":"PWR-METER-STATE"},"100_17A":{"DTUID":"100","SENSORID":17,"FUNCID":3,"NDATA":17,"RCV_BYTES":["0945","095D","096B","0000","11F3","0000","10F9","0000","106D","0000","09ED","FFFF","F8CF","0000","0C3F","1FA9","138A"],"sensorDataArr":[2373,2397,2411,0,4595,0,4345,0,4205,0,2541,-1,-1841,0,3135,8105,5002],"sensorDataFloatArr":[],"sensorDataIntArr":[],"TIMESTAMP":"21:20","DATESTAMP":"1/7","SENSORTYPE":"PWR-METER-STATE"},"100_18A":{"DTUID":"100","SENSORID":18,"FUNCID":3,"NDATA":17,"RCV_BYTES":["0944","095D","096C","0000","785A","0000","7D5A","0000","7F0D","0000","488F","0000","33C8","0000","5923","1FCC","138A"],"sensorDataArr":[2372,2397,2412,0,30810,0,32090,0,32525,0,18575,0,13256,0,22819,8140,5002],"sensorDataFloatArr":[],"sensorDataIntArr":[],"TIMESTAMP":"21:20","DATESTAMP":"1/7","SENSORTYPE":"PWR-METER-STATE"},"2_1":{"DTUID":"2","SENSORID":1,"FUNCID":3,"NDATA":2,"RCV_BYTES":["0107","3A40"],"sensorDataArr":[263,14912],"sensorDataFloatArr":["0.0000"],"sensorDataIntArr":[17250880],"TIMESTAMP":"21:20","DATESTAMP":"1/7","SENSORTYPE":"PWR-METER-POWER"},"5_1":{"DTUID":"5","SENSORID":1,"FUNCID":3,"NDATA":2,"RCV_BYTES":["0000","1CBF"],"sensorDataArr":[0,7359],"sensorDataFloatArr":["0.0000"],"sensorDataIntArr":[7359],"TIMESTAMP":"21:20","DATESTAMP":"1/7","SENSORTYPE":"PWR-METER-POWER"},"6_1":{"DTUID":"6","SENSORID":1,"FUNCID":3,"NDATA":2,"RCV_BYTES":["0040","A2E0"],"sensorDataArr":[64,-23840],"sensorDataFloatArr":["0.0000"],"sensorDataIntArr":[4236000],"TIMESTAMP":"21:20","DATESTAMP":"1/7","SENSORTYPE":"PWR-METER-POWER"},"6_2":{"DTUID":"6","SENSORID":2,"FUNCID":3,"NDATA":2,"RCV_BYTES":["0042","5C70"],"sensorDataArr":[66,23664],"sensorDataFloatArr":["0.0000"],"sensorDataIntArr":[4349040],"TIMESTAMP":"21:20","DATESTAMP":"1/7","SENSORTYPE":"PWR-METER-POWER"},"100_20A":{"DTUID":"100","SENSORID":20,"FUNCID":3,"NDATA":17,"RCV_BYTES":["0945","095D","096B","0000","720B","0000","72EC","0000","6BC1","0000","03D4","FFFF","FDFE","0000","0451","22A1","138A"],"sensorDataArr":[2373,2397,2411,0,29195,0,29420,0,27585,0,980,-1,-514,0,1105,8865,5002],"sensorDataFloatArr":[],"sensorDataIntArr":[],"TIMESTAMP":"21:20","DATESTAMP":"1/7","SENSORTYPE":"PWR-METER-STATE"},"2_1A":{"DTUID":"2","SENSORID":1,"FUNCID":3,"NDATA":17,"RCV_BYTES":["092F","0952","0973","0003","90D0","0003","CD70","0003","DFE0","0002","07F4","0001","BF0C","0002","ADAD","1D9F","138A"],"sensorDataArr":[2351,2386,2419,3,-28464,3,-12944,3,-8224,2,2036,1,-16628,2,-21075,7583,5002],"sensorDataFloatArr":[],"sensorDataIntArr":[],"TIMESTAMP":"21:21","DATESTAMP":"1/7","SENSORTYPE":"PWR-METER-STATE"},"5_1A":{"DTUID":"5","SENSORID":1,"FUNCID":3,"NDATA":17,"RCV_BYTES":["0963","0968","0976","0000","0089","0000","0085","0000","0070","0000","003E","0000","0040","0000","0059","1B32","138C"],"sensorDataArr":[2403,2408,2422,0,137,0,133,0,112,0,62,0,64,0,89,6962,5004],"sensorDataFloatArr":[],"sensorDataIntArr":[],"TIMESTAMP":"21:21","DATESTAMP":"1/7","SENSORTYPE":"PWR-METER-STATE"},"5_2A":{"DTUID":"5","SENSORID":2,"FUNCID":3,"NDATA":17,"RCV_BYTES":["0965","096A","0979","0000","5370","0000","4F60","0000","4970","0000","28D6","0000","25F3","0000","37B0","1CA5","138C"],"sensorDataArr":[2405,2410,2425,0,21360,0,20320,0,18800,0,10454,0,9715,0,14256,7333,5004],"sensorDataFloatArr":[],"sensorDataIntArr":[],"TIMESTAMP":"21:21","DATESTAMP":"1/7","SENSORTYPE":"PWR-METER-STATE"},"4_1A":{"DTUID":"4","SENSORID":1,"FUNCID":3,"NDATA":17,"RCV_BYTES":["094A","0960","096D","0004","3BC0","0004","B9D8","0004","8DC8","0003","01B9","0001","0204","0003","2BCC","2509","138A"],"sensorDataArr":[2378,2400,2413,4,15296,4,-17960,4,-29240,3,441,1,516,3,11212,9481,5002],"sensorDataFloatArr":[],"sensorDataIntArr":[],"TIMESTAMP":"21:21","DATESTAMP":"1/7","SENSORTYPE":"PWR-METER-STATE"},"7_1A":{"DTUID":"7","SENSORID":1,"FUNCID":3,"NDATA":17,"RCV_BYTES":["0956","096A","0972","0001","0770","0000","ADE8","0000","E100","0000","8F3D","0000","4196","0000","9D78","2388","138A"],"sensorDataArr":[2390,2410,2418,1,1904,0,-21016,0,-7936,0,-28867,0,16790,0,-25224,9096,5002],"sensorDataFloatArr":[],"sensorDataIntArr":[],"TIMESTAMP":"21:21","DATESTAMP":"1/7","SENSORTYPE":"PWR-METER-STATE"},"7_2A":{"DTUID":"7","SENSORID":2,"FUNCID":3,"NDATA":17,"RCV_BYTES":["0957","096B","0973","0000","C648","0000","DDB8","0001","0608","0000","8064","0000","652A","0000","A359","1EB3","138A"],"sensorDataArr":[2391,2411,2419,0,-14776,0,-8776,1,1544,0,-32668,0,25898,0,-23719,7859,5002],"sensorDataFloatArr":[],"sensorDataIntArr":[],"TIMESTAMP":"21:21","DATESTAMP":"1/7","SENSORTYPE":"PWR-METER-STATE"},"4_2A":{"DTUID":"4","SENSORID":2,"FUNCID":3,"NDATA":17,"RCV_BYTES":["094A","095F","096D","0005","2620","0004","80A8","0005","0118","0002","D3F0","0001","FA23","0003","7344","2004","138A"],"sensorDataArr":[2378,2399,2413,5,9760,4,-32600,5,280,2,-11280,1,-1501,3,29508,8196,5002],"sensorDataFloatArr":[],"sensorDataIntArr":[],"TIMESTAMP":"21:21","DATESTAMP":"1/7","SENSORTYPE":"PWR-METER-STATE"},"3_1A":{"DTUID":"3","SENSORID":1,"FUNCID":3,"NDATA":17,"RCV_BYTES":["095C","0964","0971","0001","FE00","0001","A540","0001","84C0","0001","14C9","0000","89FB","0001","352B","22F8","138C"],"sensorDataArr":[2396,2404,2417,1,-512,1,-23232,1,-31552,1,5321,0,-30213,1,13611,8952,5004],"sensorDataFloatArr":[],"sensorDataIntArr":[],"TIMESTAMP":"21:21","DATESTAMP":"1/7","SENSORTYPE":"PWR-METER-STATE"},"3_2A":{"DTUID":"3","SENSORID":2,"FUNCID":3,"NDATA":17,"RCV_BYTES":["095D","0966","0973","0001","C340","0001","BC60","0001","8830","0001","0D91","0000","86AE","0001","2D54","22F1","138C"],"sensorDataArr":[2397,2406,2419,1,-15552,1,-17312,1,-30672,1,3473,0,-31058,1,11604,8945,5004],"sensorDataFloatArr":[],"sensorDataIntArr":[],"TIMESTAMP":"21:21","DATESTAMP":"1/7","SENSORTYPE":"PWR-METER-STATE"},"6_1A":{"DTUID":"6","SENSORID":1,"FUNCID":3,"NDATA":17,"RCV_BYTES":["0961","0966","0975","0001","3A10","0000","E9E8","0001","2A98","0000","9FF2","0000","59B8","0000","B726","221D","138A"],"sensorDataArr":[2401,2406,2421,1,14864,0,-5656,1,10904,0,-24590,0,22968,0,-18650,8733,5002],"sensorDataFloatArr":[],"sensorDataIntArr":[],"TIMESTAMP":"21:21","DATESTAMP":"1/7","SENSORTYPE":"PWR-METER-STATE"},"6_2A":{"DTUID":"6","SENSORID":2,"FUNCID":3,"NDATA":17,"RCV_BYTES":["0963","096B","0977","0001","0428","0001","3038","0001","30B0","0000","A671","0000","5EAB","0000","BF31","2201","138A"],"sensorDataArr":[2403,2411,2423,1,1064,1,12344,1,12464,0,-22927,0,24235,0,-16591,8705,5002],"sensorDataFloatArr":[],"sensorDataIntArr":[],"TIMESTAMP":"21:21","DATESTAMP":"1/7","SENSORTYPE":"PWR-METER-STATE"},"207_35":{"DTUID":"207","SENSORID":35,"FUNCID":3,"NDATA":2,"RCV_BYTES":["4443","A1FC"],"sensorDataArr":[17475,-24068],"sensorDataFloatArr":["782.5310"],"sensorDataIntArr":[1145283068],"TIMESTAMP":"21:23","DATESTAMP":"1/7","SENSORTYPE":"WATER-PRES"},"207_37":{"DTUID":"207","SENSORID":37,"FUNCID":3,"NDATA":2,"RCV_BYTES":["43CD","A106"],"sensorDataArr":[17357,-24314],"sensorDataFloatArr":["411.2580"],"sensorDataIntArr":[1137549574],"TIMESTAMP":"21:24","DATESTAMP":"1/7","SENSORTYPE":"WATER-PRES"},"207_44":{"DTUID":"207","SENSORID":44,"FUNCID":3,"NDATA":2,"RCV_BYTES":["0000","009B"],"sensorDataArr":[0,155],"sensorDataFloatArr":["0.0000"],"sensorDataIntArr":[155],"TIMESTAMP":"21:24","DATESTAMP":"1/7","SENSORTYPE":"WATER-TEMP"},"200_46":{"DTUID":"200","SENSORID":46,"FUNCID":3,"NDATA":2,"RCV_BYTES":["0000","0101"],"sensorDataArr":[0,257],"sensorDataFloatArr":["0.0000"],"sensorDataIntArr":[257],"TIMESTAMP":"21:24","DATESTAMP":"1/7","SENSORTYPE":"WATER-TEMP"},"202_19":{"DTUID":"202","SENSORID":19,"FUNCID":3,"NDATA":2,"RCV_BYTES":["42A6","3E77"],"sensorDataArr":[17062,15991],"sensorDataFloatArr":["83.1220"],"sensorDataIntArr":[1118191223],"TIMESTAMP":"21:24","DATESTAMP":"1/7","SENSORTYPE":"WATER-PRES"},"202_14":{"DTUID":"202","SENSORID":14,"FUNCID":3,"NDATA":2,"RCV_BYTES":["0000","0000"],"sensorDataArr":[0,0],"sensorDataFloatArr":["0.0000"],"sensorDataIntArr":[0],"TIMESTAMP":"21:24","DATESTAMP":"1/7","SENSORTYPE":"WATER-TEMP"},"207_21":{"DTUID":"207","SENSORID":21,"FUNCID":3,"NDATA":2,"RCV_BYTES":["43DB","CCEE"],"sensorDataArr":[17371,-13074],"sensorDataFloatArr":["439.6010"],"sensorDataIntArr":[1138478318],"TIMESTAMP":"21:24","DATESTAMP":"1/7","SENSORTYPE":"WATER-PRES"},"207_16":{"DTUID":"207","SENSORID":16,"FUNCID":3,"NDATA":2,"RCV_BYTES":["0000","0098"],"sensorDataArr":[0,152],"sensorDataFloatArr":["0.0000"],"sensorDataIntArr":[152],"TIMESTAMP":"21:24","DATESTAMP":"1/7","SENSORTYPE":"WATER-TEMP"},"200_41":{"DTUID":"200","SENSORID":41,"FUNCID":3,"NDATA":2,"RCV_BYTES":["43E1","9A7F"],"sensorDataArr":[17377,-25985],"sensorDataFloatArr":["451.2070"],"sensorDataIntArr":[1138858623],"TIMESTAMP":"21:24","DATESTAMP":"1/7","SENSORTYPE":"WATER-PRES"},"202_9":{"DTUID":"202","SENSORID":9,"FUNCID":3,"NDATA":2,"RCV_BYTES":["4367","2937"],"sensorDataArr":[17255,10551],"sensorDataFloatArr":["231.1610"],"sensorDataIntArr":[1130834231],"TIMESTAMP":"21:24","DATESTAMP":"1/7","SENSORTYPE":"WATER-PRES"},"202_11":{"DTUID":"202","SENSORID":11,"FUNCID":3,"NDATA":2,"RCV_BYTES":["435B","B810"],"sensorDataArr":[17243,-18416],"sensorDataFloatArr":["219.7190"],"sensorDataIntArr":[1130084368],"TIMESTAMP":"21:24","DATESTAMP":"1/7","SENSORTYPE":"WATER-PRES"},"202_52":{"DTUID":"202","SENSORID":52,"FUNCID":3,"NDATA":2,"RCV_BYTES":["0000","00DD"],"sensorDataArr":[0,221],"sensorDataFloatArr":["0.0000"],"sensorDataIntArr":[221],"TIMESTAMP":"21:24","DATESTAMP":"1/7","SENSORTYPE":"WATER-TEMP"},"209_50":{"DTUID":"209","SENSORID":50,"FUNCID":3,"NDATA":2,"RCV_BYTES":["0000","0000"],"sensorDataArr":[0,0],"sensorDataFloatArr":["0.0000"],"sensorDataIntArr":[0],"TIMESTAMP":"21:24","DATESTAMP":"1/7","SENSORTYPE":"WATER-TEMP"},"207_23":{"DTUID":"207","SENSORID":23,"FUNCID":3,"NDATA":2,"RCV_BYTES":["432D","F168"],"sensorDataArr":[17197,-3736],"sensorDataFloatArr":["173.9430"],"sensorDataIntArr":[1127084392],"TIMESTAMP":"21:24","DATESTAMP":"1/7","SENSORTYPE":"WATER-PRES"},"207_25":{"DTUID":"207","SENSORID":25,"FUNCID":3,"NDATA":2,"RCV_BYTES":["4324","A5A2"],"sensorDataArr":[17188,-23134],"sensorDataFloatArr":["164.6470"],"sensorDataIntArr":[1126475170],"TIMESTAMP":"21:24","DATESTAMP":"1/7","SENSORTYPE":"WATER-PRES"},"214_45":{"DTUID":"214","SENSORID":45,"FUNCID":3,"NDATA":2,"RCV_BYTES":["4331","60C5"],"sensorDataArr":[17201,24773],"sensorDataFloatArr":["177.3780"],"sensorDataIntArr":[1127309509],"TIMESTAMP":"21:24","DATESTAMP":"1/7","SENSORTYPE":"WATER-PRES"},"214_32":{"DTUID":"214","SENSORID":32,"FUNCID":3,"NDATA":2,"RCV_BYTES":["0000","0142"],"sensorDataArr":[0,322],"sensorDataFloatArr":["0.0000"],"sensorDataIntArr":[322],"TIMESTAMP":"21:24","DATESTAMP":"1/7","SENSORTYPE":"WATER-TEMP"},"215_31":{"DTUID":"215","SENSORID":31,"FUNCID":3,"NDATA":2,"RCV_BYTES":["4334","48B4"],"sensorDataArr":[17204,18612],"sensorDataFloatArr":["180.2840"],"sensorDataIntArr":[1127499956],"TIMESTAMP":"21:24","DATESTAMP":"1/7","SENSORTYPE":"WATER-PRES"},"215_33":{"DTUID":"215","SENSORID":33,"FUNCID":3,"NDATA":2,"RCV_BYTES":["4340","30E5"],"sensorDataArr":[17216,12517],"sensorDataFloatArr":["192.1910"],"sensorDataIntArr":[1128280293],"TIMESTAMP":"21:24","DATESTAMP":"1/7","SENSORTYPE":"WATER-PRES"},"201_5":{"DTUID":"201","SENSORID":5,"FUNCID":3,"NDATA":2,"RCV_BYTES":["42B9","8AC1"],"sensorDataArr":[17081,-30015],"sensorDataFloatArr":["92.7710"],"sensorDataIntArr":[1119455937],"TIMESTAMP":"21:24","DATESTAMP":"1/7","SENSORTYPE":"WATER-PRES"},"201_65":{"DTUID":"201","SENSORID":65,"FUNCID":3,"NDATA":2,"RCV_BYTES":["42C0","2042"],"sensorDataArr":[17088,8258],"sensorDataFloatArr":["96.0630"],"sensorDataIntArr":[1119887426],"TIMESTAMP":"21:24","DATESTAMP":"1/7","SENSORTYPE":"WATER-PRES"},"201_4":{"DTUID":"201","SENSORID":4,"FUNCID":3,"NDATA":2,"RCV_BYTES":["0000","012D"],"sensorDataArr":[0,301],"sensorDataFloatArr":["0.0000"],"sensorDataIntArr":[301],"TIMESTAMP":"21:24","DATESTAMP":"1/7","SENSORTYPE":"WATER-TEMP"},"204_38":{"DTUID":"204","SENSORID":38,"FUNCID":3,"NDATA":2,"RCV_BYTES":["0000","0128"],"sensorDataArr":[0,296],"sensorDataFloatArr":["0.0000"],"sensorDataIntArr":[296],"TIMESTAMP":"21:24","DATESTAMP":"1/7","SENSORTYPE":"WATER-TEMP"},"207_17":{"DTUID":"207","SENSORID":17,"FUNCID":3,"NDATA":2,"RCV_BYTES":["4371","7917"],"sensorDataArr":[17265,30999],"sensorDataFloatArr":["241.4730"],"sensorDataIntArr":[1131510039],"TIMESTAMP":"21:24","DATESTAMP":"1/7","SENSORTYPE":"WATER-PRES"},"207_12":{"DTUID":"207","SENSORID":12,"FUNCID":3,"NDATA":2,"RCV_BYTES":["0000","0130"],"sensorDataArr":[0,304],"sensorDataFloatArr":["0.0000"],"sensorDataIntArr":[304],"TIMESTAMP":"21:24","DATESTAMP":"1/7","SENSORTYPE":"WATER-TEMP"},"214_47":{"DTUID":"214","SENSORID":47,"FUNCID":3,"NDATA":2,"RCV_BYTES":["4379","2937"],"sensorDataArr":[17273,10551],"sensorDataFloatArr":["249.1610"],"sensorDataIntArr":[1132013879],"TIMESTAMP":"21:24","DATESTAMP":"1/7","SENSORTYPE":"WATER-PRES"},"214_34":{"DTUID":"214","SENSORID":34,"FUNCID":3,"NDATA":2,"RCV_BYTES":["0000","012D"],"sensorDataArr":[0,301],"sensorDataFloatArr":["0.0000"],"sensorDataIntArr":[301],"TIMESTAMP":"21:24","DATESTAMP":"1/7","SENSORTYPE":"WATER-TEMP"},"215_43":{"DTUID":"215","SENSORID":43,"FUNCID":3,"NDATA":2,"RCV_BYTES":["437B","1958"],"sensorDataArr":[17275,6488],"sensorDataFloatArr":["251.0990"],"sensorDataIntArr":[1132140888],"TIMESTAMP":"21:24","DATESTAMP":"1/7","SENSORTYPE":"WATER-PRES"},"215_30":{"DTUID":"215","SENSORID":30,"FUNCID":3,"NDATA":2,"RCV_BYTES":["0000","012D"],"sensorDataArr":[0,301],"sensorDataFloatArr":["0.0000"],"sensorDataIntArr":[301],"TIMESTAMP":"21:24","DATESTAMP":"1/7","SENSORTYPE":"WATER-TEMP"},"204_15":{"DTUID":"204","SENSORID":15,"FUNCID":3,"NDATA":2,"RCV_BYTES":["42FB","F439"],"sensorDataArr":[17147,-3015],"sensorDataFloatArr":["125.9770"],"sensorDataIntArr":[1123808313],"TIMESTAMP":"21:24","DATESTAMP":"1/7","SENSORTYPE":"WATER-PRES"},"204_10":{"DTUID":"204","SENSORID":10,"FUNCID":3,"NDATA":2,"RCV_BYTES":["0000","013D"],"sensorDataArr":[0,317],"sensorDataFloatArr":["0.0000"],"sensorDataIntArr":[317],"TIMESTAMP":"21:24","DATESTAMP":"1/7","SENSORTYPE":"WATER-TEMP"},"219_40":{"DTUID":"219","SENSORID":40,"FUNCID":3,"NDATA":2,"RCV_BYTES":["441D","9666"],"sensorDataArr":[17437,-27034],"sensorDataFloatArr":["630.3500"],"sensorDataIntArr":[1142789734],"TIMESTAMP":"21:24","DATESTAMP":"1/7","SENSORTYPE":"AIR-PRES"}}