{"200_41":{"DTUID":"200","SENSORID":41,"FUNCID":3,"NDATA":2,"RCV_BYTES":["43B4","1B44"],"sensorDataArr":[17332,6980],"sensorDataFloatArr":["360.2130"],"sensorDataIntArr":[1135876932],"TIMESTAMP":"11:27","DATESTAMP":"18/12","SENSORTYPE":"WATER-PRES"},"209_27":{"DTUID":"209","SENSORID":27,"FUNCID":3,"NDATA":2,"RCV_BYTES":["443D","F000"],"sensorDataArr":[17469,-4096],"sensorDataFloatArr":["759.7500"],"sensorDataIntArr":[1144909824],"TIMESTAMP":"11:27","DATESTAMP":"18/12","SENSORTYPE":"WATER-PRES"},"209_29":{"DTUID":"209","SENSORID":29,"FUNCID":3,"NDATA":2,"RCV_BYTES":["42A6","7646"],"sensorDataArr":[17062,30278],"sensorDataFloatArr":["83.2310"],"sensorDataIntArr":[1118205510],"TIMESTAMP":"11:27","DATESTAMP":"18/12","SENSORTYPE":"WATER-PRES"},"209_50":{"DTUID":"209","SENSORID":50,"FUNCID":3,"NDATA":2,"RCV_BYTES":["0000","0000"],"sensorDataArr":[0,0],"sensorDataFloatArr":["0.0000"],"sensorDataIntArr":[0],"TIMESTAMP":"11:27","DATESTAMP":"18/12","SENSORTYPE":"WATER-TEMP"},"207_23":{"DTUID":"207","SENSORID":23,"FUNCID":3,"NDATA":2,"RCV_BYTES":["4335","CC8B"],"sensorDataArr":[17205,-13173],"sensorDataFloatArr":["181.7990"],"sensorDataIntArr":[1127599243],"TIMESTAMP":"11:27","DATESTAMP":"18/12","SENSORTYPE":"WATER-PRES"},"205_55":{"DTUID":"205","SENSORID":55,"FUNCID":3,"NDATA":2,"RCV_BYTES":["435F","09BA"],"sensorDataArr":[17247,2490],"sensorDataFloatArr":["223.0380"],"sensorDataIntArr":[1130301882],"TIMESTAMP":"11:27","DATESTAMP":"18/12","SENSORTYPE":"WATER-PRES"},"205_57":{"DTUID":"205","SENSORID":57,"FUNCID":3,"NDATA":2,"RCV_BYTES":["432F","68B4"],"sensorDataArr":[17199,26804],"sensorDataFloatArr":["175.4090"],"sensorDataIntArr":[1127180468],"TIMESTAMP":"11:27","DATESTAMP":"18/12","SENSORTYPE":"WATER-PRES"},"214_32":{"DTUID":"214","SENSORID":32,"FUNCID":3,"NDATA":2,"RCV_BYTES":["0000","0124"],"sensorDataArr":[0,292],"sensorDataFloatArr":["0.0000"],"sensorDataIntArr":[292],"TIMESTAMP":"11:27","DATESTAMP":"18/12","SENSORTYPE":"WATER-TEMP"},"215_31":{"DTUID":"215","SENSORID":31,"FUNCID":3,"NDATA":2,"RCV_BYTES":["434E","6FDF"],"sensorDataArr":[17230,28639],"sensorDataFloatArr":["206.4370"],"sensorDataIntArr":[1129213919],"TIMESTAMP":"11:27","DATESTAMP":"18/12","SENSORTYPE":"WATER-PRES"},"215_33":{"DTUID":"215","SENSORID":33,"FUNCID":3,"NDATA":2,"RCV_BYTES":["4366","F375"],"sensorDataArr":[17254,-3211],"sensorDataFloatArr":["230.9510"],"sensorDataIntArr":[1130820469],"TIMESTAMP":"11:27","DATESTAMP":"18/12","SENSORTYPE":"WATER-PRES"},"201_5":{"DTUID":"201","SENSORID":5,"FUNCID":3,"NDATA":2,"RCV_BYTES":["42B8","5168"],"sensorDataArr":[17080,20840],"sensorDataFloatArr":["92.1590"],"sensorDataIntArr":[1119375720],"TIMESTAMP":"11:27","DATESTAMP":"18/12","SENSORTYPE":"WATER-PRES"},"201_65":{"DTUID":"201","SENSORID":65,"FUNCID":3,"NDATA":2,"RCV_BYTES":["42C0","2042"],"sensorDataArr":[17088,8258],"sensorDataFloatArr":["96.0630"],"sensorDataIntArr":[1119887426],"TIMESTAMP":"11:27","DATESTAMP":"18/12","SENSORTYPE":"WATER-PRES"},"207_17":{"DTUID":"207","SENSORID":17,"FUNCID":3,"NDATA":2,"RCV_BYTES":["436A","C2D1"],"sensorDataArr":[17258,-15663],"sensorDataFloatArr":["234.7610"],"sensorDataIntArr":[1131070161],"TIMESTAMP":"11:28","DATESTAMP":"18/12","SENSORTYPE":"WATER-PRES"},"205_8":{"DTUID":"205","SENSORID":8,"FUNCID":3,"NDATA":2,"RCV_BYTES":["0000","0128"],"sensorDataArr":[0,296],"sensorDataFloatArr":["0.0000"],"sensorDataIntArr":[296],"TIMESTAMP":"11:28","DATESTAMP":"18/12","SENSORTYPE":"WATER-TEMP"},"201_49":{"DTUID":"201","SENSORID":49,"FUNCID":3,"NDATA":2,"RCV_BYTES":["4312","6A3D"],"sensorDataArr":[17170,27197],"sensorDataFloatArr":["146.4150"],"sensorDataIntArr":[1125280317],"TIMESTAMP":"11:28","DATESTAMP":"18/12","SENSORTYPE":"WATER-PRES"},"201_36":{"DTUID":"201","SENSORID":36,"FUNCID":3,"NDATA":2,"RCV_BYTES":["0000","0128"],"sensorDataArr":[0,296],"sensorDataFloatArr":["0.0000"],"sensorDataIntArr":[296],"TIMESTAMP":"11:28","DATESTAMP":"18/12","SENSORTYPE":"WATER-TEMP"},"204_15":{"DTUID":"204","SENSORID":15,"FUNCID":3,"NDATA":2,"RCV_BYTES":["42F8","4F5C"],"sensorDataArr":[17144,20316],"sensorDataFloatArr":["124.1550"],"sensorDataIntArr":[1123569500],"TIMESTAMP":"11:28","DATESTAMP":"18/12","SENSORTYPE":"WATER-PRES"},"219_40":{"DTUID":"219","SENSORID":40,"FUNCID":3,"NDATA":2,"RCV_BYTES":["43F4","DB23"],"sensorDataArr":[17396,-9437],"sensorDataFloatArr":["489.7120"],"sensorDataIntArr":[1140120355],"TIMESTAMP":"11:28","DATESTAMP":"18/12","SENSORTYPE":"AIR-PRES"},"203_60":{"DTUID":"203","SENSORID":60,"FUNCID":3,"NDATA":2,"RCV_BYTES":["0000","0000"],"sensorDataArr":[0,0],"sensorDataFloatArr":["0.0000"],"sensorDataIntArr":[0],"TIMESTAMP":"11:28","DATESTAMP":"18/12","SENSORTYPE":"AIRFLOW-VEL"},"217_62":{"DTUID":"217","SENSORID":62,"FUNCID":3,"NDATA":2,"RCV_BYTES":["0016","1EF0"],"sensorDataArr":[22,7920],"sensorDataFloatArr":["0.0000"],"sensorDataIntArr":[1449712],"TIMESTAMP":"11:28","DATESTAMP":"18/12","SENSORTYPE":"AIRFLOW-VEL"},"206_64":{"DTUID":"206","SENSORID":64,"FUNCID":3,"NDATA":2,"RCV_BYTES":["0002","02D0"],"sensorDataArr":[2,720],"sensorDataFloatArr":["0.0000"],"sensorDataIntArr":[131792],"TIMESTAMP":"11:28","DATESTAMP":"18/12","SENSORTYPE":"AIRFLOW-VEL"},"206_65":{"DTUID":"206","SENSORID":65,"FUNCID":3,"NDATA":2,"RCV_BYTES":["000E","13B0"],"sensorDataArr":[14,5040],"sensorDataFloatArr":["0.0000"],"sensorDataIntArr":[922544],"TIMESTAMP":"11:28","DATESTAMP":"18/12","SENSORTYPE":"AIRFLOW-VEL"},"205_40":{"DTUID":"205","SENSORID":40,"FUNCID":3,"NDATA":2,"RCV_BYTES":["0000","0118"],"sensorDataArr":[0,280],"sensorDataFloatArr":["0.0000"],"sensorDataIntArr":[280],"TIMESTAMP":"11:28","DATESTAMP":"18/12","SENSORTYPE":"WATER-TEMP"},"215_69":{"DTUID":"215","SENSORID":69,"FUNCID":3,"NDATA":2,"RCV_BYTES":["0032","4650"],"sensorDataArr":[50,18000],"sensorDataFloatArr":["0.0000"],"sensorDataIntArr":[3294800],"TIMESTAMP":"11:28","DATESTAMP":"18/12","SENSORTYPE":"AIRFLOW-VEL"},"206_20":{"DTUID":"206","SENSORID":20,"FUNCID":3,"NDATA":2,"RCV_BYTES":["02E5","0090"],"sensorDataArr":[741,144],"sensorDataFloatArr":["0.0000"],"sensorDataIntArr":[48562320],"TIMESTAMP":"11:28","DATESTAMP":"18/12","SENSORTYPE":"AIRFLOW-TEMP"},"215_21":{"DTUID":"215","SENSORID":21,"FUNCID":3,"NDATA":2,"RCV_BYTES":["0321","00EB"],"sensorDataArr":[801,235],"sensorDataFloatArr":["0.0000"],"sensorDataIntArr":[52494571],"TIMESTAMP":"11:28","DATESTAMP":"18/12","SENSORTYPE":"AIRFLOW-TEMP"},"107_1":{"DTUID":"107","SENSORID":1,"FUNCID":3,"NDATA":2,"RCV_BYTES":["02B1","2C20"],"sensorDataArr":[689,11296],"sensorDataFloatArr":["0.0000"],"sensorDataIntArr":[45165600],"TIMESTAMP":"11:28","DATESTAMP":"18/12","SENSORTYPE":"PWR-METER-POWER"},"107_2":{"DTUID":"107","SENSORID":2,"FUNCID":3,"NDATA":2,"RCV_BYTES":["003A","AA5C"],"sensorDataArr":[58,-21924],"sensorDataFloatArr":["0.0000"],"sensorDataIntArr":[3844700],"TIMESTAMP":"11:28","DATESTAMP":"18/12","SENSORTYPE":"PWR-METER-POWER"},"101_3":{"DTUID":"101","SENSORID":3,"FUNCID":3,"NDATA":2,"RCV_BYTES":["012D","B5F8"],"sensorDataArr":[301,-18952],"sensorDataFloatArr":["0.0000"],"sensorDataIntArr":[19772920],"TIMESTAMP":"11:28","DATESTAMP":"18/12","SENSORTYPE":"PWR-METER-POWER"},"203_22":{"DTUID":"203","SENSORID":22,"FUNCID":3,"NDATA":2,"RCV_BYTES":["0387","008C"],"sensorDataArr":[903,140],"sensorDataFloatArr":["0.0000"],"sensorDataIntArr":[59179148],"TIMESTAMP":"11:28","DATESTAMP":"18/12","SENSORTYPE":"AIRFLOW-TEMP"},"214_34":{"DTUID":"214","SENSORID":34,"FUNCID":3,"NDATA":2,"RCV_BYTES":["0000","0117"],"sensorDataArr":[0,279],"sensorDataFloatArr":["0.0000"],"sensorDataIntArr":[279],"TIMESTAMP":"11:28","DATESTAMP":"18/12","SENSORTYPE":"WATER-TEMP"},"101_3A":{"DTUID":"101","SENSORID":3,"FUNCID":3,"NDATA":17,"RCV_BYTES":["0985","0984","0990","0000","08D4","0000","03E8","0000","0370","0000","02AE","0000","02C8","0000","03D0","1B73","1387"],"sensorDataArr":[2437,2436,2448,0,2260,0,1000,0,880,0,686,0,712,0,976,7027,4999],"sensorDataFloatArr":[],"sensorDataIntArr":[],"TIMESTAMP":"11:28","DATESTAMP":"18/12","SENSORTYPE":"PWR-METER-STATE"},"113_6":{"DTUID":"113","SENSORID":6,"FUNCID":3,"NDATA":2,"RCV_BYTES":["0081","4C14"],"sensorDataArr":[129,19476],"sensorDataFloatArr":["0.0000"],"sensorDataIntArr":[8473620],"TIMESTAMP":"11:28","DATESTAMP":"18/12","SENSORTYPE":"PWR-METER-POWER"},"111_4A":{"DTUID":"111","SENSORID":4,"FUNCID":3,"NDATA":17,"RCV_BYTES":["0985","0987","0994","0000","A000","0000","9F4C","0000","9EAC","0000","6B5A","FFFF","F669","0000","6BC4","26E9","1389"],"sensorDataArr":[2437,2439,2452,0,-24576,0,-24756,0,-24916,0,27482,-1,-2455,0,27588,9961,5001],"sensorDataFloatArr":[],"sensorDataIntArr":[],"TIMESTAMP":"11:28","DATESTAMP":"18/12","SENSORTYPE":"PWR-METER-STATE"},"110_5A":{"DTUID":"110","SENSORID":5,"FUNCID":3,"NDATA":17,"RCV_BYTES":["0979","0985","098F","0000","053F","0000","04DD","0000","054C","0000","02DA","0000","0068","0000","02E1","26AD","1389"],"sensorDataArr":[2425,2437,2447,0,1343,0,1245,0,1356,0,730,0,104,0,737,9901,5001],"sensorDataFloatArr":[],"sensorDataIntArr":[],"TIMESTAMP":"11:28","DATESTAMP":"18/12","SENSORTYPE":"PWR-METER-STATE"},"102_11":{"DTUID":"102","SENSORID":11,"FUNCID":3,"NDATA":2,"RCV_BYTES":["003A","9E6D"],"sensorDataArr":[58,-24979],"sensorDataFloatArr":["0.0000"],"sensorDataIntArr":[3841645],"TIMESTAMP":"11:28","DATESTAMP":"18/12","SENSORTYPE":"PWR-METER-POWER"},"100_12":{"DTUID":"100","SENSORID":12,"FUNCID":3,"NDATA":2,"RCV_BYTES":["0004","0248"],"sensorDataArr":[4,584],"sensorDataFloatArr":["0.0000"],"sensorDataIntArr":[262728],"TIMESTAMP":"11:28","DATESTAMP":"18/12","SENSORTYPE":"PWR-METER-POWER"},"112_7A":{"DTUID":"112","SENSORID":7,"FUNCID":3,"NDATA":17,"RCV_BYTES":["0976","0982","098D","0000","3C50","0000","3F7A","0000","411E","0000","1EC8","0000","220E","0000","2DE4","1A33","1389"],"sensorDataArr":[2422,2434,2445,0,15440,0,16250,0,16670,0,7880,0,8718,0,11748,6707,5001],"sensorDataFloatArr":[],"sensorDataIntArr":[],"TIMESTAMP":"11:28","DATESTAMP":"18/12","SENSORTYPE":"PWR-METER-STATE"},"112_8A":{"DTUID":"112","SENSORID":8,"FUNCID":3,"NDATA":17,"RCV_BYTES":["097A","0982","098D","0000","6A86","0000","6BEE","0000","6B1C","0000","271C","FFFF","BD76","0000","4D29","13CC","1389"],"sensorDataArr":[2426,2434,2445,0,27270,0,27630,0,27420,0,10012,-1,-17034,0,19753,5068,5001],"sensorDataFloatArr":[],"sensorDataIntArr":[],"TIMESTAMP":"11:28","DATESTAMP":"18/12","SENSORTYPE":"PWR-METER-STATE"},"112_14A":{"DTUID":"112","SENSORID":14,"FUNCID":3,"NDATA":17,"RCV_BYTES":["0975","0980","098D","0000","0000","0000","0000","0000","0000","0000","0000","0000","0000","0000","0000","0000","1389"],"sensorDataArr":[2421,2432,2445,0,0,0,0,0,0,0,0,0,0,0,0,0,5001],"sensorDataFloatArr":[],"sensorDataIntArr":[],"TIMESTAMP":"11:28","DATESTAMP":"18/12","SENSORTYPE":"PWR-METER-STATE"},"110_16A":{"DTUID":"110","SENSORID":16,"FUNCID":3,"NDATA":17,"RCV_BYTES":["0977","0983","098E","0000","0000","0000","0000","0000","0000","0000","0000","0000","0000","0000","0000","0000","1387"],"sensorDataArr":[2423,2435,2446,0,0,0,0,0,0,0,0,0,0,0,0,0,4999],"sensorDataFloatArr":[],"sensorDataIntArr":[],"TIMESTAMP":"11:29","DATESTAMP":"18/12","SENSORTYPE":"PWR-METER-STATE"},"102_11A":{"DTUID":"102","SENSORID":11,"FUNCID":3,"NDATA":17,"RCV_BYTES":["0979","0984","098F","0000","2A58","0000","2931","0000","2C01","0000","1734","0000","14A6","0000","1F0D","1D2F","1389"],"sensorDataArr":[2425,2436,2447,0,10840,0,10545,0,11265,0,5940,0,5286,0,7949,7471,5001],"sensorDataFloatArr":[],"sensorDataIntArr":[],"TIMESTAMP":"11:29","DATESTAMP":"18/12","SENSORTYPE":"PWR-METER-STATE"},"1_1":{"DTUID":"1","SENSORID":1,"FUNCID":3,"NDATA":2,"RCV_BYTES":["0199","4FC0"],"sensorDataArr":[409,20416],"sensorDataFloatArr":["0.0000"],"sensorDataIntArr":[26824640],"TIMESTAMP":"11:29","DATESTAMP":"18/12","SENSORTYPE":"PWR-METER-POWER"},"2_1":{"DTUID":"2","SENSORID":1,"FUNCID":3,"NDATA":2,"RCV_BYTES":["040A","60A0"],"sensorDataArr":[1034,24736],"sensorDataFloatArr":["0.0000"],"sensorDataIntArr":[67788960],"TIMESTAMP":"11:29","DATESTAMP":"18/12","SENSORTYPE":"PWR-METER-POWER"},"100_17":{"DTUID":"100","SENSORID":17,"FUNCID":3,"NDATA":2,"RCV_BYTES":["0007","06B0"],"sensorDataArr":[7,1712],"sensorDataFloatArr":["0.0000"],"sensorDataIntArr":[460464],"TIMESTAMP":"11:29","DATESTAMP":"18/12","SENSORTYPE":"PWR-METER-POWER"},"100_18":{"DTUID":"100","SENSORID":18,"FUNCID":3,"NDATA":2,"RCV_BYTES":["004F","A2C6"],"sensorDataArr":[79,-23866],"sensorDataFloatArr":["0.0000"],"sensorDataIntArr":[5219014],"TIMESTAMP":"11:29","DATESTAMP":"18/12","SENSORTYPE":"PWR-METER-POWER"},"100_19":{"DTUID":"100","SENSORID":19,"FUNCID":3,"NDATA":2,"RCV_BYTES":["0005","5B81"],"sensorDataArr":[5,23425],"sensorDataFloatArr":["0.0000"],"sensorDataIntArr":[351105],"TIMESTAMP":"11:29","DATESTAMP":"18/12","SENSORTYPE":"PWR-METER-POWER"},"100_20":{"DTUID":"100","SENSORID":20,"FUNCID":3,"NDATA":2,"RCV_BYTES":["0004","3B17"],"sensorDataArr":[4,15127],"sensorDataFloatArr":["0.0000"],"sensorDataIntArr":[277271],"TIMESTAMP":"11:29","DATESTAMP":"18/12","SENSORTYPE":"PWR-METER-POWER"},"100_19A":{"DTUID":"100","SENSORID":19,"FUNCID":3,"NDATA":17,"RCV_BYTES":["0977","0981","098D","0000","0000","0000","0000","0000","0000","0000","0000","0000","0000","0000","0000","0000","1387"],"sensorDataArr":[2423,2433,2445,0,0,0,0,0,0,0,0,0,0,0,0,0,4999],"sensorDataFloatArr":[],"sensorDataIntArr":[],"TIMESTAMP":"11:29","DATESTAMP":"18/12","SENSORTYPE":"PWR-METER-STATE"},"100_20A":{"DTUID":"100","SENSORID":20,"FUNCID":3,"NDATA":17,"RCV_BYTES":["0978","0980","098A","0000","0000","0000","0000","0000","0000","0000","0000","0000","0000","0000","0000","0000","1386"],"sensorDataArr":[2424,2432,2442,0,0,0,0,0,0,0,0,0,0,0,0,0,4998],"sensorDataFloatArr":[],"sensorDataIntArr":[],"TIMESTAMP":"11:29","DATESTAMP":"18/12","SENSORTYPE":"PWR-METER-STATE"},"3_1A":{"DTUID":"3","SENSORID":1,"FUNCID":3,"NDATA":17,"RCV_BYTES":["0983","0988","0993","0000","D3E0","0000","A640","0000","86B0","0000","72E1","0000","1E51","0000","76CC","25C6","1387"],"sensorDataArr":[2435,2440,2451,0,-11296,0,-22976,0,-31056,0,29409,0,7761,0,30412,9670,4999],"sensorDataFloatArr":[],"sensorDataIntArr":[],"TIMESTAMP":"11:29","DATESTAMP":"18/12","SENSORTYPE":"PWR-METER-STATE"},"4_1A":{"DTUID":"4","SENSORID":1,"FUNCID":3,"NDATA":17,"RCV_BYTES":["097C","0983","098F","0002","0D78","0002","1A20","0002","1C00","0001","6466","0000","78A8","0001","7833","2501","1387"],"sensorDataArr":[2428,2435,2447,2,3448,2,6688,2,7168,1,25702,0,30888,1,30771,9473,4999],"sensorDataFloatArr":[],"sensorDataIntArr":[],"TIMESTAMP":"11:29","DATESTAMP":"18/12","SENSORTYPE":"PWR-METER-STATE"},"7_1A":{"DTUID":"7","SENSORID":1,"FUNCID":3,"NDATA":17,"RCV_BYTES":["0977","0988","0991","0001","1DF0","0000","CF30","0000","DF20","0000","A1CD","0000","3E7E","0000","AD40","247B","1387"],"sensorDataArr":[2423,2440,2449,1,7664,0,-12496,0,-8416,0,-24115,0,15998,0,-21184,9339,4999],"sensorDataFloatArr":[],"sensorDataIntArr":[],"TIMESTAMP":"11:29","DATESTAMP":"18/12","SENSORTYPE":"PWR-METER-STATE"},"4_2A":{"DTUID":"4","SENSORID":2,"FUNCID":3,"NDATA":17,"RCV_BYTES":["097B","0983","098F","0002","6340","0002","0580","0002","44C8","0001","4BF5","0000","E227","0001","9191","204A","1387"],"sensorDataArr":[2427,2435,2447,2,25408,2,1408,2,17608,1,19445,0,-7641,1,-28271,8266,4999],"sensorDataFloatArr":[],"sensorDataIntArr":[],"TIMESTAMP":"11:29","DATESTAMP":"18/12","SENSORTYPE":"PWR-METER-STATE"},"7_2A":{"DTUID":"7","SENSORID":2,"FUNCID":3,"NDATA":17,"RCV_BYTES":["0976","098A","0992","0000","C5D0","0000","E718","0000","FAC8","0000","8A99","0000","5A07","0000","A534","20C5","1389"],"sensorDataArr":[2422,2442,2450,0,-14896,0,-6376,0,-1336,0,-30055,0,23047,0,-23244,8389,5001],"sensorDataFloatArr":[],"sensorDataIntArr":[],"TIMESTAMP":"11:29","DATESTAMP":"18/12","SENSORTYPE":"PWR-METER-STATE"},"5_1A":{"DTUID":"5","SENSORID":1,"FUNCID":3,"NDATA":17,"RCV_BYTES":["0987","0988","0994","0000","0046","0000","0021","0000","001D","0000","001B","0000","0000","0000","001B","2710","1386"],"sensorDataArr":[2439,2440,2452,0,70,0,33,0,29,0,27,0,0,0,27,10000,4998],"sensorDataFloatArr":[],"sensorDataIntArr":[],"TIMESTAMP":"11:29","DATESTAMP":"18/12","SENSORTYPE":"PWR-METER-STATE"},"5_2A":{"DTUID":"5","SENSORID":2,"FUNCID":3,"NDATA":17,"RCV_BYTES":["098A","098B","0997","0000","2990","0000","1360","0000","16D0","0000","1080","0000","013C","0000","1080","2710","1386"],"sensorDataArr":[2442,2443,2455,0,10640,0,4960,0,5840,0,4224,0,316,0,4224,10000,4998],"sensorDataFloatArr":[],"sensorDataIntArr":[],"TIMESTAMP":"11:29","DATESTAMP":"18/12","SENSORTYPE":"PWR-METER-STATE"},"3_2A":{"DTUID":"3","SENSORID":2,"FUNCID":3,"NDATA":17,"RCV_BYTES":["0984","0988","0994","0000","C850","0000","B040","0000","87F0","0000","6EF6","0000","25BE","0000","7526","24FF","1387"],"sensorDataArr":[2436,2440,2452,0,-14256,0,-20416,0,-30736,0,28406,0,9662,0,29990,9471,4999],"sensorDataFloatArr":[],"sensorDataIntArr":[],"TIMESTAMP":"11:29","DATESTAMP":"18/12","SENSORTYPE":"PWR-METER-STATE"},"2_1A":{"DTUID":"2","SENSORID":1,"FUNCID":3,"NDATA":17,"RCV_BYTES":["0966","0985","0996","0001","3EE8","0001","4320","0001","5040","0000","A412","0000","AC1D","0000","EDB4","1AF6","1386"],"sensorDataArr":[2406,2437,2454,1,16104,1,17184,1,20544,0,-23534,0,-21475,0,-4684,6902,4998],"sensorDataFloatArr":[],"sensorDataIntArr":[],"TIMESTAMP":"11:29","DATESTAMP":"18/12","SENSORTYPE":"PWR-METER-STATE"},"6_2":{"DTUID":"6","SENSORID":2,"FUNCID":3,"NDATA":2,"RCV_BYTES":["0109","1310"],"sensorDataArr":[265,4880],"sensorDataFloatArr":["0.0000"],"sensorDataIntArr":[17371920],"TIMESTAMP":"11:29","DATESTAMP":"18/12","SENSORTYPE":"PWR-METER-POWER"},"6_1A":{"DTUID":"6","SENSORID":1,"FUNCID":3,"NDATA":17,"RCV_BYTES":["0986","0988","0994","0000","7788","0000","5208","0000","5D48","0000","3448","FFFF","F176","0000","3624","25B9","1386"],"sensorDataArr":[2438,2440,2452,0,30600,0,21000,0,23880,0,13384,-1,-3722,0,13860,9657,4998],"sensorDataFloatArr":[],"sensorDataIntArr":[],"TIMESTAMP":"11:29","DATESTAMP":"18/12","SENSORTYPE":"PWR-METER-STATE"},"6_2A":{"DTUID":"6","SENSORID":2,"FUNCID":3,"NDATA":17,"RCV_BYTES":["0988","098D","0996","0000","3A20","0000","5C58","0000","6798","0000","34E7","FFFF","F7F5","0000","3536","26D5","1386"],"sensorDataArr":[2440,2445,2454,0,14880,0,23640,0,26520,0,13543,-1,-2059,0,13622,9941,4998],"sensorDataFloatArr":[],"sensorDataIntArr":[],"TIMESTAMP":"11:29","DATESTAMP":"18/12","SENSORTYPE":"PWR-METER-STATE"}}