[
    {"REMARK":"NIPPON GLASS POWER METER TEST SET"},

    {"GATEWAYID":1154180032,"NAME":"PWR-MTR03-#02","TYPE":"485","DTUID":50,"SENSORID":101,"FLAG":false,"REMARK":"OK","MODBUS":"03006C0009","SENSORTYPE":"PWR-METER-STATE","EXTFILE":"STATE"},
    {"GATEWAYID":1154180032,"NAME":"PWR-MTR03-#01","TYPE":"485","DTUID":50,"SENSORID":101,"FLAG":false,"REMARK":"OK","MODBUS":"0300A00002","SENSORTYPE":"PWR-METER-POWER"},

    {"GATEWAYID":1154180032,"NAME":"PRES#54-01",     "TYPE":"485","DTUID":53,"SENSORID":1,  "FLAG":true,"MODBUS":"0300020002","SENSORTYPE":"WATER-PRES"},
    {"GATEWAYID":2345678901,"NAME":"WTR-PRES#207-35","TYPE":"485","DTUID":207,"SENSORID":35,"FLAG":true,"MODBUS":"0300020002","SENSORTYPE":"WATER-PRES"},

    {"GATEWAYID":1154180032,"NAME":"PRES#54-01",   "TYPE":"485","DTUID":53,"SENSORID":1,  "FLAG":true,"REMARK":"OK","MODBUS":"0300020002","SENSORTYPE":"WATER-PRES"},
    {"GATEWAYID":1154180032,"NAME":"DTU-STATE-53", "TYPE":"DTU-STATE","DTUID":53, "FLAG":false},
    {"GATEWAYID":2345678901,"NAME":"DTU-STATE-207","TYPE":"DTU-STATE","DTUID":207,"FLAG":false},

    {"GATEWAYID":2345678901,"NAME":"PRES#54-01",   "TYPE":"485","DTUID":54,"SENSORID":1,  "FLAG":true,"REMARK":"OK","MODBUS":"0300020002","SENSORTYPE":"WATER-PRES"},

    {"GATEWAYID":2345678901,"NAME":"485RH#54-01",  "TYPE":"485","DTUID":54,"SENSORID":1,  "FLAG":false,"REMARK":"OK","MODBUS":"0300000002","SENSORTYPE":"WATER-TEMP"},
    {"GATEWAYID":2345678901,"NAME":"485RH#54-20",  "TYPE":"485","DTUID":54,"SENSORID":20, "FLAG":false,"REMARK":"OK","MODBUS":"0300000002","SENSORTYPE":"WATER-TEMP"},

    {"REMARK":"SYSTEM CHECK","NOTE":"CHECK RESPONSE FROM DTU"},
    {"GATEWAYID":2345678901,"NAME":"DTU-STATE-#54",  "TYPE":"DTU-STATE","DTUID":54,"FLAG":false,"REMARK":"OK"},

    {"REMARK":"CHW SUPPLIES - CHILLER A (PRESSURE SENSOR #24 REPLACED BY #44)"},
    {"GATEWAYID":2345678901,"NAME":"WTR-PRES#207-35","TYPE":"485","DTUID":207,"SENSORID":35,"FLAG":false,"REMARK":"OK","MODBUS":"0300020002","SENSORTYPE":"WATER-PRES","COMPONENT":"CHW-SUPPLIES - CHILLER A"},
    {"GATEWAYID":2345678901,"NAME":"WTR-PRES#207-37","TYPE":"485","DTUID":207,"SENSORID":37,"FLAG":false,"REMARK":"OK","MODBUS":"0300020002","SENSORTYPE":"WATER-PRES","COMPONENT":"CHW-SUPPLIES - CHILLER A"},
    {"GATEWAYID":2345678901,"NAME":"WTR-TEMP#207-44","TYPE":"485","DTUID":207,"SENSORID":44,"FLAG":false,"REMARK":"OK","MODBUS":"0300000002","SENSORTYPE":"WATER-TEMP","COMPONENT":"CHW-SUPPLIES - CHILLER A"},
    {"REMARK":"CHW SUPPLIES - CHILLER B"},
    {"GATEWAYID":2345678901,"NAME":"WTR-PRES#200-01","TYPE":"485","DTUID":200,"SENSORID":1, "FLAG":false,"REMARK":"OK","MODBUS":"0300020002","SENSORTYPE":"WATER-PRES","COMPONENT":"CHW-SUPPLIES - CHILLER B"},
    {"GATEWAYID":2345678901,"NAME":"WTR-PRES#200-03","TYPE":"485","DTUID":200,"SENSORID":3, "FLAG":false,"REMARK":"OK","MODBUS":"0300020002","SENSORTYPE":"WATER-PRES","COMPONENT":"CHW-SUPPLIES - CHILLER B"},
    {"GATEWAYID":2345678901,"NAME":"WTR-TEMP#200-46","TYPE":"485","DTUID":200,"SENSORID":46,"FLAG":false,"REMARK":"OK","MODBUS":"0300000002","SENSORTYPE":"WATER-TEMP","COMPONENT":"CHW-SUPPLIES - CHILLER B"},
    {"REMARK":"CHW SUPPLIES - HEAT EXCHANGER"},
    {"GATEWAYID":2345678901,"NAME":"WTR-PRES#202-19","TYPE":"485","DTUID":202,"SENSORID":19,"FLAG":false,"REMARK":"OK","MODBUS":"0300020002","SENSORTYPE":"WATER-PRES","COMPONENT":"CHW-SUPPLIES - HEAT EX"},
    {"GATEWAYID":2345678901,"NAME":"WTR-TEMP#202-14","TYPE":"485","DTUID":202,"SENSORID":14,"FLAG":false,"REMARK":"OK","MODBUS":"0300000002","SENSORTYPE":"WATER-TEMP","COMPONENT":"CHW-SUPPLIES - HEAT EX"},
    {"REMARK":"CHW SUPPLIES - PRE-COOL FE (PRESSURE SENSOR #26 REPLACED BY #48)"},
    {"GATEWAYID":2345678901,"NAME":"WTR-PRES#209-39","TYPE":"485","DTUID":209,"SENSORID":39,"FLAG":false,"REMARK":"OK","MODBUS":"0300020002","SENSORTYPE":"WATER-PRES","COMPONENT":"CHW-SUPPLIES - PRE-COOL FE"},
    {"GATEWAYID":2345678901,"NAME":"WTR-TEMP#209-48","TYPE":"485","DTUID":209,"SENSORID":48,"FLAG":false,"REMARK":"OK","MODBUS":"0300000002","SENSORTYPE":"WATER-TEMP","COMPONENT":"CHW-SUPPLIES - PRE-COOL FE"},    

    {"REMARK":"END OF ENTRY"}
]