[
    {"REMARK":"POWER METER","NOTE":"RESET TOTAL ELECTRICAL ENERGY READINGS"},
    {"REMARK":"POWER METER","NOTE":"RESET TOTAL ELECTRICAL ENERGY READINGS"},

    {"GATEWAYID":2345678901,"NAME":"DTU-STATE-#207","TYPE":"DTU-STATE","DTUID":207,"FLAG":false},
    {"GATEWAYID":2345678901,"NAME":"DTU-STATE-#219","TYPE":"DTU-STATE","DTUID":219,"FLAG":false},

    {"GATEWAYID":1154180032,"NAME":"PRES#34-01",     "TYPE":"485","DTUID":53,"SENSORID":1,  "FLAG":true,"MODBUS":"0300020002","SENSORTYPE":"WATER-PRES"},
    {"GATEWAYID":1154180032,"NAME":"PRES#54-01",     "TYPE":"485","DTUID":54,"SENSORID":1,  "FLAG":true,"MODBUS":"0300020002","SENSORTYPE":"WATER-PRES"},
   
    {"GATEWAYID":2345678901,"NAME":"AIR-VELS#203-60", "TYPE":"485","DTUID":203,"SENSORID":60,"FLAG":true,"MODBUS":"0300000002","SENSORTYPE":"AIRFLOW-VEL"},
    {"GATEWAYID":2345678901,"NAME":"AIR-TEMPS#206-20","TYPE":"485","DTUID":206,"SENSORID":20,"FLAG":false,"MODBUS":"0300000002","SENSORTYPE":"AIRFLOW-TEMP"},
    {"GATEWAYID":2345678901,"NAME":"WTR-PRES#207-35", "TYPE":"485","DTUID":207,"SENSORID":35,"FLAG":false,"MODBUS":"0300020002","SENSORTYPE":"WATER-PRES"},
    {"GATEWAYID":2345678901,"NAME":"WTR-TEMP#207-44", "TYPE":"485","DTUID":207,"SENSORID":44,"FLAG":false,"MODBUS":"0300000002","SENSORTYPE":"WATER-TEMP"},
    {"GATEWAYID":2345678901,"NAME":"AIR-PRES#219-40", "TYPE":"485","DTUID":219,"SENSORID":40,"FLAG":false,"MODBUS":"0300020002","SENSORTYPE":"AIR-PRES"},
    {"GATEWAYID":2345678901,"NAME":"PWR-MTR107-#01",  "TYPE":"485","DTUID":107,"SENSORID":1, "FLAG":false,"MODBUS":"0300A00002","SENSORTYPE":"PWR-METER-POWER"},
    {"GATEWAYID":2345678901,"NAME":"PWR-MTR107-#02",  "TYPE":"485","DTUID":107,"SENSORID":2, "FLAG":false,"MODBUS":"0300A00002","SENSORTYPE":"PWR-METER-POWER"},

    {"REMARK":"END OF ENTRY"}
]