[{
  "_id": {
    "$oid": "6183a7a36f843912a8b2ea2a"
  },
  "sensor": [
    "B0-BC-82-C4-C4-41",
    "0-2F-E0-3F-DC-9B",
    "B0-B6-C7-46-4D-53",
    "BA-F8-E0-6D-C8-8B",
    "B0-F6-BF-85-9E-13",
    "BA-E3-03-55-15-A3",
    "BA-94-13-8A-F3-87",
    "BA-FB-5C-43-FC-BE",
    "BA-C4-CD-9A-45-C5",
    "BA-12-7B-2A-78-DF",
    "BA-18-63-D6-C8-D0",
    "BA-7E-1E-39-D7-38",
    "BA-10-50-C8-8E-73",
    "BA-EC-6B-77-B9-E6",
    "BA-D8-12-43-58-EB",
    "BA-35-49-CE-4D-3D",
    "BA-61-FB-EC-D0-17",
    "BA-B8-04-3C-BA-6A",
    "BA-F4-64-09-BF-CF",
    "BA-BF-DE-57-CB-67"
  ],
  "email": [],
  "name": "IKN Hospital IOT Alerting",
  "company": "IKN",
  "date": {
    "$date": "2021-11-04T09:28:03.813Z"
  },
  "__v": 0
},{
  "_id": {
    "$oid": "6183a7dba2d1b214102885f4"
  },
  "sensor": [],
  "email": [],
  "name": "IOT Monitoring Update",
  "company": "TDK",
  "date": {
    "$date": "2021-11-04T09:28:59.619Z"
  },
  "__v": 0
},{
  "_id": {
    "$oid": "626a9d52a87e83fc43f68299"
  },
  "sensor": [
    "B0-BC-82-C4-C4-41",
    "B0-2F-E0-3F-DC-9B",
    "B0-B6-C7-46-4D-53",
    "B0-F6-BF-85-9E-13",
    "BA-75-79-51-2B-0D"
  ],
  "email": [],
  "name": "L1 Medical Store",
  "company": "IKN",
  "date": {
    "$date": "2022-04-28T09:28:59.619Z"
  },
  "__v": 0
},{
  "_id": {
    "$oid": "626a9f88a87e83fc43f6829c"
  },
  "sensor": [
    "BA-E3-03-55-15-A3",
    "BA-94-13-8A-F3-87",
    "BA-FB-5C-43-FC-BE",
    "BA-C4-CD-9A-45-C5"
  ],
  "email": [],
  "name": "L3 Outpatient Farmasi",
  "company": "IKN",
  "date": {
    "$date": "2022-04-28T09:28:59.619Z"
  },
  "__v": 0
},{
  "_id": {
    "$oid": "626a9f8ea87e83fc43f6829d"
  },
  "sensor": [
    "BA-12-7B-2A-78-DF",
    "BA-18-63-D6-C8-D0"
  ],
  "email": [],
  "name": "L3 Oncologi",
  "company": "IKN",
  "date": {
    "$date": "2022-04-28T09:28:59.619Z"
  },
  "__v": 0
},{
  "_id": {
    "$oid": "626a9f95a87e83fc43f6829e"
  },
  "sensor": [
    "BA-D8-12-43-58-EB",
    "BA-61-FB-EC-D0-17",
    "BA-35-49-CE-4D-3D",
    "BA-B8-04-3C-BA-6A",
    "BA-F4-64-09-BF-CF",
    "BA-BF-DE-57-CB-67"
  ],
  "email": [],
  "name": "L5 Inpatient Farmasi",
  "company": "IKN",
  "date": {
    "$date": "2022-04-28T09:28:59.619Z"
  },
  "__v": 0
},{
  "_id": {
    "$oid": "626cf668a87e83fc43f682a7"
  },
  "sensor": [
    "BA-7E-1E-39-D7-38",
    "BA-10-50-C8-8E-73",
    "BA-EC-6B-77-B9-E6"
  ],
  "email": [],
  "name": "L4 Daycare",
  "company": "IKN",
  "date": {
    "$date": "2022-04-28T09:28:59.619Z"
  },
  "__v": 0
},{
  "_id": {
    "$oid": "6357fdfa4046dadf51ccda8d"
  },
  "sensor": [
    "219_40",
    "1215_41",
    "1215_42",
    "206_68",
    "219_61",
    "215_69",
    "203_66",
    "203_67",
    "206_64",
    "206_65",
    "203_60",
    "217_62",
    "B0-E1-64-78-DE-E0",
    "B0-58-A9-7D-C8-21",
    "B0-96-40-57-8B-E3",
    "B0-06-08-98-02-79",
    "B0-82-F1-93-8B-0D",
    "B0-01-A1-1A-65-55",
    "B0-D8-BE-52-21-62",
    "B0-8A-EA-86-E2-C9"
  ],
  "email": [],
  "name": "TDK Alerts Group",
  "company": "TDK",
  "date": {
    "$date": "2022-10-25T09:28:03.813Z"
  },
  "__v": 0
}]