[{
  "_id": {
    "$oid": "615086228b785119a0f8fdba"
  },
  "status": true,
  "companyname": "Demo Account",
  "date": {
    "$date": "2021-09-26T14:39:30.597Z"
  },
  "__v": 0
},{
  "_id": {
    "$oid": "624985db80f0dc04fc879e1d"
  },
  "status": true,
  "companyname": "AeroSOFT Technologies Pte Ltd",
  "date": {
    "$date": "2022-04-03T11:32:43.534Z"
  },
  "__v": 0
},{
  "_id": {
    "$oid": "624985db80f0dc04fc879e1f"
  },
  "status": true,
  "companyname": "SuaraKOM",
  "date": {
    "$date": "2022-04-03T11:32:43.551Z"
  },
  "__v": 0
},{
  "_id": {
    "$oid": "6249860380f0dc04fc879e48"
  },
  "status": true,
  "companyname": "AFFLUENT",
  "date": {
    "$date": "2022-04-03T11:33:23.082Z"
  },
  "__v": 0
},{
  "_id": {
    "$oid": "6249860380f0dc04fc879e4a"
  },
  "status": true,
  "companyname": "IKN",
  "date": {
    "$date": "2022-04-03T11:33:23.105Z"
  },
  "__v": 0
},{
  "_id": {
    "$oid": "6249860380f0dc04fc879e4c"
  },
  "status": true,
  "companyname": "TDK",
  "date": {
    "$date": "2022-04-03T11:33:23.109Z"
  },
  "__v": 0
},{
  "_id": {
    "$oid": "6249860380f0dc04fc879e4e"
  },
  "status": true,
  "companyname": "Nippon Glass",
  "date": {
    "$date": "2022-04-03T11:33:23.111Z"
  },
  "__v": 0
}]