[{
  "_id": {
    "$oid": "60ff482cece7c3184ce78ebe"
  },
  "name": "superuser",
  "email": "ADMIN@AEROSOFT.COM",
  "phone": 97668621,
  "password": "$2a$10$b7xA52epcD5bPNihKv4In.LSjw23y92bhs6czOC1mlz93VN0fSWDa",
  "date": {
    "$date": "2021-07-26T23:41:32.855Z"
  },
  "__v": 0,
  "status": true,
  "usertype": "administrator",
  "companyname": "AeroSOFT Technologies Pte Ltd"
},{
  "_id": {
    "$oid": "60ff5326ece7c3184ce78ece"
  },
  "name": "YEW KWONG LEE",
  "email": "JAMESLEE@AFFLUENTENGG.COM",
  "phone": 60122451503,
  "password": "$2a$10$SCr139kth9fHGGS9CRaFtOuhR7lAYTtbDeJY/4OqkGpBiF7WdZhTO",
  "date": {
    "$date": "2021-07-27T00:28:22.811Z"
  },
  "__v": 0,
  "status": true,
  "companyname": "AFFLUENT",
  "usertype": "user"
},{
  "_id": {
    "$oid": "60ffb4092585a00350ca9ae3"
  },
  "name": "Leslie Liew",
  "email": "WHLIEW@SUARAKOM.COM.MY",
  "phone": 127036171,
  "password": "$2a$10$J/.ek2l1duWAuqlE60NiNeGdfazhGFumhhZearyRjhwK14nR/tbjG",
  "date": {
    "$date": "2021-07-27T07:21:45.083Z"
  },
  "__v": 0,
  "status": false,
  "companyname": "SuaraKOM",
  "usertype": "user"
},{
  "_id": {
    "$oid": "61020d84cf087b02c827e0fa"
  },
  "name": "IKN ADMINSTRATOR",
  "email": "ADMIN@IKN.COM",
  "phone": 6597668621,
  "password": "$2a$10$b7xA52epcD5bPNihKv4In.LSjw23y92bhs6czOC1mlz93VN0fSWDa",
  "date": {
    "$date": "2021-07-29T02:08:04.674Z"
  },
  "__v": 0,
  "status": true,
  "companyname": "IKN",
  "usertype": "administrator"
},{
  "_id": {
    "$oid": "610a0075209de2043c711ce9"
  },
  "name": "TDK AMINISTRATOR",
  "email": "ADMIN@TDK.COM",
  "phone": 60127201522,
  "password": "$2a$10$b7xA52epcD5bPNihKv4In.LSjw23y92bhs6czOC1mlz93VN0fSWDa",
  "date": {
    "$date": "2021-08-04T02:50:29.505Z"
  },
  "__v": 0,
  "status": true,
  "companyname": "TDK",
  "usertype": "administrator"
},{
  "_id": {
    "$oid": "61828d6efdbec9128082c272"
  },
  "usertype": "user",
  "status": true,
  "name": "IKN STAFF",
  "email": "STAFF@IKN.COM",
  "companyname": "IKN",
  "phone": 123456789,
  "password2": "$2a$10$Liq.BXwTlke0TUkseYT4F.3v25bMh9SM26jSV7cIscRZOT7S58IbC",
  "password": "$2a$10$b7xA52epcD5bPNihKv4In.LSjw23y92bhs6czOC1mlz93VN0fSWDa",
  "date": {
    "$date": "2021-11-03T13:23:58.026Z"
  },
  "__v": 0
},{
  "_id": {
    "$oid": "6188a307adf172150c431511"
  },
  "usertype": "user",
  "status": true,
  "name": "Guest Demo",
  "email": "DEMO@AEROSOFT.COM",
  "companyname": "AeroSOFT Technologies Pte Ltd",
  "phone": 65123456,
  "password": "$2a$10$55W8hHGKcvx7cVr1vAREzeDdhhhq4T5X2fYOHimc9wVHjLAa/5F1a",
  "date": {
    "$date": "2021-11-08T04:09:43.753Z"
  },
  "__v": 0
},{
  "_id": {
    "$oid": "61f2c9f6561e8a1b806179e0"
  },
  "usertype": "user",
  "status": true,
  "name": "Nippon Glass",
  "email": "DEMO@NIPPONGLASS.COM",
  "companyname": "Nippon Glass",
  "phone": 12345678,
  "password": "$2a$10$5wxGSWtzb58UP5tcKWA8a.YWpGbY9NgaarISrMA8W.oVmyxQ3GJ/S",
  "date": {
    "$date": "2022-01-27T16:36:06.192Z"
  },
  "__v": 0
},{
  "_id": {
    "$oid": "621eb5a9a8c1c419a8a8fcc6"
  },
  "usertype": "user",
  "status": true,
  "name": "TDK STAFF",
  "email": "STAFF@TDK.COM",
  "companyname": "TDK",
  "phone": 123456,
  "password": "$2a$10$b7xA52epcD5bPNihKv4In.LSjw23y92bhs6czOC1mlz93VN0fSWDa",
  "date": {
    "$date": "2022-03-02T00:09:13.787Z"
  },
  "__v": 0
}]