[{"company":["AeroSOFT Technologies Pte Ltd","SuaraKOM","TDK"],"variables":["TEMPERATURE","HUMIDITY"],"logsdata":[],"_id":"627f26291fd0901de8d0b8ff","name":"TRANSFORMER ROOM","dtuId":"-1","sensorId":"B0-02-3D-DE-70-5D","type":"WISENSOR","ratingMin":"-1","ratingMax":"-1","limits":{"TEMPERATURE_MIN":"15","TEMPERATURE_MAX":"35","HUMIDITY_MIN":"15","HUMIDITY_MAX":"88"},"date":"2022-05-14T03:46:49.231Z","__v":0},{"company":["AeroSOFT Technologies Pte Ltd","AFFLUENT","IKN"],"variables":["TEMPERATURE","HUMIDITY"],"logsdata":[],"_id":"62620318e53b1e0438676369","name":"L5-CDR Store (Inpatient)","dtuId":"-1","sensorId":"BA-D8-12-43-58-EB","type":"WISENSOR","ratingMin":"-1","ratingMax":"-1","limits":{"TEMPERATURE_MIN":"0","TEMPERATURE_MAX":"8","HUMIDITY_MIN":"0","HUMIDITY_MAX":"88"},"date":"2022-04-22T01:21:28.042Z","__v":0,"location":"Level 5"},{"company":["AeroSOFT Technologies Pte Ltd","AFFLUENT"],"variables":["TEMPERATURE","HUMIDITY"],"logsdata":[],"_id":"6239d3c406055603e4e833e4","name":"spare 3m(testing)","dtuId":"-1","sensorId":"BA-F8-E0-6D-C8-8B","type":"WISENSOR","ratingMin":"-1","ratingMax":"-1","limits":{"TEMPERATURE_MIN":"-86","TEMPERATURE_MAX":"-65","HUMIDITY_MIN":"50","HUMIDITY_MAX":"88"},"date":"2022-03-22T13:48:52.994Z","__v":0,"location":"TBD"},{"company":["AFFLUENT","AeroSOFT Technologies Pte Ltd","IKN"],"variables":["TEMPERATURE","HUMIDITY"],"logsdata":[],"_id":"6239d34806055603e4e833ad","name":"L3-Drive Thru Dispensing(outpatient)","dtuId":"-1","sensorId":"BA-FB-5C-43-FC-BE","type":"WISENSOR","ratingMin":"-1","ratingMax":"-1","limits":{"TEMPERATURE_MIN":"2","TEMPERATURE_MAX":"8","HUMIDITY_MIN":"0","HUMIDITY_MAX":"88"},"date":"2022-03-22T13:46:48.731Z","__v":0,"location":"Level 3"},{"company":["AFFLUENT","AeroSOFT Technologies Pte Ltd","IKN"],"variables":["TEMPERATURE","HUMIDITY"],"logsdata":[],"_id":"6239d24d06055603e4e83306","name":"L5-Screening BF-CF(inpatient)","dtuId":"-1","sensorId":"BA-F4-64-09-BF-CF","type":"WISENSOR","ratingMin":"-1","ratingMax":"-1","limits":{"TEMPERATURE_MIN":"2","TEMPERATURE_MAX":"8","HUMIDITY_MIN":"0","HUMIDITY_MAX":"88"},"date":"2022-03-22T13:42:37.541Z","__v":0,"location":"Level 5"},{"company":["AFFLUENT","AeroSOFT Technologies Pte Ltd","IKN"],"variables":["TEMPERATURE","HUMIDITY"],"logsdata":[],"_id":"6239d1f806055603e4e832da","name":"L4-Treatment room(daycare)","dtuId":"-1","sensorId":"BA-EC-6B-77-B9-E6","type":"WISENSOR","ratingMin":"-1","ratingMax":"-1","limits":{"TEMPERATURE_MIN":"2","TEMPERATURE_MAX":"8","HUMIDITY_MIN":"0","HUMIDITY_MAX":"88"},"date":"2022-03-22T13:41:12.127Z","__v":0,"location":"Level 4"},{"company":["AFFLUENT","AeroSOFT Technologies Pte Ltd","IKN"],"variables":["TEMPERATURE","HUMIDITY"],"logsdata":[],"_id":"6239d1ce06055603e4e832c4","name":"L3-Corridor 2 15-A3(Outpatient)","dtuId":"-1","sensorId":"BA-E3-03-55-15-A3","type":"WISENSOR","ratingMin":"-1","ratingMax":"-1","limits":{"TEMPERATURE_MIN":"2","TEMPERATURE_MAX":"8","HUMIDITY_MIN":"0","HUMIDITY_MAX":"88"},"date":"2022-03-22T13:40:30.816Z","__v":0,"location":"Level 3"},{"company":["AFFLUENT","AeroSOFT Technologies Pte Ltd","IKN"],"variables":["TEMPERATURE","HUMIDITY"],"logsdata":[],"_id":"6239d1a806055603e4e83169","name":"L3-Liquid\\Extemp Prep(Outpatient)","dtuId":"-1","sensorId":"BA-C4-CD-9A-45-C5","type":"WISENSOR","ratingMin":"-1","ratingMax":"-1","limits":{"TEMPERATURE_MIN":"2","TEMPERATURE_MAX":"8","HUMIDITY_MIN":"0","HUMIDITY_MAX":"88"},"date":"2022-03-22T13:39:52.375Z","__v":0,"location":"Level 3"},{"company":["AFFLUENT","AeroSOFT Technologies Pte Ltd","IKN"],"variables":["TEMPERATURE","HUMIDITY"],"logsdata":[],"_id":"6239d14e06055603e4e8312c","name":"L5-Dangerous Drug Store(Inpatient)","dtuId":"-1","sensorId":"BA-B8-04-3C-BA-6A","type":"WISENSOR","ratingMin":"-1","ratingMax":"-1","limits":{"TEMPERATURE_MIN":"2","TEMPERATURE_MAX":"8","HUMIDITY_MIN":"0","HUMIDITY_MAX":"100"},"date":"2022-03-22T13:38:22.605Z","__v":0,"location":"Level 5"},{"company":["AFFLUENT","AeroSOFT Technologies Pte Ltd","IKN"],"variables":["TEMPERATURE","HUMIDITY"],"logsdata":[],"_id":"6239d11f06055603e4e83119","name":"L3-Corridor 2(Outpatient)","dtuId":"-1","sensorId":"BA-94-13-8A-F3-87","type":"WISENSOR","ratingMin":"-1","ratingMax":"-1","limits":{"TEMPERATURE_MIN":"2","TEMPERATURE_MAX":"8","HUMIDITY_MIN":"0","HUMIDITY_MAX":"88"},"date":"2022-03-22T13:37:35.538Z","__v":0,"location":"Level 3"},{"company":["AFFLUENT","AeroSOFT Technologies Pte Ltd","IKN"],"variables":["TEMPERATURE","HUMIDITY"],"logsdata":[],"_id":"6239d0b706055603e4e830db","name":"L5-Corridor 2 4D-3D(Inpatient)","dtuId":"-1","sensorId":"BA-35-49-CE-4D-3D","type":"WISENSOR","ratingMin":"-1","ratingMax":"-1","limits":{"TEMPERATURE_MIN":"2","TEMPERATURE_MAX":"8","HUMIDITY_MIN":"0","HUMIDITY_MAX":"88"},"date":"2022-03-22T13:35:51.291Z","__v":0,"location":"Level 5"},{"company":["AFFLUENT","AeroSOFT Technologies Pte Ltd","IKN"],"variables":["TEMPERATURE","HUMIDITY"],"logsdata":[],"_id":"6239cffc06055603e4e83065","name":"L3-Treatment 2 (oncology)","dtuId":"-1","sensorId":"BA-18-63-D6-C8-D0","type":"WISENSOR","ratingMin":"-1","ratingMax":"-1","limits":{"TEMPERATURE_MIN":"2","TEMPERATURE_MAX":"8","HUMIDITY_MIN":"0","HUMIDITY_MAX":"88"},"date":"2022-03-22T13:32:44.708Z","__v":0,"location":"Level 3"},{"company":["AFFLUENT","AeroSOFT Technologies Pte Ltd","IKN"],"variables":["TEMPERATURE","HUMIDITY"],"logsdata":[],"_id":"6239cf5406055603e4e82fdf","name":"L3-Treatment 1(Oncology)","dtuId":"-1","sensorId":"BA-12-7B-2A-78-DF","type":"WISENSOR","ratingMin":"-1","ratingMax":"-1","limits":{"TEMPERATURE_MIN":"2","TEMPERATURE_MAX":"8","HUMIDITY_MIN":"0","HUMIDITY_MAX":"88"},"date":"2022-03-22T13:29:56.905Z","__v":0,"location":"Level 3"},{"company":["AFFLUENT","AeroSOFT Technologies Pte Ltd","IKN"],"variables":["TEMPERATURE","HUMIDITY"],"logsdata":[],"_id":"6239cf3e06055603e4e82fd3","name":"L4-Clean utility(daycare)","dtuId":"-1","sensorId":"BA-10-50-C8-8E-73","type":"WISENSOR","ratingMin":"-1","ratingMax":"-1","limits":{"TEMPERATURE_MIN":"2","TEMPERATURE_MAX":"8","HUMIDITY_MIN":"0","HUMIDITY_MAX":"88"},"date":"2022-03-22T13:29:34.266Z","__v":0,"location":"Level 4"},{"company":["AFFLUENT","AeroSOFT Technologies Pte Ltd","IKN"],"variables":["TEMPERATURE","HUMIDITY"],"logsdata":[],"_id":"6239cbfe06055603e4e82e12","name":"L4-Chemotherapy Holding(daycare)","dtuId":"-1","sensorId":"BA-7E-1E-39-D7-38","type":"WISENSOR","ratingMin":"-1","ratingMax":"-1","limits":{"TEMPERATURE_MIN":"2","TEMPERATURE_MAX":"8","HUMIDITY_MIN":"0","HUMIDITY_MAX":"88"},"date":"2022-03-22T13:15:42.837Z","__v":0,"location":"Level 4"},{"company":["AFFLUENT","AeroSOFT Technologies Pte Ltd","IKN"],"variables":["TEMPERATURE","HUMIDITY"],"logsdata":[],"_id":"6239cbb206055603e4e82dde","name":"L5-Screening CB-67(Inpatient)","dtuId":"-1","sensorId":"BA-BF-DE-57-CB-67","type":"WISENSOR","ratingMin":"-1","ratingMax":"-1","limits":{"TEMPERATURE_MIN":"2","TEMPERATURE_MAX":"8","HUMIDITY_MIN":"0","HUMIDITY_MAX":"88"},"date":"2022-03-22T13:14:26.492Z","__v":0,"location":"Level 5"},{"company":["AeroSOFT Technologies Pte Ltd","AFFLUENT","IKN"],"variables":["TEMPERATURE","HUMIDITY"],"logsdata":[],"_id":"6238b14bf3785400c826a6a5","name":"L1 -tms ULTF","dtuId":"-1","sensorId":"BA-75-79-51-2B-0D","type":"WISENSOR","ratingMin":"-1","ratingMax":"-1","limits":{"TEMPERATURE_MIN":"-85","TEMPERATURE_MAX":"-65","HUMIDITY_MIN":"0","HUMIDITY_MAX":"88"},"date":"2022-03-21T17:09:31.587Z","__v":0,"location":"Level 1","alertpoint":2},{"company":["AFFLUENT","AeroSOFT Technologies Pte Ltd","IKN","Aerosoft Technologies Pte Ltd"],"variables":["TEMPERATURE","HUMIDITY"],"logsdata":[],"_id":"6238b0e4f3785400c826a668","name":"L5-Corridor 2 D0-17(inpatient)","dtuId":"-1","sensorId":"BA-61-FB-EC-D0-17","type":"WISENSOR","ratingMin":"-1","ratingMax":"-1","limits":{"TEMPERATURE_MIN":"2","TEMPERATURE_MAX":"8","HUMIDITY_MIN":"0","HUMIDITY_MAX":"88"},"date":"2022-03-21T17:07:48.498Z","__v":0,"location":"Level 5"},{"company":["AeroSOFT Technologies Pte Ltd","TDK","SuaraKOM"],"variables":["VOLTAGE","CURRENT","POWER CONSUMPTION"],"logsdata":[],"_id":"621ed646b68c7709f0c5ce59","name":"SSB6-2","dtuId":"5","sensorId":"2","type":"PWRMTR(485)","ratingMin":"1","ratingMax":"1","limits":{"VOLTAGE_MIN":"210","VOLTAGE_MAX":"240","CURRENT_MIN":"0","CURRENT_MAX":"28","POWER_CONSUMPTION_RATE":"MAX RATE","TOTAL_POWER_CONSUMPTION":"TOTAL"},"date":"2022-03-02T02:28:22.002Z","__v":0,"location":"TBD"},{"company":["AeroSOFT Technologies Pte Ltd","TDK","SuaraKOM"],"variables":["VOLTAGE","CURRENT","POWER CONSUMPTION"],"logsdata":[],"_id":"620d8cfc1f374e110cf98d67","name":"SSB5 -2","dtuId":"7","sensorId":"2","type":"PWRMTR(485)","ratingMin":"1","ratingMax":"1","limits":{"VOLTAGE_MIN":"210","VOLTAGE_MAX":"240","CURRENT_MIN":"0","CURRENT_MAX":"28","POWER_CONSUMPTION_RATE":"MAX RATE","TOTAL_POWER_CONSUMPTION":"TOTAL"},"date":"2022-02-16T23:47:08.879Z","__v":0,"location":"1200A"},{"company":["AFFLUENT","AeroSOFT Technologies Pte Ltd","TDK","SuaraKOM"],"variables":["VOLTAGE","CURRENT","POWER CONSUMPTION"],"logsdata":[],"_id":"620d8cf51f374e110cf98d64","name":"SSB5-1","dtuId":"7","sensorId":"1","type":"PWRMTR(485)","ratingMin":"1","ratingMax":"1","limits":{"VOLTAGE_MIN":"210","VOLTAGE_MAX":"240","CURRENT_MIN":"0","CURRENT_MAX":"28","POWER_CONSUMPTION_RATE":"MAX RATE","TOTAL_POWER_CONSUMPTION":"TOTAL"},"date":"2022-02-16T23:47:01.625Z","__v":0,"location":"1200A"},{"company":["AeroSOFT Technologies Pte Ltd","TDK","SuaraKOM","Suarakom "],"variables":["VOLTAGE","CURRENT","POWER CONSUMPTION"],"logsdata":[],"_id":"620d8ce81f374e110cf98d5c","name":"SSB3-2","dtuId":"6","sensorId":"2","type":"PWRMTR(485)","ratingMin":"1","ratingMax":"1","limits":{"VOLTAGE_MIN":"210","VOLTAGE_MAX":"240","CURRENT_MIN":"0","CURRENT_MAX":"28","POWER_CONSUMPTION_RATE":"MAX RATE","TOTAL_POWER_CONSUMPTION":"TOTAL"},"date":"2022-02-16T23:46:48.943Z","__v":0,"location":"1200A"},{"company":["AeroSOFT Technologies Pte Ltd","TDK","SuaraKOM","Suarakom ","Aerosoft Technologies Pte Ltd"],"variables":["VOLTAGE","CURRENT","POWER CONSUMPTION"],"logsdata":[],"_id":"620d8cbd1f374e110cf98d47","name":"SSB3-1","dtuId":"6","sensorId":"1","type":"PWRMTR(485)","ratingMin":"1","ratingMax":"1","limits":{"VOLTAGE_MIN":"210","VOLTAGE_MAX":"240","CURRENT_MIN":"0","CURRENT_MAX":"28","POWER_CONSUMPTION_RATE":"MAX RATE","TOTAL_POWER_CONSUMPTION":"TOTAL"},"date":"2022-02-16T23:46:05.606Z","__v":0,"location":"1200A"},{"company":["AeroSOFT Technologies Pte Ltd","TDK","SuaraKOM","Aerosoft Technologies Pte Ltd"],"variables":["VOLTAGE","CURRENT","POWER CONSUMPTION"],"logsdata":[],"_id":"620d8bf21f374e110cf98cfc","name":"SSB1-2","dtuId":"4","sensorId":"2","type":"PWRMTR(485)","ratingMin":"1","ratingMax":"1","limits":{"VOLTAGE_MIN":"210","VOLTAGE_MAX":"240","CURRENT_MIN":"0","CURRENT_MAX":"28","POWER_CONSUMPTION_RATE":"MAX RATE","TOTAL_POWER_CONSUMPTION":"TOTAL"},"date":"2022-02-16T23:42:42.264Z","__v":0,"location":"1200A"},{"company":["AeroSOFT Technologies Pte Ltd","TDK","SuaraKOM","Aerosoft Technologies Pte Ltd"],"variables":["VOLTAGE","CURRENT","POWER CONSUMPTION"],"logsdata":[],"_id":"620d8be91f374e110cf98cfa","name":"SSB1-1","dtuId":"4","sensorId":"1","type":"PWRMTR(485)","ratingMin":"1","ratingMax":"1","limits":{"VOLTAGE_MIN":"210","VOLTAGE_MAX":"240","CURRENT_MIN":"0","CURRENT_MAX":"28","POWER_CONSUMPTION_RATE":"MAX RATE","TOTAL_POWER_CONSUMPTION":"TOTAL"},"date":"2022-02-16T23:42:33.809Z","__v":0,"location":"1200A"},{"company":["AeroSOFT Technologies Pte Ltd","TDK","SuaraKOM","Aerosoft Technologies Pte Ltd"],"variables":["VOLTAGE","CURRENT","POWER CONSUMPTION"],"logsdata":[],"_id":"620d8b8e1f374e110cf98ccf","name":"SSB2-2","dtuId":"3","sensorId":"2","type":"PWRMTR(485)","ratingMin":"1","ratingMax":"1","limits":{"VOLTAGE_MIN":"210","VOLTAGE_MAX":"240","CURRENT_MIN":"0","CURRENT_MAX":"28","POWER_CONSUMPTION_RATE":"MAX RATE","TOTAL_POWER_CONSUMPTION":"TOTAL"},"date":"2022-02-16T23:41:02.942Z","__v":0,"location":"800A"},{"company":["AeroSOFT Technologies Pte Ltd","TDK","SuaraKOM","Aerosoft Technologies Pte Ltd"],"variables":["VOLTAGE","CURRENT","POWER CONSUMPTION"],"logsdata":[],"_id":"620d8b851f374e110cf98cca","name":"SSB2-1","dtuId":"3","sensorId":"1","type":"PWRMTR(485)","ratingMin":"1","ratingMax":"1","limits":{"VOLTAGE_MIN":"210","VOLTAGE_MAX":"240","CURRENT_MIN":"0","CURRENT_MAX":"28","POWER_CONSUMPTION_RATE":"MAX RATE","TOTAL_POWER_CONSUMPTION":"TOTAL"},"date":"2022-02-16T23:40:53.968Z","__v":0,"location":"800A"},{"company":["AeroSOFT Technologies Pte Ltd","TDK","SuaraKOM"],"variables":["VOLTAGE","CURRENT","POWER CONSUMPTION"],"logsdata":[],"_id":"61ffa732632d6613903629a3","name":"SSB4","dtuId":"2","sensorId":"1","type":"PWRMTR(485)","ratingMin":"1","ratingMax":"1","limits":{"VOLTAGE_MIN":"210","VOLTAGE_MAX":"240","CURRENT_MIN":"0","CURRENT_MAX":"28","POWER_CONSUMPTION_RATE":"MAX RATE","TOTAL_POWER_CONSUMPTION":"TOTAL"},"date":"2022-02-06T10:47:14.647Z","__v":0,"location":"400A"},{"company":["AFFLUENT","AeroSOFT Technologies Pte Ltd","TDK","SuaraKOM","Suarakom ","Aerosoft Technologies Pte Ltd"],"variables":["VOLTAGE","CURRENT","POWER CONSUMPTION"],"logsdata":[],"_id":"61fea32a6a7cff0f44d4ebd8","name":"WCPU OVERALL","dtuId":"1","sensorId":"1","type":"PWRMTR(485)","ratingMin":"1","ratingMax":"1","limits":{"VOLTAGE_MIN":"210","VOLTAGE_MAX":"240","CURRENT_MIN":"0","CURRENT_MAX":"28","POWER_CONSUMPTION_RATE":"MAX RATE","TOTAL_POWER_CONSUMPTION":"TOTAL"},"date":"2022-02-05T16:17:46.865Z","__v":0,"location":"400A"},{"company":["Nippon Glass"],"variables":["VOLTAGE","CURRENT","POWER CONSUMPTION"],"logsdata":[],"_id":"61ed146bffb9971940610d03","name":"NIPPON TEST","dtuId":"50","sensorId":"101","type":"PWRMTR(485)","ratingMin":"1","ratingMax":"1","limits":{"VOLTAGE_MIN":"MIN","VOLTAGE_MAX":"MAX","CURRENT_MIN":"MIN","CURRENT_MAX":"MAX","POWER_CONSUMPTION_RATE":"MAX RATE","TOTAL_POWER_CONSUMPTION":"TOTAL"},"date":"2022-01-23T08:40:11.309Z","__v":0,"location":"TBD"},{"company":["AeroSOFT Technologies Pte Ltd","TDK","SuaraKOM","Aerosoft Technologies Pte Ltd"],"variables":["TEMPERATURE","HUMIDITY"],"logsdata":[],"_id":"61c91f86dc19dc1ca8606f84","name":"MAIN SWITCH BOARD (MSB) ROOM","dtuId":"-1","sensorId":"B0-20-56-1B-08-0C","type":"WISENSOR","ratingMin":"-1","ratingMax":"-1","limits":{"TEMPERATURE_MIN":"15","TEMPERATURE_MAX":"38","HUMIDITY_MIN":"15","HUMIDITY_MAX":"88"},"date":"2021-12-27T02:05:58.188Z","__v":0,"location":"TBD"},{"company":["TDK","SuaraKOM"],"variables":["TEMPERATURE","HUMIDITY"],"logsdata":[],"_id":"61c91f64dc19dc1ca8606f72","name":"HVC HIGH TESTER ROOM","dtuId":"-1","sensorId":"B0-C1-B8-8F-C8-A6","type":"WISENSOR","ratingMin":"-1","ratingMax":"-1","limits":{"TEMPERATURE_MIN":"12","TEMPERATURE_MAX":"38","HUMIDITY_MIN":"15","HUMIDITY_MAX":"88"},"date":"2021-12-27T02:05:24.306Z","__v":0,"location":"TBD"},{"company":["TDK","SuaraKOM"],"variables":["TEMPERATURE","HUMIDITY"],"logsdata":[],"_id":"61c91f3fdc19dc1ca8606f65","name":"CCU CALIBRATION ROOM","dtuId":"-1","sensorId":"B0-DA-23-27-E0-2A","type":"WISENSOR","ratingMin":"-1","ratingMax":"-1","limits":{"TEMPERATURE_MIN":"12","TEMPERATURE_MAX":"32","HUMIDITY_MIN":"15","HUMIDITY_MAX":"88"},"date":"2021-12-27T02:04:47.767Z","__v":0,"location":"TBD"},{"company":["TDK","SuaraKOM"],"variables":["TEMPERATURE","HUMIDITY"],"logsdata":[],"_id":"61c91f1edc19dc1ca8606f55","name":"HVC PRODUCTION","dtuId":"-1","sensorId":"B0-82-F1-93-8B-0D","type":"WISENSOR","ratingMin":"-1","ratingMax":"-1","limits":{"TEMPERATURE_MIN":"10","TEMPERATURE_MAX":"30","HUMIDITY_MIN":"10","HUMIDITY_MAX":"50"},"date":"2021-12-27T02:04:14.972Z","__v":0,"location":"TBD"},{"company":["TDK","SuaraKOM"],"variables":["TEMPERATURE","HUMIDITY"],"logsdata":[],"_id":"61c91ef7dc19dc1ca8606f44","name":"DLA MOUNTING ROOM 2","dtuId":"-1","sensorId":"B0-E8-21-1B-BD-0A","type":"WISENSOR","ratingMin":"-1","ratingMax":"-1","limits":{"TEMPERATURE_MIN":"15","TEMPERATURE_MAX":"36","HUMIDITY_MIN":"15","HUMIDITY_MAX":"88"},"date":"2021-12-27T02:03:35.834Z","__v":0,"location":"TBD"},{"company":["TDK","SuaraKOM"],"variables":["TEMPERATURE","HUMIDITY"],"logsdata":[],"_id":"61c91ecadc19dc1ca8606f35","name":"DLA MOUNTING ROOM 1","dtuId":"-1","sensorId":"B0-59-52-90-F0-DF","type":"WISENSOR","ratingMin":"-1","ratingMax":"-1","limits":{"TEMPERATURE_MIN":"15","TEMPERATURE_MAX":"32","HUMIDITY_MIN":"15","HUMIDITY_MAX":"88"},"date":"2021-12-27T02:02:50.849Z","__v":0,"location":"TBD"},{"company":["TDK","SuaraKOM"],"variables":["TEMPERATURE","HUMIDITY"],"logsdata":[],"_id":"61c91e90dc19dc1ca8606f1f","name":"FRONTEND PRODUCTION","dtuId":"-1","sensorId":"B0-3E-81-9F-9B-4A","type":"WISENSOR","ratingMin":"-1","ratingMax":"-1","limits":{"TEMPERATURE_MIN":"15","TEMPERATURE_MAX":"36","HUMIDITY_MIN":"15","HUMIDITY_MAX":"88"},"date":"2021-12-27T02:01:52.453Z","__v":0,"location":"TBD"},{"company":["TDK","SuaraKOM"],"variables":["TEMPERATURE","HUMIDITY"],"logsdata":[],"_id":"61c91e2adc19dc1ca8606ef8","name":"DLA PASTING ROOM 1","dtuId":"-1","sensorId":"B0-33-3C-85-AC-53","type":"WISENSOR","ratingMin":"-1","ratingMax":"-1","limits":{"TEMPERATURE_MIN":"15","TEMPERATURE_MAX":"37","HUMIDITY_MIN":"15","HUMIDITY_MAX":"88"},"date":"2021-12-27T02:00:10.162Z","__v":0,"location":"TBD"},{"company":["TDK","SuaraKOM"],"variables":["TEMPERATURE","HUMIDITY"],"logsdata":[],"_id":"61c91dfedc19dc1ca8606ee5","name":"DLA PASTING ROOM 2","dtuId":"-1","sensorId":"B0-06-08-98-02-79","type":"WISENSOR","ratingMin":"-1","ratingMax":"-1","limits":{"TEMPERATURE_MIN":"10","TEMPERATURE_MAX":"30","HUMIDITY_MIN":"10","HUMIDITY_MAX":"36"},"date":"2021-12-27T01:59:26.086Z","__v":0,"location":"TBD"},{"company":["TDK","SuaraKOM"],"variables":["TEMPERATURE","HUMIDITY"],"logsdata":[],"_id":"61c91db4dc19dc1ca8606ec3","name":"PASTE PREPARATION ROOM","dtuId":"-1","sensorId":"B0-01-A1-1A-65-55","type":"WISENSOR","ratingMin":"-1","ratingMax":"-1","limits":{"TEMPERATURE_MIN":"10","TEMPERATURE_MAX":"30","HUMIDITY_MIN":"10","HUMIDITY_MAX":"25"},"alertpoint":2,"date":"2021-12-27T01:58:12.257Z","__v":0,"location":"TBD"},{"company":["TDK","SuaraKOM"],"variables":["TEMPERATURE","HUMIDITY"],"logsdata":[],"_id":"61c91d4edc19dc1ca8606e9d","name":"CLEAN ROOM 100 (PASTING)","dtuId":"-1","sensorId":"B0-58-A9-7D-C8-21","type":"WISENSOR","ratingMin":"-1","ratingMax":"-1","limits":{"TEMPERATURE_MIN":"10","TEMPERATURE_MAX":"30","HUMIDITY_MIN":"10","HUMIDITY_MAX":"36"},"date":"2021-12-27T01:56:30.247Z","__v":0,"location":"TBD","alertpoint":2},{"company":["Demo Account","AFFLUENT","AWC","IKN"],"variables":["TEMPERATURE","HUMIDITY"],"logsdata":[],"_id":"6145501b6b7c020b5c20a4dc","name":"L1 - COLD ROOM MS","dtuId":"-1","sensorId":"B0-BC-82-C4-C4-41","type":"WISENSOR","ratingMin":"-1","ratingMax":"-1","limits":{"TEMPERATURE_MIN":"1","TEMPERATURE_MAX":"13","HUMIDITY_MIN":"0","HUMIDITY_MAX":"0"},"date":"2021-09-18T02:34:03.322Z","__v":0,"location":"Level 1","alertpoint":2},{"company":["Demo Account","AFFLUENT","AWC","IKN","Aerosoft Technologies Pte Ltd"],"variables":["TEMPERATURE","HUMIDITY"],"logsdata":[],"_id":"61454ff06b7c020b5c20a4d9","name":"L1 - CYTOTOXIC FRIDGE","dtuId":"-1","sensorId":"B0-2F-E0-3F-DC-9B","type":"WISENSOR","ratingMin":"-1","ratingMax":"-1","limits":{"TEMPERATURE_MIN":"2","TEMPERATURE_MAX":"8","HUMIDITY_MIN":"0","HUMIDITY_MAX":"88"},"date":"2021-09-18T02:33:20.210Z","__v":0,"location":"Level 1","alertpoint":1},{"company":["Demo Account","AFFLUENT","AWC","IKN"],"variables":["TEMPERATURE","HUMIDITY"],"logsdata":[],"_id":"61454fcf6b7c020b5c20a4d7","name":"L1- FREEZER MS","dtuId":"-1","sensorId":"B0-F6-BF-85-9E-13","type":"WISENSOR","ratingMin":"-1","ratingMax":"-1","limits":{"TEMPERATURE_MIN":"-25","TEMPERATURE_MAX":"-15","HUMIDITY_MIN":"0","HUMIDITY_MAX":"88"},"date":"2021-09-18T02:32:47.351Z","__v":0,"location":"Level 1","alertpoint":1},{"company":["Demo Account","AWC","IKN"],"variables":["TEMPERATURE","HUMIDITY"],"logsdata":[],"_id":"61454fb06b7c020b5c20a4d5","name":"L1 - PHARMACEUTICAL FRIDGE","dtuId":"-1","sensorId":"B0-B6-C7-46-4D-53","type":"WISENSOR","ratingMin":"-1","ratingMax":"-1","limits":{"TEMPERATURE_MIN":"2","TEMPERATURE_MAX":"8","HUMIDITY_MIN":"0","HUMIDITY_MAX":"88"},"date":"2021-09-18T02:32:16.024Z","__v":0,"location":"Level 1","alertpoint":1},{"company":["AFFLUENT","AeroSOFT Technologies Pte Ltd","TDK","SuaraKOM"],"variables":["TEMPERATURE"],"logsdata":[],"_id":"60f8192a86192f588cdb611a","name":"HEAT EXCHANGER - CHWS TEMP","dtuId":"202","sensorId":"14","type":"WTRTEMP(485)","ratingMin":"1","ratingMax":"1","limits":{"TEMPERATURE_MIN":"5","TEMPERATURE_MAX":"15"},"date":"2021-07-21T12:55:06.446Z","__v":0,"location":"AHU","alertpoint":1},{"company":["AeroSOFT Technologies Pte Ltd","TDK","SuaraKOM"],"variables":["TEMPERATURE"],"logsdata":[],"_id":"60f7fae11b2e1c37d8fe8b2e","name":"CHILLER B - CWS TEMP","dtuId":"205","sensorId":"8","type":"WTRTEMP(485)","ratingMin":"1","ratingMax":"1","limits":{"TEMPERATURE_MIN":"8","TEMPERATURE_MAX":"15"},"date":"2021-07-21T10:45:53.904Z","__v":0,"location":"CHILLER","alertpoint":1},{"company":["AeroSOFT Technologies Pte Ltd","TDK","SuaraKOM"],"variables":["TEMPERATURE"],"logsdata":[],"_id":"60f7fac61b2e1c37d8fe8b2c","name":"CHILLER B - CWR TEMP ","dtuId":"205","sensorId":"40","type":"WTRTEMP(485)","ratingMin":"1","ratingMax":"1","limits":{"TEMPERATURE_MIN":"15","TEMPERATURE_MAX":"23"},"date":"2021-07-21T10:45:26.465Z","__v":0,"location":"CHILLER","alertpoint":1},{"company":["AeroSOFT Technologies Pte Ltd","TDK","SuaraKOM"],"variables":["TEMPERATURE"],"logsdata":[],"_id":"60f7fab21b2e1c37d8fe8b2a","name":"CHILLER A - CHWR TEMP","dtuId":"207","sensorId":"16","type":"WTRTEMP(485)","ratingMin":"1","ratingMax":"1","limits":{"TEMPERATURE_MIN":"5","TEMPERATURE_MAX":"15"},"date":"2021-07-21T10:45:06.756Z","__v":0,"location":"CHILLER","alertpoint":1},{"company":["AeroSOFT Technologies Pte Ltd","TDK","SuaraKOM"],"variables":["TEMPERATURE"],"logsdata":[],"_id":"60f7fa9b1b2e1c37d8fe8b28","name":"PRE-COOL FE - CHWR TEMP","dtuId":"209","sensorId":"50","type":"WTRTEMP(485)","ratingMin":"1","ratingMax":"1","limits":{"TEMPERATURE_MIN":"5","TEMPERATURE_MAX":"21"},"date":"2021-07-21T10:44:43.468Z","__v":0,"location":"AHU","alertpoint":1},{"company":["AeroSOFT Technologies Pte Ltd","TDK","SuaraKOM"],"variables":["TEMPERATURE"],"logsdata":[],"_id":"60f7fa851b2e1c37d8fe8b26","name":"CHILLER A - CWR TEMP","dtuId":"207","sensorId":"12","type":"WTRTEMP(485)","ratingMin":"1","ratingMax":"1","limits":{"TEMPERATURE_MIN":"5","TEMPERATURE_MAX":"21"},"date":"2021-07-21T10:44:21.020Z","__v":0,"location":"CHILLER","alertpoint":1},{"company":["AeroSOFT Technologies Pte Ltd","TDK","SuaraKOM"],"variables":["TEMPERATURE"],"logsdata":[],"_id":"60f7fa721b2e1c37d8fe8b24","name":"WATER COOLING PACK UNIT B - CWS TEMP","dtuId":"215","sensorId":"30","type":"WTRTEMP(485)","ratingMin":"1","ratingMax":"1","limits":{"TEMPERATURE_MIN":"5","TEMPERATURE_MAX":"21"},"date":"2021-07-21T10:44:02.217Z","__v":0,"location":"WCPU","alertpoint":1},{"company":["AeroSOFT Technologies Pte Ltd","TDK","SuaraKOM"],"variables":["TEMPERATURE"],"logsdata":[],"_id":"60f7fa5e1b2e1c37d8fe8b22","name":"WATER COOLING PACK UNIT A - CWR TEMP","dtuId":"214","sensorId":"32","type":"WTRTEMP(485)","ratingMin":"1","ratingMax":"1","limits":{"TEMPERATURE_MIN":"5","TEMPERATURE_MAX":"21"},"date":"2021-07-21T10:43:42.558Z","__v":0,"location":"WCPU","alertpoint":1},{"company":["AeroSOFT Technologies Pte Ltd","TDK","SuaraKOM"],"variables":["TEMPERATURE"],"logsdata":[],"_id":"60f7fa4c1b2e1c37d8fe8b20","name":"COOLING TOWER B CWS TEMP","dtuId":"204","sensorId":"10","type":"WTRTEMP(485)","ratingMin":"1","ratingMax":"1","limits":{"TEMPERATURE_MIN":"5","TEMPERATURE_MAX":"18"},"date":"2021-07-21T10:43:24.018Z","__v":0,"location":"CTW","alertpoint":1},{"company":["AeroSOFT Technologies Pte Ltd","TDK","SuaraKOM"],"variables":["TEMPERATURE"],"logsdata":[],"_id":"60f7fa391b2e1c37d8fe8b1e","name":"COOLING TOWER A - CWS TEMP","dtuId":"201","sensorId":"36","type":"WTRTEMP(485)","ratingMin":"1","ratingMax":"1","limits":{"TEMPERATURE_MIN":"15","TEMPERATURE_MAX":"23"},"date":"2021-07-21T10:43:05.763Z","__v":0,"location":"CTW","alertpoint":1},{"company":["AeroSOFT Technologies Pte Ltd","TDK","SuaraKOM"],"variables":["TEMPERATURE"],"logsdata":[],"_id":"60f7fa261b2e1c37d8fe8b1c","name":"CHILLER A - CWS TEMP","dtuId":"207","sensorId":"18","type":"WTRTEMP(485)","ratingMin":"1","ratingMax":"1","limits":{"TEMPERATURE_MIN":"4","TEMPERATURE_MAX":"14"},"date":"2021-07-21T10:42:46.071Z","__v":0,"location":"CHILLER","alertpoint":1},{"company":["AeroSOFT Technologies Pte Ltd","TDK","SuaraKOM"],"variables":["TEMPERATURE"],"logsdata":[],"_id":"60f7f9b91b2e1c37d8fe8b1a","name":"COOLING TOWER A - CWR TEMP","dtuId":"201","sensorId":"4","type":"WTRTEMP(485)","ratingMin":"1","ratingMax":"1","limits":{"TEMPERATURE_MIN":"7","TEMPERATURE_MAX":"21"},"date":"2021-07-21T10:40:57.034Z","__v":0,"location":"CTW","alertpoint":1},{"company":["AeroSOFT Technologies Pte Ltd","TDK","SuaraKOM"],"variables":["TEMPERATURE"],"logsdata":[],"_id":"60f7f9a51b2e1c37d8fe8b18","name":"CHILLER B - CHWS TEMP","dtuId":"200","sensorId":"46","type":"WTRTEMP(485)","ratingMin":"1","ratingMax":"1","limits":{"TEMPERATURE_MIN":"4","TEMPERATURE_MAX":"14"},"date":"2021-07-21T10:40:37.439Z","__v":0,"location":"CHILLER","alertpoint":1},{"company":["AeroSOFT Technologies Pte Ltd","TDK","SuaraKOM"],"variables":["TEMPERATURE"],"logsdata":[],"_id":"60f7f9921b2e1c37d8fe8b16","name":"PRE-COOL FE - CHWS TEMP","dtuId":"209","sensorId":"48","type":"WTRTEMP(485)","ratingMin":"1","ratingMax":"1","limits":{"TEMPERATURE_MIN":"6","TEMPERATURE_MAX":"23"},"date":"2021-07-21T10:40:18.402Z","__v":0,"location":"AHU","alertpoint":1},{"company":["AFFLUENT","AeroSOFT Technologies Pte Ltd","TDK","SuaraKOM"],"variables":["PRESSURE 1","PRESSURE 2"],"logsdata":[],"_id":"60f7f97d1b2e1c37d8fe8b14","name":"CHILLER B - CWR PRESS","dtuId":"205","sensorId":"90","type":"WTRPRS(485)","ratingMin":"1","ratingMax":"1","limits":{"PRESSURE_MIN":"6","PRESSURE_MAX":"14"},"date":"2021-07-21T10:39:57.613Z","__v":0,"location":"CHILLER","alertpoint":1},{"company":["AeroSOFT Technologies Pte Ltd","TDK","SuaraKOM"],"variables":["TEMPERATURE"],"logsdata":[],"_id":"60f7f9691b2e1c37d8fe8b12","name":"WATER COOLING PACK UNIT B - CWR TEMP","dtuId":"215","sensorId":"22","type":"WTRTEMP(485)","ratingMin":"1","ratingMax":"1","limits":{"TEMPERATURE_MIN":"6","TEMPERATURE_MAX":"21"},"date":"2021-07-21T10:39:37.886Z","__v":0,"location":"WCPU","alertpoint":1},{"company":["AFFLUENT","AeroSOFT Technologies Pte Ltd","TDK","SuaraKOM"],"variables":["TEMPERATURE"],"logsdata":[],"_id":"60f7f9521b2e1c37d8fe8b10","name":"HEAT EXCHANGER - CHWR TEMP","dtuId":"202","sensorId":"52","type":"WTRTEMP(485)","ratingMin":"1","ratingMax":"1","limits":{"TEMPERATURE_MIN":"5","TEMPERATURE_MAX":"23"},"date":"2021-07-21T10:39:14.309Z","__v":0,"location":"AHU","alertpoint":1},{"company":["AeroSOFT Technologies Pte Ltd","TDK","SuaraKOM"],"variables":["TEMPERATURE"],"logsdata":[],"_id":"60f7f93e1b2e1c37d8fe8b0e","name":"WATER COOLING PACK UNIT A - CWS TEMP","dtuId":"214","sensorId":"34","type":"WTRTEMP(485)","ratingMin":"1","ratingMax":"1","limits":{"TEMPERATURE_MIN":"5","TEMPERATURE_MAX":"22"},"date":"2021-07-21T10:38:54.932Z","__v":0,"location":"WCPU","alertpoint":1},{"company":["AeroSOFT Technologies Pte Ltd","TDK","SuaraKOM"],"variables":["TEMPERATURE"],"logsdata":[],"_id":"60f7f92b1b2e1c37d8fe8b0c","name":"COOLING TOWER B CWR TEMP","dtuId":"204","sensorId":"38","type":"WTRTEMP(485)","ratingMin":"1","ratingMax":"1","limits":{"TEMPERATURE_MIN":"6","TEMPERATURE_MAX":"21"},"date":"2021-07-21T10:38:35.978Z","__v":0,"location":"CTW","alertpoint":1},{"company":["AeroSOFT Technologies Pte Ltd","TDK","SuaraKOM"],"variables":["TEMPERATURE"],"logsdata":[],"_id":"60f7f9191b2e1c37d8fe8b0a","name":"CHILLER A - CHWS TEMP","dtuId":"207","sensorId":"44","type":"WTRTEMP(485)","ratingMin":"1","ratingMax":"1","limits":{"TEMPERATURE_MIN":"4","TEMPERATURE_MAX":"14"},"date":"2021-07-21T10:38:17.825Z","__v":0,"location":"CHILLER","alertpoint":1},{"company":["AeroSOFT Technologies Pte Ltd","TDK","SuaraKOM"],"variables":["TEMPERATURE"],"logsdata":[],"_id":"60f7f9061b2e1c37d8fe8b08","name":"CHILLER B - CHWR TEMP","dtuId":"200","sensorId":"42","type":"WTRTEMP(485)","ratingMin":"1","ratingMax":"1","limits":{"TEMPERATURE_MIN":"4","TEMPERATURE_MAX":"12"},"date":"2021-07-21T10:37:58.518Z","__v":0,"location":"CHILLER","alertpoint":1},{"company":["AeroSOFT Technologies Pte Ltd","TDK","SuaraKOM"],"variables":["PRESSURE 1","PRESSURE 2"],"logsdata":[],"_id":"60f7f8e31b2e1c37d8fe8b06","name":"PRE-COOL FE - CHWR PRESS 2","dtuId":"209","sensorId":"29","type":"WTRPRS(485)","ratingMin":"1","ratingMax":"1","limits":{"PRESSURE_MIN":"0","PRESSURE_MAX":"7.5"},"date":"2021-07-21T10:37:23.337Z","__v":0,"location":"AHU","alertpoint":1},{"company":["AeroSOFT Technologies Pte Ltd","TDK","SuaraKOM"],"variables":["PRESSURE 1","PRESSURE 2"],"logsdata":[],"_id":"60f7f8d11b2e1c37d8fe8b04","name":"CHILLER A - CHWS PRESS 1","dtuId":"207","sensorId":"35","type":"WTRPRS(485)","ratingMin":"1","ratingMax":"1","limits":{"PRESSURE_MIN":"0","PRESSURE_MAX":"3"},"date":"2021-07-21T10:37:05.168Z","__v":0,"location":"CHILLER","alertpoint":1},{"company":["AeroSOFT Technologies Pte Ltd","TDK","SuaraKOM"],"variables":["PRESSURE 1","PRESSURE 2"],"logsdata":[],"_id":"60f7f8bf1b2e1c37d8fe8b02","name":"PRE-COOL FE - CHWS PRESS","dtuId":"209","sensorId":"39","type":"WTRPRS(485)","ratingMin":"1","ratingMax":"1","limits":{"PRESSURE_MIN":"0","PRESSURE_MAX":"5.9"},"date":"2021-07-21T10:36:47.479Z","__v":0,"location":"AHU","alertpoint":1},{"company":["AeroSOFT Technologies Pte Ltd","TDK","SuaraKOM"],"variables":["PRESSURE 1","PRESSURE 2"],"logsdata":[],"_id":"60f7f8ac1b2e1c37d8fe8b00","name":"CHILLER A - CWS PRESS 1","dtuId":"207","sensorId":"23","type":"WTRPRS(485)","ratingMin":"1","ratingMax":"1","limits":{"PRESSURE_MIN":"0","PRESSURE_MAX":"5.0"},"date":"2021-07-21T10:36:28.814Z","__v":0,"location":"CHILLER","alertpoint":1},{"company":["AeroSOFT Technologies Pte Ltd","TDK","SuaraKOM"],"variables":["PRESSURE 1","PRESSURE 2"],"logsdata":[],"_id":"60f7f89a1b2e1c37d8fe8afe","name":"COOLING TOWER B CWR PRESS 1","dtuId":"204","sensorId":"51","type":"WTRPRS(485)","ratingMin":"1","ratingMax":"1","limits":{"PRESSURE_MIN":"0","PRESSURE_MAX":"4.5"},"date":"2021-07-21T10:36:10.518Z","__v":0,"location":"CTW","alertpoint":1},{"company":["AeroSOFT Technologies Pte Ltd","TDK","SuaraKOM"],"variables":["PRESSURE 1","PRESSURE 2"],"logsdata":[],"_id":"60f7f8841b2e1c37d8fe8afc","name":"COOLING TOWER B CWR PRESS 2","dtuId":"204","sensorId":"63","type":"WTRPRS(485)","ratingMin":"1","ratingMax":"1","limits":{"PRESSURE_MIN":"0","PRESSURE_MAX":"4.8"},"date":"2021-07-21T10:35:48.608Z","__v":0,"location":"CTW","alertpoint":1},{"company":["AeroSOFT Technologies Pte Ltd","TDK","SuaraKOM"],"variables":["PRESSURE 1","PRESSURE 2"],"logsdata":[],"_id":"60f7f8701b2e1c37d8fe8afa","name":"CHILLER B - CWS PRESS 1","dtuId":"205","sensorId":"57","type":"WTRPRS(485)","ratingMin":"1","ratingMax":"1","limits":{"PRESSURE_MIN":"0","PRESSURE_MAX":"6.3"},"date":"2021-07-21T10:35:28.835Z","__v":0,"location":"CHILLER","alertpoint":1},{"company":["AeroSOFT Technologies Pte Ltd","TDK","SuaraKOM"],"variables":["PRESSURE 1","PRESSURE 2"],"logsdata":[],"_id":"60f7f8471b2e1c37d8fe8af8","name":"PRE-COOL FE - CHWR PRESS 1","dtuId":"209","sensorId":"27","type":"WTRPRS(485)","ratingMin":"1","ratingMax":"1","limits":{"PRESSURE_MIN":"0","PRESSURE_MAX":"5.4"},"date":"2021-07-21T10:34:47.854Z","__v":0,"location":"AHU","alertpoint":1},{"company":["AeroSOFT Technologies Pte Ltd","TDK","SuaraKOM"],"variables":["PRESSURE 1","PRESSURE 2"],"logsdata":[],"_id":"60f7f8351b2e1c37d8fe8af6","name":"WATER COOLING PACK UNIT A - CWS PRESS 2","dtuId":"214","sensorId":"59","type":"WTRPRS(485)","ratingMin":"1","ratingMax":"1","limits":{"PRESSURE_MIN":"0","PRESSURE_MAX":"5.2"},"date":"2021-07-21T10:34:29.705Z","__v":0,"location":"WCPU","alertpoint":1},{"company":["AeroSOFT Technologies Pte Ltd","TDK","SuaraKOM"],"variables":["PRESSURE 1","PRESSURE 2"],"logsdata":[],"_id":"60f7f8211b2e1c37d8fe8af4","name":"COOLING TOWER A - CWS PRESS","dtuId":"201","sensorId":"49","type":"WTRPRS(485)","ratingMin":"1","ratingMax":"1","limits":{"PRESSURE_MIN":"0","PRESSURE_MAX":"13.4"},"date":"2021-07-21T10:34:09.708Z","__v":0,"location":"CTW","alertpoint":1},{"company":["AeroSOFT Technologies Pte Ltd","TDK","SuaraKOM"],"variables":["PRESSURE 1","PRESSURE 2"],"logsdata":[],"_id":"60f7f8101b2e1c37d8fe8af2","name":"COOLING TOWER A - CWR PRESS 1","dtuId":"201","sensorId":"5","type":"WTRPRS(485)","ratingMin":"1","ratingMax":"1","limits":{"PRESSURE_MIN":"0","PRESSURE_MAX":"13.5"},"date":"2021-07-21T10:33:52.437Z","__v":0,"location":"CTW","alertpoint":1},{"company":["AeroSOFT Technologies Pte Ltd","TDK","SuaraKOM"],"variables":["PRESSURE 1","PRESSURE 2"],"logsdata":[],"_id":"60f7f7fe1b2e1c37d8fe8af0","name":"CHILLER A - CWR PRESS","dtuId":"207","sensorId":"17","type":"WTRPRS(485)","ratingMin":"1","ratingMax":"1","limits":{"PRESSURE_MIN":"0","PRESSURE_MAX":"4.9"},"date":"2021-07-21T10:33:34.006Z","__v":0,"location":"CHILLER","alertpoint":1},{"company":["AeroSOFT Technologies Pte Ltd","TDK","SuaraKOM"],"variables":["PRESSURE 1","PRESSURE 2"],"logsdata":[],"_id":"60f7f7e81b2e1c37d8fe8aee","name":"AIR COMPRESSOR C1","dtuId":"219","sensorId":"40","type":"WTRPRS(485)","ratingMin":"1","ratingMax":"1","limits":{"PRESSURE_MIN":"0.1","PRESSURE_MAX":"10"},"date":"2021-07-21T10:33:12.489Z","__v":0,"location":"AIRCOMP","alertpoint":2},{"company":["AeroSOFT Technologies Pte Ltd","TDK","SuaraKOM"],"variables":["PRESSURE 1","PRESSURE 2"],"logsdata":[],"_id":"60f7f7d61b2e1c37d8fe8aec","name":"AIR COMPRESSOR C2","dtuId":"215","sensorId":"41","type":"WTRPRS(485)","ratingMin":"1","ratingMax":"1","limits":{"PRESSURE_MIN":"0.1","PRESSURE_MAX":"10"},"date":"2021-07-21T10:32:54.627Z","__v":0,"location":"AIRCOMP","alertpoint":2},{"company":["AeroSOFT Technologies Pte Ltd","TDK","SuaraKOM"],"variables":["PRESSURE 1","PRESSURE 2"],"logsdata":[],"_id":"60f7f7c41b2e1c37d8fe8aea","name":"WATER COOLING PACK UNIT A - CWS PRESS 1","dtuId":"214","sensorId":"45","type":"WTRPRS(485)","ratingMin":"1","ratingMax":"1","limits":{"PRESSURE_MIN":"0","PRESSURE_MAX":"5.8"},"date":"2021-07-21T10:32:36.286Z","__v":0,"location":"WCPU","alertpoint":1},{"company":["AeroSOFT Technologies Pte Ltd","TDK","SuaraKOM"],"variables":["PRESSURE 1","PRESSURE 2"],"logsdata":[],"_id":"60f7f7af1b2e1c37d8fe8ae8","name":"AIR COMPRESSOR C3","dtuId":"215","sensorId":"42","type":"WTRPRS(485)","ratingMin":"1","ratingMax":"1","limits":{"PRESSURE_MIN":"0.1","PRESSURE_MAX":"10"},"date":"2021-07-21T10:32:15.278Z","__v":0,"location":"AIRCOMP","alertpoint":2},{"company":["AeroSOFT Technologies Pte Ltd","TDK","SuaraKOM"],"variables":["PRESSURE 1","PRESSURE 2"],"logsdata":[],"_id":"60f7f79b1b2e1c37d8fe8ae6","name":"HEAT EXCHANGER - CHWS PRESS","dtuId":"202","sensorId":"19","type":"WTRPRS(485)","ratingMin":"1","ratingMax":"1","limits":{"PRESSURE_MIN":"0","PRESSURE_MAX":"6.4"},"date":"2021-07-21T10:31:55.761Z","__v":0,"location":"AHU","alertpoint":1},{"company":["AeroSOFT Technologies Pte Ltd","TDK","SuaraKOM"],"variables":["PRESSURE 1","PRESSURE 2"],"logsdata":[],"_id":"60f7f7801b2e1c37d8fe8ae4","name":"CHILLER B - CHWS PRESS 1","dtuId":"200","sensorId":"3","type":"WTRPRS(485)","ratingMin":"1","ratingMax":"1","limits":{"PRESSURE_MIN":"0","PRESSURE_MAX":"6.3"},"date":"2021-07-21T10:31:28.660Z","__v":0,"location":"CHILLER","alertpoint":1},{"company":["AeroSOFT Technologies Pte Ltd","TDK","SuaraKOM"],"variables":["PRESSURE 1","PRESSURE 2"],"logsdata":[],"_id":"60f7f76e1b2e1c37d8fe8ae2","name":"CHILLER A - CHWR PRESS","dtuId":"207","sensorId":"21","type":"WTRPRS(485)","ratingMin":"1","ratingMax":"1","limits":{"PRESSURE_MIN":"0","PRESSURE_MAX":"4.7"},"date":"2021-07-21T10:31:10.934Z","__v":0,"location":"CHILLER","alertpoint":1},{"company":["AeroSOFT Technologies Pte Ltd","TDK","SuaraKOM"],"variables":["PRESSURE 1","PRESSURE 2"],"logsdata":[],"_id":"60f7f75a1b2e1c37d8fe8ae0","name":"WATER COOLING PACK UNIT B - CWR PRESS 1","dtuId":"215","sensorId":"33","type":"WTRPRS(485)","ratingMin":"1","ratingMax":"1","limits":{"PRESSURE_MIN":"0","PRESSURE_MAX":"5.3"},"date":"2021-07-21T10:30:50.493Z","__v":0,"location":"WCPU","alertpoint":1},{"company":["AeroSOFT Technologies Pte Ltd","TDK","SuaraKOM"],"variables":["PRESSURE 1","PRESSURE 2"],"logsdata":[],"_id":"60f7f7451b2e1c37d8fe8ade","name":"CHILLER B - CHWS PRESS 2","dtuId":"200","sensorId":"1","type":"WTRPRS(485)","ratingMin":"1","ratingMax":"1","limits":{"PRESSURE_MIN":"0","PRESSURE_MAX":"4.7"},"date":"2021-07-21T10:30:29.592Z","__v":0,"location":"CHILLER","alertpoint":1},{"company":["AeroSOFT Technologies Pte Ltd","TDK","SuaraKOM"],"variables":["PRESSURE 1","PRESSURE 2"],"logsdata":[],"_id":"60f7f7321b2e1c37d8fe8adc","name":"CHILLER A - CWS PRESS 2","dtuId":"207","sensorId":"25","type":"WTRPRS(485)","ratingMin":"1","ratingMax":"1","limits":{"PRESSURE_MIN":"0","PRESSURE_MAX":"4.9"},"date":"2021-07-21T10:30:10.930Z","__v":0,"location":"CHILLER","alertpoint":1},{"company":["AeroSOFT Technologies Pte Ltd","TDK","SuaraKOM"],"variables":["PRESSURE 1","PRESSURE 2"],"logsdata":[],"_id":"60f7f70d1b2e1c37d8fe8ad8","name":"WATER COOLING PACK UNIT B - CWS PRESS","dtuId":"215","sensorId":"43","type":"WTRPRS(485)","ratingMin":"1","ratingMax":"1","limits":{"PRESSURE_MIN":"0","PRESSURE_MAX":"5.2"},"date":"2021-07-21T10:29:33.860Z","__v":0,"location":"WCPU","alertpoint":1},{"company":["AeroSOFT Technologies Pte Ltd","TDK","SuaraKOM"],"variables":["PRESSURE 1","PRESSURE 2"],"logsdata":[],"_id":"60f7f6f81b2e1c37d8fe8ad6","name":"COOLING TOWER A - CWR PRESS 2","dtuId":"201","sensorId":"65","type":"WTRPRS(485)","ratingMin":"1","ratingMax":"1","limits":{"PRESSURE_MIN":"0","PRESSURE_MAX":"12.8"},"date":"2021-07-21T10:29:12.023Z","__v":0,"location":"CTW","alertpoint":1},{"company":["AeroSOFT Technologies Pte Ltd","TDK","SuaraKOM"],"variables":["PRESSURE 1","PRESSURE 2"],"logsdata":[],"_id":"60f7f6e31b2e1c37d8fe8ad4","name":"COOLING TOWER B CWS PRESS","dtuId":"204","sensorId":"15","type":"WTRPRS(485)","ratingMin":"1","ratingMax":"1","limits":{"PRESSURE_MIN":"0","PRESSURE_MAX":"3.8"},"date":"2021-07-21T10:28:51.034Z","__v":0,"location":"CTW","alertpoint":1},{"company":["AeroSOFT Technologies Pte Ltd","TDK","SuaraKOM"],"variables":["PRESSURE 1","PRESSURE 2"],"logsdata":[],"_id":"60f7f6cd1b2e1c37d8fe8ad2","name":"WATER COOLING PACK UNIT A - CWS PRESS","dtuId":"214","sensorId":"47","type":"WTRPRS(485)","ratingMin":"1","ratingMax":"1","limits":{"PRESSURE_MIN":"0","PRESSURE_MAX":"7.3"},"date":"2021-07-21T10:28:29.492Z","__v":0,"location":"WCPU","alertpoint":1},{"company":["AeroSOFT Technologies Pte Ltd","TDK","SuaraKOM"],"variables":["PRESSURE 1","PRESSURE 2"],"logsdata":[],"_id":"60f7f6b61b2e1c37d8fe8ad0","name":"WATER COOLING PACK UNIT B - CWR PRESS 2","dtuId":"215","sensorId":"31","type":"WTRPRS(485)","ratingMin":"1","ratingMax":"1","limits":{"PRESSURE_MIN":"0","PRESSURE_MAX":"7.2"},"date":"2021-07-21T10:28:06.947Z","__v":0,"location":"WCPU","alertpoint":1},{"company":["AeroSOFT Technologies Pte Ltd","TDK","SuaraKOM"],"variables":["PRESSURE 1","PRESSURE 2"],"logsdata":[],"_id":"60f7f69c1b2e1c37d8fe8ace","name":"CHILLER A - CHWS PRESS 2","dtuId":"207","sensorId":"37","type":"WTRPRS(485)","ratingMin":"1","ratingMax":"1","limits":{"PRESSURE_MIN":"0","PRESSURE_MAX":"5.6"},"date":"2021-07-21T10:27:40.439Z","__v":0,"location":"CHILLER","alertpoint":1},{"company":["AeroSOFT Technologies Pte Ltd","TDK","SuaraKOM"],"variables":["PRESSURE 1","PRESSURE 2"],"logsdata":[],"_id":"60f7f6841b2e1c37d8fe8acc","name":"HEAT EXCHANGER - CHWR PRESS 1","dtuId":"202","sensorId":"11","type":"WTRPRS(485)","ratingMin":"1","ratingMax":"1","limits":{"PRESSURE_MIN":"0","PRESSURE_MAX":"5.6"},"date":"2021-07-21T10:27:16.875Z","__v":0,"location":"AHU","alertpoint":1},{"company":["AeroSOFT Technologies Pte Ltd","TDK","SuaraKOM"],"variables":["PRESSURE 1","PRESSURE 2"],"logsdata":[],"_id":"60f7f6701b2e1c37d8fe8aca","name":"HEAT EXCHANGER - CHWR PRESS 2","dtuId":"202","sensorId":"9","type":"WTRPRS(485)","ratingMin":"1","ratingMax":"1","limits":{"PRESSURE_MIN":"0","PRESSURE_MAX":"6.4"},"date":"2021-07-21T10:26:56.292Z","__v":0,"location":"AHU","alertpoint":1},{"company":["AeroSOFT Technologies Pte Ltd","TDK","SuaraKOM"],"variables":["PRESSURE 1","PRESSURE 2"],"logsdata":[],"_id":"60f7f5cc1b2e1c37d8fe8abf","name":"CHILLER B - CWS PRESS 2","dtuId":"205","sensorId":"55","type":"WTRPRS(485)","ratingMin":"1","ratingMax":"1","limits":{"PRESSURE_MIN":"0","PRESSURE_MAX":"2.2"},"date":"2021-07-21T10:24:12.083Z","__v":0,"location":"CHILLER","alertpoint":1},{"company":["AeroSOFT Technologies Pte Ltd","TDK","SuaraKOM"],"variables":["PRESSURE 1","PRESSURE 2"],"logsdata":[],"_id":"60f7f5bc1b2e1c37d8fe8abd","name":"CHILLER B - CHWR PRESS","dtuId":"200","sensorId":"41","type":"WTRPRS(485)","ratingMin":"1","ratingMax":"1","limits":{"PRESSURE_MIN":"0","PRESSURE_MAX":"4.5"},"date":"2021-07-21T10:23:56.102Z","__v":0,"location":"CHILLER","alertpoint":1},{"company":["AFFLUENT","AeroSOFT Technologies Pte Ltd"],"variables":["WATER LEAK"],"logsdata":[],"_id":"60f7f5a31b2e1c37d8fe8abb","name":"WATER LEAK DETECTOR #1","dtuId":"102","sensorId":"40","type":"WTRLEAK(485)","ratingMin":"-1","ratingMax":"-1","limits":{"WATER_LEAK":"1"},"date":"2021-07-21T10:23:31.500Z","__v":0,"location":"TBD","alertpoint":1},{"company":["AFFLUENT","AeroSOFT Technologies Pte Ltd"],"variables":["TEMPERATURE","HUMIDITY"],"logsdata":[],"_id":"60f7f4d61b2e1c37d8fe8ab6","name":"485 RH SENSOR #2","dtuId":"102","sensorId":"20","type":"RH(485)","ratingMin":"-1","ratingMax":"-1","limits":{"TEMPERATURE_MIN":"MIN","TEMPERATURE_MAX":"MAX","HUMIDITY_MIN":"MIN","HUMIDITY_MAX":"MAX"},"date":"2021-07-21T10:20:06.571Z","__v":0,"location":"TBD","alertpoint":1},{"company":["AFFLUENT","AeroSOFT Technologies Pte Ltd"],"variables":["TEMPERATURE","HUMIDITY"],"logsdata":[],"_id":"60f7f4c11b2e1c37d8fe8ab4","name":"485 RH SENSOR #1","dtuId":"107","sensorId":"20","type":"RH(485)","ratingMin":"-1","ratingMax":"-1","limits":{"TEMPERATURE_MIN":"MIN","TEMPERATURE_MAX":"MAX","HUMIDITY_MIN":"MIN","HUMIDITY_MAX":"MAX"},"date":"2021-07-21T10:19:45.363Z","__v":0,"location":"TBD","alertpoint":1},{"company":["AFFLUENT","AeroSOFT Technologies Pte Ltd","TDK","SuaraKOM"],"variables":["VOLTAGE","CURRENT","POWER CONSUMPTION"],"logsdata":[],"_id":"60f7f27d53144920a4d907c1","name":"CWP1","dtuId":"100","sensorId":"19","type":"PWRMTR(485)","ratingMin":"0.02","ratingMax":"50","limits":{"VOLTAGE_MIN":"200","VOLTAGE_MAX":"230","CURRENT_MIN":"0","CURRENT_MAX":"25","POWER_CONSUMPTION_RATE":"MAX RATE","TOTAL_POWER_CONSUMPTION":"TOTAL"},"date":"2021-07-21T10:10:05.030Z","__v":0,"location":"AHU","alertpoint":1},{"company":["AeroSOFT Technologies Pte Ltd","TDK","SuaraKOM"],"variables":["VOLTAGE","CURRENT","POWER CONSUMPTION"],"logsdata":[],"_id":"60f7f26e53144920a4d907bf","name":"AIR COMPR C2","dtuId":"111","sensorId":"4","type":"PWRMTR(485)","ratingMin":".02","ratingMax":"50","limits":{"VOLTAGE_MIN":"210","VOLTAGE_MAX":"240","CURRENT_MIN":"0","CURRENT_MAX":"35","POWER_CONSUMPTION_RATE":"MAX RATE","TOTAL_POWER_CONSUMPTION":"TOTAL"},"date":"2021-07-21T10:09:50.435Z","__v":0,"location":"AHU","alertpoint":1},{"company":["AeroSOFT Technologies Pte Ltd","TDK","SuaraKOM"],"variables":["VOLTAGE","CURRENT","POWER CONSUMPTION"],"logsdata":[],"_id":"60f7f25a53144920a4d907bd","name":"CWP2","dtuId":"100","sensorId":"20","type":"PWRMTR(485)","ratingMin":"0.02","ratingMax":"50","limits":{"VOLTAGE_MIN":"210","VOLTAGE_MAX":"240","CURRENT_MIN":"0","CURRENT_MAX":"27","POWER_CONSUMPTION_RATE":"MAX RATE","TOTAL_POWER_CONSUMPTION":"TOTAL"},"date":"2021-07-21T10:09:30.546Z","__v":0,"location":"AHU","alertpoint":1},{"company":["AeroSOFT Technologies Pte Ltd","TDK","SuaraKOM"],"variables":["VOLTAGE","CURRENT","POWER CONSUMPTION"],"logsdata":[],"_id":"60f7f24553144920a4d907bb","name":"CWP3","dtuId":"100","sensorId":"18","type":"PWRMTR(485)","ratingMin":"0.02","ratingMax":"50","limits":{"VOLTAGE_MIN":"210","VOLTAGE_MAX":"240","CURRENT_MIN":"0","CURRENT_MAX":"28","POWER_CONSUMPTION_RATE":"MAX RATE","TOTAL_POWER_CONSUMPTION":"TOTAL"},"date":"2021-07-21T10:09:09.780Z","__v":0,"location":"AHU","alertpoint":1},{"company":["AeroSOFT Technologies Pte Ltd","TDK","SuaraKOM"],"variables":["VOLTAGE","CURRENT","POWER CONSUMPTION"],"logsdata":[],"_id":"60f7f23253144920a4d907b9","name":"C.TOWER A","dtuId":"100","sensorId":"12","type":"PWRMTR(485)","ratingMin":"0.02","ratingMax":"50","limits":{"VOLTAGE_MIN":"210","VOLTAGE_MAX":"240","CURRENT_MIN":"0","CURRENT_MAX":"24","POWER_CONSUMPTION_RATE":"MAX RATE","TOTAL_POWER_CONSUMPTION":"TOTAL"},"date":"2021-07-21T10:08:50.736Z","__v":0,"location":"PMP_AHU","alertpoint":1},{"company":["AeroSOFT Technologies Pte Ltd","TDK","SuaraKOM"],"variables":["VOLTAGE","CURRENT","POWER CONSUMPTION"],"logsdata":[],"_id":"60f7f21e53144920a4d907b7","name":"HEAT EXCHANGER","dtuId":"102","sensorId":"11","type":"PWRMTR(485)","ratingMin":"1","ratingMax":"1","limits":{"VOLTAGE_MIN":"210","VOLTAGE_MAX":"240","CURRENT_MIN":"0","CURRENT_MAX":"25","POWER_CONSUMPTION_RATE":"MAX RATE","TOTAL_POWER_CONSUMPTION":"TOTAL"},"date":"2021-07-21T10:08:30.147Z","__v":0,"location":"PMP_AHU","alertpoint":1},{"company":["AeroSOFT Technologies Pte Ltd","TDK","SuaraKOM"],"variables":["VOLTAGE","CURRENT","POWER CONSUMPTION"],"logsdata":[],"_id":"60f7f20b53144920a4d907b5","name":"PRE-COOL FE","dtuId":"112","sensorId":"14","type":"PWRMTR(485)","ratingMin":"1","ratingMax":"1","limits":{"VOLTAGE_MIN":"210","VOLTAGE_MAX":"240","CURRENT_MIN":"0","CURRENT_MAX":"35","POWER_CONSUMPTION_RATE":"MAX RATE","TOTAL_POWER_CONSUMPTION":"TOTAL"},"date":"2021-07-21T10:08:11.423Z","__v":0,"location":"PMP_CW","alertpoint":1},{"company":["AeroSOFT Technologies Pte Ltd","TDK","SuaraKOM"],"variables":["VOLTAGE","CURRENT","POWER CONSUMPTION"],"logsdata":[],"_id":"60f7f1f453144920a4d907b3","name":"DH3 - PASTE RM","dtuId":"107","sensorId":"2","type":"PWRMTR(485)","ratingMin":"1","ratingMax":"1","limits":{"VOLTAGE_MIN":"210","VOLTAGE_MAX":"240","CURRENT_MIN":"0","CURRENT_MAX":"25","POWER_CONSUMPTION_RATE":"MAX RATE","TOTAL_POWER_CONSUMPTION":"TOTAL"},"date":"2021-07-21T10:07:48.348Z","__v":0,"location":"AIRCOMP","alertpoint":1},{"company":["AFFLUENT","AeroSOFT Technologies Pte Ltd","TDK","SuaraKOM"],"variables":["VOLTAGE","CURRENT","POWER CONSUMPTION"],"logsdata":[],"_id":"60f7f1dc53144920a4d907b1","name":"C.TOWER B","dtuId":"100","sensorId":"17","type":"PWRMTR(485)","ratingMin":"1","ratingMax":"1","limits":{"VOLTAGE_MIN":"200","VOLTAGE_MAX":"240","CURRENT_MIN":"0","CURRENT_MAX":"25","POWER_CONSUMPTION_RATE":"MAX RATE","TOTAL_POWER_CONSUMPTION":"TOTAL"},"date":"2021-07-21T10:07:24.679Z","__v":0,"location":"PMP_AHU","alertpoint":1},{"company":["AeroSOFT Technologies Pte Ltd","TDK","SuaraKOM"],"variables":["VOLTAGE","CURRENT","POWER CONSUMPTION"],"logsdata":[],"_id":"60f7f1c853144920a4d907af","name":"AIR COMPR C1","dtuId":"111","sensorId":"9","type":"PWRMTR(485)","ratingMin":"1","ratingMax":"1","limits":{"VOLTAGE_MIN":"210","VOLTAGE_MAX":"240","CURRENT_MIN":"0","CURRENT_MAX":"25","POWER_CONSUMPTION_RATE":"MAX RATE","TOTAL_POWER_CONSUMPTION":"TOTAL"},"date":"2021-07-21T10:07:04.331Z","__v":0,"location":"AIRCOMP","alertpoint":1},{"company":["AeroSOFT Technologies Pte Ltd","TDK","SuaraKOM"],"variables":["VOLTAGE","CURRENT","POWER CONSUMPTION"],"logsdata":[],"_id":"60f7f1b453144920a4d907ad","name":"DH2 - FE/HVC/R&D","dtuId":"107","sensorId":"1","type":"PWRMTR(485)","ratingMin":"1","ratingMax":"1","limits":{"VOLTAGE_MIN":"210","VOLTAGE_MAX":"240","CURRENT_MIN":"0","CURRENT_MAX":"25","POWER_CONSUMPTION_RATE":"MAX RATE","TOTAL_POWER_CONSUMPTION":"TOTAL"},"date":"2021-07-21T10:06:44.272Z","__v":0,"location":"CHILLER","alertpoint":1},{"company":["AeroSOFT Technologies Pte Ltd","TDK","SuaraKOM"],"variables":["VOLTAGE","CURRENT","POWER CONSUMPTION"],"logsdata":[],"_id":"60f7f19553144920a4d907ab","name":"CHILLER A","dtuId":"110","sensorId":"5","type":"PWRMTR(485)","ratingMin":"1","ratingMax":"1","limits":{"VOLTAGE_MIN":"210","VOLTAGE_MAX":"240","CURRENT_MIN":"0","CURRENT_MAX":"35","POWER_CONSUMPTION_RATE":"MAX RATE","TOTAL_POWER_CONSUMPTION":"TOTAL"},"date":"2021-07-21T10:06:13.260Z","__v":0,"location":"AHU","alertpoint":1},{"company":["AeroSOFT Technologies Pte Ltd","TDK","SuaraKOM"],"variables":["VOLTAGE","CURRENT","POWER CONSUMPTION"],"logsdata":[],"_id":"60f7f15953144920a4d907a5","name":"CHILLER B","dtuId":"110","sensorId":"16","type":"PWRMTR(485)","ratingMin":"1","ratingMax":"1","limits":{"VOLTAGE_MIN":"210","VOLTAGE_MAX":"240","CURRENT_MIN":"0","CURRENT_MAX":"35","POWER_CONSUMPTION_RATE":"MAX RATE","TOTAL_POWER_CONSUMPTION":"TOTAL"},"date":"2021-07-21T10:05:13.949Z","__v":0,"location":"PMP_CW","alertpoint":1},{"company":["AeroSOFT Technologies Pte Ltd","TDK","SuaraKOM"],"variables":["VOLTAGE","CURRENT","POWER CONSUMPTION"],"logsdata":[],"_id":"60f7f14153144920a4d907a3","name":"CLEAN ROOM DB","dtuId":"101","sensorId":"3","type":"PWRMTR(485)","ratingMin":"1","ratingMax":"1","limits":{"VOLTAGE_MIN":"210","VOLTAGE_MAX":"240","CURRENT_MIN":"0","CURRENT_MAX":"15","POWER_CONSUMPTION_RATE":"MAX RATE","TOTAL_POWER_CONSUMPTION":"TOTAL"},"date":"2021-07-21T10:04:49.138Z","__v":0,"location":"AIRCOMP","alertpoint":1},{"company":["AeroSOFT Technologies Pte Ltd","TDK","SuaraKOM"],"variables":["VOLTAGE","CURRENT","POWER CONSUMPTION"],"logsdata":[],"_id":"60f7f12a53144920a4d907a1","name":"DH1 - FE/HVC/R&D","dtuId":"112","sensorId":"8","type":"PWRMTR(485)","ratingMin":"1","ratingMax":"1","limits":{"VOLTAGE_MIN":"210","VOLTAGE_MAX":"240","CURRENT_MIN":"0","CURRENT_MAX":"15","POWER_CONSUMPTION_RATE":"MAX RATE","TOTAL_POWER_CONSUMPTION":"TOTAL"},"date":"2021-07-21T10:04:26.569Z","__v":0,"location":"CHILLER","alertpoint":1},{"company":["AeroSOFT Technologies Pte Ltd","TDK","SuaraKOM"],"variables":["VOLTAGE","CURRENT","POWER CONSUMPTION"],"logsdata":[],"_id":"60f7f11153144920a4d9079c","name":"AIR COMPR C3","dtuId":"113","sensorId":"6","type":"PWRMTR(485)","ratingMin":"1","ratingMax":"1","limits":{"VOLTAGE_MIN":"210","VOLTAGE_MAX":"240","CURRENT_MIN":"0","CURRENT_MAX":"36","POWER_CONSUMPTION_RATE":"MAX RATE","TOTAL_POWER_CONSUMPTION":"TOTAL"},"date":"2021-07-21T10:04:01.474Z","__v":0,"location":"AHU","alertpoint":1},{"company":["AeroSOFT Technologies Pte Ltd","TDK","SuaraKOM"],"variables":["VOLTAGE","CURRENT","POWER CONSUMPTION"],"logsdata":[],"_id":"60f7f0f953144920a4d9079a","name":"CHWP OVERALL","dtuId":"110","sensorId":"15","type":"PWRMTR(485)","ratingMin":"1","ratingMax":"1","limits":{"VOLTAGE_MIN":"210","VOLTAGE_MAX":"240","CURRENT_MIN":"0","CURRENT_MAX":"24","POWER_CONSUMPTION_RATE":"MAX RATE","TOTAL_POWER_CONSUMPTION":"TOTAL"},"date":"2021-07-21T10:03:37.335Z","__v":0,"location":"PMP_CW","alertpoint":1},{"company":["AeroSOFT Technologies Pte Ltd","TDK","SuaraKOM"],"variables":["VOLTAGE","CURRENT","POWER CONSUMPTION"],"logsdata":[],"_id":"60f7f0e253144920a4d90798","name":"AHU FE","dtuId":"112","sensorId":"7","type":"PWRMTR(485)","ratingMin":"1","ratingMax":"1","limits":{"VOLTAGE_MIN":"210","VOLTAGE_MAX":"240","CURRENT_MIN":"0","CURRENT_MAX":"25","POWER_CONSUMPTION_RATE":"MAX RATE","TOTAL_POWER_CONSUMPTION":"TOTAL"},"date":"2021-07-21T10:03:14.118Z","__v":0,"location":"WCPU","alertpoint":1},{"company":["AeroSOFT Technologies Pte Ltd","TDK","SuaraKOM"],"variables":["VOLTAGE","CURRENT","POWER CONSUMPTION"],"logsdata":[],"_id":"60f7ec75c4905b009ca51058","name":"SSB6-1","dtuId":"5","sensorId":"1","type":"PWRMTR(485)","ratingMin":"1","ratingMax":"1","limits":{"VOLTAGE_MIN":"210","VOLTAGE_MAX":"240","CURRENT_MIN":"0","CURRENT_MAX":"28","POWER_CONSUMPTION_RATE":"MAX RATE","TOTAL_POWER_CONSUMPTION":"TOTAL"},"date":"2021-07-21T09:44:21.866Z","__v":0,"location":"AHU","alertpoint":1},{"company":["AeroSOFT Technologies Pte Ltd","TDK","SuaraKOM"],"variables":["VELOCITY","FLOW RATE"],"logsdata":[],"_id":"60f7ebfac4905b009ca51054","name":"DEHUMIDIFIER 4","dtuId":"206","sensorId":"65","type":"AIRFLW(485)","ratingMin":"1","ratingMax":"1","limits":{"VELOCITY_MIN":"1.56","VELOCITY_MAX":"5","FLOW_RATE_MIN":"0","FLOW_RATE_MAX":"0"},"date":"2021-07-21T09:42:18.625Z","__v":0,"location":"FE","alertpoint":1},{"company":["AeroSOFT Technologies Pte Ltd","TDK","SuaraKOM"],"variables":["VELOCITY","FLOW RATE"],"logsdata":[],"_id":"60f7ebe3c4905b009ca51052","name":"PRECOOL FE","dtuId":"203","sensorId":"60","type":"AIRFLW(485)","ratingMin":"1","ratingMax":"1","limits":{"VELOCITY_MIN":"0.21","VELOCITY_MAX":"4.23","FLOW_RATE_MIN":"0","FLOW_RATE_MAX":"0"},"date":"2021-07-21T09:41:55.825Z","__v":0,"location":"AHU","alertpoint":1},{"company":["AeroSOFT Technologies Pte Ltd","TDK","SuaraKOM"],"variables":["VELOCITY","FLOW RATE"],"logsdata":[],"_id":"60f7ebc5c4905b009ca51050","name":"WCPU OVERALL AIR DUCT","dtuId":"217","sensorId":"62","type":"AIRFLW(485)","ratingMin":"1","ratingMax":"1","limits":{"VELOCITY_MIN":"0.16","VELOCITY_MAX":"4","FLOW_RATE_MIN":"0","FLOW_RATE_MAX":"0"},"date":"2021-07-21T09:41:25.943Z","__v":0,"location":"WCPU","alertpoint":1},{"company":["AeroSOFT Technologies Pte Ltd","TDK","SuaraKOM"],"variables":["VELOCITY","FLOW RATE"],"logsdata":[],"_id":"60f7ebacc4905b009ca5104e","name":"PRECOOL CLEAN ROOM","dtuId":"206","sensorId":"64","type":"AIRFLW(485)","ratingMin":"1","ratingMax":"1","limits":{"VELOCITY_MIN":"0.21","VELOCITY_MAX":"5.23","FLOW_RATE_MIN":"0","FLOW_RATE_MAX":"0"},"date":"2021-07-21T09:41:00.289Z","__v":0,"location":"FE","alertpoint":1},{"company":["AeroSOFT Technologies Pte Ltd","TDK","SuaraKOM"],"variables":["VELOCITY","FLOW RATE"],"logsdata":[],"_id":"60f7eb73c4905b009ca5104c","name":"AHU CLEAN ROOM","dtuId":"206","sensorId":"68","type":"AIRFLW(485)","ratingMin":"1","ratingMax":"1","limits":{"VELOCITY_MIN":"3","VELOCITY_MAX":"5","FLOW_RATE_MIN":"0","FLOW_RATE_MAX":"0"},"date":"2021-07-21T09:40:03.454Z","__v":0,"location":"PASTE PREP","alertpoint":1},{"company":["AeroSOFT Technologies Pte Ltd","TDK","SuaraKOM"],"variables":["VELOCITY","FLOW RATE"],"logsdata":[],"_id":"60f7eb33c4905b009ca51043","name":"COMPRESSOR AIR DUCT","dtuId":"219","sensorId":"61","type":"AIRFLW(485)","ratingMin":"1","ratingMax":"1","limits":{"VELOCITY_MIN":"0.15","VELOCITY_MAX":"5.3","FLOW_RATE_MIN":"0","FLOW_RATE_MAX":"0"},"date":"2021-07-21T09:38:59.292Z","__v":0,"location":"CLEAN ROOM","alertpoint":2},{"company":["AeroSOFT Technologies Pte Ltd","TDK","SuaraKOM"],"variables":["VELOCITY","FLOW RATE"],"logsdata":[],"_id":"60f7eb17c4905b009ca51041","name":"DEHUMIDIFER 1","dtuId":"203","sensorId":"66","type":"AIRFLW(485)","ratingMin":"1","ratingMax":"1","limits":{"VELOCITY_MIN":"0.5","VELOCITY_MAX":"3.5","FLOW_RATE_MIN":"0","FLOW_RATE_MAX":"0"},"date":"2021-07-21T09:38:31.655Z","__v":0,"location":"PASTE ROOM","alertpoint":1},{"company":["AeroSOFT Technologies Pte Ltd","TDK","SuaraKOM"],"variables":["VELOCITY","FLOW RATE"],"logsdata":[],"_id":"60f7eb06c4905b009ca5103f","name":"DEHUMIDIFER (PASTE ROOM)","dtuId":"215","sensorId":"69","type":"AIRFLW(485)","ratingMin":"1","ratingMax":"1","limits":{"VELOCITY_MIN":"0.25","VELOCITY_MAX":"3.5","FLOW_RATE_MIN":"0","FLOW_RATE_MAX":"0"},"date":"2021-07-21T09:38:14.824Z","__v":0,"location":"FE","alertpoint":1},{"company":["AeroSOFT Technologies Pte Ltd","TDK","SuaraKOM"],"variables":["VELOCITY","FLOW RATE"],"logsdata":[],"_id":"60f7eaefc4905b009ca5103d","name":"AHU FE DUCT","dtuId":"203","sensorId":"63","type":"AIRFLW(485)","ratingMin":"1","ratingMax":"1","limits":{"VELOCITY_MIN":"0.1","VELOCITY_MAX":"1.5","FLOW_RATE_MIN":"0","FLOW_RATE_MAX":"0"},"date":"2021-07-21T09:37:51.280Z","__v":0,"location":"WCPU","alertpoint":1},{"company":["AeroSOFT Technologies Pte Ltd","TDK","SuaraKOM"],"variables":["VELOCITY","FLOW RATE"],"logsdata":[],"_id":"60f7eadcc4905b009ca5103b","name":"DEHUMIDIFER 2","dtuId":"203","sensorId":"67","type":"AIRFLW(485)","ratingMin":"1","ratingMax":"1","limits":{"VELOCITY_MIN":"0.2","VELOCITY_MAX":"3.7","FLOW_RATE_MIN":"0","FLOW_RATE_MAX":"0"},"date":"2021-07-21T09:37:32.421Z","__v":0,"location":"CLEAN ROOM","alertpoint":1},{"company":["AeroSOFT Technologies Pte Ltd","TDK","SuaraKOM"],"variables":["TEMPERATURE","HUMIDITY"],"logsdata":[],"_id":"60f7ea4e8a917c55308424d9","name":"WCPU OVERALL AIR DUCT","dtuId":"203","sensorId":"22","type":"AIRRH(485)","ratingMin":"1","ratingMax":"1","limits":{"TEMPERATURE_MIN":"11","TEMPERATURE_MAX":"15","HUMIDITY_MIN":"35","HUMIDITY_MAX":"94"},"date":"2021-07-21T09:35:10.287Z","__v":0,"location":"TBD","alertpoint":1},{"company":["AeroSOFT Technologies Pte Ltd","TDK","SuaraKOM"],"variables":["TEMPERATURE","HUMIDITY"],"logsdata":[],"_id":"60f7ea3d8a917c55308424d7","name":"AHU FE","dtuId":"215","sensorId":"21","type":"AIRRH(485)","ratingMin":"1","ratingMax":"1","limits":{"TEMPERATURE_MIN":"12","TEMPERATURE_MAX":"25","HUMIDITY_MIN":"45","HUMIDITY_MAX":"86"},"date":"2021-07-21T09:34:53.048Z","__v":0,"location":"TBD","alertpoint":1},{"company":["AeroSOFT Technologies Pte Ltd","TDK","SuaraKOM"],"variables":["TEMPERATURE","HUMIDITY"],"logsdata":[],"_id":"60f7ea1b8a917c55308424d5","name":"AHU CLEAN ROOM","dtuId":"206","sensorId":"20","type":"AIRRH(485)","ratingMin":"1","ratingMax":"1","limits":{"TEMPERATURE_MIN":"8","TEMPERATURE_MAX":"13","HUMIDITY_MIN":"45","HUMIDITY_MAX":"89"},"date":"2021-07-21T09:34:19.580Z","__v":0,"location":"TBD","alertpoint":1},{"company":["AFFLUENT","AeroSOFT Technologies Pte Ltd","TDK","SuaraKOM","Aerosoft Technologies Pte Ltd"],"variables":["TEMPERATURE","HUMIDITY"],"logsdata":[],"_id":"60f7e8f598b01540f840288f","name":"RMS","dtuId":"-1","sensorId":"B0-F8-97-C3-7C-87","type":"WISENSOR","ratingMin":"-1","ratingMax":"-1","limits":{"TEMPERATURE_MIN":"15","TEMPERATURE_MAX":"32","HUMIDITY_MIN":"15","HUMIDITY_MAX":"88"},"date":"2021-07-21T09:29:25.361Z","__v":0,"location":"BACKEND","alertpoint":1},{"company":["TDK","SuaraKOM"],"variables":["TEMPERATURE","HUMIDITY"],"logsdata":[],"_id":"60f7e8e898b01540f840288d","name":"CLEAN ROOM 10k (MOV 5 OVEN)","dtuId":"-1","sensorId":"B0-96-40-57-8B-E3","type":"WISENSOR","ratingMin":"-1","ratingMax":"-1","limits":{"TEMPERATURE_MIN":"10","TEMPERATURE_MAX":"30","HUMIDITY_MIN":"10","HUMIDITY_MAX":"36"},"date":"2021-07-21T09:29:12.135Z","__v":0,"location":"TBD","alertpoint":2},{"company":["AFFLUENT","AeroSOFT Technologies Pte Ltd","TDK","SuaraKOM"],"variables":["TEMPERATURE","HUMIDITY"],"logsdata":[],"_id":"60f7e8dd98b01540f840288b","name":"ELECTRODE","dtuId":"-1","sensorId":"B0-66-72-ED-8C-51","type":"WISENSOR","ratingMin":"-1","ratingMax":"-1","limits":{"TEMPERATURE_MIN":"15","TEMPERATURE_MAX":"35","HUMIDITY_MIN":"15","HUMIDITY_MAX":"88"},"date":"2021-07-21T09:29:01.418Z","__v":0,"location":"TBD","alertpoint":1},{"company":["AFFLUENT","TDK","SuaraKOM"],"variables":["TEMPERATURE","HUMIDITY"],"logsdata":[],"_id":"60f7e8cf98b01540f8402889","name":"PROD 1 (BACKEND)","dtuId":"-1","sensorId":"B0-D8-BE-52-21-62","type":"WISENSOR","ratingMin":"-1","ratingMax":"-1","limits":{"TEMPERATURE_MIN":"10","TEMPERATURE_MAX":"30","HUMIDITY_MIN":"15","HUMIDITY_MAX":"88"},"date":"2021-07-21T09:28:47.136Z","__v":0,"location":"BACKEND","alertpoint":2},{"company":["TDK","SuaraKOM"],"variables":["TEMPERATURE","HUMIDITY"],"logsdata":[],"_id":"60f7e8c198b01540f8402887","name":"VKL","dtuId":"-1","sensorId":"B0-C0-E7-11-A7-E3","type":"WISENSOR","ratingMin":"-1","ratingMax":"-1","limits":{"TEMPERATURE_MIN":"12","TEMPERATURE_MAX":"32","HUMIDITY_MIN":"15","HUMIDITY_MAX":"88"},"date":"2021-07-21T09:28:33.773Z","__v":0,"location":"BACKEND","alertpoint":1},{"company":["TDK","SuaraKOM"],"variables":["TEMPERATURE","HUMIDITY"],"logsdata":[],"_id":"60f7e8a698b01540f8402883","name":"CLEAN ROOM 10 (MOUNTING)","dtuId":"-1","sensorId":"B0-E1-64-78-DE-E0","type":"WISENSOR","ratingMin":"-1","ratingMax":"-1","limits":{"TEMPERATURE_MIN":"10","TEMPERATURE_MAX":"30","HUMIDITY_MIN":"10","HUMIDITY_MAX":"36"},"date":"2021-07-21T09:28:06.190Z","__v":0,"location":"TBD","alertpoint":2},{"company":["TDK","SuaraKOM"],"variables":["TEMPERATURE","HUMIDITY"],"logsdata":[],"_id":"60f7e89398b01540f8402881","name":"PROD 2 (BACKEND)","dtuId":"-1","sensorId":"B0-8A-EA-86-E2-C9","type":"WISENSOR","ratingMin":"-1","ratingMax":"-1","limits":{"TEMPERATURE_MIN":"10","TEMPERATURE_MAX":"30","HUMIDITY_MIN":"10","HUMIDITY_MAX":"88"},"date":"2021-07-21T09:27:47.129Z","__v":0,"location":"HVC ROOM","alertpoint":2},{"company":["TDK","SuaraKOM"],"variables":["TEMPERATURE","HUMIDITY"],"logsdata":[],"_id":"60f7e87c98b01540f840287f","name":"IQA STORE","dtuId":"-1","sensorId":"B0-5A-AA-22-D5-1F","type":"WISENSOR","ratingMin":"-1","ratingMax":"-1","limits":{"TEMPERATURE_MIN":"12","TEMPERATURE_MAX":"38","HUMIDITY_MIN":"15","HUMIDITY_MAX":"88"},"date":"2021-07-21T09:27:24.644Z","__v":0,"location":"TBD","alertpoint":1},{"company":["TDK","SuaraKOM"],"variables":["TEMPERATURE","HUMIDITY"],"logsdata":[],"_id":"60f7e85d98b01540f840287d","name":"GFC STORE","dtuId":"-1","sensorId":"B0-21-0A-47-FA-53","type":"WISENSOR","ratingMin":"-1","ratingMax":"-1","limits":{"TEMPERATURE_MIN":"15","TEMPERATURE_MAX":"35","HUMIDITY_MIN":"15","HUMIDITY_MAX":"88"},"date":"2021-07-21T09:26:53.633Z","__v":0,"location":"TBD","alertpoint":1},{"company":["TDK","SuaraKOM"],"variables":["TEMPERATURE","HUMIDITY"],"logsdata":[],"_id":"60f7e85098b01540f840287b","name":"SERVER ROOM","dtuId":"-1","sensorId":"B0-68-61-5E-F9-72","type":"WISENSOR","ratingMin":"-1","ratingMax":"-1","limits":{"TEMPERATURE_MIN":"12","TEMPERATURE_MAX":"32","HUMIDITY_MIN":"15","HUMIDITY_MAX":"88"},"date":"2021-07-21T09:26:40.178Z","__v":0,"location":"PASTE PREP ROOM","alertpoint":1},{"company":["AFFLUENT","AeroSOFT Technologies Pte Ltd","Aerosoft Technologies Pte Ltd"],"variables":["TEMPERATURE","HUMIDITY"],"logsdata":[],"_id":"60f7e82e98b01540f8402879","name":"DEMO","dtuId":"-1","sensorId":"B0-8E-58-B6-05-52","type":"WISENSOR","ratingMin":"-1","ratingMax":"-1","limits":{"TEMPERATURE_MIN":"15","TEMPERATURE_MAX":"32","HUMIDITY_MIN":"55","HUMIDITY_MAX":"88"},"date":"2021-07-21T09:26:06.620Z","__v":0,"location":"TBD","alertpoint":1},{"company":["AeroSOFT Technologies Pte Ltd","TDK","SuaraKOM"],"variables":["TEMPERATURE","HUMIDITY"],"logsdata":[],"_id":"60f7d86428eeb219806aeab0","name":"MULTIMATIC","dtuId":"-1","sensorId":"B0-17-03-A8-FB-4B","type":"WISENSOR","ratingMin":"-1","ratingMax":"-1","limits":{"TEMPERATURE_MIN":"11","TEMPERATURE_MAX":"39","HUMIDITY_MIN":"15","HUMIDITY_MAX":"78"},"date":"2021-07-21T08:18:44.705Z","__v":0,"location":"TBD","alertpoint":1},{"company":["TDK","SuaraKOM"],"variables":["TEMPERATURE","HUMIDITY"],"logsdata":[],"_id":"60f7d73f0906a95db027b3f7","name":"CHEMICAL STORE","dtuId":"-1","sensorId":"B0-84-88-E0-CE-E7","type":"WISENSOR","ratingMin":"-1","ratingMax":"-1","limits":{"TEMPERATURE_MIN":"8","TEMPERATURE_MAX":"32","HUMIDITY_MIN":"15","HUMIDITY_MAX":"88"},"date":"2021-07-21T08:13:51.210Z","__v":0,"location":"CLEAN ROOM","alertpoint":1}]