{"SENSORNAME":"L1- FREEZER MS","SENSORTYPE":"WISENSOR","DTUID":"-1","SENSORID":"B0-F6-BF-85-9E-13","DATE0":"2022-12-18T03:55:48.233Z","DATE1":"2021-11-03T03:40:23.833Z","DAYDATA":[{"modelID":"b0-f6-bf-85-9e-13","modelType":"Wi-SHT10","DATAS":["Temperature","Humidity"],"Temperature":-20.57,"Humidity":-959.04,"TIMESTAMP":"2022-12-18T03:55:48.233Z","BATT":100,"INTERVAL":1800},{"modelID":"b0-f6-bf-85-9e-13","modelType":"Wi-SHT10","DATAS":["Temperature","Humidity"],"Temperature":-20.84,"Humidity":-959.04,"TIMESTAMP":"2022-12-18T03:25:48.003Z","BATT":100,"INTERVAL":1800},{"modelID":"b0-f6-bf-85-9e-13","modelType":"Wi-SHT10","DATAS":["Temperature","Humidity"],"Temperature":-20.47,"Humidity":-959.04,"TIMESTAMP":"2022-12-18T02:25:47.690Z","BATT":100,"INTERVAL":1800},{"modelID":"b0-f6-bf-85-9e-13","modelType":"Wi-SHT10","DATAS":["Temperature","Humidity"],"Temperature":-20.34,"Humidity":-959.04,"TIMESTAMP":"2022-12-18T01:55:47.567Z","BATT":100,"INTERVAL":1800},{"modelID":"b0-f6-bf-85-9e-13","modelType":"Wi-SHT10","DATAS":["Temperature","Humidity"],"Temperature":-20.37,"Humidity":-959.04,"TIMESTAMP":"2022-12-18T01:25:47.207Z","BATT":100,"INTERVAL":1800},{"modelID":"b0-f6-bf-85-9e-13","modelType":"Wi-SHT10","DATAS":["Temperature","Humidity"],"Temperature":-20.57,"Humidity":-959.04,"TIMESTAMP":"2022-12-18T00:55:46.991Z","BATT":100,"INTERVAL":1800},{"modelID":"b0-f6-bf-85-9e-13","modelType":"Wi-SHT10","DATAS":["Temperature","Humidity"],"Temperature":-20.67,"Humidity":-959.04,"TIMESTAMP":"2022-12-18T00:25:46.821Z","BATT":100,"INTERVAL":1800},{"modelID":"b0-f6-bf-85-9e-13","modelType":"Wi-SHT10","DATAS":["Temperature","Humidity"],"Temperature":-20.74,"Humidity":-959.04,"TIMESTAMP":"2022-12-17T23:55:46.557Z","BATT":100,"INTERVAL":1800},{"modelID":"b0-f6-bf-85-9e-13","modelType":"Wi-SHT10","DATAS":["Temperature","Humidity"],"Temperature":-20.6,"Humidity":-959.04,"TIMESTAMP":"2022-12-17T23:25:46.449Z","BATT":100,"INTERVAL":1800},{"modelID":"b0-f6-bf-85-9e-13","modelType":"Wi-SHT10","DATAS":["Temperature","Humidity"],"Temperature":-20.64,"Humidity":-959.04,"TIMESTAMP":"2022-12-17T22:55:46.250Z","BATT":100,"INTERVAL":1800},{"modelID":"b0-f6-bf-85-9e-13","modelType":"Wi-SHT10","DATAS":["Temperature","Humidity"],"Temperature":-20.5,"Humidity":-959.04,"TIMESTAMP":"2022-12-17T22:25:46.036Z","BATT":100,"INTERVAL":1800},{"modelID":"b0-f6-bf-85-9e-13","modelType":"Wi-SHT10","DATAS":["Temperature","Humidity"],"Temperature":-20.57,"Humidity":-959.04,"TIMESTAMP":"2022-12-17T21:55:45.759Z","BATT":100,"INTERVAL":1800},{"modelID":"b0-f6-bf-85-9e-13","modelType":"Wi-SHT10","DATAS":["Temperature","Humidity"],"Temperature":-20.74,"Humidity":-959.04,"TIMESTAMP":"2022-12-17T21:25:45.514Z","BATT":100,"INTERVAL":1800},{"modelID":"b0-f6-bf-85-9e-13","modelType":"Wi-SHT10","DATAS":["Temperature","Humidity"],"Temperature":-20.7,"Humidity":-959.04,"TIMESTAMP":"2022-12-17T20:55:45.314Z","BATT":100,"INTERVAL":1800},{"modelID":"b0-f6-bf-85-9e-13","modelType":"Wi-SHT10","DATAS":["Temperature","Humidity"],"Temperature":-20.5,"Humidity":-959.04,"TIMESTAMP":"2022-12-17T20:25:45.211Z","BATT":100,"INTERVAL":1800},{"modelID":"b0-f6-bf-85-9e-13","modelType":"Wi-SHT10","DATAS":["Temperature","Humidity"],"Temperature":-20.27,"Humidity":-959.04,"TIMESTAMP":"2022-12-17T19:55:44.997Z","BATT":100,"INTERVAL":1800},{"modelID":"b0-f6-bf-85-9e-13","modelType":"Wi-SHT10","DATAS":["Temperature","Humidity"],"Temperature":-20.54,"Humidity":-959.04,"TIMESTAMP":"2022-12-17T19:25:44.712Z","BATT":100,"INTERVAL":1800},{"modelID":"b0-f6-bf-85-9e-13","modelType":"Wi-SHT10","DATAS":["Temperature","Humidity"],"Temperature":-20.57,"Humidity":-959.04,"TIMESTAMP":"2022-12-17T18:55:44.493Z","BATT":100,"INTERVAL":1800},{"modelID":"b0-f6-bf-85-9e-13","modelType":"Wi-SHT10","DATAS":["Temperature","Humidity"],"Temperature":-20.54,"Humidity":-959.04,"TIMESTAMP":"2022-12-17T18:25:44.323Z","BATT":100,"INTERVAL":1800},{"modelID":"b0-f6-bf-85-9e-13","modelType":"Wi-SHT10","DATAS":["Temperature","Humidity"],"Temperature":-20.84,"Humidity":-959.04,"TIMESTAMP":"2022-12-17T17:55:44.099Z","BATT":100,"INTERVAL":1800},{"modelID":"b0-f6-bf-85-9e-13","modelType":"Wi-SHT10","DATAS":["Temperature","Humidity"],"Temperature":-20.57,"Humidity":-959.04,"TIMESTAMP":"2022-12-17T17:25:43.874Z","BATT":100,"INTERVAL":1800},{"modelID":"b0-f6-bf-85-9e-13","modelType":"Wi-SHT10","DATAS":["Temperature","Humidity"],"Temperature":-21.04,"Humidity":-959.04,"TIMESTAMP":"2022-12-17T16:55:43.681Z","BATT":100,"INTERVAL":1800},{"modelID":"b0-f6-bf-85-9e-13","modelType":"Wi-SHT10","DATAS":["Temperature","Humidity"],"Temperature":-20.34,"Humidity":-959.04,"TIMESTAMP":"2022-12-17T16:25:43.477Z","BATT":100,"INTERVAL":1800}],"DAYHOURS":["11","10","9","8","7","6","5","4","3","2","1","0"]}