{"SENSORNAME":"SSB2-1","SENSORTYPE":"PWRMTR(485)","DTUID":"3","SENSORID":1,"PWRMTR0":"285624","PWRMTR1":"5698","DAYDATA":[{"DTUID":"3","SENSORID":1,"FUNCID":3,"NDATA":2,"SENSORTYPE":"PWR-METER-POWER","RCV_BYTES":["01B3","D3E0"],"DATAS":[435,-11296],"DATAS1":[],"DATAS2":[],"TIMESTAMP":"2022-12-18T00:49:12.077Z"},{"DTUID":"3","SENSORID":1,"FUNCID":3,"NDATA":2,"SENSORTYPE":"PWR-METER-POWER","RCV_BYTES":["01B3","D020"],"DATAS":[435,-12256],"DATAS1":[],"DATAS2":[],"TIMESTAMP":"2022-12-18T00:29:12.098Z"},{"DTUID":"3","SENSORID":1,"FUNCID":3,"NDATA":2,"SENSORTYPE":"PWR-METER-POWER","RCV_BYTES":["01B3","B9A0"],"DATAS":[435,-18016],"DATAS1":[],"DATAS2":[],"TIMESTAMP":"2022-12-17T22:28:59.411Z"},{"DTUID":"3","SENSORID":1,"FUNCID":3,"NDATA":2,"SENSORTYPE":"PWR-METER-POWER","RCV_BYTES":["01B3","B180"],"DATAS":[435,-20096],"DATAS1":[],"DATAS2":[],"TIMESTAMP":"2022-12-17T21:48:55.641Z"},{"DTUID":"3","SENSORID":1,"FUNCID":3,"NDATA":2,"SENSORTYPE":"PWR-METER-POWER","RCV_BYTES":["01B3","ADC0"],"DATAS":[435,-21056],"DATAS1":[],"DATAS2":[],"TIMESTAMP":"2022-12-17T21:28:56.044Z"},{"DTUID":"3","SENSORID":1,"FUNCID":3,"NDATA":2,"SENSORTYPE":"PWR-METER-POWER","RCV_BYTES":["01B3","A640"],"DATAS":[435,-22976],"DATAS1":[],"DATAS2":[],"TIMESTAMP":"2022-12-17T20:48:54.653Z"},{"DTUID":"3","SENSORID":1,"FUNCID":3,"NDATA":2,"SENSORTYPE":"PWR-METER-POWER","RCV_BYTES":["01B3","9740"],"DATAS":[435,-26816],"DATAS1":[],"DATAS2":[],"TIMESTAMP":"2022-12-17T19:28:49.275Z"},{"DTUID":"3","SENSORID":1,"FUNCID":3,"NDATA":2,"SENSORTYPE":"PWR-METER-POWER","RCV_BYTES":["01B3","8160"],"DATAS":[435,-32416],"DATAS1":[],"DATAS2":[],"TIMESTAMP":"2022-12-17T17:28:40.780Z"}],"DAYHOURS":["8","6","5","4","3","1"],"MNTH-2022_12":"285624","WK51":"285624","WK50":"280451","WK49":"272667","MNTH-2022_11":"265502","WK48":"264051","WK47":"256067","WK46":"246888","WK45":"238627","WK44":"229998","MNTH-2022_10":"228464","WK43":"220680","WK42":"211997","WK41":"202362","WK40":"193250","MNTH-2022_9":"188686","WK39":"184302","WK38":"174568","WK37":"165856","WK36":"157518","MNTH-2022_8":"149682","WK35":"148459","WK34":"138746","WK33":"129267","WK32":"119734","WK31":"111059","MNTH-2022_7":"108574","WK30":"102650","WK29":"94155","WK28":"85536","WK27":"77539","MNTH-2022_6":"71038","WK26":"68270","WK25":"58776","WK24":"50838","WK23":"42736","MNTH-2022_5":"34234","WK22":"34234","WK21":"26035","WK20":"17470","WK19":"8072"}