{"SENSORNAME":"CLEAN ROOM DB","SENSORTYPE":"PWRMTR(485)","DTUID":"101","SENSORID":3,"PWRMTR0":"197729","PWRMTR1":"4148","DAYDATA":[{"DTUID":"101","SENSORID":3,"FUNCID":3,"NDATA":2,"SENSORTYPE":"PWR-METER-POWER","RCV_BYTES":["012D","B5F8"],"DATAS":[301,-18952],"DATAS1":[],"DATAS2":[],"TIMESTAMP":"2022-12-18T03:28:33.129Z"},{"DTUID":"101","SENSORID":3,"FUNCID":3,"NDATA":2,"SENSORTYPE":"PWR-METER-POWER","RCV_BYTES":["012D","B530"],"DATAS":[301,-19152],"DATAS1":[],"DATAS2":[],"TIMESTAMP":"2022-12-18T02:28:26.946Z"},{"DTUID":"101","SENSORID":3,"FUNCID":3,"NDATA":2,"SENSORTYPE":"PWR-METER-POWER","RCV_BYTES":["012D","B2D8"],"DATAS":[301,-19752],"DATAS1":[],"DATAS2":[],"TIMESTAMP":"2022-12-18T00:28:20.077Z"},{"DTUID":"101","SENSORID":3,"FUNCID":3,"NDATA":2,"SENSORTYPE":"PWR-METER-POWER","RCV_BYTES":["012D","B238"],"DATAS":[301,-19912],"DATAS1":[],"DATAS2":[],"TIMESTAMP":"2022-12-17T23:28:18.121Z"},{"DTUID":"101","SENSORID":3,"FUNCID":3,"NDATA":2,"SENSORTYPE":"PWR-METER-POWER","RCV_BYTES":["012D","B198"],"DATAS":[301,-20072],"DATAS1":[],"DATAS2":[],"TIMESTAMP":"2022-12-17T22:28:07.252Z"},{"DTUID":"101","SENSORID":3,"FUNCID":3,"NDATA":2,"SENSORTYPE":"PWR-METER-POWER","RCV_BYTES":["012D","B120"],"DATAS":[301,-20192],"DATAS1":[],"DATAS2":[],"TIMESTAMP":"2022-12-17T21:48:03.703Z"},{"DTUID":"101","SENSORID":3,"FUNCID":3,"NDATA":2,"SENSORTYPE":"PWR-METER-POWER","RCV_BYTES":["012D","B0F8"],"DATAS":[301,-20232],"DATAS1":[],"DATAS2":[],"TIMESTAMP":"2022-12-17T21:28:04.003Z"},{"DTUID":"101","SENSORID":3,"FUNCID":3,"NDATA":2,"SENSORTYPE":"PWR-METER-POWER","RCV_BYTES":["012D","B080"],"DATAS":[301,-20352],"DATAS1":[],"DATAS2":[],"TIMESTAMP":"2022-12-17T20:48:02.700Z"},{"DTUID":"101","SENSORID":3,"FUNCID":3,"NDATA":2,"SENSORTYPE":"PWR-METER-POWER","RCV_BYTES":["012D","AF18"],"DATAS":[301,-20712],"DATAS1":[],"DATAS2":[],"TIMESTAMP":"2022-12-17T18:27:51.862Z"},{"DTUID":"101","SENSORID":3,"FUNCID":3,"NDATA":2,"SENSORTYPE":"PWR-METER-POWER","RCV_BYTES":["012D","AE78"],"DATAS":[301,-20872],"DATAS1":[],"DATAS2":[],"TIMESTAMP":"2022-12-17T17:27:48.581Z"}],"DAYHOURS":["11","10","8","7","6","5","4","2","1"],"MNTH-2022_12":"197729","WK51":"197729","WK50":"194771","WK49":"189509","MNTH-2022_11":"184574","WK48":"183843","WK47":"178272","WK46":"172529","WK45":"166898","WK44":"161328","MNTH-2022_10":"160444","WK43":"155466","WK42":"148329","WK41":"143029","WK40":"136388","MNTH-2022_9":"132952","WK39":"129948","WK38":"123353","WK37":"116075","WK36":"111190","MNTH-2022_8":"105491","WK35":"104534","WK34":"97881","WK33":"91044","WK32":"84010","WK31":"78171","MNTH-2022_7":"76265","WK30":"72208","WK29":"66244","WK28":"59969","WK27":"54295","MNTH-2022_6":"49722","WK26":"47987","WK25":"41652","WK24":"35458","WK23":"29959","MNTH-2022_5":"24176","WK22":"24176","WK21":"17901","WK20":"11956","WK19":"5610"}