{"SENSORNAME":"WATER COOLING PACK UNIT A - CWS PRESS","SENSORTYPE":"WTRPRS(485)","DTUID":"214","SENSORID":"47","DATE0":"2022-12-18T01:27:56.528Z","DATE1":"2022-02-13T09:05:47.534Z","DAYDATA":[{"DTUID":"214","SENSORID":47,"FUNCID":3,"NDATA":2,"SENSORTYPE":"WATER-PRES","RCV_BYTES":["4366","5E77"],"DATAS":[17254,24183],"DATAS1":[],"DATAS2":[],"TIMESTAMP":"2022-12-18T01:27:56.528Z"},{"DTUID":"214","SENSORID":47,"FUNCID":3,"NDATA":2,"SENSORTYPE":"WATER-PRES","RCV_BYTES":["436B","6BC7"],"DATAS":[17259,27591],"DATAS1":[],"DATAS2":[],"TIMESTAMP":"2022-12-17T20:47:36.372Z"},{"DTUID":"214","SENSORID":47,"FUNCID":3,"NDATA":2,"SENSORTYPE":"WATER-PRES","RCV_BYTES":["436A","01CB"],"DATAS":[17258,459],"DATAS1":[],"DATAS2":[],"TIMESTAMP":"2022-12-17T20:27:35.362Z"},{"DTUID":"214","SENSORID":47,"FUNCID":3,"NDATA":2,"SENSORTYPE":"WATER-PRES","RCV_BYTES":["436A","D021"],"DATAS":[17258,-12255],"DATAS1":[],"DATAS2":[],"TIMESTAMP":"2022-12-17T17:27:22.841Z"}],"DAYHOURS":["9","4","1"]}