{"SENSORNAME":"CHILLER B - CWR PRESS","SENSORTYPE":"WTRPRS(485)","DTUID":"205","SENSORID":"90","DATE0":"2022-12-18T02:27:59.126Z","DATE1":"2022-02-13T09:05:43.540Z","DAYDATA":[{"DTUID":"205","SENSORID":90,"FUNCID":3,"NDATA":2,"SENSORTYPE":"WATER-PRES","RCV_BYTES":["4364","F893"],"DATAS":[17252,-1901],"DATAS1":[],"DATAS2":[],"TIMESTAMP":"2022-12-18T02:27:59.126Z"},{"DTUID":"205","SENSORID":90,"FUNCID":3,"NDATA":2,"SENSORTYPE":"WATER-PRES","RCV_BYTES":["436C","0FDF"],"DATAS":[17260,4063],"DATAS1":[],"DATAS2":[],"TIMESTAMP":"2022-12-18T01:27:54.227Z"},{"DTUID":"205","SENSORID":90,"FUNCID":3,"NDATA":2,"SENSORTYPE":"WATER-PRES","RCV_BYTES":["4341","4E14"],"DATAS":[17217,19988],"DATAS1":[],"DATAS2":[],"TIMESTAMP":"2022-12-18T00:27:52.323Z"},{"DTUID":"205","SENSORID":90,"FUNCID":3,"NDATA":2,"SENSORTYPE":"WATER-PRES","RCV_BYTES":["4349","9C6A"],"DATAS":[17225,-25494],"DATAS1":[],"DATAS2":[],"TIMESTAMP":"2022-12-17T23:27:49.981Z"},{"DTUID":"205","SENSORID":90,"FUNCID":3,"NDATA":2,"SENSORTYPE":"WATER-PRES","RCV_BYTES":["4349","9C6A"],"DATAS":[17225,-25494],"DATAS1":[],"DATAS2":[],"TIMESTAMP":"2022-12-17T21:47:35.863Z"},{"DTUID":"205","SENSORID":90,"FUNCID":3,"NDATA":2,"SENSORTYPE":"WATER-PRES","RCV_BYTES":["4349","34BC"],"DATAS":[17225,13500],"DATAS1":[],"DATAS2":[],"TIMESTAMP":"2022-12-17T21:27:36.184Z"},{"DTUID":"205","SENSORID":90,"FUNCID":3,"NDATA":2,"SENSORTYPE":"WATER-PRES","RCV_BYTES":["434A","0419"],"DATAS":[17226,1049],"DATAS1":[],"DATAS2":[],"TIMESTAMP":"2022-12-17T19:27:29.239Z"},{"DTUID":"205","SENSORID":90,"FUNCID":3,"NDATA":2,"SENSORTYPE":"WATER-PRES","RCV_BYTES":["4349","9C6A"],"DATAS":[17225,-25494],"DATAS1":[],"DATAS2":[],"TIMESTAMP":"2022-12-17T18:27:23.924Z"},{"DTUID":"205","SENSORID":90,"FUNCID":3,"NDATA":2,"SENSORTYPE":"WATER-PRES","RCV_BYTES":["4349","D021"],"DATAS":[17225,-12255],"DATAS1":[],"DATAS2":[],"TIMESTAMP":"2022-12-17T17:27:20.560Z"}],"DAYHOURS":["10","9","8","7","5","3","2","1"]}