{"SENSORNAME":"AHU FE","SENSORTYPE":"AIRRH(485)","DTUID":"215","SENSORID":"21","DATE0":"2022-12-18T03:28:29.109Z","DATE1":"2022-02-13T09:06:31.792Z","DAYDATA":[{"DTUID":"215","SENSORID":21,"FUNCID":3,"NDATA":2,"SENSORTYPE":"AIRFLOW-TEMP","RCV_BYTES":["0321","00EB"],"DATAS":[801,235],"DATAS1":[],"DATAS2":[],"TIMESTAMP":"2022-12-18T03:28:29.109Z"},{"DTUID":"215","SENSORID":21,"FUNCID":3,"NDATA":2,"SENSORTYPE":"AIRFLOW-TEMP","RCV_BYTES":["0340","00E7"],"DATAS":[832,231],"DATAS1":[],"DATAS2":[],"TIMESTAMP":"2022-12-18T02:28:23.147Z"},{"DTUID":"215","SENSORID":21,"FUNCID":3,"NDATA":2,"SENSORTYPE":"AIRFLOW-TEMP","RCV_BYTES":["0348","00E2"],"DATAS":[840,226],"DATAS1":[],"DATAS2":[],"TIMESTAMP":"2022-12-18T01:28:50.692Z"},{"DTUID":"215","SENSORID":21,"FUNCID":3,"NDATA":2,"SENSORTYPE":"AIRFLOW-TEMP","RCV_BYTES":["0340","00E5"],"DATAS":[832,229],"DATAS1":[],"DATAS2":[],"TIMESTAMP":"2022-12-18T00:48:16.654Z"},{"DTUID":"215","SENSORID":21,"FUNCID":3,"NDATA":2,"SENSORTYPE":"AIRFLOW-TEMP","RCV_BYTES":["0346","00DC"],"DATAS":[838,220],"DATAS1":[],"DATAS2":[],"TIMESTAMP":"2022-12-18T00:28:16.046Z"},{"DTUID":"215","SENSORID":21,"FUNCID":3,"NDATA":2,"SENSORTYPE":"AIRFLOW-TEMP","RCV_BYTES":["0372","00A1"],"DATAS":[882,161],"DATAS1":[],"DATAS2":[],"TIMESTAMP":"2022-12-17T23:28:14.061Z"},{"DTUID":"215","SENSORID":21,"FUNCID":3,"NDATA":2,"SENSORTYPE":"AIRFLOW-TEMP","RCV_BYTES":["036D","00A8"],"DATAS":[877,168],"DATAS1":[],"DATAS2":[],"TIMESTAMP":"2022-12-17T22:28:03.259Z"},{"DTUID":"215","SENSORID":21,"FUNCID":3,"NDATA":2,"SENSORTYPE":"AIRFLOW-TEMP","RCV_BYTES":["035C","009D"],"DATAS":[860,157],"DATAS1":[],"DATAS2":[],"TIMESTAMP":"2022-12-17T21:28:00.264Z"},{"DTUID":"215","SENSORID":21,"FUNCID":3,"NDATA":2,"SENSORTYPE":"AIRFLOW-TEMP","RCV_BYTES":["0377","00A9"],"DATAS":[887,169],"DATAS1":[],"DATAS2":[],"TIMESTAMP":"2022-12-17T20:48:32.761Z"},{"DTUID":"215","SENSORID":21,"FUNCID":3,"NDATA":2,"SENSORTYPE":"AIRFLOW-TEMP","RCV_BYTES":["0359","00A9"],"DATAS":[857,169],"DATAS1":[],"DATAS2":[],"TIMESTAMP":"2022-12-17T20:28:05.171Z"}],"DAYHOURS":["11","10","9","8","7","6","5","4"]}