{"SENSORNAME":"L3-Treatment 2 (oncology)","SENSORTYPE":"WISENSOR","DTUID":"-1","SENSORID":"BA-18-63-D6-C8-D0","DATE0":"2022-12-18T04:03:55.979Z","DATE1":"2022-03-22T00:13:59.492Z","DAYDATA":[{"modelID":"ba-18-63-d6-c8-d0","modelType":"Wi-SHT10A","DATAS":["Temperature","Humidity"],"Temperature":5.59,"Humidity":0,"TIMESTAMP":"2022-12-18T04:03:55.979Z","BATT":100,"INTERVAL":1200},{"modelID":"ba-18-63-d6-c8-d0","modelType":"Wi-SHT10A","DATAS":["Temperature","Humidity"],"Temperature":5.29,"Humidity":0,"TIMESTAMP":"2022-12-18T03:43:39.739Z","BATT":100,"INTERVAL":1200},{"modelID":"ba-18-63-d6-c8-d0","modelType":"Wi-SHT10A","DATAS":["Temperature","Humidity"],"Temperature":5.09,"Humidity":0,"TIMESTAMP":"2022-12-18T03:23:09.259Z","BATT":100,"INTERVAL":1200},{"modelID":"ba-18-63-d6-c8-d0","modelType":"Wi-SHT10A","DATAS":["Temperature","Humidity"],"Temperature":5.05,"Humidity":0,"TIMESTAMP":"2022-12-18T03:03:58.648Z","BATT":100,"INTERVAL":1200},{"modelID":"ba-18-63-d6-c8-d0","modelType":"Wi-SHT10A","DATAS":["Temperature","Humidity"],"Temperature":4.95,"Humidity":0,"TIMESTAMP":"2022-12-18T02:43:28.227Z","BATT":100,"INTERVAL":1200},{"modelID":"ba-18-63-d6-c8-d0","modelType":"Wi-SHT10A","DATAS":["Temperature","Humidity"],"Temperature":4.82,"Humidity":0,"TIMESTAMP":"2022-12-18T02:24:02.588Z","BATT":100,"INTERVAL":1200},{"modelID":"ba-18-63-d6-c8-d0","modelType":"Wi-SHT10A","DATAS":["Temperature","Humidity"],"Temperature":5.02,"Humidity":0,"TIMESTAMP":"2022-12-18T02:03:49.043Z","BATT":100,"INTERVAL":1200},{"modelID":"ba-18-63-d6-c8-d0","modelType":"Wi-SHT10A","DATAS":["Temperature","Humidity"],"Temperature":5.42,"Humidity":0,"TIMESTAMP":"2022-12-18T01:43:19.301Z","BATT":100,"INTERVAL":1200},{"modelID":"ba-18-63-d6-c8-d0","modelType":"Wi-SHT10A","DATAS":["Temperature","Humidity"],"Temperature":5.52,"Humidity":0,"TIMESTAMP":"2022-12-18T01:23:44.820Z","BATT":100,"INTERVAL":1200},{"modelID":"ba-18-63-d6-c8-d0","modelType":"Wi-SHT10A","DATAS":["Temperature","Humidity"],"Temperature":5.89,"Humidity":0,"TIMESTAMP":"2022-12-18T01:03:29.440Z","BATT":100,"INTERVAL":1200},{"modelID":"ba-18-63-d6-c8-d0","modelType":"Wi-SHT10A","DATAS":["Temperature","Humidity"],"Temperature":5.99,"Humidity":0,"TIMESTAMP":"2022-12-18T00:43:47.901Z","BATT":100,"INTERVAL":1200},{"modelID":"ba-18-63-d6-c8-d0","modelType":"Wi-SHT10A","DATAS":["Temperature","Humidity"],"Temperature":6.26,"Humidity":0,"TIMESTAMP":"2022-12-18T00:23:06.401Z","BATT":100,"INTERVAL":1200},{"modelID":"ba-18-63-d6-c8-d0","modelType":"Wi-SHT10A","DATAS":["Temperature","Humidity"],"Temperature":6.33,"Humidity":0,"TIMESTAMP":"2022-12-18T00:03:13.206Z","BATT":100,"INTERVAL":1200},{"modelID":"ba-18-63-d6-c8-d0","modelType":"Wi-SHT10A","DATAS":["Temperature","Humidity"],"Temperature":6.36,"Humidity":0,"TIMESTAMP":"2022-12-17T23:43:48.185Z","BATT":100,"INTERVAL":1200},{"modelID":"ba-18-63-d6-c8-d0","modelType":"Wi-SHT10A","DATAS":["Temperature","Humidity"],"Temperature":6.4,"Humidity":0,"TIMESTAMP":"2022-12-17T23:23:51.036Z","BATT":100,"INTERVAL":1200},{"modelID":"ba-18-63-d6-c8-d0","modelType":"Wi-SHT10A","DATAS":["Temperature","Humidity"],"Temperature":6.43,"Humidity":0,"TIMESTAMP":"2022-12-17T23:03:06.889Z","BATT":100,"INTERVAL":1200},{"modelID":"ba-18-63-d6-c8-d0","modelType":"Wi-SHT10A","DATAS":["Temperature","Humidity"],"Temperature":6.5,"Humidity":0,"TIMESTAMP":"2022-12-17T22:43:12.448Z","BATT":100,"INTERVAL":1200},{"modelID":"ba-18-63-d6-c8-d0","modelType":"Wi-SHT10A","DATAS":["Temperature","Humidity"],"Temperature":6.3,"Humidity":0,"TIMESTAMP":"2022-12-17T22:23:07.006Z","BATT":100,"INTERVAL":1200},{"modelID":"ba-18-63-d6-c8-d0","modelType":"Wi-SHT10A","DATAS":["Temperature","Humidity"],"Temperature":6.33,"Humidity":0,"TIMESTAMP":"2022-12-17T22:04:04.628Z","BATT":100,"INTERVAL":1200},{"modelID":"ba-18-63-d6-c8-d0","modelType":"Wi-SHT10A","DATAS":["Temperature","Humidity"],"Temperature":5.62,"Humidity":0,"TIMESTAMP":"2022-12-17T21:43:20.521Z","BATT":100,"INTERVAL":1200},{"modelID":"ba-18-63-d6-c8-d0","modelType":"Wi-SHT10A","DATAS":["Temperature","Humidity"],"Temperature":5.52,"Humidity":0,"TIMESTAMP":"2022-12-17T21:23:58.033Z","BATT":100,"INTERVAL":1200},{"modelID":"ba-18-63-d6-c8-d0","modelType":"Wi-SHT10A","DATAS":["Temperature","Humidity"],"Temperature":5.29,"Humidity":0,"TIMESTAMP":"2022-12-17T21:04:04.244Z","BATT":100,"INTERVAL":1200},{"modelID":"ba-18-63-d6-c8-d0","modelType":"Wi-SHT10A","DATAS":["Temperature","Humidity"],"Temperature":5.02,"Humidity":0,"TIMESTAMP":"2022-12-17T20:43:19.196Z","BATT":100,"INTERVAL":1200},{"modelID":"ba-18-63-d6-c8-d0","modelType":"Wi-SHT10A","DATAS":["Temperature","Humidity"],"Temperature":4.99,"Humidity":0,"TIMESTAMP":"2022-12-17T20:23:42.400Z","BATT":100,"INTERVAL":1200},{"modelID":"ba-18-63-d6-c8-d0","modelType":"Wi-SHT10A","DATAS":["Temperature","Humidity"],"Temperature":4.92,"Humidity":0,"TIMESTAMP":"2022-12-17T20:03:29.961Z","BATT":100,"INTERVAL":1200},{"modelID":"ba-18-63-d6-c8-d0","modelType":"Wi-SHT10A","DATAS":["Temperature","Humidity"],"Temperature":4.82,"Humidity":0,"TIMESTAMP":"2022-12-17T19:43:11.841Z","BATT":100,"INTERVAL":1200},{"modelID":"ba-18-63-d6-c8-d0","modelType":"Wi-SHT10A","DATAS":["Temperature","Humidity"],"Temperature":4.89,"Humidity":0,"TIMESTAMP":"2022-12-17T19:23:11.940Z","BATT":100,"INTERVAL":1200},{"modelID":"ba-18-63-d6-c8-d0","modelType":"Wi-SHT10A","DATAS":["Temperature","Humidity"],"Temperature":4.89,"Humidity":0,"TIMESTAMP":"2022-12-17T19:03:42.417Z","BATT":100,"INTERVAL":1200},{"modelID":"ba-18-63-d6-c8-d0","modelType":"Wi-SHT10A","DATAS":["Temperature","Humidity"],"Temperature":5.09,"Humidity":0,"TIMESTAMP":"2022-12-17T18:43:11.415Z","BATT":100,"INTERVAL":1200},{"modelID":"ba-18-63-d6-c8-d0","modelType":"Wi-SHT10A","DATAS":["Temperature","Humidity"],"Temperature":5.19,"Humidity":0,"TIMESTAMP":"2022-12-17T18:23:43.018Z","BATT":100,"INTERVAL":1200},{"modelID":"ba-18-63-d6-c8-d0","modelType":"Wi-SHT10A","DATAS":["Temperature","Humidity"],"Temperature":5.39,"Humidity":0,"TIMESTAMP":"2022-12-17T18:03:44.901Z","BATT":100,"INTERVAL":1200},{"modelID":"ba-18-63-d6-c8-d0","modelType":"Wi-SHT10A","DATAS":["Temperature","Humidity"],"Temperature":5.73,"Humidity":0,"TIMESTAMP":"2022-12-17T17:43:31.715Z","BATT":100,"INTERVAL":1200},{"modelID":"ba-18-63-d6-c8-d0","modelType":"Wi-SHT10A","DATAS":["Temperature","Humidity"],"Temperature":5.99,"Humidity":0,"TIMESTAMP":"2022-12-17T17:23:42.035Z","BATT":100,"INTERVAL":1200},{"modelID":"ba-18-63-d6-c8-d0","modelType":"Wi-SHT10A","DATAS":["Temperature","Humidity"],"Temperature":6.23,"Humidity":0,"TIMESTAMP":"2022-12-17T17:03:14.197Z","BATT":100,"INTERVAL":1200},{"modelID":"ba-18-63-d6-c8-d0","modelType":"Wi-SHT10A","DATAS":["Temperature","Humidity"],"Temperature":6.3,"Humidity":0,"TIMESTAMP":"2022-12-17T16:43:50.366Z","BATT":100,"INTERVAL":1200},{"modelID":"ba-18-63-d6-c8-d0","modelType":"Wi-SHT10A","DATAS":["Temperature","Humidity"],"Temperature":6.4,"Humidity":0,"TIMESTAMP":"2022-12-17T16:23:53.186Z","BATT":100,"INTERVAL":1200},{"modelID":"ba-18-63-d6-c8-d0","modelType":"Wi-SHT10A","DATAS":["Temperature","Humidity"],"Temperature":6.43,"Humidity":0,"TIMESTAMP":"2022-12-17T16:03:53.289Z","BATT":100,"INTERVAL":1200}],"DAYHOURS":["12","11","10","9","8","7","6","5","4","3","2","1","0"]}