{"SENSORNAME":"AIR COMPRESSOR C3","SENSORTYPE":"WTRPRS(485)","DTUID":"215","SENSORID":"42","DATE0":"2022-12-18T01:28:06.486Z","DATE1":"2022-02-13T09:06:07.600Z","DAYDATA":[{"DTUID":"215","SENSORID":42,"FUNCID":3,"NDATA":2,"SENSORTYPE":"AIR-PRES","RCV_BYTES":["3F11","6873"],"DATAS":[16145,26739],"DATAS1":[],"DATAS2":[],"TIMESTAMP":"2022-12-18T01:28:06.486Z"},{"DTUID":"215","SENSORID":42,"FUNCID":3,"NDATA":2,"SENSORTYPE":"AIR-PRES","RCV_BYTES":["3F11","6873"],"DATAS":[16145,26739],"DATAS1":[],"DATAS2":[],"TIMESTAMP":"2022-12-18T00:48:03.683Z"},{"DTUID":"215","SENSORID":42,"FUNCID":3,"NDATA":2,"SENSORTYPE":"AIR-PRES","RCV_BYTES":["3F11","6873"],"DATAS":[16145,26739],"DATAS1":[],"DATAS2":[],"TIMESTAMP":"2022-12-17T23:28:02.001Z"},{"DTUID":"215","SENSORID":42,"FUNCID":3,"NDATA":2,"SENSORTYPE":"AIR-PRES","RCV_BYTES":["3F11","6873"],"DATAS":[16145,26739],"DATAS1":[],"DATAS2":[],"TIMESTAMP":"2022-12-17T20:47:46.692Z"},{"DTUID":"215","SENSORID":42,"FUNCID":3,"NDATA":2,"SENSORTYPE":"AIR-PRES","RCV_BYTES":["3F11","6873"],"DATAS":[16145,26739],"DATAS1":[],"DATAS2":[],"TIMESTAMP":"2022-12-17T20:27:45.539Z"},{"DTUID":"215","SENSORID":42,"FUNCID":3,"NDATA":2,"SENSORTYPE":"AIR-PRES","RCV_BYTES":["3F11","6873"],"DATAS":[16145,26739],"DATAS1":[],"DATAS2":[],"TIMESTAMP":"2022-12-17T18:27:35.635Z"}],"DAYHOURS":["9","8","7","4","2"]}