{"SENSORNAME":"CHWP OVERALL","SENSORTYPE":"PWRMTR(485)","DTUID":"110","SENSORID":15,"PWRMTR0":"548","PWRMTR1":"14","DAYDATA":[{"DTUID":"110","SENSORID":15,"FUNCID":3,"NDATA":2,"SENSORTYPE":"PWR-METER-POWER","RCV_BYTES":["0000","D627"],"DATAS":[0,-10713],"DATAS1":[],"DATAS2":[],"TIMESTAMP":"2022-12-18T00:48:39.845Z"},{"DTUID":"110","SENSORID":15,"FUNCID":3,"NDATA":2,"SENSORTYPE":"PWR-METER-POWER","RCV_BYTES":["0000","D619"],"DATAS":[0,-10727],"DATAS1":[],"DATAS2":[],"TIMESTAMP":"2022-12-17T23:29:39.314Z"},{"DTUID":"110","SENSORID":15,"FUNCID":3,"NDATA":2,"SENSORTYPE":"PWR-METER-POWER","RCV_BYTES":["0000","D60E"],"DATAS":[0,-10738],"DATAS1":[],"DATAS2":[],"TIMESTAMP":"2022-12-17T22:28:27.551Z"},{"DTUID":"110","SENSORID":15,"FUNCID":3,"NDATA":2,"SENSORTYPE":"PWR-METER-POWER","RCV_BYTES":["0000","D602"],"DATAS":[0,-10750],"DATAS1":[],"DATAS2":[],"TIMESTAMP":"2022-12-17T21:28:23.904Z"},{"DTUID":"110","SENSORID":15,"FUNCID":3,"NDATA":2,"SENSORTYPE":"PWR-METER-POWER","RCV_BYTES":["0000","D5F7"],"DATAS":[0,-10761],"DATAS1":[],"DATAS2":[],"TIMESTAMP":"2022-12-17T20:29:15.553Z"}],"DAYHOURS":["8","7","6","5","4"],"MNTH-2022_12":"548","WK51":"548","WK50":"537","WK49":"519","MNTH-2022_11":"504","WK48":"502","WK47":"484","WK46":"466","WK45":"449","WK44":"432","MNTH-2022_10":"429","WK43":"415","WK42":"398","WK41":"381","WK40":"364","MNTH-2022_9":"355","WK39":"347","WK38":"330","WK37":"313","WK36":"298","MNTH-2022_8":"285","WK35":"282","WK34":"266","WK33":"249","WK32":"232","WK31":"216","MNTH-2022_7":"211","WK30":"200","WK29":"184","WK28":"168","WK27":"151","MNTH-2022_6":"139","WK26":"135","WK25":"119","WK24":"103","WK23":"86","MNTH-2022_5":"69","WK22":"69","WK21":"52","WK20":"35","WK19":"17"}