{"SENSORNAME":"SSB1-1","SENSORTYPE":"PWRMTR(485)","DTUID":"4","SENSORID":1,"PWRMTR0":"1041199","PWRMTR1":"20518","DAYDATA":[{"DTUID":"4","SENSORID":1,"FUNCID":3,"NDATA":2,"SENSORTYPE":"PWR-METER-POWER","RCV_BYTES":["0634","BE70"],"DATAS":[1588,-16784],"DATAS1":[],"DATAS2":[],"TIMESTAMP":"2022-12-18T02:29:20.826Z"},{"DTUID":"4","SENSORID":1,"FUNCID":3,"NDATA":2,"SENSORTYPE":"PWR-METER-POWER","RCV_BYTES":["0633","F300"],"DATAS":[1587,-3328],"DATAS1":[],"DATAS2":[],"TIMESTAMP":"2022-12-17T21:48:57.924Z"},{"DTUID":"4","SENSORID":1,"FUNCID":3,"NDATA":2,"SENSORTYPE":"PWR-METER-POWER","RCV_BYTES":["0633","DF50"],"DATAS":[1587,-8368],"DATAS1":[],"DATAS2":[],"TIMESTAMP":"2022-12-17T21:28:59.044Z"},{"DTUID":"4","SENSORID":1,"FUNCID":3,"NDATA":2,"SENSORTYPE":"PWR-METER-POWER","RCV_BYTES":["0633","A9E0"],"DATAS":[1587,-22048],"DATAS1":[],"DATAS2":[],"TIMESTAMP":"2022-12-17T20:28:55.593Z"},{"DTUID":"4","SENSORID":1,"FUNCID":3,"NDATA":2,"SENSORTYPE":"PWR-METER-POWER","RCV_BYTES":["0633","70B0"],"DATAS":[1587,28848],"DATAS1":[],"DATAS2":[],"TIMESTAMP":"2022-12-17T19:28:51.013Z"}],"DAYHOURS":["10","5","4","3"],"MNTH-2022_12":"1041199","WK51":"1041199","WK50":"1020214","WK49":"989371","MNTH-2022_11":"963732","WK48":"959448","WK47":"931294","WK46":"902789","WK45":"871877","WK44":"840511","MNTH-2022_10":"835690","WK43":"811226","WK42":"781001","WK41":"748128","WK40":"715476","MNTH-2022_9":"697481","WK39":"681396","WK38":"648307","WK37":"611609","WK36":"586632","MNTH-2022_8":"559654","WK35":"555341","WK34":"522809","WK33":"491837","WK32":"457526","WK31":"423372","MNTH-2022_7":"413782","WK30":"389542","WK29":"355610","WK28":"322255","WK27":"289394","MNTH-2022_6":"265289","WK26":"256046","WK25":"224630","WK24":"193164","WK23":"159761","MNTH-2022_5":"126475","WK22":"126475","WK21":"93218","WK20":"60689","WK19":"28589"}