{"SENSORNAME":"L3-Drive Thru Dispensing(outpatient)","SENSORTYPE":"WISENSOR","DTUID":"-1","SENSORID":"BA-FB-5C-43-FC-BE","DATE0":"2022-12-18T04:08:58.688Z","DATE1":"2022-03-22T00:14:29.085Z","DAYDATA":[{"modelID":"ba-fb-5c-43-fc-be","modelType":"Wi-SHT10","DATAS":["Temperature","Humidity"],"Temperature":3.65,"Humidity":-959.04,"TIMESTAMP":"2022-12-18T04:08:58.688Z","BATT":100,"INTERVAL":300},{"modelID":"ba-fb-5c-43-fc-be","modelType":"Wi-SHT10","DATAS":["Temperature","Humidity"],"Temperature":4.36,"Humidity":-959.04,"TIMESTAMP":"2022-12-18T04:03:58.159Z","BATT":100,"INTERVAL":300},{"modelID":"ba-fb-5c-43-fc-be","modelType":"Wi-SHT10","DATAS":["Temperature","Humidity"],"Temperature":3.62,"Humidity":-959.04,"TIMESTAMP":"2022-12-18T03:59:07.300Z","BATT":100,"INTERVAL":300},{"modelID":"ba-fb-5c-43-fc-be","modelType":"Wi-SHT10","DATAS":["Temperature","Humidity"],"Temperature":4.43,"Humidity":-959.04,"TIMESTAMP":"2022-12-18T03:54:38.440Z","BATT":100,"INTERVAL":300},{"modelID":"ba-fb-5c-43-fc-be","modelType":"Wi-SHT10","DATAS":["Temperature","Humidity"],"Temperature":3.69,"Humidity":-959.04,"TIMESTAMP":"2022-12-18T03:49:18.700Z","BATT":100,"INTERVAL":300},{"modelID":"ba-fb-5c-43-fc-be","modelType":"Wi-SHT10","DATAS":["Temperature","Humidity"],"Temperature":4.29,"Humidity":-959.04,"TIMESTAMP":"2022-12-18T03:44:42.580Z","BATT":100,"INTERVAL":300},{"modelID":"ba-fb-5c-43-fc-be","modelType":"Wi-SHT10","DATAS":["Temperature","Humidity"],"Temperature":3.72,"Humidity":-959.04,"TIMESTAMP":"2022-12-18T03:39:41.300Z","BATT":100,"INTERVAL":300},{"modelID":"ba-fb-5c-43-fc-be","modelType":"Wi-SHT10","DATAS":["Temperature","Humidity"],"Temperature":4.13,"Humidity":-959.04,"TIMESTAMP":"2022-12-18T03:34:41.360Z","BATT":100,"INTERVAL":300},{"modelID":"ba-fb-5c-43-fc-be","modelType":"Wi-SHT10","DATAS":["Temperature","Humidity"],"Temperature":3.99,"Humidity":-959.04,"TIMESTAMP":"2022-12-18T03:29:29.320Z","BATT":100,"INTERVAL":300},{"modelID":"ba-fb-5c-43-fc-be","modelType":"Wi-SHT10","DATAS":["Temperature","Humidity"],"Temperature":4.36,"Humidity":-959.04,"TIMESTAMP":"2022-12-18T03:19:04.239Z","BATT":100,"INTERVAL":300},{"modelID":"ba-fb-5c-43-fc-be","modelType":"Wi-SHT10","DATAS":["Temperature","Humidity"],"Temperature":3.79,"Humidity":-959.04,"TIMESTAMP":"2022-12-18T03:14:08.665Z","BATT":100,"INTERVAL":300},{"modelID":"ba-fb-5c-43-fc-be","modelType":"Wi-SHT10","DATAS":["Temperature","Humidity"],"Temperature":4.33,"Humidity":-959.04,"TIMESTAMP":"2022-12-18T03:09:29.419Z","BATT":100,"INTERVAL":300},{"modelID":"ba-fb-5c-43-fc-be","modelType":"Wi-SHT10","DATAS":["Temperature","Humidity"],"Temperature":3.86,"Humidity":-959.04,"TIMESTAMP":"2022-12-18T03:04:52.937Z","BATT":100,"INTERVAL":300},{"modelID":"ba-fb-5c-43-fc-be","modelType":"Wi-SHT10","DATAS":["Temperature","Humidity"],"Temperature":4.46,"Humidity":-959.04,"TIMESTAMP":"2022-12-18T02:59:38.688Z","BATT":100,"INTERVAL":300},{"modelID":"ba-fb-5c-43-fc-be","modelType":"Wi-SHT10","DATAS":["Temperature","Humidity"],"Temperature":3.69,"Humidity":-959.04,"TIMESTAMP":"2022-12-18T02:54:10.948Z","BATT":100,"INTERVAL":300},{"modelID":"ba-fb-5c-43-fc-be","modelType":"Wi-SHT10","DATAS":["Temperature","Humidity"],"Temperature":4.56,"Humidity":-959.04,"TIMESTAMP":"2022-12-18T02:48:58.507Z","BATT":100,"INTERVAL":300},{"modelID":"ba-fb-5c-43-fc-be","modelType":"Wi-SHT10","DATAS":["Temperature","Humidity"],"Temperature":3.62,"Humidity":-959.04,"TIMESTAMP":"2022-12-18T02:44:13.769Z","INTERVAL":300},{"modelID":"ba-fb-5c-43-fc-be","modelType":"Wi-SHT10","DATAS":["Temperature","Humidity"],"Temperature":4.5,"Humidity":-959.04,"TIMESTAMP":"2022-12-18T02:39:06.830Z","BATT":100,"INTERVAL":300},{"modelID":"ba-fb-5c-43-fc-be","modelType":"Wi-SHT10","DATAS":["Temperature","Humidity"],"Temperature":3.65,"Humidity":-959.04,"TIMESTAMP":"2022-12-18T02:34:07.688Z","BATT":100,"INTERVAL":300},{"modelID":"ba-fb-5c-43-fc-be","modelType":"Wi-SHT10","DATAS":["Temperature","Humidity"],"Temperature":4.43,"Humidity":-959.04,"TIMESTAMP":"2022-12-18T02:29:38.827Z","BATT":100,"INTERVAL":300},{"modelID":"ba-fb-5c-43-fc-be","modelType":"Wi-SHT10","DATAS":["Temperature","Humidity"],"Temperature":3.69,"Humidity":-959.04,"TIMESTAMP":"2022-12-18T02:24:08.888Z","BATT":100,"INTERVAL":300},{"modelID":"ba-fb-5c-43-fc-be","modelType":"Wi-SHT10","DATAS":["Temperature","Humidity"],"Temperature":4.33,"Humidity":-959.04,"TIMESTAMP":"2022-12-18T02:19:38.867Z","BATT":100,"INTERVAL":300},{"modelID":"ba-fb-5c-43-fc-be","modelType":"Wi-SHT10","DATAS":["Temperature","Humidity"],"Temperature":3.69,"Humidity":-959.04,"TIMESTAMP":"2022-12-18T02:14:52.809Z","BATT":100,"INTERVAL":300},{"modelID":"ba-fb-5c-43-fc-be","modelType":"Wi-SHT10","DATAS":["Temperature","Humidity"],"Temperature":4.26,"Humidity":-959.04,"TIMESTAMP":"2022-12-18T02:09:54.948Z","BATT":100,"INTERVAL":300},{"modelID":"ba-fb-5c-43-fc-be","modelType":"Wi-SHT10","DATAS":["Temperature","Humidity"],"Temperature":3.92,"Humidity":-959.04,"TIMESTAMP":"2022-12-18T02:04:14.740Z","BATT":100,"INTERVAL":300},{"modelID":"ba-fb-5c-43-fc-be","modelType":"Wi-SHT10","DATAS":["Temperature","Humidity"],"Temperature":4.16,"Humidity":-959.04,"TIMESTAMP":"2022-12-18T01:59:55.001Z","BATT":100,"INTERVAL":300},{"modelID":"ba-fb-5c-43-fc-be","modelType":"Wi-SHT10","DATAS":["Temperature","Humidity"],"Temperature":3.92,"Humidity":-959.04,"TIMESTAMP":"2022-12-18T01:54:36.039Z","BATT":100,"INTERVAL":300},{"modelID":"ba-fb-5c-43-fc-be","modelType":"Wi-SHT10","DATAS":["Temperature","Humidity"],"Temperature":4.06,"Humidity":-959.04,"TIMESTAMP":"2022-12-18T01:49:41.821Z","BATT":100,"INTERVAL":300},{"modelID":"ba-fb-5c-43-fc-be","modelType":"Wi-SHT10","DATAS":["Temperature","Humidity"],"Temperature":3.99,"Humidity":-959.04,"TIMESTAMP":"2022-12-18T01:44:50.861Z","BATT":100,"INTERVAL":300},{"modelID":"ba-fb-5c-43-fc-be","modelType":"Wi-SHT10","DATAS":["Temperature","Humidity"],"Temperature":3.96,"Humidity":-959.04,"TIMESTAMP":"2022-12-18T01:39:50.680Z","BATT":100,"INTERVAL":300},{"modelID":"ba-fb-5c-43-fc-be","modelType":"Wi-SHT10","DATAS":["Temperature","Humidity"],"Temperature":4.19,"Humidity":-959.04,"TIMESTAMP":"2022-12-18T01:34:43.962Z","BATT":100,"INTERVAL":300},{"modelID":"ba-fb-5c-43-fc-be","modelType":"Wi-SHT10","DATAS":["Temperature","Humidity"],"Temperature":3.76,"Humidity":-959.04,"TIMESTAMP":"2022-12-18T01:29:09.140Z","BATT":100,"INTERVAL":300},{"modelID":"ba-fb-5c-43-fc-be","modelType":"Wi-SHT10","DATAS":["Temperature","Humidity"],"Temperature":4.33,"Humidity":-959.04,"TIMESTAMP":"2022-12-18T01:24:44.019Z","BATT":100,"INTERVAL":300},{"modelID":"ba-fb-5c-43-fc-be","modelType":"Wi-SHT10","DATAS":["Temperature","Humidity"],"Temperature":3.76,"Humidity":-959.04,"TIMESTAMP":"2022-12-18T01:19:38.503Z","BATT":100,"INTERVAL":300},{"modelID":"ba-fb-5c-43-fc-be","modelType":"Wi-SHT10","DATAS":["Temperature","Humidity"],"Temperature":4.53,"Humidity":-959.04,"TIMESTAMP":"2022-12-18T01:14:07.221Z","BATT":100,"INTERVAL":300},{"modelID":"ba-fb-5c-43-fc-be","modelType":"Wi-SHT10","DATAS":["Temperature","Humidity"],"Temperature":3.65,"Humidity":-959.04,"TIMESTAMP":"2022-12-18T01:09:11.422Z","BATT":100,"INTERVAL":300},{"modelID":"ba-fb-5c-43-fc-be","modelType":"Wi-SHT10","DATAS":["Temperature","Humidity"],"Temperature":4.56,"Humidity":-959.04,"TIMESTAMP":"2022-12-18T01:04:07.281Z","BATT":100,"INTERVAL":300},{"modelID":"ba-fb-5c-43-fc-be","modelType":"Wi-SHT10","DATAS":["Temperature","Humidity"],"Temperature":3.65,"Humidity":-959.04,"TIMESTAMP":"2022-12-18T00:59:43.341Z","BATT":100,"INTERVAL":300},{"modelID":"ba-fb-5c-43-fc-be","modelType":"Wi-SHT10","DATAS":["Temperature","Humidity"],"Temperature":4.39,"Humidity":-959.04,"TIMESTAMP":"2022-12-18T00:53:59.021Z","BATT":100,"INTERVAL":300},{"modelID":"ba-fb-5c-43-fc-be","modelType":"Wi-SHT10","DATAS":["Temperature","Humidity"],"Temperature":3.62,"Humidity":-959.04,"TIMESTAMP":"2022-12-18T00:49:09.328Z","BATT":100,"INTERVAL":300},{"modelID":"ba-fb-5c-43-fc-be","modelType":"Wi-SHT10","DATAS":["Temperature","Humidity"],"Temperature":4.33,"Humidity":-959.04,"TIMESTAMP":"2022-12-18T00:44:07.361Z","BATT":100,"INTERVAL":300},{"modelID":"ba-fb-5c-43-fc-be","modelType":"Wi-SHT10","DATAS":["Temperature","Humidity"],"Temperature":3.65,"Humidity":-959.04,"TIMESTAMP":"2022-12-18T00:38:59.661Z","BATT":100,"INTERVAL":300},{"modelID":"ba-fb-5c-43-fc-be","modelType":"Wi-SHT10","DATAS":["Temperature","Humidity"],"Temperature":4.36,"Humidity":-959.04,"TIMESTAMP":"2022-12-18T00:34:43.450Z","BATT":100,"INTERVAL":300},{"modelID":"ba-fb-5c-43-fc-be","modelType":"Wi-SHT10","DATAS":["Temperature","Humidity"],"Temperature":3.72,"Humidity":-959.04,"TIMESTAMP":"2022-12-18T00:29:23.561Z","BATT":100,"INTERVAL":300},{"modelID":"ba-fb-5c-43-fc-be","modelType":"Wi-SHT10","DATAS":["Temperature","Humidity"],"Temperature":4.02,"Humidity":-959.04,"TIMESTAMP":"2022-12-18T00:23:59.162Z","BATT":100,"INTERVAL":300},{"modelID":"ba-fb-5c-43-fc-be","modelType":"Wi-SHT10","DATAS":["Temperature","Humidity"],"Temperature":3.62,"Humidity":-959.04,"TIMESTAMP":"2022-12-18T00:19:51.041Z","BATT":100,"INTERVAL":300},{"modelID":"ba-fb-5c-43-fc-be","modelType":"Wi-SHT10","DATAS":["Temperature","Humidity"],"Temperature":4.19,"Humidity":-959.04,"TIMESTAMP":"2022-12-18T00:14:55.469Z","BATT":100,"INTERVAL":300},{"modelID":"ba-fb-5c-43-fc-be","modelType":"Wi-SHT10","DATAS":["Temperature","Humidity"],"Temperature":3.92,"Humidity":-959.04,"TIMESTAMP":"2022-12-18T00:09:23.663Z","BATT":100,"INTERVAL":300},{"modelID":"ba-fb-5c-43-fc-be","modelType":"Wi-SHT10","DATAS":["Temperature","Humidity"],"Temperature":4.02,"Humidity":-959.04,"TIMESTAMP":"2022-12-18T00:04:42.305Z","BATT":100,"INTERVAL":300},{"modelID":"ba-fb-5c-43-fc-be","modelType":"Wi-SHT10","DATAS":["Temperature","Humidity"],"Temperature":3.99,"Humidity":-959.04,"TIMESTAMP":"2022-12-17T23:59:42.325Z","BATT":100,"INTERVAL":300},{"modelID":"ba-fb-5c-43-fc-be","modelType":"Wi-SHT10","DATAS":["Temperature","Humidity"],"Temperature":3.99,"Humidity":-959.04,"TIMESTAMP":"2022-12-17T23:54:51.149Z","BATT":100,"INTERVAL":300},{"modelID":"ba-fb-5c-43-fc-be","modelType":"Wi-SHT10","DATAS":["Temperature","Humidity"],"Temperature":4.19,"Humidity":-959.04,"TIMESTAMP":"2022-12-17T23:49:30.955Z","BATT":100,"INTERVAL":300},{"modelID":"ba-fb-5c-43-fc-be","modelType":"Wi-SHT10","DATAS":["Temperature","Humidity"],"Temperature":3.82,"Humidity":-959.04,"TIMESTAMP":"2022-12-17T23:44:23.135Z","BATT":100,"INTERVAL":300},{"modelID":"ba-fb-5c-43-fc-be","modelType":"Wi-SHT10","DATAS":["Temperature","Humidity"],"Temperature":4.23,"Humidity":-959.04,"TIMESTAMP":"2022-12-17T23:39:43.689Z","BATT":100,"INTERVAL":300},{"modelID":"ba-fb-5c-43-fc-be","modelType":"Wi-SHT10","DATAS":["Temperature","Humidity"],"Temperature":3.72,"Humidity":-959.04,"TIMESTAMP":"2022-12-17T23:34:14.659Z","BATT":100,"INTERVAL":300},{"modelID":"ba-fb-5c-43-fc-be","modelType":"Wi-SHT10","DATAS":["Temperature","Humidity"],"Temperature":4.5,"Humidity":-959.04,"TIMESTAMP":"2022-12-17T23:29:07.708Z","BATT":100,"INTERVAL":300},{"modelID":"ba-fb-5c-43-fc-be","modelType":"Wi-SHT10","DATAS":["Temperature","Humidity"],"Temperature":3.65,"Humidity":-959.04,"TIMESTAMP":"2022-12-17T23:24:11.909Z","BATT":100,"INTERVAL":300},{"modelID":"ba-fb-5c-43-fc-be","modelType":"Wi-SHT10","DATAS":["Temperature","Humidity"],"Temperature":4.56,"Humidity":-959.04,"TIMESTAMP":"2022-12-17T23:18:59.465Z","BATT":100,"INTERVAL":300},{"modelID":"ba-fb-5c-43-fc-be","modelType":"Wi-SHT10","DATAS":["Temperature","Humidity"],"Temperature":3.62,"Humidity":-959.04,"TIMESTAMP":"2022-12-17T23:14:08.597Z","BATT":100,"INTERVAL":300},{"modelID":"ba-fb-5c-43-fc-be","modelType":"Wi-SHT10","DATAS":["Temperature","Humidity"],"Temperature":4.43,"Humidity":-959.04,"TIMESTAMP":"2022-12-17T23:08:59.508Z","BATT":100,"INTERVAL":300},{"modelID":"ba-fb-5c-43-fc-be","modelType":"Wi-SHT10","DATAS":["Temperature","Humidity"],"Temperature":3.62,"Humidity":-959.04,"TIMESTAMP":"2022-12-17T23:04:00.089Z","BATT":100,"INTERVAL":300},{"modelID":"ba-fb-5c-43-fc-be","modelType":"Wi-SHT10","DATAS":["Temperature","Humidity"],"Temperature":4.36,"Humidity":-959.04,"TIMESTAMP":"2022-12-17T22:59:07.845Z","BATT":100,"INTERVAL":300},{"modelID":"ba-fb-5c-43-fc-be","modelType":"Wi-SHT10","DATAS":["Temperature","Humidity"],"Temperature":3.65,"Humidity":-959.04,"TIMESTAMP":"2022-12-17T22:54:23.352Z","BATT":100,"INTERVAL":300},{"modelID":"ba-fb-5c-43-fc-be","modelType":"Wi-SHT10","DATAS":["Temperature","Humidity"],"Temperature":4.23,"Humidity":-959.04,"TIMESTAMP":"2022-12-17T22:49:07.878Z","BATT":100,"INTERVAL":300},{"modelID":"ba-fb-5c-43-fc-be","modelType":"Wi-SHT10","DATAS":["Temperature","Humidity"],"Temperature":3.65,"Humidity":-959.04,"TIMESTAMP":"2022-12-17T22:44:23.398Z","BATT":100,"INTERVAL":300},{"modelID":"ba-fb-5c-43-fc-be","modelType":"Wi-SHT10","DATAS":["Temperature","Humidity"],"Temperature":4.23,"Humidity":-959.04,"TIMESTAMP":"2022-12-17T22:39:31.272Z","BATT":100,"INTERVAL":300},{"modelID":"ba-fb-5c-43-fc-be","modelType":"Wi-SHT10","DATAS":["Temperature","Humidity"],"Temperature":3.82,"Humidity":-959.04,"TIMESTAMP":"2022-12-17T22:34:15.708Z","BATT":100,"INTERVAL":300},{"modelID":"ba-fb-5c-43-fc-be","modelType":"Wi-SHT10","DATAS":["Temperature","Humidity"],"Temperature":4.16,"Humidity":-959.04,"TIMESTAMP":"2022-12-17T22:29:29.852Z","BATT":100,"INTERVAL":300},{"modelID":"ba-fb-5c-43-fc-be","modelType":"Wi-SHT10","DATAS":["Temperature","Humidity"],"Temperature":3.89,"Humidity":-959.04,"TIMESTAMP":"2022-12-17T22:24:24.128Z","BATT":100,"INTERVAL":300},{"modelID":"ba-fb-5c-43-fc-be","modelType":"Wi-SHT10","DATAS":["Temperature","Humidity"],"Temperature":4.02,"Humidity":-959.04,"TIMESTAMP":"2022-12-17T22:19:42.782Z","BATT":100,"INTERVAL":300},{"modelID":"ba-fb-5c-43-fc-be","modelType":"Wi-SHT10","DATAS":["Temperature","Humidity"],"Temperature":3.99,"Humidity":-959.04,"TIMESTAMP":"2022-12-17T22:14:56.018Z","BATT":100,"INTERVAL":300},{"modelID":"ba-fb-5c-43-fc-be","modelType":"Wi-SHT10","DATAS":["Temperature","Humidity"],"Temperature":3.92,"Humidity":-959.04,"TIMESTAMP":"2022-12-17T22:09:54.257Z","BATT":100,"INTERVAL":300},{"modelID":"ba-fb-5c-43-fc-be","modelType":"Wi-SHT10","DATAS":["Temperature","Humidity"],"Temperature":4.46,"Humidity":-959.04,"TIMESTAMP":"2022-12-17T22:04:05.663Z","BATT":100,"INTERVAL":300},{"modelID":"ba-fb-5c-43-fc-be","modelType":"Wi-SHT10","DATAS":["Temperature","Humidity"],"Temperature":3.79,"Humidity":-959.04,"TIMESTAMP":"2022-12-17T21:59:39.402Z","BATT":100,"INTERVAL":300},{"modelID":"ba-fb-5c-43-fc-be","modelType":"Wi-SHT10","DATAS":["Temperature","Humidity"],"Temperature":4.53,"Humidity":-959.04,"TIMESTAMP":"2022-12-17T21:54:08.129Z","BATT":100,"INTERVAL":300},{"modelID":"ba-fb-5c-43-fc-be","modelType":"Wi-SHT10","DATAS":["Temperature","Humidity"],"Temperature":3.65,"Humidity":-959.04,"TIMESTAMP":"2022-12-17T21:48:56.989Z","BATT":100,"INTERVAL":300},{"modelID":"ba-fb-5c-43-fc-be","modelType":"Wi-SHT10","DATAS":["Temperature","Humidity"],"Temperature":4.6,"Humidity":-959.04,"TIMESTAMP":"2022-12-17T21:44:08.181Z","BATT":100,"INTERVAL":300},{"modelID":"ba-fb-5c-43-fc-be","modelType":"Wi-SHT10","DATAS":["Temperature","Humidity"],"Temperature":3.65,"Humidity":-959.04,"TIMESTAMP":"2022-12-17T21:39:12.372Z","BATT":100,"INTERVAL":300},{"modelID":"ba-fb-5c-43-fc-be","modelType":"Wi-SHT10","DATAS":["Temperature","Humidity"],"Temperature":4.56,"Humidity":-959.04,"TIMESTAMP":"2022-12-17T21:34:40.733Z","BATT":100,"INTERVAL":300},{"modelID":"ba-fb-5c-43-fc-be","modelType":"Wi-SHT10","DATAS":["Temperature","Humidity"],"Temperature":3.59,"Humidity":-959.04,"TIMESTAMP":"2022-12-17T21:29:44.301Z","BATT":100,"INTERVAL":300},{"modelID":"ba-fb-5c-43-fc-be","modelType":"Wi-SHT10","DATAS":["Temperature","Humidity"],"Temperature":4.39,"Humidity":-959.04,"TIMESTAMP":"2022-12-17T21:23:59.993Z","BATT":100,"INTERVAL":300},{"modelID":"ba-fb-5c-43-fc-be","modelType":"Wi-SHT10","DATAS":["Temperature","Humidity"],"Temperature":3.62,"Humidity":-959.04,"TIMESTAMP":"2022-12-17T21:19:54.153Z","BATT":100,"INTERVAL":300},{"modelID":"ba-fb-5c-43-fc-be","modelType":"Wi-SHT10","DATAS":["Temperature","Humidity"],"Temperature":4.26,"Humidity":-959.04,"TIMESTAMP":"2022-12-17T21:14:08.334Z","BATT":100,"INTERVAL":300},{"modelID":"ba-fb-5c-43-fc-be","modelType":"Wi-SHT10","DATAS":["Temperature","Humidity"],"Temperature":3.65,"Humidity":-959.04,"TIMESTAMP":"2022-12-17T21:09:10.343Z","BATT":100,"INTERVAL":300},{"modelID":"ba-fb-5c-43-fc-be","modelType":"Wi-SHT10","DATAS":["Temperature","Humidity"],"Temperature":4.33,"Humidity":-959.04,"TIMESTAMP":"2022-12-17T21:04:44.389Z","BATT":100,"INTERVAL":300},{"modelID":"ba-fb-5c-43-fc-be","modelType":"Wi-SHT10","DATAS":["Temperature","Humidity"],"Temperature":3.72,"Humidity":-959.04,"TIMESTAMP":"2022-12-17T20:59:16.140Z","BATT":100,"INTERVAL":300},{"modelID":"ba-fb-5c-43-fc-be","modelType":"Wi-SHT10","DATAS":["Temperature","Humidity"],"Temperature":4.16,"Humidity":-959.04,"TIMESTAMP":"2022-12-17T20:54:30.279Z","BATT":100,"INTERVAL":300},{"modelID":"ba-fb-5c-43-fc-be","modelType":"Wi-SHT10","DATAS":["Temperature","Humidity"],"Temperature":3.89,"Humidity":-959.04,"TIMESTAMP":"2022-12-17T20:49:16.179Z","BATT":100,"INTERVAL":300},{"modelID":"ba-fb-5c-43-fc-be","modelType":"Wi-SHT10","DATAS":["Temperature","Humidity"],"Temperature":4.16,"Humidity":-959.04,"TIMESTAMP":"2022-12-17T20:44:45.298Z","BATT":100,"INTERVAL":300},{"modelID":"ba-fb-5c-43-fc-be","modelType":"Wi-SHT10","DATAS":["Temperature","Humidity"],"Temperature":3.76,"Humidity":-959.04,"TIMESTAMP":"2022-12-17T20:39:52.268Z","BATT":100,"INTERVAL":300},{"modelID":"ba-fb-5c-43-fc-be","modelType":"Wi-SHT10","DATAS":["Temperature","Humidity"],"Temperature":3.96,"Humidity":-959.04,"TIMESTAMP":"2022-12-17T20:34:24.640Z","BATT":100,"INTERVAL":300},{"modelID":"ba-fb-5c-43-fc-be","modelType":"Wi-SHT10","DATAS":["Temperature","Humidity"],"Temperature":4.02,"Humidity":-959.04,"TIMESTAMP":"2022-12-17T20:29:43.299Z","BATT":100,"INTERVAL":300},{"modelID":"ba-fb-5c-43-fc-be","modelType":"Wi-SHT10","DATAS":["Temperature","Humidity"],"Temperature":3.99,"Humidity":-959.04,"TIMESTAMP":"2022-12-17T20:24:52.100Z","BATT":100,"INTERVAL":300},{"modelID":"ba-fb-5c-43-fc-be","modelType":"Wi-SHT10","DATAS":["Temperature","Humidity"],"Temperature":4.19,"Humidity":-959.04,"TIMESTAMP":"2022-12-17T20:19:45.420Z","BATT":100,"INTERVAL":300},{"modelID":"ba-fb-5c-43-fc-be","modelType":"Wi-SHT10","DATAS":["Temperature","Humidity"],"Temperature":3.76,"Humidity":-959.04,"TIMESTAMP":"2022-12-17T20:14:10.579Z","BATT":100,"INTERVAL":300},{"modelID":"ba-fb-5c-43-fc-be","modelType":"Wi-SHT10","DATAS":["Temperature","Humidity"],"Temperature":4.33,"Humidity":-959.04,"TIMESTAMP":"2022-12-17T20:09:40.560Z","BATT":100,"INTERVAL":300},{"modelID":"ba-fb-5c-43-fc-be","modelType":"Wi-SHT10","DATAS":["Temperature","Humidity"],"Temperature":3.69,"Humidity":-959.04,"TIMESTAMP":"2022-12-17T20:04:09.473Z","BATT":100,"INTERVAL":300},{"modelID":"ba-fb-5c-43-fc-be","modelType":"Wi-SHT10","DATAS":["Temperature","Humidity"],"Temperature":4.43,"Humidity":-959.04,"TIMESTAMP":"2022-12-17T19:59:44.693Z","BATT":100,"INTERVAL":300},{"modelID":"ba-fb-5c-43-fc-be","modelType":"Wi-SHT10","DATAS":["Temperature","Humidity"],"Temperature":3.72,"Humidity":-959.04,"TIMESTAMP":"2022-12-17T19:54:39.974Z","BATT":100,"INTERVAL":300},{"modelID":"ba-fb-5c-43-fc-be","modelType":"Wi-SHT10","DATAS":["Temperature","Humidity"],"Temperature":4.53,"Humidity":-959.04,"TIMESTAMP":"2022-12-17T19:49:40.643Z","BATT":100,"INTERVAL":300},{"modelID":"ba-fb-5c-43-fc-be","modelType":"Wi-SHT10","DATAS":["Temperature","Humidity"],"Temperature":3.69,"Humidity":-959.04,"TIMESTAMP":"2022-12-17T19:44:40.029Z","BATT":100,"INTERVAL":300},{"modelID":"ba-fb-5c-43-fc-be","modelType":"Wi-SHT10","DATAS":["Temperature","Humidity"],"Temperature":4.53,"Humidity":-959.04,"TIMESTAMP":"2022-12-17T19:39:00.459Z","BATT":100,"INTERVAL":300},{"modelID":"ba-fb-5c-43-fc-be","modelType":"Wi-SHT10","DATAS":["Temperature","Humidity"],"Temperature":3.62,"Humidity":-959.04,"TIMESTAMP":"2022-12-17T19:34:09.598Z","BATT":100,"INTERVAL":300},{"modelID":"ba-fb-5c-43-fc-be","modelType":"Wi-SHT10","DATAS":["Temperature","Humidity"],"Temperature":4.43,"Humidity":-959.04,"TIMESTAMP":"2022-12-17T19:29:08.798Z","BATT":100,"INTERVAL":300},{"modelID":"ba-fb-5c-43-fc-be","modelType":"Wi-SHT10","DATAS":["Temperature","Humidity"],"Temperature":3.65,"Humidity":-959.04,"TIMESTAMP":"2022-12-17T19:24:09.649Z","BATT":100,"INTERVAL":300},{"modelID":"ba-fb-5c-43-fc-be","modelType":"Wi-SHT10","DATAS":["Temperature","Humidity"],"Temperature":4.43,"Humidity":-959.04,"TIMESTAMP":"2022-12-17T19:19:44.879Z","BATT":100,"INTERVAL":300},{"modelID":"ba-fb-5c-43-fc-be","modelType":"Wi-SHT10","DATAS":["Temperature","Humidity"],"Temperature":3.72,"Humidity":-959.04,"TIMESTAMP":"2022-12-17T19:14:21.034Z","BATT":100,"INTERVAL":300},{"modelID":"ba-fb-5c-43-fc-be","modelType":"Wi-SHT10","DATAS":["Temperature","Humidity"],"Temperature":4.29,"Humidity":-959.04,"TIMESTAMP":"2022-12-17T19:09:56.874Z","BATT":100,"INTERVAL":300},{"modelID":"ba-fb-5c-43-fc-be","modelType":"Wi-SHT10","DATAS":["Temperature","Humidity"],"Temperature":3.92,"Humidity":-959.04,"TIMESTAMP":"2022-12-17T19:04:14.057Z","BATT":100,"INTERVAL":300},{"modelID":"ba-fb-5c-43-fc-be","modelType":"Wi-SHT10","DATAS":["Temperature","Humidity"],"Temperature":4.09,"Humidity":-959.04,"TIMESTAMP":"2022-12-17T18:59:32.278Z","BATT":100,"INTERVAL":300},{"modelID":"ba-fb-5c-43-fc-be","modelType":"Wi-SHT10","DATAS":["Temperature","Humidity"],"Temperature":3.82,"Humidity":-959.04,"TIMESTAMP":"2022-12-17T18:54:52.738Z","BATT":100,"INTERVAL":300},{"modelID":"ba-fb-5c-43-fc-be","modelType":"Wi-SHT10","DATAS":["Temperature","Humidity"],"Temperature":3.96,"Humidity":-959.04,"TIMESTAMP":"2022-12-17T18:49:25.116Z","BATT":100,"INTERVAL":300},{"modelID":"ba-fb-5c-43-fc-be","modelType":"Wi-SHT10","DATAS":["Temperature","Humidity"],"Temperature":4.02,"Humidity":-959.04,"TIMESTAMP":"2022-12-17T18:44:56.977Z","BATT":100,"INTERVAL":300},{"modelID":"ba-fb-5c-43-fc-be","modelType":"Wi-SHT10","DATAS":["Temperature","Humidity"],"Temperature":3.92,"Humidity":-959.04,"TIMESTAMP":"2022-12-17T18:39:54.876Z","BATT":100,"INTERVAL":300},{"modelID":"ba-fb-5c-43-fc-be","modelType":"Wi-SHT10","DATAS":["Temperature","Humidity"],"Temperature":4.26,"Humidity":-959.04,"TIMESTAMP":"2022-12-17T18:34:31.758Z","BATT":100,"INTERVAL":300},{"modelID":"ba-fb-5c-43-fc-be","modelType":"Wi-SHT10","DATAS":["Temperature","Humidity"],"Temperature":3.86,"Humidity":-959.04,"TIMESTAMP":"2022-12-17T18:29:55.277Z","BATT":100,"INTERVAL":300},{"modelID":"ba-fb-5c-43-fc-be","modelType":"Wi-SHT10","DATAS":["Temperature","Humidity"],"Temperature":4.46,"Humidity":-959.04,"TIMESTAMP":"2022-12-17T18:24:06.679Z","BATT":100,"INTERVAL":300},{"modelID":"ba-fb-5c-43-fc-be","modelType":"Wi-SHT10","DATAS":["Temperature","Humidity"],"Temperature":3.79,"Humidity":-959.04,"TIMESTAMP":"2022-12-17T18:19:55.329Z","BATT":100,"INTERVAL":300},{"modelID":"ba-fb-5c-43-fc-be","modelType":"Wi-SHT10","DATAS":["Temperature","Humidity"],"Temperature":4.46,"Humidity":-959.04,"TIMESTAMP":"2022-12-17T18:14:41.657Z","BATT":100,"INTERVAL":300},{"modelID":"ba-fb-5c-43-fc-be","modelType":"Wi-SHT10","DATAS":["Temperature","Humidity"],"Temperature":3.59,"Humidity":-959.04,"TIMESTAMP":"2022-12-17T18:09:13.338Z","BATT":100,"INTERVAL":300},{"modelID":"ba-fb-5c-43-fc-be","modelType":"Wi-SHT10","DATAS":["Temperature","Humidity"],"Temperature":4.56,"Humidity":-959.04,"TIMESTAMP":"2022-12-17T18:04:00.902Z","BATT":100,"INTERVAL":300},{"modelID":"ba-fb-5c-43-fc-be","modelType":"Wi-SHT10","DATAS":["Temperature","Humidity"],"Temperature":3.62,"Humidity":-959.04,"TIMESTAMP":"2022-12-17T17:59:16.198Z","BATT":100,"INTERVAL":300},{"modelID":"ba-fb-5c-43-fc-be","modelType":"Wi-SHT10","DATAS":["Temperature","Humidity"],"Temperature":4.5,"Humidity":-959.04,"TIMESTAMP":"2022-12-17T17:54:00.934Z","BATT":100,"INTERVAL":300},{"modelID":"ba-fb-5c-43-fc-be","modelType":"Wi-SHT10","DATAS":["Temperature","Humidity"],"Temperature":3.62,"Humidity":-959.04,"TIMESTAMP":"2022-12-17T17:49:40.555Z","BATT":100,"INTERVAL":300},{"modelID":"ba-fb-5c-43-fc-be","modelType":"Wi-SHT10","DATAS":["Temperature","Humidity"],"Temperature":4.53,"Humidity":-959.04,"TIMESTAMP":"2022-12-17T17:44:41.774Z","BATT":100,"INTERVAL":300},{"modelID":"ba-fb-5c-43-fc-be","modelType":"Wi-SHT10","DATAS":["Temperature","Humidity"],"Temperature":3.59,"Humidity":-959.04,"TIMESTAMP":"2022-12-17T17:39:21.461Z","BATT":100,"INTERVAL":300},{"modelID":"ba-fb-5c-43-fc-be","modelType":"Wi-SHT10","DATAS":["Temperature","Humidity"],"Temperature":4.29,"Humidity":-959.04,"TIMESTAMP":"2022-12-17T17:34:01.035Z","BATT":100,"INTERVAL":300},{"modelID":"ba-fb-5c-43-fc-be","modelType":"Wi-SHT10","DATAS":["Temperature","Humidity"],"Temperature":3.62,"Humidity":-959.04,"TIMESTAMP":"2022-12-17T17:29:52.915Z","BATT":100,"INTERVAL":300},{"modelID":"ba-fb-5c-43-fc-be","modelType":"Wi-SHT10","DATAS":["Temperature","Humidity"],"Temperature":4.19,"Humidity":-959.04,"TIMESTAMP":"2022-12-17T17:24:09.374Z","BATT":100,"INTERVAL":300},{"modelID":"ba-fb-5c-43-fc-be","modelType":"Wi-SHT10","DATAS":["Temperature","Humidity"],"Temperature":3.65,"Humidity":-959.04,"TIMESTAMP":"2022-12-17T17:19:55.235Z","BATT":100,"INTERVAL":300},{"modelID":"ba-fb-5c-43-fc-be","modelType":"Wi-SHT10","DATAS":["Temperature","Humidity"],"Temperature":4.26,"Humidity":-959.04,"TIMESTAMP":"2022-12-17T17:14:57.395Z","BATT":100,"INTERVAL":300},{"modelID":"ba-fb-5c-43-fc-be","modelType":"Wi-SHT10","DATAS":["Temperature","Humidity"],"Temperature":3.92,"Humidity":-959.04,"TIMESTAMP":"2022-12-17T17:09:14.597Z","BATT":100,"INTERVAL":300},{"modelID":"ba-fb-5c-43-fc-be","modelType":"Wi-SHT10","DATAS":["Temperature","Humidity"],"Temperature":4.09,"Humidity":-959.04,"TIMESTAMP":"2022-12-17T17:04:38.461Z","BATT":100,"INTERVAL":300},{"modelID":"ba-fb-5c-43-fc-be","modelType":"Wi-SHT10","DATAS":["Temperature","Humidity"],"Temperature":4.06,"Humidity":-959.04,"TIMESTAMP":"2022-12-17T16:59:25.607Z","BATT":100,"INTERVAL":300},{"modelID":"ba-fb-5c-43-fc-be","modelType":"Wi-SHT10","DATAS":["Temperature","Humidity"],"Temperature":4.02,"Humidity":-959.04,"TIMESTAMP":"2022-12-17T16:54:53.066Z","BATT":100,"INTERVAL":300},{"modelID":"ba-fb-5c-43-fc-be","modelType":"Wi-SHT10","DATAS":["Temperature","Humidity"],"Temperature":4.19,"Humidity":-959.04,"TIMESTAMP":"2022-12-17T16:49:32.245Z","BATT":100,"INTERVAL":300},{"modelID":"ba-fb-5c-43-fc-be","modelType":"Wi-SHT10","DATAS":["Temperature","Humidity"],"Temperature":3.86,"Humidity":-959.04,"TIMESTAMP":"2022-12-17T16:44:25.047Z","BATT":100,"INTERVAL":300},{"modelID":"ba-fb-5c-43-fc-be","modelType":"Wi-SHT10","DATAS":["Temperature","Humidity"],"Temperature":4.23,"Humidity":-959.04,"TIMESTAMP":"2022-12-17T16:39:45.605Z","BATT":100,"INTERVAL":300},{"modelID":"ba-fb-5c-43-fc-be","modelType":"Wi-SHT10","DATAS":["Temperature","Humidity"],"Temperature":3.72,"Humidity":-959.04,"TIMESTAMP":"2022-12-17T16:34:16.626Z","BATT":100,"INTERVAL":300},{"modelID":"ba-fb-5c-43-fc-be","modelType":"Wi-SHT10","DATAS":["Temperature","Humidity"],"Temperature":4.5,"Humidity":-959.04,"TIMESTAMP":"2022-12-17T16:29:09.627Z","BATT":100,"INTERVAL":300},{"modelID":"ba-fb-5c-43-fc-be","modelType":"Wi-SHT10","DATAS":["Temperature","Humidity"],"Temperature":3.65,"Humidity":-959.04,"TIMESTAMP":"2022-12-17T16:24:13.826Z","BATT":100,"INTERVAL":300},{"modelID":"ba-fb-5c-43-fc-be","modelType":"Wi-SHT10","DATAS":["Temperature","Humidity"],"Temperature":4.56,"Humidity":-959.04,"TIMESTAMP":"2022-12-17T16:19:01.388Z","BATT":100,"INTERVAL":300},{"modelID":"ba-fb-5c-43-fc-be","modelType":"Wi-SHT10","DATAS":["Temperature","Humidity"],"Temperature":3.62,"Humidity":-959.04,"TIMESTAMP":"2022-12-17T16:14:13.866Z","BATT":100,"INTERVAL":300},{"modelID":"ba-fb-5c-43-fc-be","modelType":"Wi-SHT10","DATAS":["Temperature","Humidity"],"Temperature":4.56,"Humidity":-959.04,"TIMESTAMP":"2022-12-17T16:09:09.707Z","BATT":100,"INTERVAL":300},{"modelID":"ba-fb-5c-43-fc-be","modelType":"Wi-SHT10","DATAS":["Temperature","Humidity"],"Temperature":3.65,"Humidity":-959.04,"TIMESTAMP":"2022-12-17T16:04:45.806Z","BATT":100,"INTERVAL":300}],"DAYHOURS":["12","11","10","9","8","7","6","5","4","3","2","1","0"]}