{"SENSORNAME":"PRE-COOL FE - CHWR PRESS 2","SENSORTYPE":"WTRPRS(485)","DTUID":"209","SENSORID":"29","DATE0":"2022-12-18T03:27:42.829Z","DATE1":"2022-02-13T09:59:02.517Z","DAYDATA":[{"DTUID":"209","SENSORID":29,"FUNCID":3,"NDATA":2,"SENSORTYPE":"WATER-PRES","RCV_BYTES":["42A6","7646"],"DATAS":[17062,30278],"DATAS1":[],"DATAS2":[],"TIMESTAMP":"2022-12-18T03:27:42.829Z"},{"DTUID":"209","SENSORID":29,"FUNCID":3,"NDATA":2,"SENSORTYPE":"WATER-PRES","RCV_BYTES":["42A6","7646"],"DATAS":[17062,30278],"DATAS1":[],"DATAS2":[],"TIMESTAMP":"2022-12-18T02:27:36.709Z"},{"DTUID":"209","SENSORID":29,"FUNCID":3,"NDATA":2,"SENSORTYPE":"WATER-PRES","RCV_BYTES":["42A6","7646"],"DATAS":[17062,30278],"DATAS1":[],"DATAS2":[],"TIMESTAMP":"2022-12-18T00:47:29.688Z"},{"DTUID":"209","SENSORID":29,"FUNCID":3,"NDATA":2,"SENSORTYPE":"WATER-PRES","RCV_BYTES":["42A6","7646"],"DATAS":[17062,30278],"DATAS1":[],"DATAS2":[],"TIMESTAMP":"2022-12-18T00:27:29.903Z"},{"DTUID":"209","SENSORID":29,"FUNCID":3,"NDATA":2,"SENSORTYPE":"WATER-PRES","RCV_BYTES":["42A6","7646"],"DATAS":[17062,30278],"DATAS1":[],"DATAS2":[],"TIMESTAMP":"2022-12-17T23:27:27.437Z"},{"DTUID":"209","SENSORID":29,"FUNCID":3,"NDATA":2,"SENSORTYPE":"WATER-PRES","RCV_BYTES":["42A6","7646"],"DATAS":[17062,30278],"DATAS1":[],"DATAS2":[],"TIMESTAMP":"2022-12-17T22:27:17.098Z"},{"DTUID":"209","SENSORID":29,"FUNCID":3,"NDATA":2,"SENSORTYPE":"WATER-PRES","RCV_BYTES":["42A6","7646"],"DATAS":[17062,30278],"DATAS1":[],"DATAS2":[],"TIMESTAMP":"2022-12-17T21:47:13.464Z"},{"DTUID":"209","SENSORID":29,"FUNCID":3,"NDATA":2,"SENSORTYPE":"WATER-PRES","RCV_BYTES":["42A6","7646"],"DATAS":[17062,30278],"DATAS1":[],"DATAS2":[],"TIMESTAMP":"2022-12-17T21:27:25.084Z"},{"DTUID":"209","SENSORID":29,"FUNCID":3,"NDATA":2,"SENSORTYPE":"WATER-PRES","RCV_BYTES":["42A6","7646"],"DATAS":[17062,30278],"DATAS1":[],"DATAS2":[],"TIMESTAMP":"2022-12-17T18:27:01.645Z"},{"DTUID":"209","SENSORID":29,"FUNCID":3,"NDATA":2,"SENSORTYPE":"WATER-PRES","RCV_BYTES":["42A6","7646"],"DATAS":[17062,30278],"DATAS1":[],"DATAS2":[],"TIMESTAMP":"2022-12-17T17:26:58.761Z"}],"DAYHOURS":["11","10","8","7","6","5","2","1"]}