{"SENSORNAME":"DH2 - FE/HVC/R&D","SENSORTYPE":"PWRMTR(485)","DTUID":"107","SENSORID":1,"PWRMTR0":"451656","PWRMTR1":"11668","DAYDATA":[{"DTUID":"107","SENSORID":1,"FUNCID":3,"NDATA":2,"SENSORTYPE":"PWR-METER-POWER","RCV_BYTES":["02B1","2C20"],"DATAS":[689,11296],"DATAS1":[],"DATAS2":[],"TIMESTAMP":"2022-12-18T03:28:30.849Z"},{"DTUID":"107","SENSORID":1,"FUNCID":3,"NDATA":2,"SENSORTYPE":"PWR-METER-POWER","RCV_BYTES":["02B1","2C20"],"DATAS":[689,11296],"DATAS1":[],"DATAS2":[],"TIMESTAMP":"2022-12-18T00:48:17.806Z"},{"DTUID":"107","SENSORID":1,"FUNCID":3,"NDATA":2,"SENSORTYPE":"PWR-METER-POWER","RCV_BYTES":["02B1","2C20"],"DATAS":[689,11296],"DATAS1":[],"DATAS2":[],"TIMESTAMP":"2022-12-18T00:28:18.323Z"},{"DTUID":"107","SENSORID":1,"FUNCID":3,"NDATA":2,"SENSORTYPE":"PWR-METER-POWER","RCV_BYTES":["02B1","2C20"],"DATAS":[689,11296],"DATAS1":[],"DATAS2":[],"TIMESTAMP":"2022-12-17T23:28:15.801Z"},{"DTUID":"107","SENSORID":1,"FUNCID":3,"NDATA":2,"SENSORTYPE":"PWR-METER-POWER","RCV_BYTES":["02B1","2C20"],"DATAS":[689,11296],"DATAS1":[],"DATAS2":[],"TIMESTAMP":"2022-12-17T22:28:05.519Z"},{"DTUID":"107","SENSORID":1,"FUNCID":3,"NDATA":2,"SENSORTYPE":"PWR-METER-POWER","RCV_BYTES":["02B1","2C20"],"DATAS":[689,11296],"DATAS1":[],"DATAS2":[],"TIMESTAMP":"2022-12-17T20:27:59.481Z"}],"DAYHOURS":["11","8","7","6","4"],"MNTH-2022_12":"451656","WK51":"451656","WK50":"445652","WK49":"434153","MNTH-2022_11":"421006","WK48":"418909","WK47":"403606","WK46":"387640","WK45":"372280","WK44":"359752","MNTH-2022_10":"357897","WK43":"345227","WK42":"336073","WK41":"325365","WK40":"314554","MNTH-2022_9":"308448","WK39":"301374","WK38":"287141","WK37":"275557","WK36":"265840","MNTH-2022_8":"253979","WK35":"252019","WK34":"238032","WK33":"224850","WK32":"212126","WK31":"197129","MNTH-2022_7":"192760","WK30":"182170","WK29":"167591","WK28":"152268","WK27":"136482","MNTH-2022_6":"124986","WK26":"120662","WK25":"105214","WK24":"89947","WK23":"75701","MNTH-2022_5":"60780","WK22":"60780","WK21":"45838","WK20":"30624","WK19":"15366"}