{"SENSORNAME":"IQA STORE","SENSORTYPE":"WISENSOR","DTUID":"-1","SENSORID":"B0-5A-AA-22-D5-1F","DATE0":"2022-12-18T04:01:14.930Z","DATE1":"2021-04-19T16:35:16.899Z","DAYDATA":[{"modelID":"b0-5a-aa-22-d5-1f","modelType":"Wi-SHT10","DATAS":["Temperature","Humidity"],"Temperature":31.81,"Humidity":74.06400000000001,"TIMESTAMP":"2022-12-18T04:01:14.930Z","BATT":100,"INTERVAL":600},{"modelID":"b0-5a-aa-22-d5-1f","modelType":"Wi-SHT10","DATAS":["Temperature","Humidity"],"Temperature":30.95,"Humidity":71.1936,"TIMESTAMP":"2022-12-18T03:51:41.949Z","BATT":100,"INTERVAL":600},{"modelID":"b0-5a-aa-22-d5-1f","modelType":"Wi-SHT10","DATAS":["Temperature","Humidity"],"Temperature":29.63,"Humidity":72.66239999999999,"TIMESTAMP":"2022-12-18T03:41:43.958Z","BATT":100,"INTERVAL":600},{"modelID":"b0-5a-aa-22-d5-1f","modelType":"Wi-SHT10","DATAS":["Temperature","Humidity"],"Temperature":29.36,"Humidity":75.98400000000001,"TIMESTAMP":"2022-12-18T03:32:00.971Z","BATT":100,"INTERVAL":600},{"modelID":"b0-5a-aa-22-d5-1f","modelType":"Wi-SHT10","DATAS":["Temperature","Humidity"],"Temperature":28.23,"Humidity":60.604800000000004,"TIMESTAMP":"2022-12-18T03:21:49.969Z","BATT":100,"INTERVAL":600},{"modelID":"b0-5a-aa-22-d5-1f","modelType":"Wi-SHT10","DATAS":["Temperature","Humidity"],"Temperature":28.34,"Humidity":68.208,"TIMESTAMP":"2022-12-18T03:11:28.990Z","BATT":100,"INTERVAL":600},{"modelID":"b0-5a-aa-22-d5-1f","modelType":"Wi-SHT10","DATAS":["Temperature","Humidity"],"Temperature":27.91,"Humidity":78.1248,"TIMESTAMP":"2022-12-18T03:01:35.005Z","BATT":100,"INTERVAL":600},{"modelID":"b0-5a-aa-22-d5-1f","modelType":"Wi-SHT10","DATAS":["Temperature","Humidity"],"Temperature":27.65,"Humidity":75.41760000000001,"TIMESTAMP":"2022-12-18T02:51:29.006Z","BATT":100,"INTERVAL":600},{"modelID":"b0-5a-aa-22-d5-1f","modelType":"Wi-SHT10","DATAS":["Temperature","Humidity"],"Temperature":26.72,"Humidity":70.0224,"TIMESTAMP":"2022-12-18T02:41:40.028Z","BATT":100,"INTERVAL":600},{"modelID":"b0-5a-aa-22-d5-1f","modelType":"Wi-SHT10","DATAS":["Temperature","Humidity"],"Temperature":26.26,"Humidity":67.9968,"TIMESTAMP":"2022-12-18T02:32:00.035Z","BATT":100,"INTERVAL":600},{"modelID":"b0-5a-aa-22-d5-1f","modelType":"Wi-SHT10","DATAS":["Temperature","Humidity"],"Temperature":26.38,"Humidity":78.9888,"TIMESTAMP":"2022-12-18T02:21:31.046Z","BATT":100,"INTERVAL":600},{"modelID":"b0-5a-aa-22-d5-1f","modelType":"Wi-SHT10","DATAS":["Temperature","Humidity"],"Temperature":25.95,"Humidity":78.50880000000001,"TIMESTAMP":"2022-12-18T02:11:54.047Z","BATT":100,"INTERVAL":600},{"modelID":"b0-5a-aa-22-d5-1f","modelType":"Wi-SHT10","DATAS":["Temperature","Humidity"],"Temperature":25.3,"Humidity":81.1104,"TIMESTAMP":"2022-12-18T02:01:36.068Z","BATT":100,"INTERVAL":600},{"modelID":"b0-5a-aa-22-d5-1f","modelType":"Wi-SHT10","DATAS":["Temperature","Humidity"],"Temperature":24.71,"Humidity":73.34400000000001,"TIMESTAMP":"2022-12-18T01:51:15.068Z","BATT":100,"INTERVAL":600},{"modelID":"b0-5a-aa-22-d5-1f","modelType":"Wi-SHT10","DATAS":["Temperature","Humidity"],"Temperature":24.63,"Humidity":85.9392,"TIMESTAMP":"2022-12-18T01:41:41.097Z","BATT":100,"INTERVAL":600},{"modelID":"b0-5a-aa-22-d5-1f","modelType":"Wi-SHT10","DATAS":["Temperature","Humidity"],"Temperature":23.38,"Humidity":76.3296,"TIMESTAMP":"2022-12-18T01:31:32.090Z","BATT":100,"INTERVAL":600},{"modelID":"b0-5a-aa-22-d5-1f","modelType":"Wi-SHT10","DATAS":["Temperature","Humidity"],"Temperature":23.27,"Humidity":84.288,"TIMESTAMP":"2022-12-18T01:21:59.110Z","BATT":100,"INTERVAL":600},{"modelID":"b0-5a-aa-22-d5-1f","modelType":"Wi-SHT10","DATAS":["Temperature","Humidity"],"Temperature":22.91,"Humidity":77.568,"TIMESTAMP":"2022-12-18T01:11:58.128Z","BATT":100,"INTERVAL":600},{"modelID":"b0-5a-aa-22-d5-1f","modelType":"Wi-SHT10","DATAS":["Temperature","Humidity"],"Temperature":22.71,"Humidity":85.98719999999999,"TIMESTAMP":"2022-12-18T01:01:32.114Z","BATT":100,"INTERVAL":600},{"modelID":"b0-5a-aa-22-d5-1f","modelType":"Wi-SHT10","DATAS":["Temperature","Humidity"],"Temperature":22.51,"Humidity":79.7376,"TIMESTAMP":"2022-12-18T00:51:15.132Z","BATT":100,"INTERVAL":600},{"modelID":"b0-5a-aa-22-d5-1f","modelType":"Wi-SHT10","DATAS":["Temperature","Humidity"],"Temperature":22.4,"Humidity":82.4064,"TIMESTAMP":"2022-12-18T00:41:24.142Z","BATT":100,"INTERVAL":600},{"modelID":"b0-5a-aa-22-d5-1f","modelType":"Wi-SHT10","DATAS":["Temperature","Humidity"],"Temperature":22.32,"Humidity":83.8368,"TIMESTAMP":"2022-12-18T00:31:41.148Z","BATT":100,"INTERVAL":600},{"modelID":"b0-5a-aa-22-d5-1f","modelType":"Wi-SHT10","DATAS":["Temperature","Humidity"],"Temperature":22.24,"Humidity":85.40159999999999,"TIMESTAMP":"2022-12-18T00:22:01.172Z","BATT":100,"INTERVAL":600},{"modelID":"b0-5a-aa-22-d5-1f","modelType":"Wi-SHT10","DATAS":["Temperature","Humidity"],"Temperature":22.12,"Humidity":82.4064,"TIMESTAMP":"2022-12-18T00:11:59.179Z","BATT":100,"INTERVAL":600},{"modelID":"b0-5a-aa-22-d5-1f","modelType":"Wi-SHT10","DATAS":["Temperature","Humidity"],"Temperature":22.01,"Humidity":74.7936,"TIMESTAMP":"2022-12-18T00:01:37.202Z","BATT":100,"INTERVAL":600},{"modelID":"b0-5a-aa-22-d5-1f","modelType":"Wi-SHT10","DATAS":["Temperature","Humidity"],"Temperature":21.79,"Humidity":74.40960000000001,"TIMESTAMP":"2022-12-17T23:51:38.209Z","BATT":100,"INTERVAL":600},{"modelID":"b0-5a-aa-22-d5-1f","modelType":"Wi-SHT10","DATAS":["Temperature","Humidity"],"Temperature":21.79,"Humidity":78.7776,"TIMESTAMP":"2022-12-17T23:41:19.201Z","BATT":100,"INTERVAL":600},{"modelID":"b0-5a-aa-22-d5-1f","modelType":"Wi-SHT10","DATAS":["Temperature","Humidity"],"Temperature":21.81,"Humidity":83.424,"TIMESTAMP":"2022-12-17T23:31:22.222Z","BATT":100,"INTERVAL":600},{"modelID":"b0-5a-aa-22-d5-1f","modelType":"Wi-SHT10","DATAS":["Temperature","Humidity"],"Temperature":21.56,"Humidity":81.1392,"TIMESTAMP":"2022-12-17T23:21:25.222Z","BATT":100,"INTERVAL":600},{"modelID":"b0-5a-aa-22-d5-1f","modelType":"Wi-SHT10","DATAS":["Temperature","Humidity"],"Temperature":21.55,"Humidity":82.896,"TIMESTAMP":"2022-12-17T23:11:52.242Z","BATT":100,"INTERVAL":600},{"modelID":"b0-5a-aa-22-d5-1f","modelType":"Wi-SHT10","DATAS":["Temperature","Humidity"],"Temperature":21.39,"Humidity":70.368,"TIMESTAMP":"2022-12-17T23:01:22.259Z","BATT":100,"INTERVAL":600},{"modelID":"b0-5a-aa-22-d5-1f","modelType":"Wi-SHT10","DATAS":["Temperature","Humidity"],"Temperature":21.56,"Humidity":78.8544,"TIMESTAMP":"2022-12-17T22:51:14.253Z","BATT":100,"INTERVAL":600},{"modelID":"b0-5a-aa-22-d5-1f","modelType":"Wi-SHT10","DATAS":["Temperature","Humidity"],"Temperature":21.38,"Humidity":76.0608,"TIMESTAMP":"2022-12-17T22:41:27.271Z","BATT":100,"INTERVAL":600},{"modelID":"b0-5a-aa-22-d5-1f","modelType":"Wi-SHT10","DATAS":["Temperature","Humidity"],"Temperature":21.41,"Humidity":77.9904,"TIMESTAMP":"2022-12-17T22:31:51.292Z","BATT":100,"INTERVAL":600},{"modelID":"b0-5a-aa-22-d5-1f","modelType":"Wi-SHT10","DATAS":["Temperature","Humidity"],"Temperature":21.38,"Humidity":72.384,"TIMESTAMP":"2022-12-17T22:21:32.279Z","BATT":100,"INTERVAL":600},{"modelID":"b0-5a-aa-22-d5-1f","modelType":"Wi-SHT10","DATAS":["Temperature","Humidity"],"Temperature":21.41,"Humidity":72.52799999999999,"TIMESTAMP":"2022-12-17T22:11:52.293Z","BATT":100,"INTERVAL":600},{"modelID":"b0-5a-aa-22-d5-1f","modelType":"Wi-SHT10","DATAS":["Temperature","Humidity"],"Temperature":21.39,"Humidity":74.2176,"TIMESTAMP":"2022-12-17T22:01:52.312Z","BATT":100,"INTERVAL":600},{"modelID":"b0-5a-aa-22-d5-1f","modelType":"Wi-SHT10","DATAS":["Temperature","Humidity"],"Temperature":21.39,"Humidity":74.8608,"TIMESTAMP":"2022-12-17T21:51:32.324Z","BATT":100,"INTERVAL":600},{"modelID":"b0-5a-aa-22-d5-1f","modelType":"Wi-SHT10","DATAS":["Temperature","Humidity"],"Temperature":21.39,"Humidity":74.0352,"TIMESTAMP":"2022-12-17T21:41:29.344Z","BATT":100,"INTERVAL":600},{"modelID":"b0-5a-aa-22-d5-1f","modelType":"Wi-SHT10","DATAS":["Temperature","Humidity"],"Temperature":21.4,"Humidity":73.632,"TIMESTAMP":"2022-12-17T21:31:48.904Z","BATT":100,"INTERVAL":600},{"modelID":"b0-5a-aa-22-d5-1f","modelType":"Wi-SHT10","DATAS":["Temperature","Humidity"],"Temperature":21.51,"Humidity":74.73599999999999,"TIMESTAMP":"2022-12-17T21:21:55.342Z","BATT":100,"INTERVAL":600},{"modelID":"b0-5a-aa-22-d5-1f","modelType":"Wi-SHT10","DATAS":["Temperature","Humidity"],"Temperature":21.53,"Humidity":73.1808,"TIMESTAMP":"2022-12-17T21:11:40.365Z","BATT":100,"INTERVAL":600},{"modelID":"b0-5a-aa-22-d5-1f","modelType":"Wi-SHT10","DATAS":["Temperature","Humidity"],"Temperature":21.59,"Humidity":74.67840000000001,"TIMESTAMP":"2022-12-17T20:51:20.394Z","BATT":100,"INTERVAL":600},{"modelID":"b0-5a-aa-22-d5-1f","modelType":"Wi-SHT10","DATAS":["Temperature","Humidity"],"Temperature":21.54,"Humidity":73.0368,"TIMESTAMP":"2022-12-17T20:41:43.395Z","BATT":100,"INTERVAL":600},{"modelID":"b0-5a-aa-22-d5-1f","modelType":"Wi-SHT10","DATAS":["Temperature","Humidity"],"Temperature":21.51,"Humidity":71.64479999999999,"TIMESTAMP":"2022-12-17T20:31:37.395Z","BATT":100,"INTERVAL":600},{"modelID":"b0-5a-aa-22-d5-1f","modelType":"Wi-SHT10","DATAS":["Temperature","Humidity"],"Temperature":21.52,"Humidity":71.3952,"TIMESTAMP":"2022-12-17T20:21:38.434Z","BATT":100,"INTERVAL":600},{"modelID":"b0-5a-aa-22-d5-1f","modelType":"Wi-SHT10","DATAS":["Temperature","Humidity"],"Temperature":21.62,"Humidity":71.35679999999999,"TIMESTAMP":"2022-12-17T20:11:16.433Z","BATT":100,"INTERVAL":600},{"modelID":"b0-5a-aa-22-d5-1f","modelType":"Wi-SHT10","DATAS":["Temperature","Humidity"],"Temperature":21.7,"Humidity":73.1424,"TIMESTAMP":"2022-12-17T20:01:55.443Z","BATT":100,"INTERVAL":600},{"modelID":"b0-5a-aa-22-d5-1f","modelType":"Wi-SHT10","DATAS":["Temperature","Humidity"],"Temperature":21.56,"Humidity":72.9984,"TIMESTAMP":"2022-12-17T19:51:17.435Z","BATT":100,"INTERVAL":600},{"modelID":"b0-5a-aa-22-d5-1f","modelType":"Wi-SHT10","DATAS":["Temperature","Humidity"],"Temperature":21.66,"Humidity":74.6688,"TIMESTAMP":"2022-12-17T19:41:58.455Z","BATT":100,"INTERVAL":600},{"modelID":"b0-5a-aa-22-d5-1f","modelType":"Wi-SHT10","DATAS":["Temperature","Humidity"],"Temperature":21.68,"Humidity":72.672,"TIMESTAMP":"2022-12-17T19:31:24.476Z","BATT":100,"INTERVAL":600},{"modelID":"b0-5a-aa-22-d5-1f","modelType":"Wi-SHT10","DATAS":["Temperature","Humidity"],"Temperature":21.81,"Humidity":71.82719999999999,"TIMESTAMP":"2022-12-17T19:11:13.495Z","BATT":100,"INTERVAL":600},{"modelID":"b0-5a-aa-22-d5-1f","modelType":"Wi-SHT10","DATAS":["Temperature","Humidity"],"Temperature":21.86,"Humidity":74.784,"TIMESTAMP":"2022-12-17T19:02:00.503Z","BATT":100,"INTERVAL":600},{"modelID":"b0-5a-aa-22-d5-1f","modelType":"Wi-SHT10","DATAS":["Temperature","Humidity"],"Temperature":21.82,"Humidity":71.7312,"TIMESTAMP":"2022-12-17T18:51:38.503Z","BATT":100,"INTERVAL":600},{"modelID":"b0-5a-aa-22-d5-1f","modelType":"Wi-SHT10","DATAS":["Temperature","Humidity"],"Temperature":21.87,"Humidity":74.64,"TIMESTAMP":"2022-12-17T18:41:38.533Z","BATT":100,"INTERVAL":600},{"modelID":"b0-5a-aa-22-d5-1f","modelType":"Wi-SHT10","DATAS":["Temperature","Humidity"],"Temperature":21.92,"Humidity":71.0784,"TIMESTAMP":"2022-12-17T18:31:59.524Z","BATT":100,"INTERVAL":600},{"modelID":"b0-5a-aa-22-d5-1f","modelType":"Wi-SHT10","DATAS":["Temperature","Humidity"],"Temperature":21.95,"Humidity":74.1024,"TIMESTAMP":"2022-12-17T18:21:53.543Z","BATT":100,"INTERVAL":600},{"modelID":"b0-5a-aa-22-d5-1f","modelType":"Wi-SHT10","DATAS":["Temperature","Humidity"],"Temperature":21.99,"Humidity":74.3904,"TIMESTAMP":"2022-12-17T18:11:53.551Z","BATT":100,"INTERVAL":600},{"modelID":"b0-5a-aa-22-d5-1f","modelType":"Wi-SHT10","DATAS":["Temperature","Humidity"],"Temperature":21.99,"Humidity":72.5568,"TIMESTAMP":"2022-12-17T18:01:51.558Z","BATT":100,"INTERVAL":600},{"modelID":"b0-5a-aa-22-d5-1f","modelType":"Wi-SHT10","DATAS":["Temperature","Humidity"],"Temperature":22,"Humidity":73.8144,"TIMESTAMP":"2022-12-17T17:51:22.564Z","BATT":100,"INTERVAL":600},{"modelID":"b0-5a-aa-22-d5-1f","modelType":"Wi-SHT10","DATAS":["Temperature","Humidity"],"Temperature":22.03,"Humidity":73.5072,"TIMESTAMP":"2022-12-17T17:41:29.582Z","BATT":100,"INTERVAL":600},{"modelID":"b0-5a-aa-22-d5-1f","modelType":"Wi-SHT10","DATAS":["Temperature","Humidity"],"Temperature":22.04,"Humidity":72.9888,"TIMESTAMP":"2022-12-17T17:31:19.601Z","BATT":100,"INTERVAL":600},{"modelID":"b0-5a-aa-22-d5-1f","modelType":"Wi-SHT10","DATAS":["Temperature","Humidity"],"Temperature":22.07,"Humidity":72.3456,"TIMESTAMP":"2022-12-17T17:21:31.601Z","BATT":100,"INTERVAL":600},{"modelID":"b0-5a-aa-22-d5-1f","modelType":"Wi-SHT10","DATAS":["Temperature","Humidity"],"Temperature":22.12,"Humidity":72.7776,"TIMESTAMP":"2022-12-17T17:11:27.629Z","BATT":100,"INTERVAL":600},{"modelID":"b0-5a-aa-22-d5-1f","modelType":"Wi-SHT10","DATAS":["Temperature","Humidity"],"Temperature":22.15,"Humidity":70.6464,"TIMESTAMP":"2022-12-17T17:01:27.622Z","BATT":100,"INTERVAL":600},{"modelID":"b0-5a-aa-22-d5-1f","modelType":"Wi-SHT10","DATAS":["Temperature","Humidity"],"Temperature":22.15,"Humidity":72.5376,"TIMESTAMP":"2022-12-17T16:52:01.662Z","BATT":100,"INTERVAL":600},{"modelID":"b0-5a-aa-22-d5-1f","modelType":"Wi-SHT10","DATAS":["Temperature","Humidity"],"Temperature":22.12,"Humidity":71.1168,"TIMESTAMP":"2022-12-17T16:41:19.661Z","BATT":100,"INTERVAL":600},{"modelID":"b0-5a-aa-22-d5-1f","modelType":"Wi-SHT10","DATAS":["Temperature","Humidity"],"Temperature":22.13,"Humidity":72.6048,"TIMESTAMP":"2022-12-17T16:31:27.675Z","BATT":100,"INTERVAL":600},{"modelID":"b0-5a-aa-22-d5-1f","modelType":"Wi-SHT10","DATAS":["Temperature","Humidity"],"Temperature":22.18,"Humidity":72.6336,"TIMESTAMP":"2022-12-17T16:21:39.681Z","BATT":100,"INTERVAL":600},{"modelID":"b0-5a-aa-22-d5-1f","modelType":"Wi-SHT10","DATAS":["Temperature","Humidity"],"Temperature":22.27,"Humidity":75.0432,"TIMESTAMP":"2022-12-17T16:11:24.681Z","BATT":100,"INTERVAL":600},{"modelID":"b0-5a-aa-22-d5-1f","modelType":"Wi-SHT10","DATAS":["Temperature","Humidity"],"Temperature":22.29,"Humidity":73.16159999999999,"TIMESTAMP":"2022-12-17T16:01:53.721Z","BATT":100,"INTERVAL":600}],"DAYHOURS":["12","11","10","9","8","7","6","5","4","3","2","1","0"]}