{"SENSORNAME":"CHILLER B - CWS PRESS 1","SENSORTYPE":"WTRPRS(485)","DTUID":"205","SENSORID":"57","DATE0":"2022-12-18T03:27:48.909Z","DATE1":"2022-02-13T09:59:14.572Z","DAYDATA":[{"DTUID":"205","SENSORID":57,"FUNCID":3,"NDATA":2,"SENSORTYPE":"WATER-PRES","RCV_BYTES":["432F","68B4"],"DATAS":[17199,26804],"DATAS1":[],"DATAS2":[],"TIMESTAMP":"2022-12-18T03:27:48.909Z"},{"DTUID":"205","SENSORID":57,"FUNCID":3,"NDATA":2,"SENSORTYPE":"WATER-PRES","RCV_BYTES":["4330","3852"],"DATAS":[17200,14418],"DATAS1":[],"DATAS2":[],"TIMESTAMP":"2022-12-18T02:27:42.770Z"},{"DTUID":"205","SENSORID":57,"FUNCID":3,"NDATA":2,"SENSORTYPE":"WATER-PRES","RCV_BYTES":["4305","4560"],"DATAS":[17157,17760],"DATAS1":[],"DATAS2":[],"TIMESTAMP":"2022-12-18T00:47:35.805Z"},{"DTUID":"205","SENSORID":57,"FUNCID":3,"NDATA":2,"SENSORTYPE":"WATER-PRES","RCV_BYTES":["4314","AB02"],"DATAS":[17172,-21758],"DATAS1":[],"DATAS2":[],"TIMESTAMP":"2022-12-18T00:27:36.008Z"},{"DTUID":"205","SENSORID":57,"FUNCID":3,"NDATA":2,"SENSORTYPE":"WATER-PRES","RCV_BYTES":["431E","645A"],"DATAS":[17182,25690],"DATAS1":[],"DATAS2":[],"TIMESTAMP":"2022-12-17T23:27:33.681Z"},{"DTUID":"205","SENSORID":57,"FUNCID":3,"NDATA":2,"SENSORTYPE":"WATER-PRES","RCV_BYTES":["431E","3062"],"DATAS":[17182,12386],"DATAS1":[],"DATAS2":[],"TIMESTAMP":"2022-12-17T21:47:19.563Z"},{"DTUID":"205","SENSORID":57,"FUNCID":3,"NDATA":2,"SENSORTYPE":"WATER-PRES","RCV_BYTES":["431E","9852"],"DATAS":[17182,-26542],"DATAS1":[],"DATAS2":[],"TIMESTAMP":"2022-12-17T20:47:18.653Z"},{"DTUID":"205","SENSORID":57,"FUNCID":3,"NDATA":2,"SENSORTYPE":"WATER-PRES","RCV_BYTES":["431E","9852"],"DATAS":[17182,-26542],"DATAS1":[],"DATAS2":[],"TIMESTAMP":"2022-12-17T19:27:12.934Z"},{"DTUID":"205","SENSORID":57,"FUNCID":3,"NDATA":2,"SENSORTYPE":"WATER-PRES","RCV_BYTES":["431E","9852"],"DATAS":[17182,-26542],"DATAS1":[],"DATAS2":[],"TIMESTAMP":"2022-12-17T17:27:04.820Z"}],"DAYHOURS":["11","10","8","7","5","4","3","1"]}