{"SENSORNAME":"WATER COOLING PACK UNIT A - CWS PRESS 1","SENSORTYPE":"WTRPRS(485)","DTUID":"214","SENSORID":"45","DATE0":"2022-12-18T01:27:41.508Z","DATE1":"2022-02-13T09:59:20.563Z","DAYDATA":[{"DTUID":"214","SENSORID":45,"FUNCID":3,"NDATA":2,"SENSORTYPE":"WATER-PRES","RCV_BYTES":["4339","24DD"],"DATAS":[17209,9437],"DATAS1":[],"DATAS2":[],"TIMESTAMP":"2022-12-18T01:27:41.508Z"},{"DTUID":"214","SENSORID":45,"FUNCID":3,"NDATA":2,"SENSORTYPE":"WATER-PRES","RCV_BYTES":["4352","0979"],"DATAS":[17234,2425],"DATAS1":[],"DATAS2":[],"TIMESTAMP":"2022-12-17T22:27:26.451Z"},{"DTUID":"214","SENSORID":45,"FUNCID":3,"NDATA":2,"SENSORTYPE":"WATER-PRES","RCV_BYTES":["4356","6BC7"],"DATAS":[17238,27591],"DATAS1":[],"DATAS2":[],"TIMESTAMP":"2022-12-17T21:27:23.165Z"},{"DTUID":"214","SENSORID":45,"FUNCID":3,"NDATA":2,"SENSORTYPE":"WATER-PRES","RCV_BYTES":["4351","0B02"],"DATAS":[17233,2818],"DATAS1":[],"DATAS2":[],"TIMESTAMP":"2022-12-17T20:47:21.352Z"},{"DTUID":"214","SENSORID":45,"FUNCID":3,"NDATA":2,"SENSORTYPE":"WATER-PRES","RCV_BYTES":["4350","0BC7"],"DATAS":[17232,3015],"DATAS1":[],"DATAS2":[],"TIMESTAMP":"2022-12-17T20:27:20.373Z"},{"DTUID":"214","SENSORID":45,"FUNCID":3,"NDATA":2,"SENSORTYPE":"WATER-PRES","RCV_BYTES":["4356","9EB8"],"DATAS":[17238,-24904],"DATAS1":[],"DATAS2":[],"TIMESTAMP":"2022-12-17T17:27:07.520Z"}],"DAYHOURS":["9","6","5","4","1"]}