{"SENSORNAME":"CHILLER A - CWR PRESS","SENSORTYPE":"WTRPRS(485)","DTUID":"207","SENSORID":"17","DATE0":"2022-12-18T03:28:03.130Z","DATE1":"2022-02-13T09:05:39.539Z","DAYDATA":[{"DTUID":"207","SENSORID":17,"FUNCID":3,"NDATA":2,"SENSORTYPE":"WATER-PRES","RCV_BYTES":["436A","C2D1"],"DATAS":[17258,-15663],"DATAS1":[],"DATAS2":[],"TIMESTAMP":"2022-12-18T03:28:03.130Z"},{"DTUID":"207","SENSORID":17,"FUNCID":3,"NDATA":2,"SENSORTYPE":"WATER-PRES","RCV_BYTES":["4367","4D91"],"DATAS":[17255,19857],"DATAS1":[],"DATAS2":[],"TIMESTAMP":"2022-12-18T02:27:56.826Z"},{"DTUID":"207","SENSORID":17,"FUNCID":3,"NDATA":2,"SENSORTYPE":"WATER-PRES","RCV_BYTES":["42EE","178D"],"DATAS":[17134,6029],"DATAS1":[],"DATAS2":[],"TIMESTAMP":"2022-12-18T00:47:49.838Z"},{"DTUID":"207","SENSORID":17,"FUNCID":3,"NDATA":2,"SENSORTYPE":"WATER-PRES","RCV_BYTES":["4332","A24E"],"DATAS":[17202,-23986],"DATAS1":[],"DATAS2":[],"TIMESTAMP":"2022-12-18T00:27:50.009Z"},{"DTUID":"207","SENSORID":17,"FUNCID":3,"NDATA":2,"SENSORTYPE":"WATER-PRES","RCV_BYTES":["4351","BF7D"],"DATAS":[17233,-16515],"DATAS1":[],"DATAS2":[],"TIMESTAMP":"2022-12-17T23:27:47.701Z"},{"DTUID":"207","SENSORID":17,"FUNCID":3,"NDATA":2,"SENSORTYPE":"WATER-PRES","RCV_BYTES":["435F","FBA6"],"DATAS":[17247,-1114],"DATAS1":[],"DATAS2":[],"TIMESTAMP":"2022-12-17T22:27:37.511Z"},{"DTUID":"207","SENSORID":17,"FUNCID":3,"NDATA":2,"SENSORTYPE":"WATER-PRES","RCV_BYTES":["435F","5F3B"],"DATAS":[17247,24379],"DATAS1":[],"DATAS2":[],"TIMESTAMP":"2022-12-17T21:47:33.583Z"},{"DTUID":"207","SENSORID":17,"FUNCID":3,"NDATA":2,"SENSORTYPE":"WATER-PRES","RCV_BYTES":["4379","676D"],"DATAS":[17273,26477],"DATAS1":[],"DATAS2":[],"TIMESTAMP":"2022-12-17T21:27:33.883Z"},{"DTUID":"207","SENSORID":17,"FUNCID":3,"NDATA":2,"SENSORTYPE":"WATER-PRES","RCV_BYTES":["434E","1687"],"DATAS":[17230,5767],"DATAS1":[],"DATAS2":[],"TIMESTAMP":"2022-12-17T20:47:32.532Z"},{"DTUID":"207","SENSORID":17,"FUNCID":3,"NDATA":2,"SENSORTYPE":"WATER-PRES","RCV_BYTES":["436C","6354"],"DATAS":[17260,25428],"DATAS1":[],"DATAS2":[],"TIMESTAMP":"2022-12-17T20:27:31.513Z"},{"DTUID":"207","SENSORID":17,"FUNCID":3,"NDATA":2,"SENSORTYPE":"WATER-PRES","RCV_BYTES":["434C","75C3"],"DATAS":[17228,30147],"DATAS1":[],"DATAS2":[],"TIMESTAMP":"2022-12-17T19:27:26.961Z"},{"DTUID":"207","SENSORID":17,"FUNCID":3,"NDATA":2,"SENSORTYPE":"WATER-PRES","RCV_BYTES":["4351","BF7D"],"DATAS":[17233,-16515],"DATAS1":[],"DATAS2":[],"TIMESTAMP":"2022-12-17T18:27:21.644Z"}],"DAYHOURS":["11","10","8","7","6","5","4","3","2"]}