{"SENSORNAME":"PRECOOL CLEAN ROOM","SENSORTYPE":"AIRFLW(485)","DTUID":"206","SENSORID":"64","DATE0":"2022-12-18T03:28:21.817Z","DATE1":"2022-02-13T09:06:17.773Z","DAYDATA":[{"DTUID":"206","SENSORID":64,"FUNCID":3,"NDATA":2,"SENSORTYPE":"AIRFLOW-VEL","RCV_BYTES":["0002","02D0"],"DATAS":[2,720],"DATAS1":[],"DATAS2":[],"TIMESTAMP":"2022-12-18T03:28:21.817Z"},{"DTUID":"206","SENSORID":64,"FUNCID":3,"NDATA":2,"SENSORTYPE":"AIRFLOW-VEL","RCV_BYTES":["0008","0B40"],"DATAS":[8,2880],"DATAS1":[],"DATAS2":[],"TIMESTAMP":"2022-12-18T02:28:15.846Z"},{"DTUID":"206","SENSORID":64,"FUNCID":3,"NDATA":2,"SENSORTYPE":"AIRFLOW-VEL","RCV_BYTES":["0002","02D0"],"DATAS":[2,720],"DATAS1":[],"DATAS2":[],"TIMESTAMP":"2022-12-18T00:48:08.700Z"},{"DTUID":"206","SENSORID":64,"FUNCID":3,"NDATA":2,"SENSORTYPE":"AIRFLOW-VEL","RCV_BYTES":["0003","0438"],"DATAS":[3,1080],"DATAS1":[],"DATAS2":[],"TIMESTAMP":"2022-12-18T00:28:53.458Z"},{"DTUID":"206","SENSORID":64,"FUNCID":3,"NDATA":2,"SENSORTYPE":"AIRFLOW-VEL","RCV_BYTES":["0003","0438"],"DATAS":[3,1080],"DATAS1":[],"DATAS2":[],"TIMESTAMP":"2022-12-17T23:28:06.781Z"},{"DTUID":"206","SENSORID":64,"FUNCID":3,"NDATA":2,"SENSORTYPE":"AIRFLOW-VEL","RCV_BYTES":["0002","02D0"],"DATAS":[2,720],"DATAS1":[],"DATAS2":[],"TIMESTAMP":"2022-12-17T22:27:56.293Z"},{"DTUID":"206","SENSORID":64,"FUNCID":3,"NDATA":2,"SENSORTYPE":"AIRFLOW-VEL","RCV_BYTES":["0002","02D0"],"DATAS":[2,720],"DATAS1":[],"DATAS2":[],"TIMESTAMP":"2022-12-17T21:47:52.603Z"},{"DTUID":"206","SENSORID":64,"FUNCID":3,"NDATA":2,"SENSORTYPE":"AIRFLOW-VEL","RCV_BYTES":["0003","0438"],"DATAS":[3,1080],"DATAS1":[],"DATAS2":[],"TIMESTAMP":"2022-12-17T21:27:52.932Z"},{"DTUID":"206","SENSORID":64,"FUNCID":3,"NDATA":2,"SENSORTYPE":"AIRFLOW-VEL","RCV_BYTES":["0002","02D0"],"DATAS":[2,720],"DATAS1":[],"DATAS2":[],"TIMESTAMP":"2022-12-17T20:47:51.432Z"},{"DTUID":"206","SENSORID":64,"FUNCID":3,"NDATA":2,"SENSORTYPE":"AIRFLOW-VEL","RCV_BYTES":["0002","02D0"],"DATAS":[2,720],"DATAS1":[],"DATAS2":[],"TIMESTAMP":"2022-12-17T20:27:53.433Z"},{"DTUID":"206","SENSORID":64,"FUNCID":3,"NDATA":2,"SENSORTYPE":"AIRFLOW-VEL","RCV_BYTES":["0002","02D0"],"DATAS":[2,720],"DATAS1":[],"DATAS2":[],"TIMESTAMP":"2022-12-17T19:27:45.982Z"},{"DTUID":"206","SENSORID":64,"FUNCID":3,"NDATA":2,"SENSORTYPE":"AIRFLOW-VEL","RCV_BYTES":["0002","02D0"],"DATAS":[2,720],"DATAS1":[],"DATAS2":[],"TIMESTAMP":"2022-12-17T18:27:40.663Z"},{"DTUID":"206","SENSORID":64,"FUNCID":3,"NDATA":2,"SENSORTYPE":"AIRFLOW-VEL","RCV_BYTES":["0002","02D0"],"DATAS":[2,720],"DATAS1":[],"DATAS2":[],"TIMESTAMP":"2022-12-17T17:27:37.620Z"}],"DAYHOURS":["11","10","8","7","6","5","4","3","2","1"]}