{"SENSORNAME":"SSB3-1","SENSORTYPE":"PWRMTR(485)","DTUID":"6","SENSORID":1,"PWRMTR0":"167400","PWRMTR1":"2191","DAYDATA":[{"DTUID":"6","SENSORID":1,"FUNCID":3,"NDATA":2,"SENSORTYPE":"PWR-METER-POWER","RCV_BYTES":["00FF","6EA0"],"DATAS":[255,28320],"DATAS1":[],"DATAS2":[],"TIMESTAMP":"2022-12-18T02:29:09.114Z"},{"DTUID":"6","SENSORID":1,"FUNCID":3,"NDATA":2,"SENSORTYPE":"PWR-METER-POWER","RCV_BYTES":["00FF","5640"],"DATAS":[255,22080],"DATAS1":[],"DATAS2":[],"TIMESTAMP":"2022-12-17T21:28:46.272Z"}],"DAYHOURS":["10","5"],"MNTH-2022_12":"167400","WK51":"167400","WK50":"164014","WK49":"159084","MNTH-2022_11":"154471","WK48":"153557","WK47":"149407","WK46":"145073","WK45":"140126","WK44":"135319","MNTH-2022_10":"134484","WK43":"130020","WK42":"125196","WK41":"120211","WK40":"115049","MNTH-2022_9":"112459","WK39":"109678","WK38":"103668","WK37":"98165","WK36":"93749","MNTH-2022_8":"89614","WK35":"89026","WK34":"83530","WK33":"78166","WK32":"72936","WK31":"67121","MNTH-2022_7":"65489","WK30":"61591","WK29":"55934","WK28":"50818","WK27":"45422","MNTH-2022_6":"41489","WK26":"39840","WK25":"34507","WK24":"28630","WK23":"23887","MNTH-2022_5":"18994","WK22":"18994","WK21":"13759","WK20":"8395","WK19":"3528"}