{"SENSORNAME":"WATER COOLING PACK UNIT B - CWS TEMP","SENSORTYPE":"WTRTEMP(485)","DTUID":"215","SENSORID":"30","DATE0":"2022-12-18T01:27:59.207Z","DATE1":"2022-02-13T09:05:53.512Z","DAYDATA":[{"DTUID":"215","SENSORID":30,"FUNCID":3,"NDATA":2,"SENSORTYPE":"WATER-TEMP","RCV_BYTES":["0000","010F"],"DATAS":[0,271],"DATAS1":[],"DATAS2":[],"TIMESTAMP":"2022-12-18T01:27:59.207Z"},{"DTUID":"215","SENSORID":30,"FUNCID":3,"NDATA":2,"SENSORTYPE":"WATER-TEMP","RCV_BYTES":["0000","010F"],"DATAS":[0,271],"DATAS1":[],"DATAS2":[],"TIMESTAMP":"2022-12-18T00:47:56.818Z"},{"DTUID":"215","SENSORID":30,"FUNCID":3,"NDATA":2,"SENSORTYPE":"WATER-TEMP","RCV_BYTES":["0000","0108"],"DATAS":[0,264],"DATAS1":[],"DATAS2":[],"TIMESTAMP":"2022-12-18T00:27:57.150Z"},{"DTUID":"215","SENSORID":30,"FUNCID":3,"NDATA":2,"SENSORTYPE":"WATER-TEMP","RCV_BYTES":["0000","0110"],"DATAS":[0,272],"DATAS1":[],"DATAS2":[],"TIMESTAMP":"2022-12-17T23:27:54.821Z"},{"DTUID":"215","SENSORID":30,"FUNCID":3,"NDATA":2,"SENSORTYPE":"WATER-TEMP","RCV_BYTES":["0000","010E"],"DATAS":[0,270],"DATAS1":[],"DATAS2":[],"TIMESTAMP":"2022-12-17T22:27:44.619Z"},{"DTUID":"215","SENSORID":30,"FUNCID":3,"NDATA":2,"SENSORTYPE":"WATER-TEMP","RCV_BYTES":["0000","0114"],"DATAS":[0,276],"DATAS1":[],"DATAS2":[],"TIMESTAMP":"2022-12-17T21:47:40.843Z"},{"DTUID":"215","SENSORID":30,"FUNCID":3,"NDATA":2,"SENSORTYPE":"WATER-TEMP","RCV_BYTES":["0000","0117"],"DATAS":[0,279],"DATAS1":[],"DATAS2":[],"TIMESTAMP":"2022-12-17T21:27:40.884Z"},{"DTUID":"215","SENSORID":30,"FUNCID":3,"NDATA":2,"SENSORTYPE":"WATER-TEMP","RCV_BYTES":["0000","0114"],"DATAS":[0,276],"DATAS1":[],"DATAS2":[],"TIMESTAMP":"2022-12-17T19:27:34.213Z"},{"DTUID":"215","SENSORID":30,"FUNCID":3,"NDATA":2,"SENSORTYPE":"WATER-TEMP","RCV_BYTES":["0000","0114"],"DATAS":[0,276],"DATAS1":[],"DATAS2":[],"TIMESTAMP":"2022-12-17T18:27:28.884Z"},{"DTUID":"215","SENSORID":30,"FUNCID":3,"NDATA":2,"SENSORTYPE":"WATER-TEMP","RCV_BYTES":["0000","011D"],"DATAS":[0,285],"DATAS1":[],"DATAS2":[],"TIMESTAMP":"2022-12-17T17:27:25.540Z"}],"DAYHOURS":["9","8","7","6","5","3","2","1"]}