{"SENSORNAME":"HVC PRODUCTION","SENSORTYPE":"WISENSOR","DTUID":"-1","SENSORID":"B0-82-F1-93-8B-0D","DATE0":"2022-12-18T04:10:06.958Z","DATE1":"2021-12-20T22:14:11.083Z","DAYDATA":[{"modelID":"b0-82-f1-93-8b-0d","modelType":"Wi-SHT10","DATAS":["Temperature","Humidity"],"Temperature":26.44,"Humidity":47.8176,"TIMESTAMP":"2022-12-18T04:10:06.958Z","BATT":100,"INTERVAL":600},{"modelID":"b0-82-f1-93-8b-0d","modelType":"Wi-SHT10","DATAS":["Temperature","Humidity"],"Temperature":26.13,"Humidity":43.766400000000004,"TIMESTAMP":"2022-12-18T03:59:42.510Z","BATT":100,"INTERVAL":600},{"modelID":"b0-82-f1-93-8b-0d","modelType":"Wi-SHT10","DATAS":["Temperature","Humidity"],"Temperature":26.14,"Humidity":43.2768,"TIMESTAMP":"2022-12-18T03:50:00.970Z","BATT":100,"INTERVAL":600},{"modelID":"b0-82-f1-93-8b-0d","modelType":"Wi-SHT10","DATAS":["Temperature","Humidity"],"Temperature":26.16,"Humidity":43.3728,"TIMESTAMP":"2022-12-18T03:39:59.410Z","BATT":100,"INTERVAL":600},{"modelID":"b0-82-f1-93-8b-0d","modelType":"Wi-SHT10","DATAS":["Temperature","Humidity"],"Temperature":26.2,"Humidity":43.3536,"TIMESTAMP":"2022-12-18T03:29:53.531Z","BATT":100,"INTERVAL":600},{"modelID":"b0-82-f1-93-8b-0d","modelType":"Wi-SHT10","DATAS":["Temperature","Humidity"],"Temperature":26.22,"Humidity":43.2192,"TIMESTAMP":"2022-12-18T03:20:14.670Z","BATT":100,"INTERVAL":600},{"modelID":"b0-82-f1-93-8b-0d","modelType":"Wi-SHT10","DATAS":["Temperature","Humidity"],"Temperature":26.26,"Humidity":43.248,"TIMESTAMP":"2022-12-18T03:09:44.931Z","BATT":100,"INTERVAL":600},{"modelID":"b0-82-f1-93-8b-0d","modelType":"Wi-SHT10","DATAS":["Temperature","Humidity"],"Temperature":26.46,"Humidity":42.9696,"TIMESTAMP":"2022-12-18T03:00:00.827Z","BATT":100,"INTERVAL":600},{"modelID":"b0-82-f1-93-8b-0d","modelType":"Wi-SHT10","DATAS":["Temperature","Humidity"],"Temperature":26.41,"Humidity":43.007999999999996,"TIMESTAMP":"2022-12-18T02:49:57.245Z","BATT":100,"INTERVAL":600},{"modelID":"b0-82-f1-93-8b-0d","modelType":"Wi-SHT10","DATAS":["Temperature","Humidity"],"Temperature":26.46,"Humidity":42.96,"TIMESTAMP":"2022-12-18T02:39:51.427Z","BATT":100,"INTERVAL":600},{"modelID":"b0-82-f1-93-8b-0d","modelType":"Wi-SHT10","DATAS":["Temperature","Humidity"],"Temperature":26.65,"Humidity":42.912000000000006,"TIMESTAMP":"2022-12-18T02:29:50.967Z","BATT":100,"INTERVAL":600},{"modelID":"b0-82-f1-93-8b-0d","modelType":"Wi-SHT10","DATAS":["Temperature","Humidity"],"Temperature":26.96,"Humidity":43.3248,"TIMESTAMP":"2022-12-18T02:20:13.963Z","BATT":100,"INTERVAL":600},{"modelID":"b0-82-f1-93-8b-0d","modelType":"Wi-SHT10","DATAS":["Temperature","Humidity"],"Temperature":27.32,"Humidity":44.3328,"TIMESTAMP":"2022-12-18T02:09:57.062Z","BATT":100,"INTERVAL":600},{"modelID":"b0-82-f1-93-8b-0d","modelType":"Wi-SHT10","DATAS":["Temperature","Humidity"],"Temperature":27.9,"Humidity":48.672000000000004,"TIMESTAMP":"2022-12-18T02:00:13.729Z","BATT":100,"INTERVAL":600},{"modelID":"b0-82-f1-93-8b-0d","modelType":"Wi-SHT10","DATAS":["Temperature","Humidity"],"Temperature":28.38,"Humidity":56.4768,"TIMESTAMP":"2022-12-18T01:49:41.927Z","BATT":100,"INTERVAL":600},{"modelID":"b0-82-f1-93-8b-0d","modelType":"Wi-SHT10","DATAS":["Temperature","Humidity"],"Temperature":28.07,"Humidity":56.9568,"TIMESTAMP":"2022-12-18T01:40:07.529Z","BATT":100,"INTERVAL":600},{"modelID":"b0-82-f1-93-8b-0d","modelType":"Wi-SHT10","DATAS":["Temperature","Humidity"],"Temperature":27.62,"Humidity":57.5232,"TIMESTAMP":"2022-12-18T01:30:15.088Z","BATT":100,"INTERVAL":600},{"modelID":"b0-82-f1-93-8b-0d","modelType":"Wi-SHT10","DATAS":["Temperature","Humidity"],"Temperature":27.24,"Humidity":57.792,"TIMESTAMP":"2022-12-18T01:19:52.707Z","BATT":100,"INTERVAL":600},{"modelID":"b0-82-f1-93-8b-0d","modelType":"Wi-SHT10","DATAS":["Temperature","Humidity"],"Temperature":26.88,"Humidity":57.6672,"TIMESTAMP":"2022-12-18T01:09:49.909Z","BATT":100,"INTERVAL":600},{"modelID":"b0-82-f1-93-8b-0d","modelType":"Wi-SHT10","DATAS":["Temperature","Humidity"],"Temperature":26.26,"Humidity":57.984,"TIMESTAMP":"2022-12-18T00:59:46.189Z","BATT":100,"INTERVAL":600},{"modelID":"b0-82-f1-93-8b-0d","modelType":"Wi-SHT10","DATAS":["Temperature","Humidity"],"Temperature":25.79,"Humidity":57.0144,"TIMESTAMP":"2022-12-18T00:50:00.353Z","BATT":100,"INTERVAL":600},{"modelID":"b0-82-f1-93-8b-0d","modelType":"Wi-SHT10","DATAS":["Temperature","Humidity"],"Temperature":25.2,"Humidity":54.2112,"TIMESTAMP":"2022-12-18T00:39:45.624Z","BATT":100,"INTERVAL":600},{"modelID":"b0-82-f1-93-8b-0d","modelType":"Wi-SHT10","DATAS":["Temperature","Humidity"],"Temperature":24.79,"Humidity":50.313599999999994,"TIMESTAMP":"2022-12-18T00:30:13.290Z","BATT":100,"INTERVAL":600},{"modelID":"b0-82-f1-93-8b-0d","modelType":"Wi-SHT10","DATAS":["Temperature","Humidity"],"Temperature":24.64,"Humidity":44.3616,"TIMESTAMP":"2022-12-18T00:19:58.294Z","BATT":100,"INTERVAL":600},{"modelID":"b0-82-f1-93-8b-0d","modelType":"Wi-SHT10","DATAS":["Temperature","Humidity"],"Temperature":24.55,"Humidity":43.257600000000004,"TIMESTAMP":"2022-12-18T00:10:06.810Z","BATT":100,"INTERVAL":600},{"modelID":"b0-82-f1-93-8b-0d","modelType":"Wi-SHT10","DATAS":["Temperature","Humidity"],"Temperature":24.53,"Humidity":41.5392,"TIMESTAMP":"2022-12-17T23:59:59.542Z","BATT":100,"INTERVAL":600},{"modelID":"b0-82-f1-93-8b-0d","modelType":"Wi-SHT10","DATAS":["Temperature","Humidity"],"Temperature":24.59,"Humidity":40.4736,"TIMESTAMP":"2022-12-17T23:50:14.441Z","BATT":100,"INTERVAL":600},{"modelID":"b0-82-f1-93-8b-0d","modelType":"Wi-SHT10","DATAS":["Temperature","Humidity"],"Temperature":24.51,"Humidity":40.608,"TIMESTAMP":"2022-12-17T23:40:09.361Z","BATT":100,"INTERVAL":600},{"modelID":"b0-82-f1-93-8b-0d","modelType":"Wi-SHT10","DATAS":["Temperature","Humidity"],"Temperature":24.48,"Humidity":40.339200000000005,"TIMESTAMP":"2022-12-17T23:30:05.223Z","BATT":100,"INTERVAL":600},{"modelID":"b0-82-f1-93-8b-0d","modelType":"Wi-SHT10","DATAS":["Temperature","Humidity"],"Temperature":24.45,"Humidity":40.416000000000004,"TIMESTAMP":"2022-12-17T23:20:04.042Z","BATT":100,"INTERVAL":600},{"modelID":"b0-82-f1-93-8b-0d","modelType":"Wi-SHT10","DATAS":["Temperature","Humidity"],"Temperature":24.49,"Humidity":40.1568,"TIMESTAMP":"2022-12-17T23:10:07.021Z","BATT":100,"INTERVAL":600},{"modelID":"b0-82-f1-93-8b-0d","modelType":"Wi-SHT10","DATAS":["Temperature","Humidity"],"Temperature":24.48,"Humidity":39.792,"TIMESTAMP":"2022-12-17T22:59:42.632Z","BATT":100,"INTERVAL":600},{"modelID":"b0-82-f1-93-8b-0d","modelType":"Wi-SHT10","DATAS":["Temperature","Humidity"],"Temperature":24.44,"Humidity":40.1376,"TIMESTAMP":"2022-12-17T22:49:49.431Z","BATT":100,"INTERVAL":600},{"modelID":"b0-82-f1-93-8b-0d","modelType":"Wi-SHT10","DATAS":["Temperature","Humidity"],"Temperature":24.54,"Humidity":39.888,"TIMESTAMP":"2022-12-17T22:40:00.651Z","BATT":100,"INTERVAL":600},{"modelID":"b0-82-f1-93-8b-0d","modelType":"Wi-SHT10","DATAS":["Temperature","Humidity"],"Temperature":24.54,"Humidity":39.8208,"TIMESTAMP":"2022-12-17T22:29:47.971Z","BATT":100,"INTERVAL":600},{"modelID":"b0-82-f1-93-8b-0d","modelType":"Wi-SHT10","DATAS":["Temperature","Humidity"],"Temperature":24.58,"Humidity":39.6576,"TIMESTAMP":"2022-12-17T22:20:05.359Z","BATT":100,"INTERVAL":600},{"modelID":"b0-82-f1-93-8b-0d","modelType":"Wi-SHT10","DATAS":["Temperature","Humidity"],"Temperature":24.49,"Humidity":39.782399999999996,"TIMESTAMP":"2022-12-17T22:10:01.257Z","BATT":100,"INTERVAL":600},{"modelID":"b0-82-f1-93-8b-0d","modelType":"Wi-SHT10","DATAS":["Temperature","Humidity"],"Temperature":24.51,"Humidity":39.5712,"TIMESTAMP":"2022-12-17T21:59:52.345Z","BATT":100,"INTERVAL":600},{"modelID":"b0-82-f1-93-8b-0d","modelType":"Wi-SHT10","DATAS":["Temperature","Humidity"],"Temperature":24.6,"Humidity":39.446400000000004,"TIMESTAMP":"2022-12-17T21:50:04.952Z","BATT":100,"INTERVAL":600},{"modelID":"b0-82-f1-93-8b-0d","modelType":"Wi-SHT10","DATAS":["Temperature","Humidity"],"Temperature":24.52,"Humidity":39.6768,"TIMESTAMP":"2022-12-17T21:40:00.424Z","BATT":100,"INTERVAL":600},{"modelID":"b0-82-f1-93-8b-0d","modelType":"Wi-SHT10","DATAS":["Temperature","Humidity"],"Temperature":24.62,"Humidity":39.84,"TIMESTAMP":"2022-12-17T21:30:03.573Z","BATT":100,"INTERVAL":600},{"modelID":"b0-82-f1-93-8b-0d","modelType":"Wi-SHT10","DATAS":["Temperature","Humidity"],"Temperature":24.61,"Humidity":39.782399999999996,"TIMESTAMP":"2022-12-17T21:20:04.325Z","BATT":100,"INTERVAL":600},{"modelID":"b0-82-f1-93-8b-0d","modelType":"Wi-SHT10","DATAS":["Temperature","Humidity"],"Temperature":24.63,"Humidity":39.84,"TIMESTAMP":"2022-12-17T21:09:53.964Z","BATT":100,"INTERVAL":600},{"modelID":"b0-82-f1-93-8b-0d","modelType":"Wi-SHT10","DATAS":["Temperature","Humidity"],"Temperature":24.67,"Humidity":39.715199999999996,"TIMESTAMP":"2022-12-17T21:00:02.874Z","BATT":100,"INTERVAL":600},{"modelID":"b0-82-f1-93-8b-0d","modelType":"Wi-SHT10","DATAS":["Temperature","Humidity"],"Temperature":24.74,"Humidity":39.5424,"TIMESTAMP":"2022-12-17T20:50:12.854Z","BATT":100,"INTERVAL":600},{"modelID":"b0-82-f1-93-8b-0d","modelType":"Wi-SHT10","DATAS":["Temperature","Humidity"],"Temperature":25.06,"Humidity":39.177600000000005,"TIMESTAMP":"2022-12-17T20:39:55.333Z","BATT":100,"INTERVAL":600},{"modelID":"b0-82-f1-93-8b-0d","modelType":"Wi-SHT10","DATAS":["Temperature","Humidity"],"Temperature":24.74,"Humidity":39.84,"TIMESTAMP":"2022-12-17T20:29:59.414Z","BATT":100,"INTERVAL":600},{"modelID":"b0-82-f1-93-8b-0d","modelType":"Wi-SHT10","DATAS":["Temperature","Humidity"],"Temperature":24.8,"Humidity":39.830400000000004,"TIMESTAMP":"2022-12-17T20:19:59.081Z","BATT":100,"INTERVAL":600},{"modelID":"b0-82-f1-93-8b-0d","modelType":"Wi-SHT10","DATAS":["Temperature","Humidity"],"Temperature":24.9,"Humidity":39.5136,"TIMESTAMP":"2022-12-17T20:09:42.373Z","BATT":100,"INTERVAL":600},{"modelID":"b0-82-f1-93-8b-0d","modelType":"Wi-SHT10","DATAS":["Temperature","Humidity"],"Temperature":25.1,"Humidity":39.3888,"TIMESTAMP":"2022-12-17T19:59:55.082Z","BATT":100,"INTERVAL":600},{"modelID":"b0-82-f1-93-8b-0d","modelType":"Wi-SHT10","DATAS":["Temperature","Humidity"],"Temperature":24.8,"Humidity":39.849599999999995,"TIMESTAMP":"2022-12-17T19:49:55.603Z","BATT":100,"INTERVAL":600},{"modelID":"b0-82-f1-93-8b-0d","modelType":"Wi-SHT10","DATAS":["Temperature","Humidity"],"Temperature":25.04,"Humidity":39.5328,"TIMESTAMP":"2022-12-17T19:40:13.913Z","BATT":100,"INTERVAL":600},{"modelID":"b0-82-f1-93-8b-0d","modelType":"Wi-SHT10","DATAS":["Temperature","Humidity"],"Temperature":25.56,"Humidity":38.496,"TIMESTAMP":"2022-12-17T19:29:56.440Z","BATT":100,"INTERVAL":600},{"modelID":"b0-82-f1-93-8b-0d","modelType":"Wi-SHT10","DATAS":["Temperature","Humidity"],"Temperature":25,"Humidity":39.4176,"TIMESTAMP":"2022-12-17T19:20:14.954Z","BATT":100,"INTERVAL":600},{"modelID":"b0-82-f1-93-8b-0d","modelType":"Wi-SHT10","DATAS":["Temperature","Humidity"],"Temperature":25.17,"Humidity":39.1008,"TIMESTAMP":"2022-12-17T19:10:11.076Z","BATT":100,"INTERVAL":600},{"modelID":"b0-82-f1-93-8b-0d","modelType":"Wi-SHT10","DATAS":["Temperature","Humidity"],"Temperature":25.06,"Humidity":39.5232,"TIMESTAMP":"2022-12-17T18:59:44.824Z","BATT":100,"INTERVAL":600},{"modelID":"b0-82-f1-93-8b-0d","modelType":"Wi-SHT10","DATAS":["Temperature","Humidity"],"Temperature":24.89,"Humidity":39.8112,"TIMESTAMP":"2022-12-17T18:49:48.243Z","BATT":100,"INTERVAL":600},{"modelID":"b0-82-f1-93-8b-0d","modelType":"Wi-SHT10","DATAS":["Temperature","Humidity"],"Temperature":24.87,"Humidity":39.897600000000004,"TIMESTAMP":"2022-12-17T18:40:13.405Z","BATT":100,"INTERVAL":600},{"modelID":"b0-82-f1-93-8b-0d","modelType":"Wi-SHT10","DATAS":["Temperature","Humidity"],"Temperature":24.81,"Humidity":39.984,"TIMESTAMP":"2022-12-17T18:29:54.424Z","BATT":100,"INTERVAL":600},{"modelID":"b0-82-f1-93-8b-0d","modelType":"Wi-SHT10","DATAS":["Temperature","Humidity"],"Temperature":24.65,"Humidity":40.1472,"TIMESTAMP":"2022-12-17T18:19:46.966Z","BATT":100,"INTERVAL":600},{"modelID":"b0-82-f1-93-8b-0d","modelType":"Wi-SHT10","DATAS":["Temperature","Humidity"],"Temperature":24.96,"Humidity":39.5232,"TIMESTAMP":"2022-12-17T18:09:58.589Z","BATT":100,"INTERVAL":600},{"modelID":"b0-82-f1-93-8b-0d","modelType":"Wi-SHT10","DATAS":["Temperature","Humidity"],"Temperature":24.7,"Humidity":39.964800000000004,"TIMESTAMP":"2022-12-17T18:00:02.923Z","BATT":100,"INTERVAL":600},{"modelID":"b0-82-f1-93-8b-0d","modelType":"Wi-SHT10","DATAS":["Temperature","Humidity"],"Temperature":24.81,"Humidity":39.7344,"TIMESTAMP":"2022-12-17T17:49:51.222Z","BATT":100,"INTERVAL":600},{"modelID":"b0-82-f1-93-8b-0d","modelType":"Wi-SHT10","DATAS":["Temperature","Humidity"],"Temperature":24.76,"Humidity":39.888,"TIMESTAMP":"2022-12-17T17:39:45.101Z","BATT":100,"INTERVAL":600},{"modelID":"b0-82-f1-93-8b-0d","modelType":"Wi-SHT10","DATAS":["Temperature","Humidity"],"Temperature":24.61,"Humidity":40.08,"TIMESTAMP":"2022-12-17T17:29:56.021Z","BATT":100,"INTERVAL":600},{"modelID":"b0-82-f1-93-8b-0d","modelType":"Wi-SHT10","DATAS":["Temperature","Humidity"],"Temperature":24.61,"Humidity":40.0704,"TIMESTAMP":"2022-12-17T17:19:56.509Z","BATT":100,"INTERVAL":600},{"modelID":"b0-82-f1-93-8b-0d","modelType":"Wi-SHT10","DATAS":["Temperature","Humidity"],"Temperature":24.67,"Humidity":39.8208,"TIMESTAMP":"2022-12-17T17:09:58.501Z","BATT":100,"INTERVAL":600},{"modelID":"b0-82-f1-93-8b-0d","modelType":"Wi-SHT10","DATAS":["Temperature","Humidity"],"Temperature":24.66,"Humidity":39.936,"TIMESTAMP":"2022-12-17T17:00:02.282Z","BATT":100,"INTERVAL":600},{"modelID":"b0-82-f1-93-8b-0d","modelType":"Wi-SHT10","DATAS":["Temperature","Humidity"],"Temperature":24.8,"Humidity":39.686400000000006,"TIMESTAMP":"2022-12-17T16:50:12.609Z","BATT":100,"INTERVAL":600},{"modelID":"b0-82-f1-93-8b-0d","modelType":"Wi-SHT10","DATAS":["Temperature","Humidity"],"Temperature":24.91,"Humidity":39.504,"TIMESTAMP":"2022-12-17T16:40:09.802Z","BATT":100,"INTERVAL":600},{"modelID":"b0-82-f1-93-8b-0d","modelType":"Wi-SHT10","DATAS":["Temperature","Humidity"],"Temperature":24.82,"Humidity":39.8112,"TIMESTAMP":"2022-12-17T16:29:45.843Z","BATT":100,"INTERVAL":600},{"modelID":"b0-82-f1-93-8b-0d","modelType":"Wi-SHT10","DATAS":["Temperature","Humidity"],"Temperature":24.92,"Humidity":39.6,"TIMESTAMP":"2022-12-17T16:19:55.650Z","BATT":100,"INTERVAL":600},{"modelID":"b0-82-f1-93-8b-0d","modelType":"Wi-SHT10","DATAS":["Temperature","Humidity"],"Temperature":24.94,"Humidity":39.7248,"TIMESTAMP":"2022-12-17T16:09:58.603Z","BATT":100,"INTERVAL":600}],"DAYHOURS":["12","11","10","9","8","7","6","5","4","3","2","1","0"]}