{"SENSORNAME":"L4-Treatment room(daycare)","SENSORTYPE":"WISENSOR","DTUID":"-1","SENSORID":"BA-EC-6B-77-B9-E6","DATE0":"2022-12-18T03:52:31.841Z","DATE1":"2022-03-22T00:14:40.691Z","DAYDATA":[{"modelID":"ba-ec-6b-77-b9-e6","modelType":"Wi-SHT10A","DATAS":["Temperature","Humidity"],"Temperature":4.78,"Humidity":0,"TIMESTAMP":"2022-12-18T03:52:31.841Z","BATT":100,"INTERVAL":1200},{"modelID":"ba-ec-6b-77-b9-e6","modelType":"Wi-SHT10A","DATAS":["Temperature","Humidity"],"Temperature":4.75,"Humidity":0,"TIMESTAMP":"2022-12-18T03:32:16.329Z","BATT":100,"INTERVAL":1200},{"modelID":"ba-ec-6b-77-b9-e6","modelType":"Wi-SHT10A","DATAS":["Temperature","Humidity"],"Temperature":4.78,"Humidity":0,"TIMESTAMP":"2022-12-18T03:12:21.881Z","BATT":100,"INTERVAL":1200},{"modelID":"ba-ec-6b-77-b9-e6","modelType":"Wi-SHT10A","DATAS":["Temperature","Humidity"],"Temperature":4.68,"Humidity":0,"TIMESTAMP":"2022-12-18T02:52:02.127Z","BATT":100,"INTERVAL":1200},{"modelID":"ba-ec-6b-77-b9-e6","modelType":"Wi-SHT10A","DATAS":["Temperature","Humidity"],"Temperature":4.55,"Humidity":0,"TIMESTAMP":"2022-12-18T02:32:02.227Z","BATT":100,"INTERVAL":1200},{"modelID":"ba-ec-6b-77-b9-e6","modelType":"Wi-SHT10A","DATAS":["Temperature","Humidity"],"Temperature":4.55,"Humidity":0,"TIMESTAMP":"2022-12-18T02:12:02.309Z","BATT":100,"INTERVAL":1200},{"modelID":"ba-ec-6b-77-b9-e6","modelType":"Wi-SHT10A","DATAS":["Temperature","Humidity"],"Temperature":4.55,"Humidity":0,"TIMESTAMP":"2022-12-18T01:52:12.942Z","BATT":100,"INTERVAL":1200},{"modelID":"ba-ec-6b-77-b9-e6","modelType":"Wi-SHT10A","DATAS":["Temperature","Humidity"],"Temperature":4.62,"Humidity":0,"TIMESTAMP":"2022-12-18T01:31:58.342Z","BATT":100,"INTERVAL":1200},{"modelID":"ba-ec-6b-77-b9-e6","modelType":"Wi-SHT10A","DATAS":["Temperature","Humidity"],"Temperature":4.92,"Humidity":0,"TIMESTAMP":"2022-12-18T00:51:41.941Z","BATT":100,"INTERVAL":1200},{"modelID":"ba-ec-6b-77-b9-e6","modelType":"Wi-SHT10A","DATAS":["Temperature","Humidity"],"Temperature":5.05,"Humidity":0,"TIMESTAMP":"2022-12-18T00:31:41.499Z","BATT":100,"INTERVAL":1200},{"modelID":"ba-ec-6b-77-b9-e6","modelType":"Wi-SHT10A","DATAS":["Temperature","Humidity"],"Temperature":5.19,"Humidity":0,"TIMESTAMP":"2022-12-18T00:11:38.100Z","BATT":100,"INTERVAL":1200},{"modelID":"ba-ec-6b-77-b9-e6","modelType":"Wi-SHT10A","DATAS":["Temperature","Humidity"],"Temperature":5.32,"Humidity":0,"TIMESTAMP":"2022-12-17T23:51:49.450Z","BATT":100,"INTERVAL":1200},{"modelID":"ba-ec-6b-77-b9-e6","modelType":"Wi-SHT10A","DATAS":["Temperature","Humidity"],"Temperature":5.49,"Humidity":0,"TIMESTAMP":"2022-12-17T23:31:51.840Z","BATT":100,"INTERVAL":1200},{"modelID":"ba-ec-6b-77-b9-e6","modelType":"Wi-SHT10A","DATAS":["Temperature","Humidity"],"Temperature":5.52,"Humidity":0,"TIMESTAMP":"2022-12-17T23:11:51.960Z","BATT":100,"INTERVAL":1200},{"modelID":"ba-ec-6b-77-b9-e6","modelType":"Wi-SHT10A","DATAS":["Temperature","Humidity"],"Temperature":5.52,"Humidity":0,"TIMESTAMP":"2022-12-17T22:52:36.258Z","BATT":100,"INTERVAL":1200},{"modelID":"ba-ec-6b-77-b9-e6","modelType":"Wi-SHT10A","DATAS":["Temperature","Humidity"],"Temperature":5.62,"Humidity":0,"TIMESTAMP":"2022-12-17T22:32:07.038Z","BATT":100,"INTERVAL":1200},{"modelID":"ba-ec-6b-77-b9-e6","modelType":"Wi-SHT10A","DATAS":["Temperature","Humidity"],"Temperature":5.69,"Humidity":0,"TIMESTAMP":"2022-12-17T22:12:07.131Z","BATT":100,"INTERVAL":1200},{"modelID":"ba-ec-6b-77-b9-e6","modelType":"Wi-SHT10A","DATAS":["Temperature","Humidity"],"Temperature":5.69,"Humidity":0,"TIMESTAMP":"2022-12-17T21:52:36.549Z","BATT":100,"INTERVAL":1200},{"modelID":"ba-ec-6b-77-b9-e6","modelType":"Wi-SHT10A","DATAS":["Temperature","Humidity"],"Temperature":5.62,"Humidity":0,"TIMESTAMP":"2022-12-17T21:31:38.894Z","BATT":100,"INTERVAL":1200},{"modelID":"ba-ec-6b-77-b9-e6","modelType":"Wi-SHT10A","DATAS":["Temperature","Humidity"],"Temperature":5.32,"Humidity":0,"TIMESTAMP":"2022-12-17T21:11:42.514Z","BATT":100,"INTERVAL":1200},{"modelID":"ba-ec-6b-77-b9-e6","modelType":"Wi-SHT10A","DATAS":["Temperature","Humidity"],"Temperature":5.19,"Humidity":0,"TIMESTAMP":"2022-12-17T20:52:13.720Z","BATT":100,"INTERVAL":1200},{"modelID":"ba-ec-6b-77-b9-e6","modelType":"Wi-SHT10A","DATAS":["Temperature","Humidity"],"Temperature":5.09,"Humidity":0,"TIMESTAMP":"2022-12-17T20:32:14.199Z","BATT":100,"INTERVAL":1200},{"modelID":"ba-ec-6b-77-b9-e6","modelType":"Wi-SHT10A","DATAS":["Temperature","Humidity"],"Temperature":4.92,"Humidity":0,"TIMESTAMP":"2022-12-17T20:12:01.739Z","BATT":100,"INTERVAL":1200},{"modelID":"ba-ec-6b-77-b9-e6","modelType":"Wi-SHT10A","DATAS":["Temperature","Humidity"],"Temperature":4.82,"Humidity":0,"TIMESTAMP":"2022-12-17T19:52:24.060Z","BATT":100,"INTERVAL":1200},{"modelID":"ba-ec-6b-77-b9-e6","modelType":"Wi-SHT10A","DATAS":["Temperature","Humidity"],"Temperature":4.68,"Humidity":0,"TIMESTAMP":"2022-12-17T19:32:34.339Z","BATT":100,"INTERVAL":1200},{"modelID":"ba-ec-6b-77-b9-e6","modelType":"Wi-SHT10A","DATAS":["Temperature","Humidity"],"Temperature":4.75,"Humidity":0,"TIMESTAMP":"2022-12-17T19:12:34.425Z","BATT":100,"INTERVAL":1200},{"modelID":"ba-ec-6b-77-b9-e6","modelType":"Wi-SHT10A","DATAS":["Temperature","Humidity"],"Temperature":4.75,"Humidity":0,"TIMESTAMP":"2022-12-17T18:52:14.316Z","BATT":100,"INTERVAL":1200},{"modelID":"ba-ec-6b-77-b9-e6","modelType":"Wi-SHT10A","DATAS":["Temperature","Humidity"],"Temperature":4.85,"Humidity":0,"TIMESTAMP":"2022-12-17T18:31:44.038Z","BATT":100,"INTERVAL":1200},{"modelID":"ba-ec-6b-77-b9-e6","modelType":"Wi-SHT10A","DATAS":["Temperature","Humidity"],"Temperature":4.89,"Humidity":0,"TIMESTAMP":"2022-12-17T18:12:14.898Z","BATT":100,"INTERVAL":1200},{"modelID":"ba-ec-6b-77-b9-e6","modelType":"Wi-SHT10A","DATAS":["Temperature","Humidity"],"Temperature":4.92,"Humidity":0,"TIMESTAMP":"2022-12-17T17:52:32.836Z","BATT":100,"INTERVAL":1200},{"modelID":"ba-ec-6b-77-b9-e6","modelType":"Wi-SHT10A","DATAS":["Temperature","Humidity"],"Temperature":5.12,"Humidity":0,"TIMESTAMP":"2022-12-17T17:31:57.375Z","BATT":100,"INTERVAL":1200},{"modelID":"ba-ec-6b-77-b9-e6","modelType":"Wi-SHT10A","DATAS":["Temperature","Humidity"],"Temperature":5.25,"Humidity":0,"TIMESTAMP":"2022-12-17T17:12:06.295Z","BATT":100,"INTERVAL":1200},{"modelID":"ba-ec-6b-77-b9-e6","modelType":"Wi-SHT10A","DATAS":["Temperature","Humidity"],"Temperature":5.46,"Humidity":0,"TIMESTAMP":"2022-12-17T16:52:09.166Z","BATT":100,"INTERVAL":1200},{"modelID":"ba-ec-6b-77-b9-e6","modelType":"Wi-SHT10A","DATAS":["Temperature","Humidity"],"Temperature":5.59,"Humidity":0,"TIMESTAMP":"2022-12-17T16:32:08.845Z","BATT":100,"INTERVAL":1200},{"modelID":"ba-ec-6b-77-b9-e6","modelType":"Wi-SHT10A","DATAS":["Temperature","Humidity"],"Temperature":5.69,"Humidity":0,"TIMESTAMP":"2022-12-17T16:12:08.929Z","BATT":100,"INTERVAL":1200}],"DAYHOURS":["11","10","9","8","7","6","5","4","3","2","1","0"]}