{"SENSORNAME":"AIR COMPRESSOR C1","SENSORTYPE":"WTRPRS(485)","DTUID":"219","SENSORID":"40","DATE0":"2022-12-18T03:28:15.330Z","DATE1":"2022-02-13T09:06:03.603Z","DAYDATA":[{"DTUID":"219","SENSORID":40,"FUNCID":3,"NDATA":2,"SENSORTYPE":"AIR-PRES","RCV_BYTES":["43F4","DB23"],"DATAS":[17396,-9437],"DATAS1":[],"DATAS2":[],"TIMESTAMP":"2022-12-18T03:28:15.330Z"},{"DTUID":"219","SENSORID":40,"FUNCID":3,"NDATA":2,"SENSORTYPE":"AIR-PRES","RCV_BYTES":["43F4","DB23"],"DATAS":[17396,-9437],"DATAS1":[],"DATAS2":[],"TIMESTAMP":"2022-12-18T02:28:09.095Z"},{"DTUID":"219","SENSORID":40,"FUNCID":3,"NDATA":2,"SENSORTYPE":"AIR-PRES","RCV_BYTES":["43F6","324E"],"DATAS":[17398,12878],"DATAS1":[],"DATAS2":[],"TIMESTAMP":"2022-12-18T01:28:04.207Z"},{"DTUID":"219","SENSORID":40,"FUNCID":3,"NDATA":2,"SENSORTYPE":"AIR-PRES","RCV_BYTES":["43F4","3000"],"DATAS":[17396,12288],"DATAS1":[],"DATAS2":[],"TIMESTAMP":"2022-12-18T00:28:02.157Z"},{"DTUID":"219","SENSORID":40,"FUNCID":3,"NDATA":2,"SENSORTYPE":"AIR-PRES","RCV_BYTES":["443A","0CCD"],"DATAS":[17466,3277],"DATAS1":[],"DATAS2":[],"TIMESTAMP":"2022-12-17T23:27:59.730Z"},{"DTUID":"219","SENSORID":40,"FUNCID":3,"NDATA":2,"SENSORTYPE":"AIR-PRES","RCV_BYTES":["443B","8EC9"],"DATAS":[17467,-28983],"DATAS1":[],"DATAS2":[],"TIMESTAMP":"2022-12-17T22:27:49.510Z"},{"DTUID":"219","SENSORID":40,"FUNCID":3,"NDATA":2,"SENSORTYPE":"AIR-PRES","RCV_BYTES":["4438","8B33"],"DATAS":[17464,-29901],"DATAS1":[],"DATAS2":[],"TIMESTAMP":"2022-12-17T21:47:45.863Z"},{"DTUID":"219","SENSORID":40,"FUNCID":3,"NDATA":2,"SENSORTYPE":"AIR-PRES","RCV_BYTES":["4438","8B33"],"DATAS":[17464,-29901],"DATAS1":[],"DATAS2":[],"TIMESTAMP":"2022-12-17T20:47:44.412Z"},{"DTUID":"219","SENSORID":40,"FUNCID":3,"NDATA":2,"SENSORTYPE":"AIR-PRES","RCV_BYTES":["4439","619A"],"DATAS":[17465,24986],"DATAS1":[],"DATAS2":[],"TIMESTAMP":"2022-12-17T20:27:43.253Z"},{"DTUID":"219","SENSORID":40,"FUNCID":3,"NDATA":2,"SENSORTYPE":"AIR-PRES","RCV_BYTES":["4439","B72B"],"DATAS":[17465,-18645],"DATAS1":[],"DATAS2":[],"TIMESTAMP":"2022-12-17T19:27:39.194Z"},{"DTUID":"219","SENSORID":40,"FUNCID":3,"NDATA":2,"SENSORTYPE":"AIR-PRES","RCV_BYTES":["443A","8D91"],"DATAS":[17466,-29295],"DATAS1":[],"DATAS2":[],"TIMESTAMP":"2022-12-17T17:27:31.140Z"}],"DAYHOURS":["11","10","9","8","7","6","5","4","3","1"]}