{"SENSORNAME":"FRONTEND PRODUCTION","SENSORTYPE":"WISENSOR","DTUID":"-1","SENSORID":"B0-3E-81-9F-9B-4A","DATE0":"2022-12-18T04:03:31.630Z","DATE1":"2021-12-20T22:12:55.237Z","DAYDATA":[{"modelID":"b0-3e-81-9f-9b-4a","modelType":"Wi-SHT10","DATAS":["Temperature","Humidity"],"Temperature":23.98,"Humidity":49.5744,"TIMESTAMP":"2022-12-18T04:03:31.630Z","BATT":100,"INTERVAL":600},{"modelID":"b0-3e-81-9f-9b-4a","modelType":"Wi-SHT10","DATAS":["Temperature","Humidity"],"Temperature":23.96,"Humidity":47.9328,"TIMESTAMP":"2022-12-18T03:53:31.601Z","BATT":100,"INTERVAL":600},{"modelID":"b0-3e-81-9f-9b-4a","modelType":"Wi-SHT10","DATAS":["Temperature","Humidity"],"Temperature":23.97,"Humidity":48,"TIMESTAMP":"2022-12-18T03:43:37.570Z","BATT":100,"INTERVAL":600},{"modelID":"b0-3e-81-9f-9b-4a","modelType":"Wi-SHT10","DATAS":["Temperature","Humidity"],"Temperature":24.02,"Humidity":47.8752,"TIMESTAMP":"2022-12-18T03:33:22.908Z","BATT":100,"INTERVAL":600},{"modelID":"b0-3e-81-9f-9b-4a","modelType":"Wi-SHT10","DATAS":["Temperature","Humidity"],"Temperature":24.03,"Humidity":47.712,"TIMESTAMP":"2022-12-18T03:23:17.331Z","BATT":100,"INTERVAL":600},{"modelID":"b0-3e-81-9f-9b-4a","modelType":"Wi-SHT10","DATAS":["Temperature","Humidity"],"Temperature":24.1,"Humidity":47.7408,"TIMESTAMP":"2022-12-18T03:13:36.350Z","BATT":100,"INTERVAL":600},{"modelID":"b0-3e-81-9f-9b-4a","modelType":"Wi-SHT10","DATAS":["Temperature","Humidity"],"Temperature":24.13,"Humidity":47.529599999999995,"TIMESTAMP":"2022-12-18T03:03:35.706Z","BATT":100,"INTERVAL":600},{"modelID":"b0-3e-81-9f-9b-4a","modelType":"Wi-SHT10","DATAS":["Temperature","Humidity"],"Temperature":24.22,"Humidity":47.4336,"TIMESTAMP":"2022-12-18T02:53:14.048Z","BATT":100,"INTERVAL":600},{"modelID":"b0-3e-81-9f-9b-4a","modelType":"Wi-SHT10","DATAS":["Temperature","Humidity"],"Temperature":24.37,"Humidity":47.327999999999996,"TIMESTAMP":"2022-12-18T02:43:06.974Z","BATT":100,"INTERVAL":600},{"modelID":"b0-3e-81-9f-9b-4a","modelType":"Wi-SHT10","DATAS":["Temperature","Humidity"],"Temperature":24.51,"Humidity":47.2512,"TIMESTAMP":"2022-12-18T02:33:28.647Z","BATT":100,"INTERVAL":600},{"modelID":"b0-3e-81-9f-9b-4a","modelType":"Wi-SHT10","DATAS":["Temperature","Humidity"],"Temperature":24.72,"Humidity":47.7792,"TIMESTAMP":"2022-12-18T02:23:33.126Z","BATT":100,"INTERVAL":600},{"modelID":"b0-3e-81-9f-9b-4a","modelType":"Wi-SHT10","DATAS":["Temperature","Humidity"],"Temperature":25.04,"Humidity":49.248,"TIMESTAMP":"2022-12-18T02:13:09.827Z","BATT":100,"INTERVAL":600},{"modelID":"b0-3e-81-9f-9b-4a","modelType":"Wi-SHT10","DATAS":["Temperature","Humidity"],"Temperature":25.49,"Humidity":53.2128,"TIMESTAMP":"2022-12-18T02:03:14.948Z","BATT":100,"INTERVAL":600},{"modelID":"b0-3e-81-9f-9b-4a","modelType":"Wi-SHT10","DATAS":["Temperature","Humidity"],"Temperature":26.28,"Humidity":59.5488,"TIMESTAMP":"2022-12-18T01:53:16.927Z","BATT":100,"INTERVAL":600},{"modelID":"b0-3e-81-9f-9b-4a","modelType":"Wi-SHT10","DATAS":["Temperature","Humidity"],"Temperature":26.18,"Humidity":61.1616,"TIMESTAMP":"2022-12-18T01:43:29.727Z","BATT":100,"INTERVAL":600},{"modelID":"b0-3e-81-9f-9b-4a","modelType":"Wi-SHT10","DATAS":["Temperature","Humidity"],"Temperature":25.67,"Humidity":61.6992,"TIMESTAMP":"2022-12-18T01:33:34.829Z","BATT":100,"INTERVAL":600},{"modelID":"b0-3e-81-9f-9b-4a","modelType":"Wi-SHT10","DATAS":["Temperature","Humidity"],"Temperature":25.26,"Humidity":62.06400000000001,"TIMESTAMP":"2022-12-18T01:23:34.647Z","BATT":100,"INTERVAL":600},{"modelID":"b0-3e-81-9f-9b-4a","modelType":"Wi-SHT10","DATAS":["Temperature","Humidity"],"Temperature":24.82,"Humidity":62.1504,"TIMESTAMP":"2022-12-18T01:13:19.692Z","BATT":100,"INTERVAL":600},{"modelID":"b0-3e-81-9f-9b-4a","modelType":"Wi-SHT10","DATAS":["Temperature","Humidity"],"Temperature":24.37,"Humidity":61.651199999999996,"TIMESTAMP":"2022-12-18T01:03:26.609Z","BATT":100,"INTERVAL":600},{"modelID":"b0-3e-81-9f-9b-4a","modelType":"Wi-SHT10","DATAS":["Temperature","Humidity"],"Temperature":23.88,"Humidity":60.288,"TIMESTAMP":"2022-12-18T00:53:27.723Z","BATT":100,"INTERVAL":600},{"modelID":"b0-3e-81-9f-9b-4a","modelType":"Wi-SHT10","DATAS":["Temperature","Humidity"],"Temperature":23.43,"Humidity":57.84,"TIMESTAMP":"2022-12-18T00:43:13.695Z","BATT":100,"INTERVAL":600},{"modelID":"b0-3e-81-9f-9b-4a","modelType":"Wi-SHT10","DATAS":["Temperature","Humidity"],"Temperature":22.99,"Humidity":53.327999999999996,"TIMESTAMP":"2022-12-18T00:33:06.648Z","BATT":100,"INTERVAL":600},{"modelID":"b0-3e-81-9f-9b-4a","modelType":"Wi-SHT10","DATAS":["Temperature","Humidity"],"Temperature":22.65,"Humidity":48.7584,"TIMESTAMP":"2022-12-18T00:23:34.513Z","BATT":100,"INTERVAL":600},{"modelID":"b0-3e-81-9f-9b-4a","modelType":"Wi-SHT10","DATAS":["Temperature","Humidity"],"Temperature":22.54,"Humidity":46.233599999999996,"TIMESTAMP":"2022-12-18T00:13:35.312Z","BATT":100,"INTERVAL":600},{"modelID":"b0-3e-81-9f-9b-4a","modelType":"Wi-SHT10","DATAS":["Temperature","Humidity"],"Temperature":22.55,"Humidity":44.9568,"TIMESTAMP":"2022-12-18T00:03:25.363Z","BATT":100,"INTERVAL":600},{"modelID":"b0-3e-81-9f-9b-4a","modelType":"Wi-SHT10","DATAS":["Temperature","Humidity"],"Temperature":22.54,"Humidity":43.046400000000006,"TIMESTAMP":"2022-12-17T23:53:16.101Z","BATT":100,"INTERVAL":600},{"modelID":"b0-3e-81-9f-9b-4a","modelType":"Wi-S","DATAS":["Temperature","Humidity"],"Temperature":22.52,"Humidity":42.8352,"TIMESTAMP":"2022-12-17T23:43:37.670Z","INTERVAL":600},{"modelID":"b0-3e-81-9f-9b-4a","modelType":"Wi-SHT10","DATAS":["Temperature","Humidity"],"Temperature":22.55,"Humidity":42.8352,"TIMESTAMP":"2022-12-17T23:33:31.681Z","BATT":100,"INTERVAL":600},{"modelID":"b0-3e-81-9f-9b-4a","modelType":"Wi-SHT10","DATAS":["Temperature","Humidity"],"Temperature":22.52,"Humidity":42.5952,"TIMESTAMP":"2022-12-17T23:23:28.743Z","BATT":100,"INTERVAL":600},{"modelID":"b0-3e-81-9f-9b-4a","modelType":"Wi-SHT10","DATAS":["Temperature","Humidity"],"Temperature":22.51,"Humidity":42.5856,"TIMESTAMP":"2022-12-17T23:13:29.784Z","BATT":100,"INTERVAL":600},{"modelID":"b0-3e-81-9f-9b-4a","modelType":"Wi-SHT10","DATAS":["Temperature","Humidity"],"Temperature":22.54,"Humidity":42.288,"TIMESTAMP":"2022-12-17T23:03:30.730Z","BATT":100,"INTERVAL":600},{"modelID":"b0-3e-81-9f-9b-4a","modelType":"Wi-SHT10","DATAS":["Temperature","Humidity"],"Temperature":22.57,"Humidity":42.1728,"TIMESTAMP":"2022-12-17T22:53:33.191Z","BATT":100,"INTERVAL":600},{"modelID":"b0-3e-81-9f-9b-4a","modelType":"Wi-SHT10","DATAS":["Temperature","Humidity"],"Temperature":22.58,"Humidity":42.086400000000005,"TIMESTAMP":"2022-12-17T22:43:31.890Z","BATT":100,"INTERVAL":600},{"modelID":"b0-3e-81-9f-9b-4a","modelType":"Wi-SHT10","DATAS":["Temperature","Humidity"],"Temperature":22.54,"Humidity":42.2016,"TIMESTAMP":"2022-12-17T22:33:19.415Z","BATT":100,"INTERVAL":600},{"modelID":"b0-3e-81-9f-9b-4a","modelType":"Wi-SHT10","DATAS":["Temperature","Humidity"],"Temperature":22.58,"Humidity":42.3072,"TIMESTAMP":"2022-12-17T22:23:10.410Z","BATT":100,"INTERVAL":600},{"modelID":"b0-3e-81-9f-9b-4a","modelType":"Wi-SHT10","DATAS":["Temperature","Humidity"],"Temperature":22.53,"Humidity":42.144,"TIMESTAMP":"2022-12-17T22:13:31.698Z","BATT":100,"INTERVAL":600},{"modelID":"b0-3e-81-9f-9b-4a","modelType":"Wi-SHT10","DATAS":["Temperature","Humidity"],"Temperature":22.56,"Humidity":42.1056,"TIMESTAMP":"2022-12-17T22:03:21.245Z","BATT":100,"INTERVAL":600},{"modelID":"b0-3e-81-9f-9b-4a","modelType":"Wi-SHT10","DATAS":["Temperature","Humidity"],"Temperature":22.56,"Humidity":42.0768,"TIMESTAMP":"2022-12-17T21:53:23.328Z","BATT":100,"INTERVAL":600},{"modelID":"b0-3e-81-9f-9b-4a","modelType":"Wi-SHT10","DATAS":["Temperature","Humidity"],"Temperature":22.55,"Humidity":42.2976,"TIMESTAMP":"2022-12-17T21:43:25.345Z","BATT":100,"INTERVAL":600},{"modelID":"b0-3e-81-9f-9b-4a","modelType":"Wi-SHT10","DATAS":["Temperature","Humidity"],"Temperature":22.61,"Humidity":42.288,"TIMESTAMP":"2022-12-17T21:33:31.827Z","BATT":100,"INTERVAL":600},{"modelID":"b0-3e-81-9f-9b-4a","modelType":"Wi-SHT10","DATAS":["Temperature","Humidity"],"Temperature":22.57,"Humidity":42.470400000000005,"TIMESTAMP":"2022-12-17T21:23:10.385Z","BATT":100,"INTERVAL":600},{"modelID":"b0-3e-81-9f-9b-4a","modelType":"Wi-SHT10","DATAS":["Temperature","Humidity"],"Temperature":22.57,"Humidity":42.5952,"TIMESTAMP":"2022-12-17T21:13:23.503Z","BATT":100,"INTERVAL":600},{"modelID":"b0-3e-81-9f-9b-4a","modelType":"Wi-SHT10","DATAS":["Temperature","Humidity"],"Temperature":22.56,"Humidity":42.576,"TIMESTAMP":"2022-12-17T21:03:37.331Z","BATT":100,"INTERVAL":600},{"modelID":"b0-3e-81-9f-9b-4a","modelType":"Wi-SHT10","DATAS":["Temperature","Humidity"],"Temperature":22.57,"Humidity":42.5856,"TIMESTAMP":"2022-12-17T20:53:26.654Z","BATT":100,"INTERVAL":600},{"modelID":"b0-3e-81-9f-9b-4a","modelType":"Wi-SHT10","DATAS":["Temperature","Humidity"],"Temperature":22.56,"Humidity":42.672000000000004,"TIMESTAMP":"2022-12-17T20:43:20.934Z","BATT":100,"INTERVAL":600},{"modelID":"b0-3e-81-9f-9b-4a","modelType":"Wi-SHT10","DATAS":["Temperature","Humidity"],"Temperature":22.6,"Humidity":42.7968,"TIMESTAMP":"2022-12-17T20:33:25.393Z","BATT":100,"INTERVAL":600},{"modelID":"b0-3e-81-9f-9b-4a","modelType":"Wi-SHT10","DATAS":["Temperature","Humidity"],"Temperature":22.6,"Humidity":43.007999999999996,"TIMESTAMP":"2022-12-17T20:23:06.854Z","BATT":100,"INTERVAL":600},{"modelID":"b0-3e-81-9f-9b-4a","modelType":"Wi-SHT10","DATAS":["Temperature","Humidity"],"Temperature":22.69,"Humidity":43.007999999999996,"TIMESTAMP":"2022-12-17T20:13:15.335Z","BATT":100,"INTERVAL":600},{"modelID":"b0-3e-81-9f-9b-4a","modelType":"Wi-SHT10","DATAS":["Temperature","Humidity"],"Temperature":22.73,"Humidity":43.104,"TIMESTAMP":"2022-12-17T20:03:26.523Z","BATT":100,"INTERVAL":600},{"modelID":"b0-3e-81-9f-9b-4a","modelType":"Wi-SHT10","DATAS":["Temperature","Humidity"],"Temperature":22.61,"Humidity":43.209599999999995,"TIMESTAMP":"2022-12-17T19:53:37.074Z","BATT":100,"INTERVAL":600},{"modelID":"b0-3e-81-9f-9b-4a","modelType":"Wi-SHT10","DATAS":["Temperature","Humidity"],"Temperature":22.6,"Humidity":43.257600000000004,"TIMESTAMP":"2022-12-17T19:43:24.635Z","BATT":100,"INTERVAL":600},{"modelID":"b0-3e-81-9f-9b-4a","modelType":"Wi-SHT10","DATAS":["Temperature","Humidity"],"Temperature":22.57,"Humidity":43.3056,"TIMESTAMP":"2022-12-17T19:33:27.775Z","BATT":100,"INTERVAL":600},{"modelID":"b0-3e-81-9f-9b-4a","modelType":"Wi-SHT10","DATAS":["Temperature","Humidity"],"Temperature":22.61,"Humidity":43.152,"TIMESTAMP":"2022-12-17T19:23:12.094Z","BATT":100,"INTERVAL":600},{"modelID":"b0-3e-81-9f-9b-4a","modelType":"Wi-SHT10","DATAS":["Temperature","Humidity"],"Temperature":22.68,"Humidity":43.104,"TIMESTAMP":"2022-12-17T19:13:26.095Z","BATT":100,"INTERVAL":600},{"modelID":"b0-3e-81-9f-9b-4a","modelType":"Wi-SHT10","DATAS":["Temperature","Humidity"],"Temperature":22.59,"Humidity":43.142399999999995,"TIMESTAMP":"2022-12-17T19:03:28.406Z","BATT":100,"INTERVAL":600},{"modelID":"b0-3e-81-9f-9b-4a","modelType":"Wi-SHT10","DATAS":["Temperature","Humidity"],"Temperature":22.68,"Humidity":43.2,"TIMESTAMP":"2022-12-17T18:53:31.192Z","BATT":100,"INTERVAL":600},{"modelID":"b0-3e-81-9f-9b-4a","modelType":"Wi-SHT10","DATAS":["Temperature","Humidity"],"Temperature":22.68,"Humidity":43.0944,"TIMESTAMP":"2022-12-17T18:43:27.607Z","BATT":100,"INTERVAL":600},{"modelID":"b0-3e-81-9f-9b-4a","modelType":"Wi-SHT10","DATAS":["Temperature","Humidity"],"Temperature":22.65,"Humidity":43.1808,"TIMESTAMP":"2022-12-17T18:33:21.137Z","BATT":100,"INTERVAL":600},{"modelID":"b0-3e-81-9f-9b-4a","modelType":"Wi-SHT10","DATAS":["Temperature","Humidity"],"Temperature":22.62,"Humidity":43.065599999999996,"TIMESTAMP":"2022-12-17T18:23:30.663Z","BATT":100,"INTERVAL":600},{"modelID":"b0-3e-81-9f-9b-4a","modelType":"Wi-SHT10","DATAS":["Temperature","Humidity"],"Temperature":22.6,"Humidity":42.9888,"TIMESTAMP":"2022-12-17T18:13:20.145Z","BATT":100,"INTERVAL":600},{"modelID":"b0-3e-81-9f-9b-4a","modelType":"Wi-SHT10","DATAS":["Temperature","Humidity"],"Temperature":22.67,"Humidity":42.9216,"TIMESTAMP":"2022-12-17T18:03:10.081Z","BATT":100,"INTERVAL":600},{"modelID":"b0-3e-81-9f-9b-4a","modelType":"Wi-SHT10","DATAS":["Temperature","Humidity"],"Temperature":22.71,"Humidity":42.8352,"TIMESTAMP":"2022-12-17T17:53:09.862Z","BATT":100,"INTERVAL":600},{"modelID":"b0-3e-81-9f-9b-4a","modelType":"Wi-SHT10","DATAS":["Temperature","Humidity"],"Temperature":22.71,"Humidity":42.864,"TIMESTAMP":"2022-12-17T17:43:24.646Z","BATT":100,"INTERVAL":600},{"modelID":"b0-3e-81-9f-9b-4a","modelType":"Wi-SHT10","DATAS":["Temperature","Humidity"],"Temperature":22.74,"Humidity":42.8256,"TIMESTAMP":"2022-12-17T17:33:10.768Z","BATT":100,"INTERVAL":600},{"modelID":"b0-3e-81-9f-9b-4a","modelType":"Wi-SHT10","DATAS":["Temperature","Humidity"],"Temperature":22.71,"Humidity":42.8256,"TIMESTAMP":"2022-12-17T17:23:16.061Z","BATT":100,"INTERVAL":600},{"modelID":"b0-3e-81-9f-9b-4a","modelType":"Wi-SHT10","DATAS":["Temperature","Humidity"],"Temperature":22.72,"Humidity":42.7104,"TIMESTAMP":"2022-12-17T17:13:07.335Z","BATT":100,"INTERVAL":600},{"modelID":"b0-3e-81-9f-9b-4a","modelType":"Wi-SHT10","DATAS":["Temperature","Humidity"],"Temperature":22.67,"Humidity":42.72,"TIMESTAMP":"2022-12-17T17:03:11.801Z","BATT":100,"INTERVAL":600},{"modelID":"b0-3e-81-9f-9b-4a","modelType":"Wi-SHT10","DATAS":["Temperature","Humidity"],"Temperature":22.76,"Humidity":42.537600000000005,"TIMESTAMP":"2022-12-17T16:53:38.820Z","BATT":100,"INTERVAL":600},{"modelID":"b0-3e-81-9f-9b-4a","modelType":"Wi-SHT10","DATAS":["Temperature","Humidity"],"Temperature":22.76,"Humidity":42.537600000000005,"TIMESTAMP":"2022-12-17T16:43:25.370Z","BATT":100,"INTERVAL":600},{"modelID":"b0-3e-81-9f-9b-4a","modelType":"Wi-SHT10","DATAS":["Temperature","Humidity"],"Temperature":22.74,"Humidity":42.5664,"TIMESTAMP":"2022-12-17T16:33:08.102Z","BATT":100,"INTERVAL":600},{"modelID":"b0-3e-81-9f-9b-4a","modelType":"Wi-SHT10","DATAS":["Temperature","Humidity"],"Temperature":22.77,"Humidity":42.604800000000004,"TIMESTAMP":"2022-12-17T16:23:13.980Z","BATT":100,"INTERVAL":600},{"modelID":"b0-3e-81-9f-9b-4a","modelType":"Wi-SHT10","DATAS":["Temperature","Humidity"],"Temperature":22.81,"Humidity":42.623999999999995,"TIMESTAMP":"2022-12-17T16:13:29.562Z","BATT":100,"INTERVAL":600},{"modelID":"b0-3e-81-9f-9b-4a","modelType":"Wi-SHT10","DATAS":["Temperature","Humidity"],"Temperature":22.9,"Humidity":42.4608,"TIMESTAMP":"2022-12-17T16:03:37.061Z","BATT":100,"INTERVAL":600}],"DAYHOURS":["12","11","10","9","8","7","6","5","4","3","2","1","0"]}