{"SENSORNAME":"HEAT EXCHANGER","SENSORTYPE":"PWRMTR(485)","DTUID":"102","SENSORID":11,"PWRMTR0":"38416","PWRMTR1":"952","DAYDATA":[{"DTUID":"102","SENSORID":11,"FUNCID":3,"NDATA":2,"SENSORTYPE":"PWR-METER-POWER","RCV_BYTES":["003A","9E6D"],"DATAS":[58,-24979],"DATAS1":[],"DATAS2":[],"TIMESTAMP":"2022-12-18T03:28:48.830Z"},{"DTUID":"102","SENSORID":11,"FUNCID":3,"NDATA":2,"SENSORTYPE":"PWR-METER-POWER","RCV_BYTES":["003A","9C18"],"DATAS":[58,-25576],"DATAS1":[],"DATAS2":[],"TIMESTAMP":"2022-12-18T02:28:43.046Z"},{"DTUID":"102","SENSORID":11,"FUNCID":3,"NDATA":2,"SENSORTYPE":"PWR-METER-POWER","RCV_BYTES":["003A","9828"],"DATAS":[58,-26584],"DATAS1":[],"DATAS2":[],"TIMESTAMP":"2022-12-18T00:48:35.996Z"},{"DTUID":"102","SENSORID":11,"FUNCID":3,"NDATA":2,"SENSORTYPE":"PWR-METER-POWER","RCV_BYTES":["003A","9508"],"DATAS":[58,-27384],"DATAS1":[],"DATAS2":[],"TIMESTAMP":"2022-12-17T23:28:34.081Z"},{"DTUID":"102","SENSORID":11,"FUNCID":3,"NDATA":2,"SENSORTYPE":"PWR-METER-POWER","RCV_BYTES":["003A","86A0"],"DATAS":[58,-31072],"DATAS1":[],"DATAS2":[],"TIMESTAMP":"2022-12-17T17:28:04.761Z"}],"DAYHOURS":["11","10","8","7","1"],"MNTH-2022_12":"38416","WK51":"38416","WK50":"37728","WK49":"36697","MNTH-2022_11":"35793","WK48":"35641","WK47":"34596","WK46":"33575","WK45":"32704","WK44":"31863","MNTH-2022_10":"31715","WK43":"30911","WK42":"30069","WK41":"29137","WK40":"28212","MNTH-2022_9":"27688","WK39":"27273","WK38":"26045","WK37":"24804","WK36":"23511","MNTH-2022_8":"22387","WK35":"22215","WK34":"20898","WK33":"19598","WK32":"18322","WK31":"17035","MNTH-2022_7":"16660","WK30":"15730","WK29":"14415","WK28":"13110","WK27":"11813","MNTH-2022_6":"10854","WK26":"10482","WK25":"9150","WK24":"7829","WK23":"6506","MNTH-2022_5":"5204","WK22":"5204","WK21":"3914","WK20":"2615","WK19":"1272"}