{"SENSORNAME":"PRE-COOL FE - CHWR TEMP","SENSORTYPE":"WTRTEMP(485)","DTUID":"209","SENSORID":"50","DATE0":"2022-12-18T03:27:43.970Z","DATE1":"2022-02-13T09:59:04.541Z","DAYDATA":[{"DTUID":"209","SENSORID":50,"FUNCID":3,"NDATA":2,"SENSORTYPE":"WATER-TEMP","RCV_BYTES":["0000","0000"],"DATAS":[0,0],"DATAS1":[],"DATAS2":[],"TIMESTAMP":"2022-12-18T03:27:43.970Z"},{"DTUID":"209","SENSORID":50,"FUNCID":3,"NDATA":2,"SENSORTYPE":"WATER-TEMP","RCV_BYTES":["0000","0000"],"DATAS":[0,0],"DATAS1":[],"DATAS2":[],"TIMESTAMP":"2022-12-18T02:27:37.874Z"},{"DTUID":"209","SENSORID":50,"FUNCID":3,"NDATA":2,"SENSORTYPE":"WATER-TEMP","RCV_BYTES":["0000","0000"],"DATAS":[0,0],"DATAS1":[],"DATAS2":[],"TIMESTAMP":"2022-12-18T01:27:32.952Z"},{"DTUID":"209","SENSORID":50,"FUNCID":3,"NDATA":2,"SENSORTYPE":"WATER-TEMP","RCV_BYTES":["0000","0000"],"DATAS":[0,0],"DATAS1":[],"DATAS2":[],"TIMESTAMP":"2022-12-18T00:47:30.854Z"},{"DTUID":"209","SENSORID":50,"FUNCID":3,"NDATA":2,"SENSORTYPE":"WATER-TEMP","RCV_BYTES":["0000","0000"],"DATAS":[0,0],"DATAS1":[],"DATAS2":[],"TIMESTAMP":"2022-12-18T00:27:31.010Z"},{"DTUID":"209","SENSORID":50,"FUNCID":3,"NDATA":2,"SENSORTYPE":"WATER-TEMP","RCV_BYTES":["0000","0000"],"DATAS":[0,0],"DATAS1":[],"DATAS2":[],"TIMESTAMP":"2022-12-17T23:27:28.722Z"},{"DTUID":"209","SENSORID":50,"FUNCID":3,"NDATA":2,"SENSORTYPE":"WATER-TEMP","RCV_BYTES":["0000","0000"],"DATAS":[0,0],"DATAS1":[],"DATAS2":[],"TIMESTAMP":"2022-12-17T22:27:18.239Z"},{"DTUID":"209","SENSORID":50,"FUNCID":3,"NDATA":2,"SENSORTYPE":"WATER-TEMP","RCV_BYTES":["0000","0000"],"DATAS":[0,0],"DATAS1":[],"DATAS2":[],"TIMESTAMP":"2022-12-17T21:47:14.631Z"},{"DTUID":"209","SENSORID":50,"FUNCID":3,"NDATA":2,"SENSORTYPE":"WATER-TEMP","RCV_BYTES":["0000","0000"],"DATAS":[0,0],"DATAS1":[],"DATAS2":[],"TIMESTAMP":"2022-12-17T21:27:29.992Z"},{"DTUID":"209","SENSORID":50,"FUNCID":3,"NDATA":2,"SENSORTYPE":"WATER-TEMP","RCV_BYTES":["0000","0000"],"DATAS":[0,0],"DATAS1":[],"DATAS2":[],"TIMESTAMP":"2022-12-17T18:27:02.785Z"},{"DTUID":"209","SENSORID":50,"FUNCID":3,"NDATA":2,"SENSORTYPE":"WATER-TEMP","RCV_BYTES":["0000","0000"],"DATAS":[0,0],"DATAS1":[],"DATAS2":[],"TIMESTAMP":"2022-12-17T17:26:59.901Z"}],"DAYHOURS":["11","10","9","8","7","6","5","2","1"]}