{"SENSORNAME":"CHILLER B - CWS PRESS 2","SENSORTYPE":"WTRPRS(485)","DTUID":"205","SENSORID":"55","DATE0":"2022-12-18T03:27:47.769Z","DATE1":"2022-02-13T09:59:12.549Z","DAYDATA":[{"DTUID":"205","SENSORID":55,"FUNCID":3,"NDATA":2,"SENSORTYPE":"WATER-PRES","RCV_BYTES":["435F","09BA"],"DATAS":[17247,2490],"DATAS1":[],"DATAS2":[],"TIMESTAMP":"2022-12-18T03:27:47.769Z"},{"DTUID":"205","SENSORID":55,"FUNCID":3,"NDATA":2,"SENSORTYPE":"WATER-PRES","RCV_BYTES":["4311","9CAC"],"DATAS":[17169,-25428],"DATAS1":[],"DATAS2":[],"TIMESTAMP":"2022-12-18T00:47:34.686Z"},{"DTUID":"205","SENSORID":55,"FUNCID":3,"NDATA":2,"SENSORTYPE":"WATER-PRES","RCV_BYTES":["4347","2F5C"],"DATAS":[17223,12124],"DATAS1":[],"DATAS2":[],"TIMESTAMP":"2022-12-17T20:47:17.512Z"},{"DTUID":"205","SENSORID":55,"FUNCID":3,"NDATA":2,"SENSORTYPE":"WATER-PRES","RCV_BYTES":["4347","2F5C"],"DATAS":[17223,12124],"DATAS1":[],"DATAS2":[],"TIMESTAMP":"2022-12-17T17:27:03.681Z"}],"DAYHOURS":["11","8","4","1"]}