{"SENSORNAME":"DEHUMIDIFER 1","SENSORTYPE":"AIRFLW(485)","DTUID":"203","SENSORID":"66","DATE0":"2022-12-18T01:28:14.567Z","DATE1":"2022-02-13T09:06:21.734Z","DAYDATA":[{"DTUID":"203","SENSORID":66,"FUNCID":3,"NDATA":2,"SENSORTYPE":"AIRFLOW-VEL","RCV_BYTES":["0000","0000"],"DATAS":[0,0],"DATAS1":[],"DATAS2":[],"TIMESTAMP":"2022-12-18T01:28:14.567Z"},{"DTUID":"203","SENSORID":66,"FUNCID":3,"NDATA":2,"SENSORTYPE":"AIRFLOW-VEL","RCV_BYTES":["0000","0000"],"DATAS":[0,0],"DATAS1":[],"DATAS2":[],"TIMESTAMP":"2022-12-18T00:48:11.064Z"},{"DTUID":"203","SENSORID":66,"FUNCID":3,"NDATA":2,"SENSORTYPE":"AIRFLOW-VEL","RCV_BYTES":["0000","0000"],"DATAS":[0,0],"DATAS1":[],"DATAS2":[],"TIMESTAMP":"2022-12-18T00:28:11.131Z"},{"DTUID":"203","SENSORID":66,"FUNCID":3,"NDATA":2,"SENSORTYPE":"AIRFLOW-VEL","RCV_BYTES":["0000","0000"],"DATAS":[0,0],"DATAS1":[],"DATAS2":[],"TIMESTAMP":"2022-12-17T23:29:30.790Z"},{"DTUID":"203","SENSORID":66,"FUNCID":3,"NDATA":2,"SENSORTYPE":"AIRFLOW-VEL","RCV_BYTES":["0000","0000"],"DATAS":[0,0],"DATAS1":[],"DATAS2":[],"TIMESTAMP":"2022-12-17T20:47:59.060Z"},{"DTUID":"203","SENSORID":66,"FUNCID":3,"NDATA":2,"SENSORTYPE":"AIRFLOW-VEL","RCV_BYTES":["0000","0000"],"DATAS":[0,0],"DATAS1":[],"DATAS2":[],"TIMESTAMP":"2022-12-17T20:27:52.621Z"}],"DAYHOURS":["9","8","7","4"]}