{"SENSORNAME":"L4-Chemotherapy Holding(daycare)","SENSORTYPE":"WISENSOR","DTUID":"-1","SENSORID":"BA-7E-1E-39-D7-38","DATE0":"2022-12-18T04:02:20.082Z","DATE1":"2022-03-22T00:13:47.670Z","DAYDATA":[{"modelID":"ba-7e-1e-39-d7-38","modelType":"Wi-SHT10","DATAS":["Temperature","Humidity"],"Temperature":3.5,"Humidity":-959.04,"TIMESTAMP":"2022-12-18T04:02:20.082Z","BATT":1,"INTERVAL":300},{"modelID":"ba-7e-1e-39-d7-38","modelType":"Wi-SHT10","DATAS":["Temperature","Humidity"],"Temperature":3.46,"Humidity":-959.04,"TIMESTAMP":"2022-12-18T03:57:22.059Z","BATT":1,"INTERVAL":300},{"modelID":"ba-7e-1e-39-d7-38","modelType":"Wi-SHT10","DATAS":["Temperature","Humidity"],"Temperature":3.77,"Humidity":-959.04,"TIMESTAMP":"2022-12-18T03:52:27.520Z","BATT":1,"INTERVAL":300},{"modelID":"ba-7e-1e-39-d7-38","modelType":"Wi-SHT10","DATAS":["Temperature","Humidity"],"Temperature":3.4,"Humidity":-959.04,"TIMESTAMP":"2022-12-18T03:46:50.328Z","BATT":1,"INTERVAL":300},{"modelID":"ba-7e-1e-39-d7-38","modelType":"Wi-SHT10","DATAS":["Temperature","Humidity"],"Temperature":3.7,"Humidity":-959.04,"TIMESTAMP":"2022-12-18T03:41:45.238Z","BATT":1,"INTERVAL":300},{"modelID":"ba-7e-1e-39-d7-38","modelType":"Wi-SHT10","DATAS":["Temperature","Humidity"],"Temperature":3.6,"Humidity":-959.04,"TIMESTAMP":"2022-12-18T03:37:12.679Z","BATT":1,"INTERVAL":300},{"modelID":"ba-7e-1e-39-d7-38","modelType":"Wi-SHT10","DATAS":["Temperature","Humidity"],"Temperature":3.43,"Humidity":-959.04,"TIMESTAMP":"2022-12-18T03:32:11.261Z","BATT":1,"INTERVAL":300},{"modelID":"ba-7e-1e-39-d7-38","modelType":"Wi-SHT10","DATAS":["Temperature","Humidity"],"Temperature":3.4,"Humidity":-959.04,"TIMESTAMP":"2022-12-18T03:22:01.960Z","BATT":1,"INTERVAL":300},{"modelID":"ba-7e-1e-39-d7-38","modelType":"Wi-SHT10","DATAS":["Temperature","Humidity"],"Temperature":3.63,"Humidity":-959.04,"TIMESTAMP":"2022-12-18T03:17:11.319Z","BATT":1,"INTERVAL":300},{"modelID":"ba-7e-1e-39-d7-38","modelType":"Wi-SHT10","DATAS":["Temperature","Humidity"],"Temperature":3.73,"Humidity":-959.04,"TIMESTAMP":"2022-12-18T03:12:27.701Z","BATT":1,"INTERVAL":300},{"modelID":"ba-7e-1e-39-d7-38","modelType":"Wi-SHT10","DATAS":["Temperature","Humidity"],"Temperature":3.4,"Humidity":-959.04,"TIMESTAMP":"2022-12-18T03:06:50.487Z","BATT":1,"INTERVAL":300},{"modelID":"ba-7e-1e-39-d7-38","modelType":"Wi-SHT10","DATAS":["Temperature","Humidity"],"Temperature":3.7,"Humidity":-959.04,"TIMESTAMP":"2022-12-18T03:02:20.327Z","BATT":1,"INTERVAL":300},{"modelID":"ba-7e-1e-39-d7-38","modelType":"Wi-SHT10","DATAS":["Temperature","Humidity"],"Temperature":3.46,"Humidity":-959.04,"TIMESTAMP":"2022-12-18T02:57:26.368Z","BATT":1,"INTERVAL":300},{"modelID":"ba-7e-1e-39-d7-38","modelType":"Wi-SHT10","DATAS":["Temperature","Humidity"],"Temperature":3.5,"Humidity":-959.04,"TIMESTAMP":"2022-12-18T02:52:11.428Z","BATT":1,"INTERVAL":300},{"modelID":"ba-7e-1e-39-d7-38","modelType":"Wi-SHT10","DATAS":["Temperature","Humidity"],"Temperature":3.73,"Humidity":-959.04,"TIMESTAMP":"2022-12-18T02:47:12.924Z","BATT":1,"INTERVAL":300},{"modelID":"ba-7e-1e-39-d7-38","modelType":"Wi-SHT10","DATAS":["Temperature","Humidity"],"Temperature":3.36,"Humidity":-959.04,"TIMESTAMP":"2022-12-18T02:41:50.629Z","BATT":1,"INTERVAL":300},{"modelID":"ba-7e-1e-39-d7-38","modelType":"Wi-SHT10","DATAS":["Temperature","Humidity"],"Temperature":3.7,"Humidity":-959.04,"TIMESTAMP":"2022-12-18T02:36:45.848Z","BATT":1,"INTERVAL":300},{"modelID":"ba-7e-1e-39-d7-38","modelType":"Wi-SHT10","DATAS":["Temperature","Humidity"],"Temperature":3.6,"Humidity":-959.04,"TIMESTAMP":"2022-12-18T02:32:12.969Z","BATT":1,"INTERVAL":300},{"modelID":"ba-7e-1e-39-d7-38","modelType":"Wi-SHT10","DATAS":["Temperature","Humidity"],"Temperature":3.43,"Humidity":-959.04,"TIMESTAMP":"2022-12-18T02:27:13.337Z","BATT":1,"INTERVAL":300},{"modelID":"ba-7e-1e-39-d7-38","modelType":"Wi-SHT10","DATAS":["Temperature","Humidity"],"Temperature":3.73,"Humidity":-959.04,"TIMESTAMP":"2022-12-18T02:22:27.908Z","BATT":1,"INTERVAL":300},{"modelID":"ba-7e-1e-39-d7-38","modelType":"Wi-SHT10","DATAS":["Temperature","Humidity"],"Temperature":3.4,"Humidity":-959.04,"TIMESTAMP":"2022-12-18T02:17:02.249Z","BATT":1,"INTERVAL":300},{"modelID":"ba-7e-1e-39-d7-38","modelType":"Wi-SHT10","DATAS":["Temperature","Humidity"],"Temperature":3.63,"Humidity":-959.04,"TIMESTAMP":"2022-12-18T02:11:50.728Z","BATT":1,"INTERVAL":300},{"modelID":"ba-7e-1e-39-d7-38","modelType":"Wi-SHT10","DATAS":["Temperature","Humidity"],"Temperature":3.36,"Humidity":-959.04,"TIMESTAMP":"2022-12-18T02:01:50.780Z","BATT":1,"INTERVAL":300},{"modelID":"ba-7e-1e-39-d7-38","modelType":"Wi-SHT10","DATAS":["Temperature","Humidity"],"Temperature":3.7,"Humidity":-959.04,"TIMESTAMP":"2022-12-18T01:57:20.621Z","BATT":1,"INTERVAL":300},{"modelID":"ba-7e-1e-39-d7-38","modelType":"Wi-SHT10","DATAS":["Temperature","Humidity"],"Temperature":3.46,"Humidity":-959.04,"TIMESTAMP":"2022-12-18T01:52:26.661Z","BATT":1,"INTERVAL":300},{"modelID":"ba-7e-1e-39-d7-38","modelType":"Wi-SHT10","DATAS":["Temperature","Humidity"],"Temperature":3.5,"Humidity":-959.04,"TIMESTAMP":"2022-12-18T01:47:17.767Z","BATT":1,"INTERVAL":300},{"modelID":"ba-7e-1e-39-d7-38","modelType":"Wi-SHT10","DATAS":["Temperature","Humidity"],"Temperature":3.73,"Humidity":-959.04,"TIMESTAMP":"2022-12-18T01:42:08.061Z","BATT":1,"INTERVAL":300},{"modelID":"ba-7e-1e-39-d7-38","modelType":"Wi-SHT10","DATAS":["Temperature","Humidity"],"Temperature":3.36,"Humidity":-959.04,"TIMESTAMP":"2022-12-18T01:36:50.908Z","BATT":1,"INTERVAL":300},{"modelID":"ba-7e-1e-39-d7-38","modelType":"Wi-SHT10","DATAS":["Temperature","Humidity"],"Temperature":3.7,"Humidity":-959.04,"TIMESTAMP":"2022-12-18T01:32:02.441Z","BATT":1,"INTERVAL":300},{"modelID":"ba-7e-1e-39-d7-38","modelType":"Wi-SHT10","DATAS":["Temperature","Humidity"],"Temperature":3.63,"Humidity":-959.04,"TIMESTAMP":"2022-12-18T01:27:28.987Z","BATT":1,"INTERVAL":300},{"modelID":"ba-7e-1e-39-d7-38","modelType":"Wi-SHT10","DATAS":["Temperature","Humidity"],"Temperature":3.4,"Humidity":-959.04,"TIMESTAMP":"2022-12-18T01:22:11.821Z","BATT":1,"INTERVAL":300},{"modelID":"ba-7e-1e-39-d7-38","modelType":"Wi-SHT10","DATAS":["Temperature","Humidity"],"Temperature":3.73,"Humidity":-959.04,"TIMESTAMP":"2022-12-18T01:17:28.202Z","BATT":1,"INTERVAL":300},{"modelID":"ba-7e-1e-39-d7-38","modelType":"Wi-SHT10","DATAS":["Temperature","Humidity"],"Temperature":3.4,"Humidity":-959.04,"TIMESTAMP":"2022-12-18T01:12:02.520Z","BATT":1,"INTERVAL":300},{"modelID":"ba-7e-1e-39-d7-38","modelType":"Wi-SHT10","DATAS":["Temperature","Humidity"],"Temperature":3.73,"Humidity":-959.04,"TIMESTAMP":"2022-12-18T01:02:28.259Z","BATT":1,"INTERVAL":300},{"modelID":"ba-7e-1e-39-d7-38","modelType":"Wi-SHT10","DATAS":["Temperature","Humidity"],"Temperature":3.4,"Humidity":-959.04,"TIMESTAMP":"2022-12-18T00:57:11.921Z","BATT":1,"INTERVAL":300},{"modelID":"ba-7e-1e-39-d7-38","modelType":"Wi-SHT10","DATAS":["Temperature","Humidity"],"Temperature":3.73,"Humidity":-959.04,"TIMESTAMP":"2022-12-18T00:52:16.461Z","BATT":1,"INTERVAL":300},{"modelID":"ba-7e-1e-39-d7-38","modelType":"Wi-SHT10","DATAS":["Temperature","Humidity"],"Temperature":3.53,"Humidity":-959.04,"TIMESTAMP":"2022-12-18T00:47:21.107Z","BATT":1,"INTERVAL":300},{"modelID":"ba-7e-1e-39-d7-38","modelType":"Wi-SHT10","DATAS":["Temperature","Humidity"],"Temperature":3.46,"Humidity":-959.04,"TIMESTAMP":"2022-12-18T00:42:22.901Z","BATT":1,"INTERVAL":300},{"modelID":"ba-7e-1e-39-d7-38","modelType":"Wi-SHT10","DATAS":["Temperature","Humidity"],"Temperature":3.77,"Humidity":-959.04,"TIMESTAMP":"2022-12-18T00:37:08.340Z","BATT":1,"INTERVAL":300},{"modelID":"ba-7e-1e-39-d7-38","modelType":"Wi-SHT10","DATAS":["Temperature","Humidity"],"Temperature":3.36,"Humidity":-959.04,"TIMESTAMP":"2022-12-18T00:32:06.180Z","BATT":1,"INTERVAL":300},{"modelID":"ba-7e-1e-39-d7-38","modelType":"Wi-SHT10","DATAS":["Temperature","Humidity"],"Temperature":3.67,"Humidity":-959.04,"TIMESTAMP":"2022-12-18T00:27:08.644Z","BATT":1,"INTERVAL":300},{"modelID":"ba-7e-1e-39-d7-38","modelType":"Wi-SHT10","DATAS":["Temperature","Humidity"],"Temperature":3.67,"Humidity":-959.04,"TIMESTAMP":"2022-12-18T00:22:28.422Z","BATT":1,"INTERVAL":300},{"modelID":"ba-7e-1e-39-d7-38","modelType":"Wi-SHT10","DATAS":["Temperature","Humidity"],"Temperature":3.4,"Humidity":-959.04,"TIMESTAMP":"2022-12-18T00:17:23.002Z","BATT":1,"INTERVAL":300},{"modelID":"ba-7e-1e-39-d7-38","modelType":"Wi-SHT10","DATAS":["Temperature","Humidity"],"Temperature":3.77,"Humidity":-959.04,"TIMESTAMP":"2022-12-18T00:12:28.481Z","BATT":1,"INTERVAL":300},{"modelID":"ba-7e-1e-39-d7-38","modelType":"Wi-SHT10","DATAS":["Temperature","Humidity"],"Temperature":3.6,"Humidity":-959.04,"TIMESTAMP":"2022-12-18T00:02:12.162Z","BATT":1,"INTERVAL":300},{"modelID":"ba-7e-1e-39-d7-38","modelType":"Wi-SHT10","DATAS":["Temperature","Humidity"],"Temperature":3.73,"Humidity":-959.04,"TIMESTAMP":"2022-12-17T23:57:28.540Z","BATT":1,"INTERVAL":300},{"modelID":"ba-7e-1e-39-d7-38","modelType":"Wi-SHT10","DATAS":["Temperature","Humidity"],"Temperature":3.4,"Humidity":-959.04,"TIMESTAMP":"2022-12-17T23:52:12.198Z","BATT":1,"INTERVAL":300},{"modelID":"ba-7e-1e-39-d7-38","modelType":"Wi-SHT10","DATAS":["Temperature","Humidity"],"Temperature":3.73,"Humidity":-959.04,"TIMESTAMP":"2022-12-17T23:47:27.200Z","BATT":1,"INTERVAL":300},{"modelID":"ba-7e-1e-39-d7-38","modelType":"Wi-SHT10","DATAS":["Temperature","Humidity"],"Temperature":3.5,"Humidity":-959.04,"TIMESTAMP":"2022-12-17T23:42:21.189Z","BATT":1,"INTERVAL":300},{"modelID":"ba-7e-1e-39-d7-38","modelType":"Wi-SHT10","DATAS":["Temperature","Humidity"],"Temperature":3.46,"Humidity":-959.04,"TIMESTAMP":"2022-12-17T23:37:12.264Z","BATT":1,"INTERVAL":300},{"modelID":"ba-7e-1e-39-d7-38","modelType":"Wi-SHT10","DATAS":["Temperature","Humidity"],"Temperature":3.73,"Humidity":-959.04,"TIMESTAMP":"2022-12-17T23:32:08.627Z","BATT":1,"INTERVAL":300},{"modelID":"ba-7e-1e-39-d7-38","modelType":"Wi-SHT10","DATAS":["Temperature","Humidity"],"Temperature":3.36,"Humidity":-959.04,"TIMESTAMP":"2022-12-17T23:26:55.600Z","BATT":1,"INTERVAL":300},{"modelID":"ba-7e-1e-39-d7-38","modelType":"Wi-SHT10","DATAS":["Temperature","Humidity"],"Temperature":3.7,"Humidity":-959.04,"TIMESTAMP":"2022-12-17T23:22:06.497Z","BATT":1,"INTERVAL":300},{"modelID":"ba-7e-1e-39-d7-38","modelType":"Wi-SHT10","DATAS":["Temperature","Humidity"],"Temperature":3.67,"Humidity":-959.04,"TIMESTAMP":"2022-12-17T23:17:28.715Z","BATT":1,"INTERVAL":300},{"modelID":"ba-7e-1e-39-d7-38","modelType":"Wi-SHT10","DATAS":["Temperature","Humidity"],"Temperature":3.4,"Humidity":-959.04,"TIMESTAMP":"2022-12-17T23:12:23.292Z","BATT":1,"INTERVAL":300},{"modelID":"ba-7e-1e-39-d7-38","modelType":"Wi-SHT10","DATAS":["Temperature","Humidity"],"Temperature":3.77,"Humidity":-959.04,"TIMESTAMP":"2022-12-17T23:07:15.912Z","BATT":1,"INTERVAL":300},{"modelID":"ba-7e-1e-39-d7-38","modelType":"Wi-SHT10","DATAS":["Temperature","Humidity"],"Temperature":3.43,"Humidity":-959.04,"TIMESTAMP":"2022-12-17T23:01:46.463Z","BATT":1,"INTERVAL":300},{"modelID":"ba-7e-1e-39-d7-38","modelType":"Wi-SHT10","DATAS":["Temperature","Humidity"],"Temperature":3.6,"Humidity":-959.04,"TIMESTAMP":"2022-12-17T22:57:12.447Z","BATT":1,"INTERVAL":300},{"modelID":"ba-7e-1e-39-d7-38","modelType":"Wi-SHT10","DATAS":["Temperature","Humidity"],"Temperature":3.73,"Humidity":-959.04,"TIMESTAMP":"2022-12-17T22:52:28.834Z","BATT":1,"INTERVAL":300},{"modelID":"ba-7e-1e-39-d7-38","modelType":"Wi-SHT10","DATAS":["Temperature","Humidity"],"Temperature":3.4,"Humidity":-959.04,"TIMESTAMP":"2022-12-17T22:47:23.395Z","BATT":1,"INTERVAL":300},{"modelID":"ba-7e-1e-39-d7-38","modelType":"Wi-SHT10","DATAS":["Temperature","Humidity"],"Temperature":3.77,"Humidity":-959.04,"TIMESTAMP":"2022-12-17T22:42:17.016Z","BATT":1,"INTERVAL":300},{"modelID":"ba-7e-1e-39-d7-38","modelType":"Wi-SHT10","DATAS":["Temperature","Humidity"],"Temperature":3.53,"Humidity":-959.04,"TIMESTAMP":"2022-12-17T22:37:13.983Z","BATT":1,"INTERVAL":300},{"modelID":"ba-7e-1e-39-d7-38","modelType":"Wi-SHT10","DATAS":["Temperature","Humidity"],"Temperature":3.43,"Humidity":-959.04,"TIMESTAMP":"2022-12-17T22:32:23.454Z","BATT":1,"INTERVAL":300},{"modelID":"ba-7e-1e-39-d7-38","modelType":"Wi-SHT10","DATAS":["Temperature","Humidity"],"Temperature":3.77,"Humidity":-959.04,"TIMESTAMP":"2022-12-17T22:27:28.919Z","BATT":1,"INTERVAL":300},{"modelID":"ba-7e-1e-39-d7-38","modelType":"Wi-SHT10","DATAS":["Temperature","Humidity"],"Temperature":3.4,"Humidity":-959.04,"TIMESTAMP":"2022-12-17T22:21:51.715Z","BATT":1,"INTERVAL":300},{"modelID":"ba-7e-1e-39-d7-38","modelType":"Wi-SHT10","DATAS":["Temperature","Humidity"],"Temperature":3.7,"Humidity":-959.04,"TIMESTAMP":"2022-12-17T22:17:12.612Z","BATT":1,"INTERVAL":300},{"modelID":"ba-7e-1e-39-d7-38","modelType":"Wi-SHT10","DATAS":["Temperature","Humidity"],"Temperature":3.73,"Humidity":-959.04,"TIMESTAMP":"2022-12-17T22:12:14.093Z","BATT":1,"INTERVAL":300},{"modelID":"ba-7e-1e-39-d7-38","modelType":"Wi-SHT10","DATAS":["Temperature","Humidity"],"Temperature":3.43,"Humidity":-959.04,"TIMESTAMP":"2022-12-17T22:07:16.419Z","BATT":1,"INTERVAL":300},{"modelID":"ba-7e-1e-39-d7-38","modelType":"Wi-SHT10","DATAS":["Temperature","Humidity"],"Temperature":3.73,"Humidity":-959.04,"TIMESTAMP":"2022-12-17T22:02:27.650Z","BATT":1,"INTERVAL":300},{"modelID":"ba-7e-1e-39-d7-38","modelType":"Wi-SHT10","DATAS":["Temperature","Humidity"],"Temperature":3.5,"Humidity":-959.04,"TIMESTAMP":"2022-12-17T21:57:40.100Z","BATT":1,"INTERVAL":300},{"modelID":"ba-7e-1e-39-d7-38","modelType":"Wi-SHT10","DATAS":["Temperature","Humidity"],"Temperature":3.57,"Humidity":-959.04,"TIMESTAMP":"2022-12-17T21:52:12.724Z","BATT":1,"INTERVAL":300},{"modelID":"ba-7e-1e-39-d7-38","modelType":"Wi-SHT10","DATAS":["Temperature","Humidity"],"Temperature":3.73,"Humidity":-959.04,"TIMESTAMP":"2022-12-17T21:47:12.180Z","BATT":1,"INTERVAL":300},{"modelID":"ba-7e-1e-39-d7-38","modelType":"Wi-SHT10","DATAS":["Temperature","Humidity"],"Temperature":3.36,"Humidity":-959.04,"TIMESTAMP":"2022-12-17T21:41:51.892Z","BATT":1,"INTERVAL":300},{"modelID":"ba-7e-1e-39-d7-38","modelType":"Wi-SHT10","DATAS":["Temperature","Humidity"],"Temperature":3.7,"Humidity":-959.04,"TIMESTAMP":"2022-12-17T21:37:17.321Z","BATT":1,"INTERVAL":300},{"modelID":"ba-7e-1e-39-d7-38","modelType":"Wi-SHT10","DATAS":["Temperature","Humidity"],"Temperature":3.53,"Humidity":-959.04,"TIMESTAMP":"2022-12-17T21:32:14.253Z","BATT":1,"INTERVAL":300},{"modelID":"ba-7e-1e-39-d7-38","modelType":"Wi-SHT10","DATAS":["Temperature","Humidity"],"Temperature":3.43,"Humidity":-959.04,"TIMESTAMP":"2022-12-17T21:27:13.624Z","BATT":1,"INTERVAL":300},{"modelID":"ba-7e-1e-39-d7-38","modelType":"Wi-SHT10","DATAS":["Temperature","Humidity"],"Temperature":3.73,"Humidity":-959.04,"TIMESTAMP":"2022-12-17T21:22:29.203Z","BATT":1,"INTERVAL":300},{"modelID":"ba-7e-1e-39-d7-38","modelType":"Wi-SHT10","DATAS":["Temperature","Humidity"],"Temperature":3.4,"Humidity":-959.04,"TIMESTAMP":"2022-12-17T21:17:03.540Z","BATT":1,"INTERVAL":300},{"modelID":"ba-7e-1e-39-d7-38","modelType":"Wi-SHT10","DATAS":["Temperature","Humidity"],"Temperature":3.63,"Humidity":-959.04,"TIMESTAMP":"2022-12-17T21:12:12.895Z","BATT":1,"INTERVAL":300},{"modelID":"ba-7e-1e-39-d7-38","modelType":"Wi-SHT10","DATAS":["Temperature","Humidity"],"Temperature":3.73,"Humidity":-959.04,"TIMESTAMP":"2022-12-17T21:07:29.276Z","BATT":1,"INTERVAL":300},{"modelID":"ba-7e-1e-39-d7-38","modelType":"Wi-SHT10","DATAS":["Temperature","Humidity"],"Temperature":3.4,"Humidity":-959.04,"TIMESTAMP":"2022-12-17T21:02:12.967Z","BATT":1,"INTERVAL":300},{"modelID":"ba-7e-1e-39-d7-38","modelType":"Wi-SHT10","DATAS":["Temperature","Humidity"],"Temperature":3.73,"Humidity":-959.04,"TIMESTAMP":"2022-12-17T20:57:21.919Z","BATT":1,"INTERVAL":300},{"modelID":"ba-7e-1e-39-d7-38","modelType":"Wi-SHT10","DATAS":["Temperature","Humidity"],"Temperature":3.46,"Humidity":-959.04,"TIMESTAMP":"2022-12-17T20:52:17.498Z","BATT":1,"INTERVAL":300},{"modelID":"ba-7e-1e-39-d7-38","modelType":"Wi-SHT10","DATAS":["Temperature","Humidity"],"Temperature":3.53,"Humidity":-959.04,"TIMESTAMP":"2022-12-17T20:47:12.998Z","BATT":1,"INTERVAL":300},{"modelID":"ba-7e-1e-39-d7-38","modelType":"Wi-SHT10","DATAS":["Temperature","Humidity"],"Temperature":3.73,"Humidity":-959.04,"TIMESTAMP":"2022-12-17T20:42:25.488Z","BATT":1,"INTERVAL":300},{"modelID":"ba-7e-1e-39-d7-38","modelType":"Wi-SHT10","DATAS":["Temperature","Humidity"],"Temperature":3.33,"Humidity":-959.04,"TIMESTAMP":"2022-12-17T20:36:52.180Z","BATT":1,"INTERVAL":300},{"modelID":"ba-7e-1e-39-d7-38","modelType":"Wi-SHT10","DATAS":["Temperature","Humidity"],"Temperature":3.7,"Humidity":-959.04,"TIMESTAMP":"2022-12-17T20:32:03.740Z","BATT":1,"INTERVAL":300},{"modelID":"ba-7e-1e-39-d7-38","modelType":"Wi-SHT10","DATAS":["Temperature","Humidity"],"Temperature":3.63,"Humidity":-959.04,"TIMESTAMP":"2022-12-17T20:27:29.439Z","BATT":1,"INTERVAL":300},{"modelID":"ba-7e-1e-39-d7-38","modelType":"Wi-SHT10","DATAS":["Temperature","Humidity"],"Temperature":3.4,"Humidity":-959.04,"TIMESTAMP":"2022-12-17T20:22:36.678Z","BATT":1,"INTERVAL":300},{"modelID":"ba-7e-1e-39-d7-38","modelType":"Wi-SHT10","DATAS":["Temperature","Humidity"],"Temperature":3.8,"Humidity":-959.04,"TIMESTAMP":"2022-12-17T20:17:14.579Z","BATT":1,"INTERVAL":300},{"modelID":"ba-7e-1e-39-d7-38","modelType":"Wi-SHT10","DATAS":["Temperature","Humidity"],"Temperature":3.43,"Humidity":-959.04,"TIMESTAMP":"2022-12-17T20:12:07.320Z","BATT":1,"INTERVAL":300},{"modelID":"ba-7e-1e-39-d7-38","modelType":"Wi-SHT10","DATAS":["Temperature","Humidity"],"Temperature":3.67,"Humidity":-959.04,"TIMESTAMP":"2022-12-17T20:07:13.182Z","BATT":1,"INTERVAL":300},{"modelID":"ba-7e-1e-39-d7-38","modelType":"Wi-SHT10","DATAS":["Temperature","Humidity"],"Temperature":3.73,"Humidity":-959.04,"TIMESTAMP":"2022-12-17T20:02:29.553Z","BATT":1,"INTERVAL":300},{"modelID":"ba-7e-1e-39-d7-38","modelType":"Wi-SHT10","DATAS":["Temperature","Humidity"],"Temperature":3.4,"Humidity":-959.04,"TIMESTAMP":"2022-12-17T19:57:24.134Z","BATT":1,"INTERVAL":300},{"modelID":"ba-7e-1e-39-d7-38","modelType":"Wi-SHT10","DATAS":["Temperature","Humidity"],"Temperature":3.77,"Humidity":-959.04,"TIMESTAMP":"2022-12-17T19:52:17.751Z","BATT":1,"INTERVAL":300},{"modelID":"ba-7e-1e-39-d7-38","modelType":"Wi-SHT10","DATAS":["Temperature","Humidity"],"Temperature":3.53,"Humidity":-959.04,"TIMESTAMP":"2022-12-17T19:47:28.240Z","BATT":1,"INTERVAL":300},{"modelID":"ba-7e-1e-39-d7-38","modelType":"Wi-SHT10","DATAS":["Temperature","Humidity"],"Temperature":3.5,"Humidity":-959.04,"TIMESTAMP":"2022-12-17T19:42:13.284Z","BATT":1,"INTERVAL":300},{"modelID":"ba-7e-1e-39-d7-38","modelType":"Wi-SHT10","DATAS":["Temperature","Humidity"],"Temperature":3.73,"Humidity":-959.04,"TIMESTAMP":"2022-12-17T19:37:09.648Z","BATT":1,"INTERVAL":300},{"modelID":"ba-7e-1e-39-d7-38","modelType":"Wi-SHT10","DATAS":["Temperature","Humidity"],"Temperature":3.36,"Humidity":-959.04,"TIMESTAMP":"2022-12-17T19:32:03.999Z","BATT":1,"INTERVAL":300},{"modelID":"ba-7e-1e-39-d7-38","modelType":"Wi-SHT10","DATAS":["Temperature","Humidity"],"Temperature":3.63,"Humidity":-959.04,"TIMESTAMP":"2022-12-17T19:27:40.758Z","BATT":1,"INTERVAL":300},{"modelID":"ba-7e-1e-39-d7-38","modelType":"Wi-SHT10","DATAS":["Temperature","Humidity"],"Temperature":3.57,"Humidity":-959.04,"TIMESTAMP":"2022-12-17T19:22:09.700Z","BATT":1,"INTERVAL":300},{"modelID":"ba-7e-1e-39-d7-38","modelType":"Wi-SHT10","DATAS":["Temperature","Humidity"],"Temperature":3.36,"Humidity":-959.04,"TIMESTAMP":"2022-12-17T19:17:13.402Z","BATT":1,"INTERVAL":300},{"modelID":"ba-7e-1e-39-d7-38","modelType":"Wi-SHT10","DATAS":["Temperature","Humidity"],"Temperature":3.73,"Humidity":-959.04,"TIMESTAMP":"2022-12-17T19:12:14.866Z","BATT":1,"INTERVAL":300},{"modelID":"ba-7e-1e-39-d7-38","modelType":"Wi-SHT10","DATAS":["Temperature","Humidity"],"Temperature":3.43,"Humidity":-959.04,"TIMESTAMP":"2022-12-17T19:07:07.588Z","BATT":1,"INTERVAL":300},{"modelID":"ba-7e-1e-39-d7-38","modelType":"Wi-SHT10","DATAS":["Temperature","Humidity"],"Temperature":3.67,"Humidity":-959.04,"TIMESTAMP":"2022-12-17T19:01:52.597Z","BATT":1,"INTERVAL":300},{"modelID":"ba-7e-1e-39-d7-38","modelType":"Wi-SHT10","DATAS":["Temperature","Humidity"],"Temperature":3.7,"Humidity":-959.04,"TIMESTAMP":"2022-12-17T18:57:29.837Z","BATT":1,"INTERVAL":300},{"modelID":"ba-7e-1e-39-d7-38","modelType":"Wi-SHT10","DATAS":["Temperature","Humidity"],"Temperature":3.4,"Humidity":-959.04,"TIMESTAMP":"2022-12-17T18:52:13.516Z","BATT":1,"INTERVAL":300},{"modelID":"ba-7e-1e-39-d7-38","modelType":"Wi-SHT10","DATAS":["Temperature","Humidity"],"Temperature":3.73,"Humidity":-959.04,"TIMESTAMP":"2022-12-17T18:47:22.478Z","BATT":1,"INTERVAL":300},{"modelID":"ba-7e-1e-39-d7-38","modelType":"Wi-SHT10","DATAS":["Temperature","Humidity"],"Temperature":3.46,"Humidity":-959.04,"TIMESTAMP":"2022-12-17T18:42:28.516Z","BATT":1,"INTERVAL":300},{"modelID":"ba-7e-1e-39-d7-38","modelType":"Wi-SHT10","DATAS":["Temperature","Humidity"],"Temperature":3.5,"Humidity":-959.04,"TIMESTAMP":"2022-12-17T18:37:24.479Z","BATT":1,"INTERVAL":300},{"modelID":"ba-7e-1e-39-d7-38","modelType":"Wi-SHT10","DATAS":["Temperature","Humidity"],"Temperature":3.77,"Humidity":-959.04,"TIMESTAMP":"2022-12-17T18:32:29.937Z","BATT":1,"INTERVAL":300},{"modelID":"ba-7e-1e-39-d7-38","modelType":"Wi-SHT10","DATAS":["Temperature","Humidity"],"Temperature":3.4,"Humidity":-959.04,"TIMESTAMP":"2022-12-17T18:27:07.779Z","BATT":1,"INTERVAL":300},{"modelID":"ba-7e-1e-39-d7-38","modelType":"Wi-SHT10","DATAS":["Temperature","Humidity"],"Temperature":3.67,"Humidity":-959.04,"TIMESTAMP":"2022-12-17T18:22:04.298Z","BATT":1,"INTERVAL":300},{"modelID":"ba-7e-1e-39-d7-38","modelType":"Wi-SHT10","DATAS":["Temperature","Humidity"],"Temperature":3.63,"Humidity":-959.04,"TIMESTAMP":"2022-12-17T18:17:30.017Z","BATT":1,"INTERVAL":300},{"modelID":"ba-7e-1e-39-d7-38","modelType":"Wi-SHT10","DATAS":["Temperature","Humidity"],"Temperature":3.4,"Humidity":-959.04,"TIMESTAMP":"2022-12-17T18:12:24.599Z","BATT":1,"INTERVAL":300},{"modelID":"ba-7e-1e-39-d7-38","modelType":"Wi-SHT10","DATAS":["Temperature","Humidity"],"Temperature":3.77,"Humidity":-959.04,"TIMESTAMP":"2022-12-17T18:07:30.058Z","BATT":1,"INTERVAL":300},{"modelID":"ba-7e-1e-39-d7-38","modelType":"Wi-SHT10","DATAS":["Temperature","Humidity"],"Temperature":3.4,"Humidity":-959.04,"TIMESTAMP":"2022-12-17T18:02:07.876Z","BATT":1,"INTERVAL":300},{"modelID":"ba-7e-1e-39-d7-38","modelType":"Wi-SHT10","DATAS":["Temperature","Humidity"],"Temperature":3.67,"Humidity":-959.04,"TIMESTAMP":"2022-12-17T17:56:52.875Z","BATT":1,"INTERVAL":300},{"modelID":"ba-7e-1e-39-d7-38","modelType":"Wi-SHT10","DATAS":["Temperature","Humidity"],"Temperature":3.43,"Humidity":-959.04,"TIMESTAMP":"2022-12-17T17:46:55.183Z","BATT":1,"INTERVAL":300},{"modelID":"ba-7e-1e-39-d7-38","modelType":"Wi-SHT10","DATAS":["Temperature","Humidity"],"Temperature":3.7,"Humidity":-959.04,"TIMESTAMP":"2022-12-17T17:42:28.774Z","BATT":1,"INTERVAL":300},{"modelID":"ba-7e-1e-39-d7-38","modelType":"Wi-SHT10","DATAS":["Temperature","Humidity"],"Temperature":3.5,"Humidity":-959.04,"TIMESTAMP":"2022-12-17T17:37:41.234Z","BATT":1,"INTERVAL":300},{"modelID":"ba-7e-1e-39-d7-38","modelType":"Wi-SHT10","DATAS":["Temperature","Humidity"],"Temperature":3.57,"Humidity":-959.04,"TIMESTAMP":"2022-12-17T17:32:13.858Z","BATT":1,"INTERVAL":300},{"modelID":"ba-7e-1e-39-d7-38","modelType":"Wi-SHT10","DATAS":["Temperature","Humidity"],"Temperature":3.73,"Humidity":-959.04,"TIMESTAMP":"2022-12-17T17:27:10.195Z","BATT":1,"INTERVAL":300},{"modelID":"ba-7e-1e-39-d7-38","modelType":"Wi-SHT10","DATAS":["Temperature","Humidity"],"Temperature":3.36,"Humidity":-959.04,"TIMESTAMP":"2022-12-17T17:22:13.895Z","BATT":1,"INTERVAL":300},{"modelID":"ba-7e-1e-39-d7-38","modelType":"Wi-SHT10","DATAS":["Temperature","Humidity"],"Temperature":3.73,"Humidity":-959.04,"TIMESTAMP":"2022-12-17T17:16:47.954Z","BATT":1,"INTERVAL":300},{"modelID":"ba-7e-1e-39-d7-38","modelType":"Wi-SHT10","DATAS":["Temperature","Humidity"],"Temperature":3.6,"Humidity":-959.04,"TIMESTAMP":"2022-12-17T17:12:22.897Z","BATT":1,"INTERVAL":300},{"modelID":"ba-7e-1e-39-d7-38","modelType":"Wi-SHT10","DATAS":["Temperature","Humidity"],"Temperature":3.46,"Humidity":-959.04,"TIMESTAMP":"2022-12-17T17:07:24.877Z","BATT":1,"INTERVAL":300},{"modelID":"ba-7e-1e-39-d7-38","modelType":"Wi-SHT10","DATAS":["Temperature","Humidity"],"Temperature":3.77,"Humidity":-959.04,"TIMESTAMP":"2022-12-17T17:02:30.329Z","BATT":1,"INTERVAL":300},{"modelID":"ba-7e-1e-39-d7-38","modelType":"Wi-SHT10","DATAS":["Temperature","Humidity"],"Temperature":3.4,"Humidity":-959.04,"TIMESTAMP":"2022-12-17T16:56:53.127Z","BATT":1,"INTERVAL":300},{"modelID":"ba-7e-1e-39-d7-38","modelType":"Wi-SHT10","DATAS":["Temperature","Humidity"],"Temperature":3.7,"Humidity":-959.04,"TIMESTAMP":"2022-12-17T16:51:53.147Z","BATT":1,"INTERVAL":300},{"modelID":"ba-7e-1e-39-d7-38","modelType":"Wi-SHT10","DATAS":["Temperature","Humidity"],"Temperature":3.7,"Humidity":-959.04,"TIMESTAMP":"2022-12-17T16:47:30.415Z","BATT":1,"INTERVAL":300},{"modelID":"ba-7e-1e-39-d7-38","modelType":"Wi-SHT10","DATAS":["Temperature","Humidity"],"Temperature":3.4,"Humidity":-959.04,"TIMESTAMP":"2022-12-17T16:42:24.987Z","BATT":1,"INTERVAL":300},{"modelID":"ba-7e-1e-39-d7-38","modelType":"Wi-SHT10","DATAS":["Temperature","Humidity"],"Temperature":3.77,"Humidity":-959.04,"TIMESTAMP":"2022-12-17T16:37:30.447Z","BATT":1,"INTERVAL":300},{"modelID":"ba-7e-1e-39-d7-38","modelType":"Wi-SHT10","DATAS":["Temperature","Humidity"],"Temperature":3.4,"Humidity":-959.04,"TIMESTAMP":"2022-12-17T16:31:48.145Z","BATT":1,"INTERVAL":300},{"modelID":"ba-7e-1e-39-d7-38","modelType":"Wi-SHT10","DATAS":["Temperature","Humidity"],"Temperature":3.6,"Humidity":-959.04,"TIMESTAMP":"2022-12-17T16:26:53.267Z","BATT":1,"INTERVAL":300},{"modelID":"ba-7e-1e-39-d7-38","modelType":"Wi-SHT10","DATAS":["Temperature","Humidity"],"Temperature":3.7,"Humidity":-959.04,"TIMESTAMP":"2022-12-17T16:22:10.486Z","BATT":1,"INTERVAL":300},{"modelID":"ba-7e-1e-39-d7-38","modelType":"Wi-SHT10","DATAS":["Temperature","Humidity"],"Temperature":3.36,"Humidity":-959.04,"TIMESTAMP":"2022-12-17T16:16:53.305Z","BATT":1,"INTERVAL":300},{"modelID":"ba-7e-1e-39-d7-38","modelType":"Wi-SHT10","DATAS":["Temperature","Humidity"],"Temperature":3.7,"Humidity":-959.04,"TIMESTAMP":"2022-12-17T16:12:29.178Z","BATT":1,"INTERVAL":300},{"modelID":"ba-7e-1e-39-d7-38","modelType":"Wi-SHT10","DATAS":["Temperature","Humidity"],"Temperature":3.5,"Humidity":-959.04,"TIMESTAMP":"2022-12-17T16:07:23.286Z","BATT":1,"INTERVAL":300},{"modelID":"ba-7e-1e-39-d7-38","modelType":"Wi-SHT10","DATAS":["Temperature","Humidity"],"Temperature":3.46,"Humidity":-959.04,"TIMESTAMP":"2022-12-17T16:02:25.167Z","BATT":1,"INTERVAL":300}],"DAYHOURS":["12","11","10","9","8","7","6","5","4","3","2","1","0"]}