{"SENSORNAME":"L3-Treatment 1(Oncology)","SENSORTYPE":"WISENSOR","DTUID":"-1","SENSORID":"BA-12-7B-2A-78-DF","DATE0":"2022-12-18T03:56:14.760Z","DATE1":"2022-03-22T00:14:23.854Z","DAYDATA":[{"modelID":"ba-12-7b-2a-78-df","modelType":"Wi-SHT10A","DATAS":["Temperature","Humidity"],"Temperature":4.35,"Humidity":0,"TIMESTAMP":"2022-12-18T03:56:14.760Z","BATT":100,"INTERVAL":1200},{"modelID":"ba-12-7b-2a-78-df","modelType":"Wi-SHT10A","DATAS":["Temperature","Humidity"],"Temperature":4.38,"Humidity":0,"TIMESTAMP":"2022-12-18T03:35:43.319Z","BATT":100,"INTERVAL":1200},{"modelID":"ba-12-7b-2a-78-df","modelType":"Wi-SHT10A","DATAS":["Temperature","Humidity"],"Temperature":5.05,"Humidity":0,"TIMESTAMP":"2022-12-18T02:56:32.107Z","BATT":100,"INTERVAL":1200},{"modelID":"ba-12-7b-2a-78-df","modelType":"Wi-SHT10A","DATAS":["Temperature","Humidity"],"Temperature":5.12,"Humidity":0,"TIMESTAMP":"2022-12-18T02:36:04.167Z","BATT":100,"INTERVAL":1200},{"modelID":"ba-12-7b-2a-78-df","modelType":"Wi-SHT10A","DATAS":["Temperature","Humidity"],"Temperature":4.55,"Humidity":0,"TIMESTAMP":"2022-12-18T02:15:57.187Z","BATT":100,"INTERVAL":1200},{"modelID":"ba-12-7b-2a-78-df","modelType":"Wi-SHT10A","DATAS":["Temperature","Humidity"],"Temperature":4.38,"Humidity":0,"TIMESTAMP":"2022-12-18T01:36:32.940Z","BATT":100,"INTERVAL":1200},{"modelID":"ba-12-7b-2a-78-df","modelType":"Wi-SHT10A","DATAS":["Temperature","Humidity"],"Temperature":4.95,"Humidity":0,"TIMESTAMP":"2022-12-18T01:15:43.220Z","BATT":100,"INTERVAL":1200},{"modelID":"ba-12-7b-2a-78-df","modelType":"Wi-SHT10A","DATAS":["Temperature","Humidity"],"Temperature":5.19,"Humidity":0,"TIMESTAMP":"2022-12-18T00:56:32.648Z","BATT":100,"INTERVAL":1200},{"modelID":"ba-12-7b-2a-78-df","modelType":"Wi-SHT10A","DATAS":["Temperature","Humidity"],"Temperature":5.12,"Humidity":0,"TIMESTAMP":"2022-12-18T00:36:05.582Z","BATT":100,"INTERVAL":1200},{"modelID":"ba-12-7b-2a-78-df","modelType":"Wi-SHT10A","DATAS":["Temperature","Humidity"],"Temperature":4.45,"Humidity":0,"TIMESTAMP":"2022-12-18T00:15:46.201Z","BATT":100,"INTERVAL":1200},{"modelID":"ba-12-7b-2a-78-df","modelType":"Wi-SHT10A","DATAS":["Temperature","Humidity"],"Temperature":4.41,"Humidity":0,"TIMESTAMP":"2022-12-17T23:55:51.983Z","BATT":100,"INTERVAL":1200},{"modelID":"ba-12-7b-2a-78-df","modelType":"Wi-SHT10A","DATAS":["Temperature","Humidity"],"Temperature":4.99,"Humidity":0,"TIMESTAMP":"2022-12-17T23:35:43.645Z","BATT":100,"INTERVAL":1200},{"modelID":"ba-12-7b-2a-78-df","modelType":"Wi-SHT10A","DATAS":["Temperature","Humidity"],"Temperature":5.19,"Humidity":0,"TIMESTAMP":"2022-12-17T23:16:24.895Z","BATT":100,"INTERVAL":1200},{"modelID":"ba-12-7b-2a-78-df","modelType":"Wi-SHT10A","DATAS":["Temperature","Humidity"],"Temperature":4.68,"Humidity":0,"TIMESTAMP":"2022-12-17T22:55:46.538Z","BATT":100,"INTERVAL":1200},{"modelID":"ba-12-7b-2a-78-df","modelType":"Wi-SHT10A","DATAS":["Temperature","Humidity"],"Temperature":4.25,"Humidity":0,"TIMESTAMP":"2022-12-17T22:16:14.954Z","BATT":100,"INTERVAL":1200},{"modelID":"ba-12-7b-2a-78-df","modelType":"Wi-SHT10A","DATAS":["Temperature","Humidity"],"Temperature":5.05,"Humidity":0,"TIMESTAMP":"2022-12-17T21:36:41.893Z","BATT":100,"INTERVAL":1200},{"modelID":"ba-12-7b-2a-78-df","modelType":"Wi-SHT10A","DATAS":["Temperature","Humidity"],"Temperature":5.15,"Humidity":0,"TIMESTAMP":"2022-12-17T21:16:25.454Z","BATT":100,"INTERVAL":1200},{"modelID":"ba-12-7b-2a-78-df","modelType":"Wi-SHT10A","DATAS":["Temperature","Humidity"],"Temperature":4.68,"Humidity":0,"TIMESTAMP":"2022-12-17T20:55:50.360Z","BATT":100,"INTERVAL":1200},{"modelID":"ba-12-7b-2a-78-df","modelType":"Wi-SHT10A","DATAS":["Temperature","Humidity"],"Temperature":4.31,"Humidity":0,"TIMESTAMP":"2022-12-17T20:36:06.647Z","BATT":100,"INTERVAL":1200},{"modelID":"ba-12-7b-2a-78-df","modelType":"Wi-SHT10A","DATAS":["Temperature","Humidity"],"Temperature":4.45,"Humidity":0,"TIMESTAMP":"2022-12-17T20:16:03.507Z","BATT":100,"INTERVAL":1200},{"modelID":"ba-12-7b-2a-78-df","modelType":"Wi-SHT10A","DATAS":["Temperature","Humidity"],"Temperature":5.12,"Humidity":0,"TIMESTAMP":"2022-12-17T19:36:34.059Z","BATT":100,"INTERVAL":1200},{"modelID":"ba-12-7b-2a-78-df","modelType":"Wi-SHT10A","DATAS":["Temperature","Humidity"],"Temperature":5.12,"Humidity":0,"TIMESTAMP":"2022-12-17T19:16:41.181Z","BATT":100,"INTERVAL":1200},{"modelID":"ba-12-7b-2a-78-df","modelType":"Wi-SHT10A","DATAS":["Temperature","Humidity"],"Temperature":4.52,"Humidity":0,"TIMESTAMP":"2022-12-17T18:55:59.138Z","BATT":100,"INTERVAL":1200},{"modelID":"ba-12-7b-2a-78-df","modelType":"Wi-SHT10A","DATAS":["Temperature","Humidity"],"Temperature":4.35,"Humidity":0,"TIMESTAMP":"2022-12-17T18:36:16.819Z","BATT":100,"INTERVAL":1200},{"modelID":"ba-12-7b-2a-78-df","modelType":"Wi-SHT10A","DATAS":["Temperature","Humidity"],"Temperature":4.62,"Humidity":0,"TIMESTAMP":"2022-12-17T18:15:53.496Z","BATT":100,"INTERVAL":1200},{"modelID":"ba-12-7b-2a-78-df","modelType":"Wi-SHT10A","DATAS":["Temperature","Humidity"],"Temperature":4.99,"Humidity":0,"TIMESTAMP":"2022-12-17T17:56:42.875Z","BATT":100,"INTERVAL":1200},{"modelID":"ba-12-7b-2a-78-df","modelType":"Wi-SHT10A","DATAS":["Temperature","Humidity"],"Temperature":5.15,"Humidity":0,"TIMESTAMP":"2022-12-17T17:36:02.395Z","BATT":100,"INTERVAL":1200},{"modelID":"ba-12-7b-2a-78-df","modelType":"Wi-SHT10A","DATAS":["Temperature","Humidity"],"Temperature":4.72,"Humidity":0,"TIMESTAMP":"2022-12-17T17:15:48.055Z","BATT":100,"INTERVAL":1200},{"modelID":"ba-12-7b-2a-78-df","modelType":"Wi-SHT10A","DATAS":["Temperature","Humidity"],"Temperature":4.31,"Humidity":0,"TIMESTAMP":"2022-12-17T16:36:21.226Z","BATT":100,"INTERVAL":1200},{"modelID":"ba-12-7b-2a-78-df","modelType":"Wi-SHT10A","DATAS":["Temperature","Humidity"],"Temperature":4.78,"Humidity":0,"TIMESTAMP":"2022-12-17T16:15:45.606Z","BATT":100,"INTERVAL":1200}],"DAYHOURS":["11","10","9","8","7","6","5","4","3","2","1","0"]}