{"SENSORNAME":"WATER COOLING PACK UNIT B - CWR PRESS 1","SENSORTYPE":"WTRPRS(485)","DTUID":"215","SENSORID":"33","DATE0":"2022-12-18T03:27:55.149Z","DATE1":"2022-02-13T09:05:23.195Z","DAYDATA":[{"DTUID":"215","SENSORID":33,"FUNCID":3,"NDATA":2,"SENSORTYPE":"WATER-PRES","RCV_BYTES":["4366","F375"],"DATAS":[17254,-3211],"DATAS1":[],"DATAS2":[],"TIMESTAMP":"2022-12-18T03:27:55.149Z"},{"DTUID":"215","SENSORID":33,"FUNCID":3,"NDATA":2,"SENSORTYPE":"WATER-PRES","RCV_BYTES":["435A","6ED9"],"DATAS":[17242,28377],"DATAS1":[],"DATAS2":[],"TIMESTAMP":"2022-12-18T02:27:48.927Z"},{"DTUID":"215","SENSORID":33,"FUNCID":3,"NDATA":2,"SENSORTYPE":"WATER-PRES","RCV_BYTES":["435C","DB23"],"DATAS":[17244,-9437],"DATAS1":[],"DATAS2":[],"TIMESTAMP":"2022-12-18T01:27:44.187Z"},{"DTUID":"215","SENSORID":33,"FUNCID":3,"NDATA":2,"SENSORTYPE":"WATER-PRES","RCV_BYTES":["4370","A419"],"DATAS":[17264,-23527],"DATAS1":[],"DATAS2":[],"TIMESTAMP":"2022-12-18T00:47:41.973Z"},{"DTUID":"215","SENSORID":33,"FUNCID":3,"NDATA":2,"SENSORTYPE":"WATER-PRES","RCV_BYTES":["4328","91AA"],"DATAS":[17192,-28246],"DATAS1":[],"DATAS2":[],"TIMESTAMP":"2022-12-18T00:27:42.146Z"},{"DTUID":"215","SENSORID":33,"FUNCID":3,"NDATA":2,"SENSORTYPE":"WATER-PRES","RCV_BYTES":["4343","6B85"],"DATAS":[17219,27525],"DATAS1":[],"DATAS2":[],"TIMESTAMP":"2022-12-17T23:27:39.842Z"},{"DTUID":"215","SENSORID":33,"FUNCID":3,"NDATA":2,"SENSORTYPE":"WATER-PRES","RCV_BYTES":["4322","B74C"],"DATAS":[17186,-18612],"DATAS1":[],"DATAS2":[],"TIMESTAMP":"2022-12-17T21:47:25.723Z"},{"DTUID":"215","SENSORID":33,"FUNCID":3,"NDATA":2,"SENSORTYPE":"WATER-PRES","RCV_BYTES":["436C","3375"],"DATAS":[17260,13173],"DATAS1":[],"DATAS2":[],"TIMESTAMP":"2022-12-17T21:27:26.224Z"},{"DTUID":"215","SENSORID":33,"FUNCID":3,"NDATA":2,"SENSORTYPE":"WATER-PRES","RCV_BYTES":["4345","0937"],"DATAS":[17221,2359],"DATAS1":[],"DATAS2":[],"TIMESTAMP":"2022-12-17T19:27:19.062Z"},{"DTUID":"215","SENSORID":33,"FUNCID":3,"NDATA":2,"SENSORTYPE":"WATER-PRES","RCV_BYTES":["434D","83D7"],"DATAS":[17229,-31785],"DATAS1":[],"DATAS2":[],"TIMESTAMP":"2022-12-17T18:27:13.764Z"}],"DAYHOURS":["11","10","9","8","7","5","3","2"]}