{"SENSORNAME":"DEHUMIDIFIER 4","SENSORTYPE":"AIRFLW(485)","DTUID":"206","SENSORID":"65","DATE0":"2022-12-18T03:28:22.989Z","DATE1":"2022-02-13T09:06:19.807Z","DAYDATA":[{"DTUID":"206","SENSORID":65,"FUNCID":3,"NDATA":2,"SENSORTYPE":"AIRFLOW-VEL","RCV_BYTES":["000E","13B0"],"DATAS":[14,5040],"DATAS1":[],"DATAS2":[],"TIMESTAMP":"2022-12-18T03:28:22.989Z"},{"DTUID":"206","SENSORID":65,"FUNCID":3,"NDATA":2,"SENSORTYPE":"AIRFLOW-VEL","RCV_BYTES":["000D","1248"],"DATAS":[13,4680],"DATAS1":[],"DATAS2":[],"TIMESTAMP":"2022-12-18T02:28:17.018Z"},{"DTUID":"206","SENSORID":65,"FUNCID":3,"NDATA":2,"SENSORTYPE":"AIRFLOW-VEL","RCV_BYTES":["000E","13B0"],"DATAS":[14,5040],"DATAS1":[],"DATAS2":[],"TIMESTAMP":"2022-12-18T01:28:15.235Z"},{"DTUID":"206","SENSORID":65,"FUNCID":3,"NDATA":2,"SENSORTYPE":"AIRFLOW-VEL","RCV_BYTES":["0010","1680"],"DATAS":[16,5760],"DATAS1":[],"DATAS2":[],"TIMESTAMP":"2022-12-18T00:48:09.885Z"},{"DTUID":"206","SENSORID":65,"FUNCID":3,"NDATA":2,"SENSORTYPE":"AIRFLOW-VEL","RCV_BYTES":["000E","13B0"],"DATAS":[14,5040],"DATAS1":[],"DATAS2":[],"TIMESTAMP":"2022-12-18T00:28:54.018Z"},{"DTUID":"206","SENSORID":65,"FUNCID":3,"NDATA":2,"SENSORTYPE":"AIRFLOW-VEL","RCV_BYTES":["0010","1680"],"DATAS":[16,5760],"DATAS1":[],"DATAS2":[],"TIMESTAMP":"2022-12-17T23:28:08.981Z"},{"DTUID":"206","SENSORID":65,"FUNCID":3,"NDATA":2,"SENSORTYPE":"AIRFLOW-VEL","RCV_BYTES":["000F","1518"],"DATAS":[15,5400],"DATAS1":[],"DATAS2":[],"TIMESTAMP":"2022-12-17T22:27:57.491Z"},{"DTUID":"206","SENSORID":65,"FUNCID":3,"NDATA":2,"SENSORTYPE":"AIRFLOW-VEL","RCV_BYTES":["000E","13B0"],"DATAS":[14,5040],"DATAS1":[],"DATAS2":[],"TIMESTAMP":"2022-12-17T21:47:53.803Z"},{"DTUID":"206","SENSORID":65,"FUNCID":3,"NDATA":2,"SENSORTYPE":"AIRFLOW-VEL","RCV_BYTES":["0010","1680"],"DATAS":[16,5760],"DATAS1":[],"DATAS2":[],"TIMESTAMP":"2022-12-17T21:27:54.104Z"},{"DTUID":"206","SENSORID":65,"FUNCID":3,"NDATA":2,"SENSORTYPE":"AIRFLOW-VEL","RCV_BYTES":["000E","13B0"],"DATAS":[14,5040],"DATAS1":[],"DATAS2":[],"TIMESTAMP":"2022-12-17T20:47:52.612Z"},{"DTUID":"206","SENSORID":65,"FUNCID":3,"NDATA":2,"SENSORTYPE":"AIRFLOW-VEL","RCV_BYTES":["000F","1518"],"DATAS":[15,5400],"DATAS1":[],"DATAS2":[],"TIMESTAMP":"2022-12-17T20:27:54.006Z"},{"DTUID":"206","SENSORID":65,"FUNCID":3,"NDATA":2,"SENSORTYPE":"AIRFLOW-VEL","RCV_BYTES":["000D","1248"],"DATAS":[13,4680],"DATAS1":[],"DATAS2":[],"TIMESTAMP":"2022-12-17T19:27:47.154Z"},{"DTUID":"206","SENSORID":65,"FUNCID":3,"NDATA":2,"SENSORTYPE":"AIRFLOW-VEL","RCV_BYTES":["000D","1248"],"DATAS":[13,4680],"DATAS1":[],"DATAS2":[],"TIMESTAMP":"2022-12-17T18:27:41.843Z"},{"DTUID":"206","SENSORID":65,"FUNCID":3,"NDATA":2,"SENSORTYPE":"AIRFLOW-VEL","RCV_BYTES":["000D","1248"],"DATAS":[13,4680],"DATAS1":[],"DATAS2":[],"TIMESTAMP":"2022-12-17T17:27:38.801Z"}],"DAYHOURS":["11","10","9","8","7","6","5","4","3","2","1"]}