{"SENSORNAME":"PROD 2 (BACKEND)","SENSORTYPE":"WISENSOR","DTUID":"-1","SENSORID":"B0-8A-EA-86-E2-C9","DATE0":"2022-12-18T04:08:10.380Z","DATE1":"2021-04-19T16:34:31.273Z","DAYDATA":[{"modelID":"b0-8a-ea-86-e2-c9","modelType":"Wi-SHT10","DATAS":["Temperature","Humidity"],"Temperature":25.76,"Humidity":68.0064,"TIMESTAMP":"2022-12-18T04:08:10.380Z","BATT":100,"INTERVAL":600},{"modelID":"b0-8a-ea-86-e2-c9","modelType":"Wi-SHT10","DATAS":["Temperature","Humidity"],"Temperature":25.69,"Humidity":68.3904,"TIMESTAMP":"2022-12-18T03:58:31.396Z","BATT":100,"INTERVAL":600},{"modelID":"b0-8a-ea-86-e2-c9","modelType":"Wi-SHT10","DATAS":["Temperature","Humidity"],"Temperature":25.59,"Humidity":68.7072,"TIMESTAMP":"2022-12-18T03:48:16.410Z","BATT":100,"INTERVAL":600},{"modelID":"b0-8a-ea-86-e2-c9","modelType":"Wi-SHT10","DATAS":["Temperature","Humidity"],"Temperature":25.49,"Humidity":69.2352,"TIMESTAMP":"2022-12-18T03:38:31.438Z","BATT":100,"INTERVAL":600},{"modelID":"b0-8a-ea-86-e2-c9","modelType":"Wi-SHT10","DATAS":["Temperature","Humidity"],"Temperature":25.46,"Humidity":69.6768,"TIMESTAMP":"2022-12-18T03:28:07.749Z","BATT":100,"INTERVAL":600},{"modelID":"b0-8a-ea-86-e2-c9","modelType":"Wi-SHT10","DATAS":["Temperature","Humidity"],"Temperature":25.4,"Humidity":69.8592,"TIMESTAMP":"2022-12-18T03:27:59.510Z","BATT":100,"INTERVAL":600},{"modelID":"b0-8a-ea-86-e2-c9","modelType":"Wi-SHT10","DATAS":["Temperature","Humidity"],"Temperature":25.32,"Humidity":70.3296,"TIMESTAMP":"2022-12-18T03:18:08.471Z","BATT":100,"INTERVAL":600},{"modelID":"b0-8a-ea-86-e2-c9","modelType":"Wi-SHT10","DATAS":["Temperature","Humidity"],"Temperature":25.28,"Humidity":70.8096,"TIMESTAMP":"2022-12-18T03:07:50.490Z","BATT":100,"INTERVAL":600},{"modelID":"b0-8a-ea-86-e2-c9","modelType":"Wi-SHT10","DATAS":["Temperature","Humidity"],"Temperature":25.2,"Humidity":71.37599999999999,"TIMESTAMP":"2022-12-18T02:58:02.507Z","BATT":100,"INTERVAL":600},{"modelID":"b0-8a-ea-86-e2-c9","modelType":"Wi-SHT10","DATAS":["Temperature","Humidity"],"Temperature":25.14,"Humidity":71.9808,"TIMESTAMP":"2022-12-18T02:48:27.547Z","BATT":100,"INTERVAL":600},{"modelID":"b0-8a-ea-86-e2-c9","modelType":"Wi-SHT10","DATAS":["Temperature","Humidity"],"Temperature":25.04,"Humidity":72.4224,"TIMESTAMP":"2022-12-18T02:38:27.566Z","BATT":100,"INTERVAL":600},{"modelID":"b0-8a-ea-86-e2-c9","modelType":"Wi-SHT10","DATAS":["Temperature","Humidity"],"Temperature":25.01,"Humidity":72.7296,"TIMESTAMP":"2022-12-18T02:28:45.194Z","BATT":100,"INTERVAL":600},{"modelID":"b0-8a-ea-86-e2-c9","modelType":"Wi-SHT10","DATAS":["Temperature","Humidity"],"Temperature":24.95,"Humidity":73.4496,"TIMESTAMP":"2022-12-18T02:17:46.587Z","BATT":100,"INTERVAL":600},{"modelID":"b0-8a-ea-86-e2-c9","modelType":"Wi-SHT10","DATAS":["Temperature","Humidity"],"Temperature":24.91,"Humidity":73.392,"TIMESTAMP":"2022-12-18T02:08:07.627Z","BATT":100,"INTERVAL":600},{"modelID":"b0-8a-ea-86-e2-c9","modelType":"Wi-SHT10","DATAS":["Temperature","Humidity"],"Temperature":24.7,"Humidity":73.7568,"TIMESTAMP":"2022-12-18T01:58:09.628Z","BATT":100,"INTERVAL":600},{"modelID":"b0-8a-ea-86-e2-c9","modelType":"Wi-SHT10","DATAS":["Temperature","Humidity"],"Temperature":24.61,"Humidity":73.92,"TIMESTAMP":"2022-12-18T01:47:49.667Z","BATT":100,"INTERVAL":600},{"modelID":"b0-8a-ea-86-e2-c9","modelType":"Wi-SHT10","DATAS":["Temperature","Humidity"],"Temperature":24.49,"Humidity":73.8048,"TIMESTAMP":"2022-12-18T01:38:28.677Z","BATT":100,"INTERVAL":600},{"modelID":"b0-8a-ea-86-e2-c9","modelType":"Wi-SHT10","DATAS":["Temperature","Humidity"],"Temperature":24.32,"Humidity":73.79520000000001,"TIMESTAMP":"2022-12-18T01:28:19.708Z","BATT":100,"INTERVAL":600},{"modelID":"b0-8a-ea-86-e2-c9","modelType":"Wi-SHT10","DATAS":["Temperature","Humidity"],"Temperature":24.28,"Humidity":73.7568,"TIMESTAMP":"2022-12-18T01:18:07.728Z","BATT":100,"INTERVAL":600},{"modelID":"b0-8a-ea-86-e2-c9","modelType":"Wi-SHT10","DATAS":["Temperature","Humidity"],"Temperature":24.18,"Humidity":73.5936,"TIMESTAMP":"2022-12-18T01:08:34.751Z","BATT":100,"INTERVAL":600},{"modelID":"b0-8a-ea-86-e2-c9","modelType":"Wi-SHT10","DATAS":["Temperature","Humidity"],"Temperature":24.13,"Humidity":73.68,"TIMESTAMP":"2022-12-18T00:57:57.767Z","BATT":100,"INTERVAL":600},{"modelID":"b0-8a-ea-86-e2-c9","modelType":"Wi-SHT10","DATAS":["Temperature","Humidity"],"Temperature":23.85,"Humidity":73.4976,"TIMESTAMP":"2022-12-18T00:47:53.207Z","BATT":100,"INTERVAL":600},{"modelID":"b0-8a-ea-86-e2-c9","modelType":"Wi-SHT10","DATAS":["Temperature","Humidity"],"Temperature":23.65,"Humidity":73.0848,"TIMESTAMP":"2022-12-18T00:38:23.811Z","BATT":100,"INTERVAL":600},{"modelID":"b0-8a-ea-86-e2-c9","modelType":"Wi-SHT10","DATAS":["Temperature","Humidity"],"Temperature":23.28,"Humidity":73.09440000000001,"TIMESTAMP":"2022-12-18T00:27:54.815Z","BATT":100,"INTERVAL":600},{"modelID":"b0-8a-ea-86-e2-c9","modelType":"Wi-SHT10","DATAS":["Temperature","Humidity"],"Temperature":22.96,"Humidity":73.056,"TIMESTAMP":"2022-12-18T00:18:20.859Z","BATT":100,"INTERVAL":600},{"modelID":"b0-8a-ea-86-e2-c9","modelType":"Wi-SHT10","DATAS":["Temperature","Humidity"],"Temperature":22.8,"Humidity":72.52799999999999,"TIMESTAMP":"2022-12-18T00:08:28.871Z","BATT":100,"INTERVAL":600},{"modelID":"b0-8a-ea-86-e2-c9","modelType":"Wi-SHT10","DATAS":["Temperature","Humidity"],"Temperature":22.56,"Humidity":72.5568,"TIMESTAMP":"2022-12-17T23:58:23.882Z","BATT":100,"INTERVAL":600},{"modelID":"b0-8a-ea-86-e2-c9","modelType":"Wi-SHT10","DATAS":["Temperature","Humidity"],"Temperature":21.89,"Humidity":71.7792,"TIMESTAMP":"2022-12-17T23:48:19.924Z","BATT":100,"INTERVAL":600},{"modelID":"b0-8a-ea-86-e2-c9","modelType":"Wi-SHT10","DATAS":["Temperature","Humidity"],"Temperature":21.29,"Humidity":70.2432,"TIMESTAMP":"2022-12-17T23:38:30.202Z","BATT":100,"INTERVAL":600},{"modelID":"b0-8a-ea-86-e2-c9","modelType":"Wi-SHT10","DATAS":["Temperature","Humidity"],"Temperature":20.86,"Humidity":69.16799999999999,"TIMESTAMP":"2022-12-17T23:28:37.301Z","BATT":100,"INTERVAL":600},{"modelID":"b0-8a-ea-86-e2-c9","modelType":"Wi-SHT10","DATAS":["Temperature","Humidity"],"Temperature":20.32,"Humidity":65.6832,"TIMESTAMP":"2022-12-17T23:18:21.541Z","BATT":100,"INTERVAL":600},{"modelID":"b0-8a-ea-86-e2-c9","modelType":"Wi-SHT10","DATAS":["Temperature","Humidity"],"Temperature":20.57,"Humidity":63.5712,"TIMESTAMP":"2022-12-17T23:08:04.005Z","BATT":100,"INTERVAL":600},{"modelID":"b0-8a-ea-86-e2-c9","modelType":"Wi-SHT10","DATAS":["Temperature","Humidity"],"Temperature":21.15,"Humidity":65.4816,"TIMESTAMP":"2022-12-17T22:57:49.010Z","BATT":100,"INTERVAL":600},{"modelID":"b0-8a-ea-86-e2-c9","modelType":"Wi-SHT10","DATAS":["Temperature","Humidity"],"Temperature":21.81,"Humidity":66.7008,"TIMESTAMP":"2022-12-17T22:48:32.032Z","BATT":100,"INTERVAL":600},{"modelID":"b0-8a-ea-86-e2-c9","modelType":"Wi-SHT10","DATAS":["Temperature","Humidity"],"Temperature":21.89,"Humidity":68.0832,"TIMESTAMP":"2022-12-17T22:37:53.052Z","BATT":100,"INTERVAL":600},{"modelID":"b0-8a-ea-86-e2-c9","modelType":"Wi-SHT10","DATAS":["Temperature","Humidity"],"Temperature":21.77,"Humidity":68.0064,"TIMESTAMP":"2022-12-17T22:28:24.531Z","BATT":100,"INTERVAL":600},{"modelID":"b0-8a-ea-86-e2-c9","modelType":"Wi-SHT10","DATAS":["Temperature","Humidity"],"Temperature":21.58,"Humidity":67.9392,"TIMESTAMP":"2022-12-17T22:18:22.097Z","BATT":100,"INTERVAL":600},{"modelID":"b0-8a-ea-86-e2-c9","modelType":"Wi-SHT10","DATAS":["Temperature","Humidity"],"Temperature":21.37,"Humidity":69.0528,"TIMESTAMP":"2022-12-17T22:07:54.124Z","BATT":100,"INTERVAL":600},{"modelID":"b0-8a-ea-86-e2-c9","modelType":"Wi-SHT10","DATAS":["Temperature","Humidity"],"Temperature":20.48,"Humidity":63.5424,"TIMESTAMP":"2022-12-17T21:37:52.168Z","BATT":100,"INTERVAL":600},{"modelID":"b0-8a-ea-86-e2-c9","modelType":"Wi-SHT10","DATAS":["Temperature","Humidity"],"Temperature":20.79,"Humidity":64.7808,"TIMESTAMP":"2022-12-17T21:28:10.624Z","BATT":100,"INTERVAL":600},{"modelID":"b0-8a-ea-86-e2-c9","modelType":"Wi-SHT10","DATAS":["Temperature","Humidity"],"Temperature":21.33,"Humidity":67.92960000000001,"TIMESTAMP":"2022-12-17T21:17:55.225Z","BATT":100,"INTERVAL":600},{"modelID":"b0-8a-ea-86-e2-c9","modelType":"Wi-SHT10","DATAS":["Temperature","Humidity"],"Temperature":21.9,"Humidity":70.88640000000001,"TIMESTAMP":"2022-12-17T21:07:51.252Z","BATT":100,"INTERVAL":600},{"modelID":"b0-8a-ea-86-e2-c9","modelType":"Wi-SHT10","DATAS":["Temperature","Humidity"],"Temperature":21.71,"Humidity":71.232,"TIMESTAMP":"2022-12-17T20:58:27.274Z","BATT":100,"INTERVAL":600},{"modelID":"b0-8a-ea-86-e2-c9","modelType":"Wi-SHT10","DATAS":["Temperature","Humidity"],"Temperature":21.39,"Humidity":71.15520000000001,"TIMESTAMP":"2022-12-17T20:48:23.673Z","BATT":100,"INTERVAL":600},{"modelID":"b0-8a-ea-86-e2-c9","modelType":"Wi-SHT10","DATAS":["Temperature","Humidity"],"Temperature":20.98,"Humidity":71.33760000000001,"TIMESTAMP":"2022-12-17T20:37:55.293Z","BATT":100,"INTERVAL":600},{"modelID":"b0-8a-ea-86-e2-c9","modelType":"Wi-SHT10","DATAS":["Temperature","Humidity"],"Temperature":20.57,"Humidity":65.2032,"TIMESTAMP":"2022-12-17T20:28:43.513Z","BATT":100,"INTERVAL":600},{"modelID":"b0-8a-ea-86-e2-c9","modelType":"Wi-SHT10","DATAS":["Temperature","Humidity"],"Temperature":20.86,"Humidity":63.4368,"TIMESTAMP":"2022-12-17T20:18:03.355Z","BATT":100,"INTERVAL":600},{"modelID":"b0-8a-ea-86-e2-c9","modelType":"Wi-SHT10","DATAS":["Temperature","Humidity"],"Temperature":20.95,"Humidity":64.9824,"TIMESTAMP":"2022-12-17T20:08:05.373Z","BATT":100,"INTERVAL":600},{"modelID":"b0-8a-ea-86-e2-c9","modelType":"Wi-SHT10","DATAS":["Temperature","Humidity"],"Temperature":21.75,"Humidity":66.8544,"TIMESTAMP":"2022-12-17T19:58:02.395Z","BATT":100,"INTERVAL":600},{"modelID":"b0-8a-ea-86-e2-c9","modelType":"Wi-SHT10","DATAS":["Temperature","Humidity"],"Temperature":21.77,"Humidity":68.304,"TIMESTAMP":"2022-12-17T19:48:02.423Z","BATT":100,"INTERVAL":600},{"modelID":"b0-8a-ea-86-e2-c9","modelType":"Wi-SHT10","DATAS":["Temperature","Humidity"],"Temperature":21.52,"Humidity":68.58239999999999,"TIMESTAMP":"2022-12-17T19:37:51.435Z","BATT":100,"INTERVAL":600},{"modelID":"b0-8a-ea-86-e2-c9","modelType":"Wi-SHT10","DATAS":["Temperature","Humidity"],"Temperature":21.27,"Humidity":68.9184,"TIMESTAMP":"2022-12-17T19:28:39.746Z","BATT":100,"INTERVAL":600},{"modelID":"b0-8a-ea-86-e2-c9","modelType":"Wi-SHT10","DATAS":["Temperature","Humidity"],"Temperature":20.85,"Humidity":67.728,"TIMESTAMP":"2022-12-17T19:18:06.476Z","BATT":100,"INTERVAL":600},{"modelID":"b0-8a-ea-86-e2-c9","modelType":"Wi-SHT10","DATAS":["Temperature","Humidity"],"Temperature":20.78,"Humidity":62.2464,"TIMESTAMP":"2022-12-17T19:08:30.497Z","BATT":100,"INTERVAL":600},{"modelID":"b0-8a-ea-86-e2-c9","modelType":"Wi-SHT10","DATAS":["Temperature","Humidity"],"Temperature":20.83,"Humidity":63.80159999999999,"TIMESTAMP":"2022-12-17T18:58:32.525Z","BATT":100,"INTERVAL":600},{"modelID":"b0-8a-ea-86-e2-c9","modelType":"Wi-SHT10","DATAS":["Temperature","Humidity"],"Temperature":21.34,"Humidity":65.4432,"TIMESTAMP":"2022-12-17T18:48:08.544Z","BATT":100,"INTERVAL":600},{"modelID":"b0-8a-ea-86-e2-c9","modelType":"Wi-SHT10","DATAS":["Temperature","Humidity"],"Temperature":21.83,"Humidity":68.1792,"TIMESTAMP":"2022-12-17T18:37:48.545Z","BATT":100,"INTERVAL":600},{"modelID":"b0-8a-ea-86-e2-c9","modelType":"Wi-SHT10","DATAS":["Temperature","Humidity"],"Temperature":21.24,"Humidity":68.1024,"TIMESTAMP":"2022-12-17T18:18:24.610Z","BATT":100,"INTERVAL":600},{"modelID":"b0-8a-ea-86-e2-c9","modelType":"Wi-SHT10","DATAS":["Temperature","Humidity"],"Temperature":20.77,"Humidity":67.95840000000001,"TIMESTAMP":"2022-12-17T18:07:58.625Z","BATT":100,"INTERVAL":600},{"modelID":"b0-8a-ea-86-e2-c9","modelType":"Wi-SHT10","DATAS":["Temperature","Humidity"],"Temperature":20.52,"Humidity":63.0432,"TIMESTAMP":"2022-12-17T17:58:01.642Z","BATT":100,"INTERVAL":600},{"modelID":"b0-8a-ea-86-e2-c9","modelType":"Wi-SHT10","DATAS":["Temperature","Humidity"],"Temperature":20.51,"Humidity":63.312000000000005,"TIMESTAMP":"2022-12-17T17:48:09.961Z","BATT":100,"INTERVAL":600},{"modelID":"b0-8a-ea-86-e2-c9","modelType":"Wi-SHT10","DATAS":["Temperature","Humidity"],"Temperature":20.76,"Humidity":62.8896,"TIMESTAMP":"2022-12-17T17:38:36.682Z","BATT":100,"INTERVAL":600},{"modelID":"b0-8a-ea-86-e2-c9","modelType":"Wi-SHT10","DATAS":["Temperature","Humidity"],"Temperature":20.75,"Humidity":64.04159999999999,"TIMESTAMP":"2022-12-17T17:28:28.020Z","BATT":100,"INTERVAL":600},{"modelID":"b0-8a-ea-86-e2-c9","modelType":"Wi-SHT10","DATAS":["Temperature","Humidity"],"Temperature":21.27,"Humidity":65.8752,"TIMESTAMP":"2022-12-17T17:17:52.741Z","BATT":100,"INTERVAL":600},{"modelID":"b0-8a-ea-86-e2-c9","modelType":"Wi-SHT10","DATAS":["Temperature","Humidity"],"Temperature":21.81,"Humidity":68.7936,"TIMESTAMP":"2022-12-17T17:08:05.741Z","BATT":100,"INTERVAL":600},{"modelID":"b0-8a-ea-86-e2-c9","modelType":"Wi-SHT10","DATAS":["Temperature","Humidity"],"Temperature":21.28,"Humidity":68.2752,"TIMESTAMP":"2022-12-17T16:58:06.762Z","BATT":100,"INTERVAL":600},{"modelID":"b0-8a-ea-86-e2-c9","modelType":"Wi-SHT10","DATAS":["Temperature","Humidity"],"Temperature":20.78,"Humidity":66.66239999999999,"TIMESTAMP":"2022-12-17T16:48:22.780Z","BATT":100,"INTERVAL":600},{"modelID":"b0-8a-ea-86-e2-c9","modelType":"Wi-SHT10","DATAS":["Temperature","Humidity"],"Temperature":20.48,"Humidity":62.57280000000001,"TIMESTAMP":"2022-12-17T16:38:14.803Z","BATT":100,"INTERVAL":600},{"modelID":"b0-8a-ea-86-e2-c9","modelType":"Wi-SHT10","DATAS":["Temperature","Humidity"],"Temperature":20.77,"Humidity":63.0144,"TIMESTAMP":"2022-12-17T16:28:30.845Z","BATT":100,"INTERVAL":600},{"modelID":"b0-8a-ea-86-e2-c9","modelType":"Wi-SHT10","DATAS":["Temperature","Humidity"],"Temperature":20.86,"Humidity":64.1952,"TIMESTAMP":"2022-12-17T16:18:04.861Z","BATT":100,"INTERVAL":600},{"modelID":"b0-8a-ea-86-e2-c9","modelType":"Wi-SHT10","DATAS":["Temperature","Humidity"],"Temperature":21.15,"Humidity":64.5312,"TIMESTAMP":"2022-12-17T16:07:53.869Z","BATT":100,"INTERVAL":600}],"DAYHOURS":["12","11","10","9","8","7","6","5","4","3","2","1","0"]}