{"SENSORNAME":"CLEAN ROOM 10k (MOV 5 OVEN)","SENSORTYPE":"WISENSOR","DTUID":"-1","SENSORID":"B0-96-40-57-8B-E3","DATE0":"2022-12-18T04:09:14.557Z","DATE1":"2021-04-24T04:46:08.419Z","DAYDATA":[{"modelID":"b0-96-40-57-8b-e3","modelType":"Wi-SHT10","DATAS":["Temperature","Humidity"],"Temperature":28.27,"Humidity":29.2704,"TIMESTAMP":"2022-12-18T04:09:14.557Z","BATT":100,"INTERVAL":600},{"modelID":"b0-96-40-57-8b-e3","modelType":"Wi-SHT10","DATAS":["Temperature","Humidity"],"Temperature":28.32,"Humidity":29.1648,"TIMESTAMP":"2022-12-18T03:59:22.049Z","BATT":100,"INTERVAL":600},{"modelID":"b0-96-40-57-8b-e3","modelType":"Wi-SHT10","DATAS":["Temperature","Humidity"],"Temperature":28.34,"Humidity":29.088,"TIMESTAMP":"2022-12-18T03:48:55.569Z","BATT":100,"INTERVAL":600},{"modelID":"b0-96-40-57-8b-e3","modelType":"Wi-SHT10","DATAS":["Temperature","Humidity"],"Temperature":28.29,"Humidity":29.1552,"TIMESTAMP":"2022-12-18T03:38:43.590Z","BATT":100,"INTERVAL":600},{"modelID":"b0-96-40-57-8b-e3","modelType":"Wi-SHT10","DATAS":["Temperature","Humidity"],"Temperature":28.31,"Humidity":29.04,"TIMESTAMP":"2022-12-18T03:19:22.610Z","BATT":100,"INTERVAL":600},{"modelID":"b0-96-40-57-8b-e3","modelType":"Wi-SHT10","DATAS":["Temperature","Humidity"],"Temperature":28.38,"Humidity":29.0304,"TIMESTAMP":"2022-12-18T03:09:25.610Z","BATT":100,"INTERVAL":600},{"modelID":"b0-96-40-57-8b-e3","modelType":"Wi-SHT10","DATAS":["Temperature","Humidity"],"Temperature":28.35,"Humidity":29.1552,"TIMESTAMP":"2022-12-18T02:59:28.626Z","BATT":100,"INTERVAL":600},{"modelID":"b0-96-40-57-8b-e3","modelType":"Wi-SHT10","DATAS":["Temperature","Humidity"],"Temperature":28.4,"Humidity":29.0688,"TIMESTAMP":"2022-12-18T02:49:23.593Z","BATT":100,"INTERVAL":600},{"modelID":"b0-96-40-57-8b-e3","modelType":"Wi-SHT10","DATAS":["Temperature","Humidity"],"Temperature":28.38,"Humidity":29.376,"TIMESTAMP":"2022-12-18T02:39:17.649Z","BATT":100,"INTERVAL":600},{"modelID":"b0-96-40-57-8b-e3","modelType":"Wi-SHT10","DATAS":["Temperature","Humidity"],"Temperature":28.37,"Humidity":29.7024,"TIMESTAMP":"2022-12-18T02:28:44.126Z","BATT":100,"INTERVAL":600},{"modelID":"b0-96-40-57-8b-e3","modelType":"Wi-SHT10","DATAS":["Temperature","Humidity"],"Temperature":28.36,"Humidity":29.5392,"TIMESTAMP":"2022-12-18T02:19:20.687Z","BATT":100,"INTERVAL":600},{"modelID":"b0-96-40-57-8b-e3","modelType":"Wi-SHT10","DATAS":["Temperature","Humidity"],"Temperature":28.37,"Humidity":30.336000000000002,"TIMESTAMP":"2022-12-18T02:09:24.606Z","BATT":100,"INTERVAL":600},{"modelID":"b0-96-40-57-8b-e3","modelType":"Wi-SHT10","DATAS":["Temperature","Humidity"],"Temperature":28.41,"Humidity":30.144,"TIMESTAMP":"2022-12-18T01:59:06.708Z","BATT":100,"INTERVAL":600},{"modelID":"b0-96-40-57-8b-e3","modelType":"Wi-SHT10","DATAS":["Temperature","Humidity"],"Temperature":28.39,"Humidity":30.2976,"TIMESTAMP":"2022-12-18T01:49:23.707Z","BATT":100,"INTERVAL":600},{"modelID":"b0-96-40-57-8b-e3","modelType":"Wi-SHT10","DATAS":["Temperature","Humidity"],"Temperature":28.41,"Humidity":29.990399999999998,"TIMESTAMP":"2022-12-18T01:39:25.707Z","BATT":100,"INTERVAL":600},{"modelID":"b0-96-40-57-8b-e3","modelType":"Wi-SHT10","DATAS":["Temperature","Humidity"],"Temperature":28.35,"Humidity":30.3936,"TIMESTAMP":"2022-12-18T01:29:13.156Z","BATT":100,"INTERVAL":600},{"modelID":"b0-96-40-57-8b-e3","modelType":"Wi-SHT10","DATAS":["Temperature","Humidity"],"Temperature":28.38,"Humidity":29.8272,"TIMESTAMP":"2022-12-18T01:19:18.748Z","BATT":100,"INTERVAL":600},{"modelID":"b0-96-40-57-8b-e3","modelType":"Wi-SHT10","DATAS":["Temperature","Humidity"],"Temperature":28.39,"Humidity":29.596799999999998,"TIMESTAMP":"2022-12-18T01:09:30.748Z","BATT":100,"INTERVAL":600},{"modelID":"b0-96-40-57-8b-e3","modelType":"Wi-SHT10","DATAS":["Temperature","Humidity"],"Temperature":28.41,"Humidity":29.1648,"TIMESTAMP":"2022-12-18T00:59:23.750Z","BATT":100,"INTERVAL":600},{"modelID":"b0-96-40-57-8b-e3","modelType":"Wi-SHT10","DATAS":["Temperature","Humidity"],"Temperature":28.52,"Humidity":28.9056,"TIMESTAMP":"2022-12-18T00:49:34.333Z","BATT":100,"INTERVAL":600},{"modelID":"b0-96-40-57-8b-e3","modelType":"Wi-SHT10","DATAS":["Temperature","Humidity"],"Temperature":28.46,"Humidity":29.0016,"TIMESTAMP":"2022-12-18T00:49:25.038Z","BATT":100,"INTERVAL":600},{"modelID":"b0-96-40-57-8b-e3","modelType":"Wi-SHT10","DATAS":["Temperature","Humidity"],"Temperature":28.59,"Humidity":28.5792,"TIMESTAMP":"2022-12-18T00:38:59.786Z","BATT":100,"INTERVAL":600},{"modelID":"b0-96-40-57-8b-e3","modelType":"Wi-SHT10","DATAS":["Temperature","Humidity"],"Temperature":28.63,"Humidity":28.032,"TIMESTAMP":"2022-12-18T00:29:04.199Z","BATT":100,"INTERVAL":600},{"modelID":"b0-96-40-57-8b-e3","modelType":"Wi-SHT10","DATAS":["Temperature","Humidity"],"Temperature":28.59,"Humidity":27.3984,"TIMESTAMP":"2022-12-18T00:18:54.800Z","BATT":100,"INTERVAL":600},{"modelID":"b0-96-40-57-8b-e3","modelType":"Wi-SHT10","DATAS":["Temperature","Humidity"],"Temperature":28.79,"Humidity":26.9472,"TIMESTAMP":"2022-12-18T00:08:57.810Z","BATT":100,"INTERVAL":600},{"modelID":"b0-96-40-57-8b-e3","modelType":"Wi-SHT10","DATAS":["Temperature","Humidity"],"Temperature":28.89,"Humidity":27.1008,"TIMESTAMP":"2022-12-17T23:58:48.831Z","BATT":100,"INTERVAL":600},{"modelID":"b0-96-40-57-8b-e3","modelType":"Wi-SHT10","DATAS":["Temperature","Humidity"],"Temperature":29.02,"Humidity":26.7072,"TIMESTAMP":"2022-12-17T23:49:22.846Z","BATT":100,"INTERVAL":600},{"modelID":"b0-96-40-57-8b-e3","modelType":"Wi-SHT10","DATAS":["Temperature","Humidity"],"Temperature":29.1,"Humidity":26.3616,"TIMESTAMP":"2022-12-17T23:39:13.580Z","BATT":100,"INTERVAL":600},{"modelID":"b0-96-40-57-8b-e3","modelType":"Wi-SHT10","DATAS":["Temperature","Humidity"],"Temperature":29.37,"Humidity":26.0256,"TIMESTAMP":"2022-12-17T23:29:22.882Z","BATT":100,"INTERVAL":600},{"modelID":"b0-96-40-57-8b-e3","modelType":"Wi-SHT10","DATAS":["Temperature","Humidity"],"Temperature":29.52,"Humidity":25.9296,"TIMESTAMP":"2022-12-17T23:19:21.862Z","BATT":100,"INTERVAL":600},{"modelID":"b0-96-40-57-8b-e3","modelType":"Wi-SHT10","DATAS":["Temperature","Humidity"],"Temperature":30,"Humidity":25.5552,"TIMESTAMP":"2022-12-17T22:58:52.890Z","BATT":100,"INTERVAL":600},{"modelID":"b0-96-40-57-8b-e3","modelType":"Wi-SHT10","DATAS":["Temperature","Humidity"],"Temperature":30.12,"Humidity":25.4784,"TIMESTAMP":"2022-12-17T22:48:55.892Z","BATT":100,"INTERVAL":600},{"modelID":"b0-96-40-57-8b-e3","modelType":"Wi-SHT10","DATAS":["Temperature","Humidity"],"Temperature":30.12,"Humidity":25.363200000000003,"TIMESTAMP":"2022-12-17T22:39:02.890Z","BATT":100,"INTERVAL":600},{"modelID":"b0-96-40-57-8b-e3","modelType":"Wi-SHT10","DATAS":["Temperature","Humidity"],"Temperature":30.16,"Humidity":25.4688,"TIMESTAMP":"2022-12-17T22:19:21.918Z","BATT":100,"INTERVAL":600},{"modelID":"b0-96-40-57-8b-e3","modelType":"Wi-SHT10","DATAS":["Temperature","Humidity"],"Temperature":30.13,"Humidity":25.372799999999998,"TIMESTAMP":"2022-12-17T22:09:06.858Z","BATT":100,"INTERVAL":600},{"modelID":"b0-96-40-57-8b-e3","modelType":"Wi-SHT10","DATAS":["Temperature","Humidity"],"Temperature":30.08,"Humidity":25.4976,"TIMESTAMP":"2022-12-17T21:58:46.429Z","BATT":100,"INTERVAL":600},{"modelID":"b0-96-40-57-8b-e3","modelType":"Wi-SHT10","DATAS":["Temperature","Humidity"],"Temperature":30.1,"Humidity":25.5072,"TIMESTAMP":"2022-12-17T21:49:22.167Z","BATT":100,"INTERVAL":600},{"modelID":"b0-96-40-57-8b-e3","modelType":"Wi-SHT10","DATAS":["Temperature","Humidity"],"Temperature":30.13,"Humidity":25.5264,"TIMESTAMP":"2022-12-17T21:38:51.950Z","BATT":100,"INTERVAL":600},{"modelID":"b0-96-40-57-8b-e3","modelType":"Wi-SHT10","DATAS":["Temperature","Humidity"],"Temperature":30.15,"Humidity":25.3248,"TIMESTAMP":"2022-12-17T21:29:15.052Z","BATT":100,"INTERVAL":600},{"modelID":"b0-96-40-57-8b-e3","modelType":"Wi-SHT10","DATAS":["Temperature","Humidity"],"Temperature":30.16,"Humidity":25.4304,"TIMESTAMP":"2022-12-17T21:18:55.984Z","BATT":100,"INTERVAL":600},{"modelID":"b0-96-40-57-8b-e3","modelType":"Wi-SHT10","DATAS":["Temperature","Humidity"],"Temperature":30.12,"Humidity":25.372799999999998,"TIMESTAMP":"2022-12-17T21:08:56.004Z","BATT":100,"INTERVAL":600},{"modelID":"b0-96-40-57-8b-e3","modelType":"Wi-SHT10","DATAS":["Temperature","Humidity"],"Temperature":30.12,"Humidity":25.5072,"TIMESTAMP":"2022-12-17T20:59:21.994Z","BATT":100,"INTERVAL":600},{"modelID":"b0-96-40-57-8b-e3","modelType":"Wi-SHT10","DATAS":["Temperature","Humidity"],"Temperature":30.13,"Humidity":25.6416,"TIMESTAMP":"2022-12-17T20:49:24.815Z","BATT":100,"INTERVAL":600},{"modelID":"b0-96-40-57-8b-e3","modelType":"Wi-SHT10","DATAS":["Temperature","Humidity"],"Temperature":30.09,"Humidity":25.7856,"TIMESTAMP":"2022-12-17T20:49:16.601Z","BATT":100,"INTERVAL":600},{"modelID":"b0-96-40-57-8b-e3","modelType":"Wi-SHT10","DATAS":["Temperature","Humidity"],"Temperature":30.17,"Humidity":25.488,"TIMESTAMP":"2022-12-17T20:39:09.014Z","BATT":100,"INTERVAL":600},{"modelID":"b0-96-40-57-8b-e3","modelType":"Wi-SHT10","DATAS":["Temperature","Humidity"],"Temperature":30.09,"Humidity":25.6416,"TIMESTAMP":"2022-12-17T20:28:47.076Z","BATT":100,"INTERVAL":600},{"modelID":"b0-96-40-57-8b-e3","modelType":"Wi-SHT10","DATAS":["Temperature","Humidity"],"Temperature":30.1,"Humidity":25.7184,"TIMESTAMP":"2022-12-17T20:18:52.034Z","BATT":100,"INTERVAL":600},{"modelID":"b0-96-40-57-8b-e3","modelType":"Wi-SHT10","DATAS":["Temperature","Humidity"],"Temperature":30.11,"Humidity":25.8336,"TIMESTAMP":"2022-12-17T20:08:52.055Z","BATT":100,"INTERVAL":600},{"modelID":"b0-96-40-57-8b-e3","modelType":"Wi-SHT10","DATAS":["Temperature","Humidity"],"Temperature":30.11,"Humidity":25.8336,"TIMESTAMP":"2022-12-17T19:58:52.056Z","BATT":100,"INTERVAL":600},{"modelID":"b0-96-40-57-8b-e3","modelType":"Wi-SHT10","DATAS":["Temperature","Humidity"],"Temperature":30.15,"Humidity":25.584,"TIMESTAMP":"2022-12-17T19:49:25.083Z","BATT":100,"INTERVAL":600},{"modelID":"b0-96-40-57-8b-e3","modelType":"Wi-SHT10","DATAS":["Temperature","Humidity"],"Temperature":30.08,"Humidity":25.9296,"TIMESTAMP":"2022-12-17T19:38:53.076Z","BATT":100,"INTERVAL":600},{"modelID":"b0-96-40-57-8b-e3","modelType":"Wi-SHT10","DATAS":["Temperature","Humidity"],"Temperature":30.12,"Humidity":25.622400000000003,"TIMESTAMP":"2022-12-17T19:29:16.095Z","BATT":100,"INTERVAL":600},{"modelID":"b0-96-40-57-8b-e3","modelType":"Wi-SHT10","DATAS":["Temperature","Humidity"],"Temperature":30.13,"Humidity":25.5936,"TIMESTAMP":"2022-12-17T19:19:24.095Z","BATT":100,"INTERVAL":600},{"modelID":"b0-96-40-57-8b-e3","modelType":"Wi-SHT10","DATAS":["Temperature","Humidity"],"Temperature":30.13,"Humidity":25.7088,"TIMESTAMP":"2022-12-17T19:09:00.116Z","BATT":100,"INTERVAL":600},{"modelID":"b0-96-40-57-8b-e3","modelType":"Wi-SHT10","DATAS":["Temperature","Humidity"],"Temperature":30.05,"Humidity":25.7376,"TIMESTAMP":"2022-12-17T18:58:53.124Z","BATT":100,"INTERVAL":600},{"modelID":"b0-96-40-57-8b-e3","modelType":"Wi-SHT10","DATAS":["Temperature","Humidity"],"Temperature":30.12,"Humidity":25.7856,"TIMESTAMP":"2022-12-17T18:49:06.144Z","BATT":100,"INTERVAL":600},{"modelID":"b0-96-40-57-8b-e3","modelType":"Wi-SHT10","DATAS":["Temperature","Humidity"],"Temperature":30.08,"Humidity":25.728,"TIMESTAMP":"2022-12-17T18:39:25.144Z","BATT":100,"INTERVAL":600},{"modelID":"b0-96-40-57-8b-e3","modelType":"Wi-SHT10","DATAS":["Temperature","Humidity"],"Temperature":30.08,"Humidity":25.7376,"TIMESTAMP":"2022-12-17T18:28:47.603Z","BATT":100,"INTERVAL":600},{"modelID":"b0-96-40-57-8b-e3","modelType":"Wi-SHT10","DATAS":["Temperature","Humidity"],"Temperature":30.06,"Humidity":25.7184,"TIMESTAMP":"2022-12-17T18:19:27.164Z","BATT":100,"INTERVAL":600},{"modelID":"b0-96-40-57-8b-e3","modelType":"Wi-SHT10","DATAS":["Temperature","Humidity"],"Temperature":29.99,"Humidity":25.6512,"TIMESTAMP":"2022-12-17T18:08:47.187Z","BATT":100,"INTERVAL":600},{"modelID":"b0-96-40-57-8b-e3","modelType":"Wi-SHT10","DATAS":["Temperature","Humidity"],"Temperature":30.06,"Humidity":25.7664,"TIMESTAMP":"2022-12-17T17:59:16.189Z","BATT":100,"INTERVAL":600},{"modelID":"b0-96-40-57-8b-e3","modelType":"Wi-SHT10","DATAS":["Temperature","Humidity"],"Temperature":30,"Humidity":25.536,"TIMESTAMP":"2022-12-17T17:49:09.183Z","BATT":100,"INTERVAL":600},{"modelID":"b0-96-40-57-8b-e3","modelType":"Wi-SHT10","DATAS":["Temperature","Humidity"],"Temperature":30.09,"Humidity":25.6512,"TIMESTAMP":"2022-12-17T17:39:07.200Z","BATT":100,"INTERVAL":600},{"modelID":"b0-96-40-57-8b-e3","modelType":"Wi-SHT10","DATAS":["Temperature","Humidity"],"Temperature":30.01,"Humidity":25.728,"TIMESTAMP":"2022-12-17T17:29:18.221Z","BATT":100,"INTERVAL":600},{"modelID":"b0-96-40-57-8b-e3","modelType":"Wi-SHT10","DATAS":["Temperature","Humidity"],"Temperature":29.98,"Humidity":25.728,"TIMESTAMP":"2022-12-17T17:19:20.222Z","BATT":100,"INTERVAL":600},{"modelID":"b0-96-40-57-8b-e3","modelType":"Wi-SHT10","DATAS":["Temperature","Humidity"],"Temperature":29.95,"Humidity":25.8048,"TIMESTAMP":"2022-12-17T17:09:00.229Z","BATT":100,"INTERVAL":600},{"modelID":"b0-96-40-57-8b-e3","modelType":"Wi-SHT10","DATAS":["Temperature","Humidity"],"Temperature":30,"Humidity":25.9104,"TIMESTAMP":"2022-12-17T16:59:18.241Z","BATT":100,"INTERVAL":600},{"modelID":"b0-96-40-57-8b-e3","modelType":"Wi-SHT10","DATAS":["Temperature","Humidity"],"Temperature":29.98,"Humidity":25.9296,"TIMESTAMP":"2022-12-17T16:49:25.262Z","BATT":100,"INTERVAL":600},{"modelID":"b0-96-40-57-8b-e3","modelType":"Wi-SHT10","DATAS":["Temperature","Humidity"],"Temperature":29.95,"Humidity":25.7952,"TIMESTAMP":"2022-12-17T16:38:59.263Z","BATT":100,"INTERVAL":600},{"modelID":"b0-96-40-57-8b-e3","modelType":"Wi-SHT10","DATAS":["Temperature","Humidity"],"Temperature":29.97,"Humidity":25.881600000000002,"TIMESTAMP":"2022-12-17T16:28:47.263Z","BATT":100,"INTERVAL":600},{"modelID":"b0-96-40-57-8b-e3","modelType":"Wi-SHT10","DATAS":["Temperature","Humidity"],"Temperature":29.97,"Humidity":25.8336,"TIMESTAMP":"2022-12-17T16:19:20.283Z","BATT":100,"INTERVAL":600},{"modelID":"b0-96-40-57-8b-e3","modelType":"Wi-SHT10","DATAS":["Temperature","Humidity"],"Temperature":29.95,"Humidity":25.872,"TIMESTAMP":"2022-12-17T16:09:02.302Z","BATT":100,"INTERVAL":600}],"DAYHOURS":["12","11","10","9","8","7","6","5","4","3","2","1","0"]}