{"SENSORNAME":"L5-Dangerous Drug Store(Inpatient)","SENSORTYPE":"WISENSOR","DTUID":"-1","SENSORID":"BA-B8-04-3C-BA-6A","DATE0":"2022-12-18T04:11:49.315Z","DATE1":"2022-03-22T00:14:18.864Z","DAYDATA":[{"modelID":"ba-b8-04-3c-ba-6a","modelType":"Wi-SHT10A","DATAS":["Temperature","Humidity"],"Temperature":5.46,"Humidity":0,"TIMESTAMP":"2022-12-18T04:11:49.315Z","BATT":100,"INTERVAL":300},{"modelID":"ba-b8-04-3c-ba-6a","modelType":"Wi-SHT10A","DATAS":["Temperature","Humidity"],"Temperature":6.2,"Humidity":0,"TIMESTAMP":"2022-12-18T04:06:43.843Z","BATT":100,"INTERVAL":300},{"modelID":"ba-b8-04-3c-ba-6a","modelType":"Wi-SHT10A","DATAS":["Temperature","Humidity"],"Temperature":4.92,"Humidity":0,"TIMESTAMP":"2022-12-18T04:01:14.159Z","BATT":100,"INTERVAL":300},{"modelID":"ba-b8-04-3c-ba-6a","modelType":"Wi-SHT10A","DATAS":["Temperature","Humidity"],"Temperature":5.56,"Humidity":0,"TIMESTAMP":"2022-12-18T03:56:42.616Z","BATT":100,"INTERVAL":300},{"modelID":"ba-b8-04-3c-ba-6a","modelType":"Wi-SHT10A","DATAS":["Temperature","Humidity"],"Temperature":6.23,"Humidity":0,"TIMESTAMP":"2022-12-18T03:51:43.968Z","BATT":100,"INTERVAL":300},{"modelID":"ba-b8-04-3c-ba-6a","modelType":"Wi-SHT10A","DATAS":["Temperature","Humidity"],"Temperature":4.92,"Humidity":0,"TIMESTAMP":"2022-12-18T03:46:22.611Z","BATT":100,"INTERVAL":300},{"modelID":"ba-b8-04-3c-ba-6a","modelType":"Wi-SHT10A","DATAS":["Temperature","Humidity"],"Temperature":5.52,"Humidity":0,"TIMESTAMP":"2022-12-18T03:41:49.478Z","BATT":100,"INTERVAL":300},{"modelID":"ba-b8-04-3c-ba-6a","modelType":"Wi-SHT10A","DATAS":["Temperature","Humidity"],"Temperature":6.2,"Humidity":0,"TIMESTAMP":"2022-12-18T03:36:13.274Z","BATT":100,"INTERVAL":300},{"modelID":"ba-b8-04-3c-ba-6a","modelType":"Wi-SHT10A","DATAS":["Temperature","Humidity"],"Temperature":4.89,"Humidity":0,"TIMESTAMP":"2022-12-18T03:31:39.928Z","BATT":100,"INTERVAL":300},{"modelID":"ba-b8-04-3c-ba-6a","modelType":"Wi-SHT10A","DATAS":["Temperature","Humidity"],"Temperature":5.83,"Humidity":0,"TIMESTAMP":"2022-12-18T03:26:09.310Z","BATT":100,"INTERVAL":300},{"modelID":"ba-b8-04-3c-ba-6a","modelType":"Wi-SHT10A","DATAS":["Temperature","Humidity"],"Temperature":6.33,"Humidity":0,"TIMESTAMP":"2022-12-18T03:21:44.126Z","BATT":100,"INTERVAL":300},{"modelID":"ba-b8-04-3c-ba-6a","modelType":"Wi-SHT10A","DATAS":["Temperature","Humidity"],"Temperature":4.92,"Humidity":0,"TIMESTAMP":"2022-12-18T03:16:57.792Z","BATT":100,"INTERVAL":300},{"modelID":"ba-b8-04-3c-ba-6a","modelType":"Wi-SHT10A","DATAS":["Temperature","Humidity"],"Temperature":5.86,"Humidity":0,"TIMESTAMP":"2022-12-18T03:11:09.410Z","BATT":100,"INTERVAL":300},{"modelID":"ba-b8-04-3c-ba-6a","modelType":"Wi-SHT10A","DATAS":["Temperature","Humidity"],"Temperature":6.33,"Humidity":0,"TIMESTAMP":"2022-12-18T03:06:44.187Z","BATT":100,"INTERVAL":300},{"modelID":"ba-b8-04-3c-ba-6a","modelType":"Wi-SHT10A","DATAS":["Temperature","Humidity"],"Temperature":4.92,"Humidity":0,"TIMESTAMP":"2022-12-18T03:02:06.018Z","BATT":100,"INTERVAL":300},{"modelID":"ba-b8-04-3c-ba-6a","modelType":"Wi-SHT10A","DATAS":["Temperature","Humidity"],"Temperature":5.79,"Humidity":0,"TIMESTAMP":"2022-12-18T02:56:42.982Z","BATT":100,"INTERVAL":300},{"modelID":"ba-b8-04-3c-ba-6a","modelType":"Wi-SHT10A","DATAS":["Temperature","Humidity"],"Temperature":6.23,"Humidity":0,"TIMESTAMP":"2022-12-18T02:51:43.702Z","BATT":100,"INTERVAL":300},{"modelID":"ba-b8-04-3c-ba-6a","modelType":"Wi-SHT10A","DATAS":["Temperature","Humidity"],"Temperature":4.85,"Humidity":0,"TIMESTAMP":"2022-12-18T02:46:40.163Z","BATT":100,"INTERVAL":300},{"modelID":"ba-b8-04-3c-ba-6a","modelType":"Wi-SHT10A","DATAS":["Temperature","Humidity"],"Temperature":5.83,"Humidity":0,"TIMESTAMP":"2022-12-18T02:41:42.641Z","BATT":100,"INTERVAL":300},{"modelID":"ba-b8-04-3c-ba-6a","modelType":"Wi-SHT10A","DATAS":["Temperature","Humidity"],"Temperature":5.93,"Humidity":0,"TIMESTAMP":"2022-12-18T02:36:13.597Z","BATT":100,"INTERVAL":300},{"modelID":"ba-b8-04-3c-ba-6a","modelType":"Wi-SHT10A","DATAS":["Temperature","Humidity"],"Temperature":4.89,"Humidity":0,"TIMESTAMP":"2022-12-18T02:31:57.972Z","BATT":100,"INTERVAL":300},{"modelID":"ba-b8-04-3c-ba-6a","modelType":"Wi-SHT10A","DATAS":["Temperature","Humidity"],"Temperature":5.86,"Humidity":0,"TIMESTAMP":"2022-12-18T02:26:40.269Z","BATT":100,"INTERVAL":300},{"modelID":"ba-b8-04-3c-ba-6a","modelType":"Wi-SHT10A","DATAS":["Temperature","Humidity"],"Temperature":5.83,"Humidity":0,"TIMESTAMP":"2022-12-18T02:21:13.680Z","BATT":100,"INTERVAL":300},{"modelID":"ba-b8-04-3c-ba-6a","modelType":"Wi-SHT10A","DATAS":["Temperature","Humidity"],"Temperature":4.89,"Humidity":0,"TIMESTAMP":"2022-12-18T02:16:48.539Z","BATT":100,"INTERVAL":300},{"modelID":"ba-b8-04-3c-ba-6a","modelType":"Wi-SHT10A","DATAS":["Temperature","Humidity"],"Temperature":5.89,"Humidity":0,"TIMESTAMP":"2022-12-18T02:11:33.085Z","BATT":100,"INTERVAL":300},{"modelID":"ba-b8-04-3c-ba-6a","modelType":"Wi-SHT10A","DATAS":["Temperature","Humidity"],"Temperature":5.99,"Humidity":0,"TIMESTAMP":"2022-12-18T02:06:44.467Z","BATT":100,"INTERVAL":300},{"modelID":"ba-b8-04-3c-ba-6a","modelType":"Wi-SHT10A","DATAS":["Temperature","Humidity"],"Temperature":4.85,"Humidity":0,"TIMESTAMP":"2022-12-18T02:01:48.628Z","BATT":100,"INTERVAL":300},{"modelID":"ba-b8-04-3c-ba-6a","modelType":"Wi-SHT10A","DATAS":["Temperature","Humidity"],"Temperature":5.89,"Humidity":0,"TIMESTAMP":"2022-12-18T01:56:44.931Z","BATT":100,"INTERVAL":300},{"modelID":"ba-b8-04-3c-ba-6a","modelType":"Wi-SHT10A","DATAS":["Temperature","Humidity"],"Temperature":5.96,"Humidity":0,"TIMESTAMP":"2022-12-18T01:51:44.130Z","BATT":100,"INTERVAL":300},{"modelID":"ba-b8-04-3c-ba-6a","modelType":"Wi-SHT10A","DATAS":["Temperature","Humidity"],"Temperature":4.85,"Humidity":0,"TIMESTAMP":"2022-12-18T01:46:45.009Z","BATT":100,"INTERVAL":300},{"modelID":"ba-b8-04-3c-ba-6a","modelType":"Wi-SHT10A","DATAS":["Temperature","Humidity"],"Temperature":5.96,"Humidity":0,"TIMESTAMP":"2022-12-18T01:41:25.441Z","BATT":100,"INTERVAL":300},{"modelID":"ba-b8-04-3c-ba-6a","modelType":"Wi-SHT10A","DATAS":["Temperature","Humidity"],"Temperature":5.66,"Humidity":0,"TIMESTAMP":"2022-12-18T01:36:14.020Z","BATT":100,"INTERVAL":300},{"modelID":"ba-b8-04-3c-ba-6a","modelType":"Wi-SHT10A","DATAS":["Temperature","Humidity"],"Temperature":4.89,"Humidity":0,"TIMESTAMP":"2022-12-18T01:31:48.772Z","BATT":100,"INTERVAL":300},{"modelID":"ba-b8-04-3c-ba-6a","modelType":"Wi-SHT10A","DATAS":["Temperature","Humidity"],"Temperature":5.89,"Humidity":0,"TIMESTAMP":"2022-12-18T01:27:11.616Z","BATT":100,"INTERVAL":300},{"modelID":"ba-b8-04-3c-ba-6a","modelType":"Wi-SHT10A","DATAS":["Temperature","Humidity"],"Temperature":5.62,"Humidity":0,"TIMESTAMP":"2022-12-18T01:21:14.095Z","BATT":100,"INTERVAL":300},{"modelID":"ba-b8-04-3c-ba-6a","modelType":"Wi-SHT10A","DATAS":["Temperature","Humidity"],"Temperature":4.89,"Humidity":0,"TIMESTAMP":"2022-12-18T01:16:43.212Z","BATT":100,"INTERVAL":300},{"modelID":"ba-b8-04-3c-ba-6a","modelType":"Wi-SHT10A","DATAS":["Temperature","Humidity"],"Temperature":5.93,"Humidity":0,"TIMESTAMP":"2022-12-18T01:12:06.642Z","BATT":100,"INTERVAL":300},{"modelID":"ba-b8-04-3c-ba-6a","modelType":"Wi-SHT10A","DATAS":["Temperature","Humidity"],"Temperature":5.79,"Humidity":0,"TIMESTAMP":"2022-12-18T01:06:44.395Z","BATT":100,"INTERVAL":300},{"modelID":"ba-b8-04-3c-ba-6a","modelType":"Wi-SHT10A","DATAS":["Temperature","Humidity"],"Temperature":4.85,"Humidity":0,"TIMESTAMP":"2022-12-18T01:01:33.396Z","BATT":100,"INTERVAL":300},{"modelID":"ba-b8-04-3c-ba-6a","modelType":"Wi-SHT10A","DATAS":["Temperature","Humidity"],"Temperature":5.99,"Humidity":0,"TIMESTAMP":"2022-12-18T00:56:38.369Z","BATT":100,"INTERVAL":300},{"modelID":"ba-b8-04-3c-ba-6a","modelType":"Wi-SHT10A","DATAS":["Temperature","Humidity"],"Temperature":5.69,"Humidity":0,"TIMESTAMP":"2022-12-18T00:51:32.387Z","BATT":100,"INTERVAL":300},{"modelID":"ba-b8-04-3c-ba-6a","modelType":"Wi-SHT10A","DATAS":["Temperature","Humidity"],"Temperature":4.82,"Humidity":0,"TIMESTAMP":"2022-12-18T00:46:45.751Z","BATT":100,"INTERVAL":300},{"modelID":"ba-b8-04-3c-ba-6a","modelType":"Wi-SHT10A","DATAS":["Temperature","Humidity"],"Temperature":6.03,"Humidity":0,"TIMESTAMP":"2022-12-18T00:41:25.782Z","BATT":100,"INTERVAL":300},{"modelID":"ba-b8-04-3c-ba-6a","modelType":"Wi-SHT10A","DATAS":["Temperature","Humidity"],"Temperature":5.66,"Humidity":0,"TIMESTAMP":"2022-12-18T00:36:32.452Z","BATT":100,"INTERVAL":300},{"modelID":"ba-b8-04-3c-ba-6a","modelType":"Wi-SHT10A","DATAS":["Temperature","Humidity"],"Temperature":4.82,"Humidity":0,"TIMESTAMP":"2022-12-18T00:31:45.734Z","BATT":100,"INTERVAL":300},{"modelID":"ba-b8-04-3c-ba-6a","modelType":"Wi-SHT10A","DATAS":["Temperature","Humidity"],"Temperature":6.03,"Humidity":0,"TIMESTAMP":"2022-12-18T00:26:23.723Z","BATT":100,"INTERVAL":300},{"modelID":"ba-b8-04-3c-ba-6a","modelType":"Wi-SHT10A","DATAS":["Temperature","Humidity"],"Temperature":5.52,"Humidity":0,"TIMESTAMP":"2022-12-18T00:21:14.447Z","BATT":100,"INTERVAL":300},{"modelID":"ba-b8-04-3c-ba-6a","modelType":"Wi-SHT10A","DATAS":["Temperature","Humidity"],"Temperature":4.89,"Humidity":0,"TIMESTAMP":"2022-12-18T00:16:45.797Z","BATT":100,"INTERVAL":300},{"modelID":"ba-b8-04-3c-ba-6a","modelType":"Wi-SHT10A","DATAS":["Temperature","Humidity"],"Temperature":6.03,"Humidity":0,"TIMESTAMP":"2022-12-18T00:11:15.528Z","BATT":100,"INTERVAL":300},{"modelID":"ba-b8-04-3c-ba-6a","modelType":"Wi-SHT10A","DATAS":["Temperature","Humidity"],"Temperature":5.09,"Humidity":0,"TIMESTAMP":"2022-12-18T00:01:12.561Z","BATT":100,"INTERVAL":300},{"modelID":"ba-b8-04-3c-ba-6a","modelType":"Wi-SHT10A","DATAS":["Temperature","Humidity"],"Temperature":6.16,"Humidity":0,"TIMESTAMP":"2022-12-17T23:56:10.240Z","BATT":100,"INTERVAL":300},{"modelID":"ba-b8-04-3c-ba-6a","modelType":"Wi-SHT10A","DATAS":["Temperature","Humidity"],"Temperature":5.32,"Humidity":0,"TIMESTAMP":"2022-12-17T23:51:22.269Z","BATT":100,"INTERVAL":300},{"modelID":"ba-b8-04-3c-ba-6a","modelType":"Wi-SHT10A","DATAS":["Temperature","Humidity"],"Temperature":4.99,"Humidity":0,"TIMESTAMP":"2022-12-17T23:46:44.972Z","BATT":100,"INTERVAL":300},{"modelID":"ba-b8-04-3c-ba-6a","modelType":"Wi-SHT10A","DATAS":["Temperature","Humidity"],"Temperature":6.13,"Humidity":0,"TIMESTAMP":"2022-12-17T23:41:27.717Z","BATT":100,"INTERVAL":300},{"modelID":"ba-b8-04-3c-ba-6a","modelType":"Wi-SHT10A","DATAS":["Temperature","Humidity"],"Temperature":5.25,"Humidity":0,"TIMESTAMP":"2022-12-17T23:36:13.976Z","BATT":100,"INTERVAL":300},{"modelID":"ba-b8-04-3c-ba-6a","modelType":"Wi-SHT10A","DATAS":["Temperature","Humidity"],"Temperature":5.19,"Humidity":0,"TIMESTAMP":"2022-12-17T23:31:12.680Z","BATT":100,"INTERVAL":300},{"modelID":"ba-b8-04-3c-ba-6a","modelType":"Wi-SHT10A","DATAS":["Temperature","Humidity"],"Temperature":6.16,"Humidity":0,"TIMESTAMP":"2022-12-17T23:26:10.403Z","BATT":100,"INTERVAL":300},{"modelID":"ba-b8-04-3c-ba-6a","modelType":"Wi-SHT10A","DATAS":["Temperature","Humidity"],"Temperature":5.32,"Humidity":0,"TIMESTAMP":"2022-12-17T23:21:27.868Z","BATT":100,"INTERVAL":300},{"modelID":"ba-b8-04-3c-ba-6a","modelType":"Wi-SHT10A","DATAS":["Temperature","Humidity"],"Temperature":5.25,"Humidity":0,"TIMESTAMP":"2022-12-17T23:16:12.693Z","BATT":100,"INTERVAL":300},{"modelID":"ba-b8-04-3c-ba-6a","modelType":"Wi-SHT10A","DATAS":["Temperature","Humidity"],"Temperature":6.16,"Humidity":0,"TIMESTAMP":"2022-12-17T23:11:14.080Z","BATT":100,"INTERVAL":300},{"modelID":"ba-b8-04-3c-ba-6a","modelType":"Wi-SHT10A","DATAS":["Temperature","Humidity"],"Temperature":5.19,"Humidity":0,"TIMESTAMP":"2022-12-17T23:06:10.593Z","BATT":100,"INTERVAL":300},{"modelID":"ba-b8-04-3c-ba-6a","modelType":"Wi-SHT10A","DATAS":["Temperature","Humidity"],"Temperature":5.32,"Humidity":0,"TIMESTAMP":"2022-12-17T23:01:12.846Z","BATT":100,"INTERVAL":300},{"modelID":"ba-b8-04-3c-ba-6a","modelType":"Wi-SHT10A","DATAS":["Temperature","Humidity"],"Temperature":6.16,"Humidity":0,"TIMESTAMP":"2022-12-17T22:56:45.684Z","BATT":100,"INTERVAL":300},{"modelID":"ba-b8-04-3c-ba-6a","modelType":"Wi-SHT10A","DATAS":["Temperature","Humidity"],"Temperature":5.39,"Humidity":0,"TIMESTAMP":"2022-12-17T22:52:01.564Z","BATT":100,"INTERVAL":300},{"modelID":"ba-b8-04-3c-ba-6a","modelType":"Wi-SHT10A","DATAS":["Temperature","Humidity"],"Temperature":5.29,"Humidity":0,"TIMESTAMP":"2022-12-17T22:46:12.948Z","BATT":100,"INTERVAL":300},{"modelID":"ba-b8-04-3c-ba-6a","modelType":"Wi-SHT10A","DATAS":["Temperature","Humidity"],"Temperature":6.16,"Humidity":0,"TIMESTAMP":"2022-12-17T22:41:28.041Z","BATT":100,"INTERVAL":300},{"modelID":"ba-b8-04-3c-ba-6a","modelType":"Wi-SHT10A","DATAS":["Temperature","Humidity"],"Temperature":5.25,"Humidity":0,"TIMESTAMP":"2022-12-17T22:36:46.272Z","BATT":100,"INTERVAL":300},{"modelID":"ba-b8-04-3c-ba-6a","modelType":"Wi-SHT10A","DATAS":["Temperature","Humidity"],"Temperature":5.36,"Humidity":0,"TIMESTAMP":"2022-12-17T22:31:13.019Z","BATT":100,"INTERVAL":300},{"modelID":"ba-b8-04-3c-ba-6a","modelType":"Wi-SHT10A","DATAS":["Temperature","Humidity"],"Temperature":6.16,"Humidity":0,"TIMESTAMP":"2022-12-17T22:26:14.331Z","BATT":100,"INTERVAL":300},{"modelID":"ba-b8-04-3c-ba-6a","modelType":"Wi-SHT10A","DATAS":["Temperature","Humidity"],"Temperature":5.19,"Humidity":0,"TIMESTAMP":"2022-12-17T22:21:45.785Z","BATT":100,"INTERVAL":300},{"modelID":"ba-b8-04-3c-ba-6a","modelType":"Wi-SHT10A","DATAS":["Temperature","Humidity"],"Temperature":5.39,"Humidity":0,"TIMESTAMP":"2022-12-17T22:16:13.112Z","BATT":100,"INTERVAL":300},{"modelID":"ba-b8-04-3c-ba-6a","modelType":"Wi-SHT10A","DATAS":["Temperature","Humidity"],"Temperature":6.16,"Humidity":0,"TIMESTAMP":"2022-12-17T22:12:03.679Z","BATT":100,"INTERVAL":300},{"modelID":"ba-b8-04-3c-ba-6a","modelType":"Wi-SHT10A","DATAS":["Temperature","Humidity"],"Temperature":5.12,"Humidity":0,"TIMESTAMP":"2022-12-17T22:06:28.183Z","BATT":100,"INTERVAL":300},{"modelID":"ba-b8-04-3c-ba-6a","modelType":"Wi-SHT10A","DATAS":["Temperature","Humidity"],"Temperature":5.25,"Humidity":0,"TIMESTAMP":"2022-12-17T22:01:51.395Z","BATT":100,"INTERVAL":300},{"modelID":"ba-b8-04-3c-ba-6a","modelType":"Wi-SHT10A","DATAS":["Temperature","Humidity"],"Temperature":6.2,"Humidity":0,"TIMESTAMP":"2022-12-17T21:56:14.501Z","BATT":100,"INTERVAL":300},{"modelID":"ba-b8-04-3c-ba-6a","modelType":"Wi-SHT10A","DATAS":["Temperature","Humidity"],"Temperature":5.19,"Humidity":0,"TIMESTAMP":"2022-12-17T21:51:54.430Z","BATT":100,"INTERVAL":300},{"modelID":"ba-b8-04-3c-ba-6a","modelType":"Wi-SHT10A","DATAS":["Temperature","Humidity"],"Temperature":5.42,"Humidity":0,"TIMESTAMP":"2022-12-17T21:46:13.264Z","BATT":100,"INTERVAL":300},{"modelID":"ba-b8-04-3c-ba-6a","modelType":"Wi-SHT10A","DATAS":["Temperature","Humidity"],"Temperature":6.16,"Humidity":0,"TIMESTAMP":"2022-12-17T21:41:50.553Z","BATT":100,"INTERVAL":300},{"modelID":"ba-b8-04-3c-ba-6a","modelType":"Wi-SHT10A","DATAS":["Temperature","Humidity"],"Temperature":5.22,"Humidity":0,"TIMESTAMP":"2022-12-17T21:37:02.005Z","BATT":100,"INTERVAL":300},{"modelID":"ba-b8-04-3c-ba-6a","modelType":"Wi-SHT10A","DATAS":["Temperature","Humidity"],"Temperature":5.29,"Humidity":0,"TIMESTAMP":"2022-12-17T21:31:51.553Z","BATT":100,"INTERVAL":300},{"modelID":"ba-b8-04-3c-ba-6a","modelType":"Wi-SHT10A","DATAS":["Temperature","Humidity"],"Temperature":6.2,"Humidity":0,"TIMESTAMP":"2022-12-17T21:26:14.680Z","BATT":100,"INTERVAL":300},{"modelID":"ba-b8-04-3c-ba-6a","modelType":"Wi-SHT10A","DATAS":["Temperature","Humidity"],"Temperature":5.19,"Humidity":0,"TIMESTAMP":"2022-12-17T21:21:54.596Z","BATT":100,"INTERVAL":300},{"modelID":"ba-b8-04-3c-ba-6a","modelType":"Wi-SHT10A","DATAS":["Temperature","Humidity"],"Temperature":5.42,"Humidity":0,"TIMESTAMP":"2022-12-17T21:16:13.439Z","BATT":100,"INTERVAL":300},{"modelID":"ba-b8-04-3c-ba-6a","modelType":"Wi-SHT10A","DATAS":["Temperature","Humidity"],"Temperature":6.16,"Humidity":0,"TIMESTAMP":"2022-12-17T21:11:15.206Z","BATT":100,"INTERVAL":300},{"modelID":"ba-b8-04-3c-ba-6a","modelType":"Wi-SHT10A","DATAS":["Temperature","Humidity"],"Temperature":5.05,"Humidity":0,"TIMESTAMP":"2022-12-17T21:06:39.013Z","BATT":100,"INTERVAL":300},{"modelID":"ba-b8-04-3c-ba-6a","modelType":"Wi-SHT10A","DATAS":["Temperature","Humidity"],"Temperature":5.46,"Humidity":0,"TIMESTAMP":"2022-12-17T21:01:13.439Z","BATT":100,"INTERVAL":300},{"modelID":"ba-b8-04-3c-ba-6a","modelType":"Wi-SHT10A","DATAS":["Temperature","Humidity"],"Temperature":6.16,"Humidity":0,"TIMESTAMP":"2022-12-17T20:57:08.315Z","BATT":100,"INTERVAL":300},{"modelID":"ba-b8-04-3c-ba-6a","modelType":"Wi-SHT10A","DATAS":["Temperature","Humidity"],"Temperature":5.02,"Humidity":0,"TIMESTAMP":"2022-12-17T20:51:22.630Z","BATT":100,"INTERVAL":300},{"modelID":"ba-b8-04-3c-ba-6a","modelType":"Wi-SHT10A","DATAS":["Temperature","Humidity"],"Temperature":5.49,"Humidity":0,"TIMESTAMP":"2022-12-17T20:46:13.609Z","BATT":100,"INTERVAL":300},{"modelID":"ba-b8-04-3c-ba-6a","modelType":"Wi-SHT10A","DATAS":["Temperature","Humidity"],"Temperature":6.16,"Humidity":0,"TIMESTAMP":"2022-12-17T20:41:15.451Z","BATT":100,"INTERVAL":300},{"modelID":"ba-b8-04-3c-ba-6a","modelType":"Wi-SHT10A","DATAS":["Temperature","Humidity"],"Temperature":5.05,"Humidity":0,"TIMESTAMP":"2022-12-17T20:36:37.561Z","BATT":100,"INTERVAL":300},{"modelID":"ba-b8-04-3c-ba-6a","modelType":"Wi-SHT10A","DATAS":["Temperature","Humidity"],"Temperature":5.46,"Humidity":0,"TIMESTAMP":"2022-12-17T20:31:13.695Z","BATT":100,"INTERVAL":300},{"modelID":"ba-b8-04-3c-ba-6a","modelType":"Wi-SHT10A","DATAS":["Temperature","Humidity"],"Temperature":6.16,"Humidity":0,"TIMESTAMP":"2022-12-17T20:26:51.577Z","BATT":100,"INTERVAL":300},{"modelID":"ba-b8-04-3c-ba-6a","modelType":"Wi-SHT10A","DATAS":["Temperature","Humidity"],"Temperature":5.09,"Humidity":0,"TIMESTAMP":"2022-12-17T20:21:46.986Z","BATT":100,"INTERVAL":300},{"modelID":"ba-b8-04-3c-ba-6a","modelType":"Wi-SHT10A","DATAS":["Temperature","Humidity"],"Temperature":5.36,"Humidity":0,"TIMESTAMP":"2022-12-17T20:16:51.890Z","BATT":100,"INTERVAL":300},{"modelID":"ba-b8-04-3c-ba-6a","modelType":"Wi-SHT10A","DATAS":["Temperature","Humidity"],"Temperature":6.2,"Humidity":0,"TIMESTAMP":"2022-12-17T20:11:15.625Z","BATT":100,"INTERVAL":300},{"modelID":"ba-b8-04-3c-ba-6a","modelType":"Wi-SHT10A","DATAS":["Temperature","Humidity"],"Temperature":5.05,"Humidity":0,"TIMESTAMP":"2022-12-17T20:06:48.980Z","BATT":100,"INTERVAL":300},{"modelID":"ba-b8-04-3c-ba-6a","modelType":"Wi-SHT10A","DATAS":["Temperature","Humidity"],"Temperature":5.39,"Humidity":0,"TIMESTAMP":"2022-12-17T20:01:53.503Z","BATT":100,"INTERVAL":300},{"modelID":"ba-b8-04-3c-ba-6a","modelType":"Wi-SHT10A","DATAS":["Temperature","Humidity"],"Temperature":6.26,"Humidity":0,"TIMESTAMP":"2022-12-17T19:56:15.727Z","BATT":100,"INTERVAL":300},{"modelID":"ba-b8-04-3c-ba-6a","modelType":"Wi-SHT10A","DATAS":["Temperature","Humidity"],"Temperature":5.05,"Humidity":0,"TIMESTAMP":"2022-12-17T19:51:55.008Z","BATT":100,"INTERVAL":300},{"modelID":"ba-b8-04-3c-ba-6a","modelType":"Wi-SHT10A","DATAS":["Temperature","Humidity"],"Temperature":5.42,"Humidity":0,"TIMESTAMP":"2022-12-17T19:46:49.991Z","BATT":100,"INTERVAL":300},{"modelID":"ba-b8-04-3c-ba-6a","modelType":"Wi-SHT10A","DATAS":["Temperature","Humidity"],"Temperature":6.23,"Humidity":0,"TIMESTAMP":"2022-12-17T19:41:15.788Z","BATT":100,"INTERVAL":300},{"modelID":"ba-b8-04-3c-ba-6a","modelType":"Wi-SHT10A","DATAS":["Temperature","Humidity"],"Temperature":5.05,"Humidity":0,"TIMESTAMP":"2022-12-17T19:36:46.796Z","BATT":100,"INTERVAL":300},{"modelID":"ba-b8-04-3c-ba-6a","modelType":"Wi-SHT10A","DATAS":["Temperature","Humidity"],"Temperature":5.39,"Humidity":0,"TIMESTAMP":"2022-12-17T19:31:52.230Z","BATT":100,"INTERVAL":300},{"modelID":"ba-b8-04-3c-ba-6a","modelType":"Wi-SHT10A","DATAS":["Temperature","Humidity"],"Temperature":6.2,"Humidity":0,"TIMESTAMP":"2022-12-17T19:26:23.811Z","BATT":100,"INTERVAL":300},{"modelID":"ba-b8-04-3c-ba-6a","modelType":"Wi-SHT10A","DATAS":["Temperature","Humidity"],"Temperature":4.99,"Humidity":0,"TIMESTAMP":"2022-12-17T19:21:25.314Z","BATT":100,"INTERVAL":300},{"modelID":"ba-b8-04-3c-ba-6a","modelType":"Wi-SHT10A","DATAS":["Temperature","Humidity"],"Temperature":5.52,"Humidity":0,"TIMESTAMP":"2022-12-17T19:16:14.111Z","BATT":100,"INTERVAL":300},{"modelID":"ba-b8-04-3c-ba-6a","modelType":"Wi-SHT10A","DATAS":["Temperature","Humidity"],"Temperature":6.16,"Humidity":0,"TIMESTAMP":"2022-12-17T19:11:46.547Z","BATT":100,"INTERVAL":300},{"modelID":"ba-b8-04-3c-ba-6a","modelType":"Wi-SHT10A","DATAS":["Temperature","Humidity"],"Temperature":5.42,"Humidity":0,"TIMESTAMP":"2022-12-17T19:01:52.294Z","BATT":100,"INTERVAL":300},{"modelID":"ba-b8-04-3c-ba-6a","modelType":"Wi-SHT10A","DATAS":["Temperature","Humidity"],"Temperature":6.2,"Humidity":0,"TIMESTAMP":"2022-12-17T18:56:47.011Z","BATT":100,"INTERVAL":300},{"modelID":"ba-b8-04-3c-ba-6a","modelType":"Wi-SHT10A","DATAS":["Temperature","Humidity"],"Temperature":4.92,"Humidity":0,"TIMESTAMP":"2022-12-17T18:51:17.302Z","BATT":100,"INTERVAL":300},{"modelID":"ba-b8-04-3c-ba-6a","modelType":"Wi-SHT10A","DATAS":["Temperature","Humidity"],"Temperature":5.56,"Humidity":0,"TIMESTAMP":"2022-12-17T18:46:14.185Z","BATT":100,"INTERVAL":300},{"modelID":"ba-b8-04-3c-ba-6a","modelType":"Wi-SHT10A","DATAS":["Temperature","Humidity"],"Temperature":6.16,"Humidity":0,"TIMESTAMP":"2022-12-17T18:42:04.835Z","BATT":100,"INTERVAL":300},{"modelID":"ba-b8-04-3c-ba-6a","modelType":"Wi-SHT10A","DATAS":["Temperature","Humidity"],"Temperature":5.12,"Humidity":0,"TIMESTAMP":"2022-12-17T18:37:09.880Z","BATT":100,"INTERVAL":300},{"modelID":"ba-b8-04-3c-ba-6a","modelType":"Wi-SHT10A","DATAS":["Temperature","Humidity"],"Temperature":5.62,"Humidity":0,"TIMESTAMP":"2022-12-17T18:31:14.370Z","BATT":100,"INTERVAL":300},{"modelID":"ba-b8-04-3c-ba-6a","modelType":"Wi-SHT10A","DATAS":["Temperature","Humidity"],"Temperature":6.16,"Humidity":0,"TIMESTAMP":"2022-12-17T18:26:48.970Z","BATT":100,"INTERVAL":300},{"modelID":"ba-b8-04-3c-ba-6a","modelType":"Wi-SHT10A","DATAS":["Temperature","Humidity"],"Temperature":4.92,"Humidity":0,"TIMESTAMP":"2022-12-17T18:21:25.678Z","BATT":100,"INTERVAL":300},{"modelID":"ba-b8-04-3c-ba-6a","modelType":"Wi-SHT10A","DATAS":["Temperature","Humidity"],"Temperature":5.52,"Humidity":0,"TIMESTAMP":"2022-12-17T18:16:45.964Z","BATT":100,"INTERVAL":300},{"modelID":"ba-b8-04-3c-ba-6a","modelType":"Wi-SHT10A","DATAS":["Temperature","Humidity"],"Temperature":6.23,"Humidity":0,"TIMESTAMP":"2022-12-17T18:11:47.300Z","BATT":100,"INTERVAL":300},{"modelID":"ba-b8-04-3c-ba-6a","modelType":"Wi-SHT10A","DATAS":["Temperature","Humidity"],"Temperature":4.92,"Humidity":0,"TIMESTAMP":"2022-12-17T18:06:27.844Z","BATT":100,"INTERVAL":300},{"modelID":"ba-b8-04-3c-ba-6a","modelType":"Wi-SHT10A","DATAS":["Temperature","Humidity"],"Temperature":5.52,"Humidity":0,"TIMESTAMP":"2022-12-17T18:01:46.049Z","BATT":100,"INTERVAL":300},{"modelID":"ba-b8-04-3c-ba-6a","modelType":"Wi-SHT10A","DATAS":["Temperature","Humidity"],"Temperature":6.23,"Humidity":0,"TIMESTAMP":"2022-12-17T17:56:47.427Z","BATT":100,"INTERVAL":300},{"modelID":"ba-b8-04-3c-ba-6a","modelType":"Wi-SHT10A","DATAS":["Temperature","Humidity"],"Temperature":4.92,"Humidity":0,"TIMESTAMP":"2022-12-17T17:51:25.846Z","BATT":100,"INTERVAL":300},{"modelID":"ba-b8-04-3c-ba-6a","modelType":"Wi-SHT10A","DATAS":["Temperature","Humidity"],"Temperature":6.23,"Humidity":0,"TIMESTAMP":"2022-12-17T17:41:47.342Z","BATT":100,"INTERVAL":300},{"modelID":"ba-b8-04-3c-ba-6a","modelType":"Wi-SHT10A","DATAS":["Temperature","Humidity"],"Temperature":4.92,"Humidity":0,"TIMESTAMP":"2022-12-17T17:36:28.150Z","BATT":100,"INTERVAL":300},{"modelID":"ba-b8-04-3c-ba-6a","modelType":"Wi-SHT10A","DATAS":["Temperature","Humidity"],"Temperature":5.66,"Humidity":0,"TIMESTAMP":"2022-12-17T17:31:18.178Z","BATT":100,"INTERVAL":300},{"modelID":"ba-b8-04-3c-ba-6a","modelType":"Wi-SHT10A","DATAS":["Temperature","Humidity"],"Temperature":4.89,"Humidity":0,"TIMESTAMP":"2022-12-17T17:21:25.994Z","BATT":100,"INTERVAL":300},{"modelID":"ba-b8-04-3c-ba-6a","modelType":"Wi-SHT10A","DATAS":["Temperature","Humidity"],"Temperature":5.52,"Humidity":0,"TIMESTAMP":"2022-12-17T17:16:46.299Z","BATT":100,"INTERVAL":300},{"modelID":"ba-b8-04-3c-ba-6a","modelType":"Wi-SHT10A","DATAS":["Temperature","Humidity"],"Temperature":6.23,"Humidity":0,"TIMESTAMP":"2022-12-17T17:11:16.745Z","BATT":100,"INTERVAL":300},{"modelID":"ba-b8-04-3c-ba-6a","modelType":"Wi-SHT10A","DATAS":["Temperature","Humidity"],"Temperature":4.89,"Humidity":0,"TIMESTAMP":"2022-12-17T17:06:19.458Z","BATT":100,"INTERVAL":300},{"modelID":"ba-b8-04-3c-ba-6a","modelType":"Wi-SHT10A","DATAS":["Temperature","Humidity"],"Temperature":5.56,"Humidity":0,"TIMESTAMP":"2022-12-17T17:01:46.291Z","BATT":100,"INTERVAL":300},{"modelID":"ba-b8-04-3c-ba-6a","modelType":"Wi-SHT10A","DATAS":["Temperature","Humidity"],"Temperature":6.23,"Humidity":0,"TIMESTAMP":"2022-12-17T16:56:16.826Z","BATT":100,"INTERVAL":300},{"modelID":"ba-b8-04-3c-ba-6a","modelType":"Wi-SHT10A","DATAS":["Temperature","Humidity"],"Temperature":4.89,"Humidity":0,"TIMESTAMP":"2022-12-17T16:51:41.610Z","BATT":100,"INTERVAL":300},{"modelID":"ba-b8-04-3c-ba-6a","modelType":"Wi-SHT10A","DATAS":["Temperature","Humidity"],"Temperature":5.59,"Humidity":0,"TIMESTAMP":"2022-12-17T16:46:54.492Z","BATT":100,"INTERVAL":300},{"modelID":"ba-b8-04-3c-ba-6a","modelType":"Wi-SHT10A","DATAS":["Temperature","Humidity"],"Temperature":6.26,"Humidity":0,"TIMESTAMP":"2022-12-17T16:41:16.907Z","BATT":100,"INTERVAL":300},{"modelID":"ba-b8-04-3c-ba-6a","modelType":"Wi-SHT10A","DATAS":["Temperature","Humidity"],"Temperature":4.89,"Humidity":0,"TIMESTAMP":"2022-12-17T16:36:17.967Z","BATT":100,"INTERVAL":300},{"modelID":"ba-b8-04-3c-ba-6a","modelType":"Wi-SHT10A","DATAS":["Temperature","Humidity"],"Temperature":5.56,"Humidity":0,"TIMESTAMP":"2022-12-17T16:31:54.663Z","BATT":100,"INTERVAL":300},{"modelID":"ba-b8-04-3c-ba-6a","modelType":"Wi-SHT10A","DATAS":["Temperature","Humidity"],"Temperature":6.26,"Humidity":0,"TIMESTAMP":"2022-12-17T16:26:51.216Z","BATT":100,"INTERVAL":300},{"modelID":"ba-b8-04-3c-ba-6a","modelType":"Wi-SHT10A","DATAS":["Temperature","Humidity"],"Temperature":4.85,"Humidity":0,"TIMESTAMP":"2022-12-17T16:21:26.428Z","BATT":100,"INTERVAL":300},{"modelID":"ba-b8-04-3c-ba-6a","modelType":"Wi-SHT10A","DATAS":["Temperature","Humidity"],"Temperature":5.52,"Humidity":0,"TIMESTAMP":"2022-12-17T16:16:53.247Z","BATT":100,"INTERVAL":300},{"modelID":"ba-b8-04-3c-ba-6a","modelType":"Wi-SHT10A","DATAS":["Temperature","Humidity"],"Temperature":6.2,"Humidity":0,"TIMESTAMP":"2022-12-17T16:11:47.300Z","BATT":100,"INTERVAL":300},{"modelID":"ba-b8-04-3c-ba-6a","modelType":"Wi-SHT10A","DATAS":["Temperature","Humidity"],"Temperature":4.85,"Humidity":0,"TIMESTAMP":"2022-12-17T16:06:21.599Z","BATT":100,"INTERVAL":300},{"modelID":"ba-b8-04-3c-ba-6a","modelType":"Wi-SHT10A","DATAS":["Temperature","Humidity"],"Temperature":5.56,"Humidity":0,"TIMESTAMP":"2022-12-17T16:01:46.600Z","BATT":100,"INTERVAL":300}],"DAYHOURS":["12","11","10","9","8","7","6","5","4","3","2","1","0"]}