{"SENSORNAME":"AIR COMPR C1","SENSORTYPE":"PWRMTR(485)","DTUID":"111","SENSORID":9,"PWRMTR0":"258710","PWRMTR1":"9504","DAYDATA":[{"DTUID":"111","SENSORID":9,"FUNCID":3,"NDATA":2,"SENSORTYPE":"PWR-METER-POWER","RCV_BYTES":["018A","C298"],"DATAS":[394,-15720],"DATAS1":[],"DATAS2":[],"TIMESTAMP":"2022-12-18T02:28:56.115Z"},{"DTUID":"111","SENSORID":9,"FUNCID":3,"NDATA":2,"SENSORTYPE":"PWR-METER-POWER","RCV_BYTES":["018A","C298"],"DATAS":[394,-15720],"DATAS1":[],"DATAS2":[],"TIMESTAMP":"2022-12-18T00:48:44.853Z"},{"DTUID":"111","SENSORID":9,"FUNCID":3,"NDATA":2,"SENSORTYPE":"PWR-METER-POWER","RCV_BYTES":["018A","C298"],"DATAS":[394,-15720],"DATAS1":[],"DATAS2":[],"TIMESTAMP":"2022-12-18T00:28:35.039Z"},{"DTUID":"111","SENSORID":9,"FUNCID":3,"NDATA":2,"SENSORTYPE":"PWR-METER-POWER","RCV_BYTES":["018A","C298"],"DATAS":[394,-15720],"DATAS1":[],"DATAS2":[],"TIMESTAMP":"2022-12-17T23:28:28.780Z"},{"DTUID":"111","SENSORID":9,"FUNCID":3,"NDATA":2,"SENSORTYPE":"PWR-METER-POWER","RCV_BYTES":["018A","C298"],"DATAS":[394,-15720],"DATAS1":[],"DATAS2":[],"TIMESTAMP":"2022-12-17T22:28:31.491Z"},{"DTUID":"111","SENSORID":9,"FUNCID":3,"NDATA":2,"SENSORTYPE":"PWR-METER-POWER","RCV_BYTES":["018A","C298"],"DATAS":[394,-15720],"DATAS1":[],"DATAS2":[],"TIMESTAMP":"2022-12-17T21:29:22.204Z"},{"DTUID":"111","SENSORID":9,"FUNCID":3,"NDATA":2,"SENSORTYPE":"PWR-METER-POWER","RCV_BYTES":["018A","C298"],"DATAS":[394,-15720],"DATAS1":[],"DATAS2":[],"TIMESTAMP":"2022-12-17T20:48:19.673Z"},{"DTUID":"111","SENSORID":9,"FUNCID":3,"NDATA":2,"SENSORTYPE":"PWR-METER-POWER","RCV_BYTES":["018A","C298"],"DATAS":[394,-15720],"DATAS1":[],"DATAS2":[],"TIMESTAMP":"2022-12-17T20:28:16.733Z"},{"DTUID":"111","SENSORID":9,"FUNCID":3,"NDATA":2,"SENSORTYPE":"PWR-METER-POWER","RCV_BYTES":["018A","C298"],"DATAS":[394,-15720],"DATAS1":[],"DATAS2":[],"TIMESTAMP":"2022-12-17T19:29:13.534Z"},{"DTUID":"111","SENSORID":9,"FUNCID":3,"NDATA":2,"SENSORTYPE":"PWR-METER-POWER","RCV_BYTES":["018A","C298"],"DATAS":[394,-15720],"DATAS1":[],"DATAS2":[],"TIMESTAMP":"2022-12-17T17:28:12.741Z"}],"DAYHOURS":["10","8","7","6","5","4","3","1"],"MNTH-2022_12":"258710","WK51":"258710","WK50":"258710","WK49":"258546","MNTH-2022_11":"258070","WK48":"258070","WK47":"258070","WK46":"258070","WK45":"258070","WK44":"258070","MNTH-2022_10":"258070","WK43":"258070","WK42":"248494","WK41":"236120","WK40":"223798","MNTH-2022_9":"218650","WK39":"210879","WK38":"194601","WK37":"184432","WK36":"175006","MNTH-2022_8":"165486","WK35":"164265","WK34":"152259","WK33":"143950","WK32":"135239","WK31":"131471","MNTH-2022_7":"130899","WK30":"121630","WK29":"114110","WK28":"100721","WK27":"93494","MNTH-2022_6":"83655","WK26":"79124","WK25":"73989","WK24":"65270","WK23":"54265","MNTH-2022_5":"38056","WK22":"38056","WK21":"22272","WK20":"16794","WK19":"10356"}