{"SENSORNAME":"CLEAN ROOM 100 (PASTING)","SENSORTYPE":"WISENSOR","DTUID":"-1","SENSORID":"B0-58-A9-7D-C8-21","DATE0":"2022-12-18T04:09:04.498Z","DATE1":"2021-12-20T11:02:11.976Z","DAYDATA":[{"modelID":"b0-58-a9-7d-c8-21","modelType":"Wi-SHT10","DATAS":["Temperature","Humidity"],"Temperature":38.6,"Humidity":21.2256,"TIMESTAMP":"2022-12-18T04:09:04.498Z","BATT":100,"INTERVAL":600},{"modelID":"b0-58-a9-7d-c8-21","modelType":"Wi-SHT10","DATAS":["Temperature","Humidity"],"Temperature":38.59,"Humidity":21.1872,"TIMESTAMP":"2022-12-18T03:59:08.349Z","BATT":100,"INTERVAL":600},{"modelID":"b0-58-a9-7d-c8-21","modelType":"Wi-SHT10","DATAS":["Temperature","Humidity"],"Temperature":38.6,"Humidity":21.2064,"TIMESTAMP":"2022-12-18T03:49:05.782Z","BATT":100,"INTERVAL":600},{"modelID":"b0-58-a9-7d-c8-21","modelType":"Wi-SHT10","DATAS":["Temperature","Humidity"],"Temperature":38.63,"Humidity":21.1968,"TIMESTAMP":"2022-12-18T03:39:01.729Z","BATT":100,"INTERVAL":600},{"modelID":"b0-58-a9-7d-c8-21","modelType":"Wi-SHT10","DATAS":["Temperature","Humidity"],"Temperature":38.66,"Humidity":21.2064,"TIMESTAMP":"2022-12-18T03:18:55.312Z","BATT":100,"INTERVAL":600},{"modelID":"b0-58-a9-7d-c8-21","modelType":"Wi-SHT10","DATAS":["Temperature","Humidity"],"Temperature":38.65,"Humidity":21.2064,"TIMESTAMP":"2022-12-18T03:09:09.470Z","BATT":100,"INTERVAL":600},{"modelID":"b0-58-a9-7d-c8-21","modelType":"Wi-SHT10","DATAS":["Temperature","Humidity"],"Temperature":38.69,"Humidity":21.2544,"TIMESTAMP":"2022-12-18T02:58:57.047Z","BATT":100,"INTERVAL":600},{"modelID":"b0-58-a9-7d-c8-21","modelType":"Wi-SHT10","DATAS":["Temperature","Humidity"],"Temperature":38.7,"Humidity":21.273600000000002,"TIMESTAMP":"2022-12-18T02:48:50.948Z","BATT":100,"INTERVAL":600},{"modelID":"b0-58-a9-7d-c8-21","modelType":"Wi-SHT10","DATAS":["Temperature","Humidity"],"Temperature":38.71,"Humidity":21.2928,"TIMESTAMP":"2022-12-18T02:38:58.627Z","BATT":100,"INTERVAL":600},{"modelID":"b0-58-a9-7d-c8-21","modelType":"Wi-SHT10","DATAS":["Temperature","Humidity"],"Temperature":38.76,"Humidity":21.36,"TIMESTAMP":"2022-12-18T02:29:06.066Z","BATT":100,"INTERVAL":600},{"modelID":"b0-58-a9-7d-c8-21","modelType":"Wi-SHT10","DATAS":["Temperature","Humidity"],"Temperature":38.76,"Humidity":21.4464,"TIMESTAMP":"2022-12-18T02:19:01.986Z","BATT":100,"INTERVAL":600},{"modelID":"b0-58-a9-7d-c8-21","modelType":"Wi-SHT10","DATAS":["Temperature","Humidity"],"Temperature":38.76,"Humidity":21.4752,"TIMESTAMP":"2022-12-18T02:09:11.627Z","BATT":100,"INTERVAL":600},{"modelID":"b0-58-a9-7d-c8-21","modelType":"Wi-SHT10","DATAS":["Temperature","Humidity"],"Temperature":38.77,"Humidity":21.4464,"TIMESTAMP":"2022-12-18T01:58:46.728Z","BATT":100,"INTERVAL":600},{"modelID":"b0-58-a9-7d-c8-21","modelType":"Wi-SHT10","DATAS":["Temperature","Humidity"],"Temperature":38.74,"Humidity":21.311999999999998,"TIMESTAMP":"2022-12-18T01:48:59.569Z","BATT":100,"INTERVAL":600},{"modelID":"b0-58-a9-7d-c8-21","modelType":"Wi-SHT10","DATAS":["Temperature","Humidity"],"Temperature":38.73,"Humidity":21.2064,"TIMESTAMP":"2022-12-18T01:38:48.370Z","BATT":100,"INTERVAL":600},{"modelID":"b0-58-a9-7d-c8-21","modelType":"Wi-SHT10","DATAS":["Temperature","Humidity"],"Temperature":38.74,"Humidity":21.1008,"TIMESTAMP":"2022-12-18T01:29:01.972Z","BATT":100,"INTERVAL":600},{"modelID":"b0-58-a9-7d-c8-21","modelType":"Wi-SHT10","DATAS":["Temperature","Humidity"],"Temperature":38.72,"Humidity":20.928,"TIMESTAMP":"2022-12-18T01:18:47.617Z","BATT":100,"INTERVAL":600},{"modelID":"b0-58-a9-7d-c8-21","modelType":"Wi-SHT10","DATAS":["Temperature","Humidity"],"Temperature":38.72,"Humidity":20.6688,"TIMESTAMP":"2022-12-18T01:09:06.372Z","BATT":100,"INTERVAL":600},{"modelID":"b0-58-a9-7d-c8-21","modelType":"Wi-SHT10","DATAS":["Temperature","Humidity"],"Temperature":38.76,"Humidity":20.4576,"TIMESTAMP":"2022-12-18T00:59:07.323Z","BATT":100,"INTERVAL":600},{"modelID":"b0-58-a9-7d-c8-21","modelType":"Wi-SHT10","DATAS":["Temperature","Humidity"],"Temperature":38.9,"Humidity":20.0832,"TIMESTAMP":"2022-12-18T00:49:29.692Z","BATT":100,"INTERVAL":600},{"modelID":"b0-58-a9-7d-c8-21","modelType":"Wi-SHT10","DATAS":["Temperature","Humidity"],"Temperature":38.88,"Humidity":19.881600000000002,"TIMESTAMP":"2022-12-18T00:38:54.315Z","BATT":100,"INTERVAL":600},{"modelID":"b0-58-a9-7d-c8-21","modelType":"Wi-SHT10","DATAS":["Temperature","Humidity"],"Temperature":38.89,"Humidity":19.622400000000003,"TIMESTAMP":"2022-12-18T00:29:14.338Z","BATT":100,"INTERVAL":600},{"modelID":"b0-58-a9-7d-c8-21","modelType":"Wi-SHT10","DATAS":["Temperature","Humidity"],"Temperature":38.93,"Humidity":19.4208,"TIMESTAMP":"2022-12-18T00:18:50.932Z","BATT":100,"INTERVAL":600},{"modelID":"b0-58-a9-7d-c8-21","modelType":"Wi-SHT10","DATAS":["Temperature","Humidity"],"Temperature":39,"Humidity":19.3056,"TIMESTAMP":"2022-12-18T00:09:12.731Z","BATT":100,"INTERVAL":600},{"modelID":"b0-58-a9-7d-c8-21","modelType":"Wi-SHT10","DATAS":["Temperature","Humidity"],"Temperature":39.08,"Humidity":19.1808,"TIMESTAMP":"2022-12-17T23:58:57.042Z","BATT":100,"INTERVAL":600},{"modelID":"b0-58-a9-7d-c8-21","modelType":"Wi-SHT10","DATAS":["Temperature","Humidity"],"Temperature":39.16,"Humidity":19.056,"TIMESTAMP":"2022-12-17T23:49:09.182Z","BATT":100,"INTERVAL":600},{"modelID":"b0-58-a9-7d-c8-21","modelType":"Wi-SHT10","DATAS":["Temperature","Humidity"],"Temperature":39.24,"Humidity":18.9792,"TIMESTAMP":"2022-12-17T23:39:09.021Z","BATT":100,"INTERVAL":600},{"modelID":"b0-58-a9-7d-c8-21","modelType":"Wi-SHT10","DATAS":["Temperature","Humidity"],"Temperature":39.35,"Humidity":18.8736,"TIMESTAMP":"2022-12-17T23:28:54.700Z","BATT":100,"INTERVAL":600},{"modelID":"b0-58-a9-7d-c8-21","modelType":"Wi-SHT10","DATAS":["Temperature","Humidity"],"Temperature":39.44,"Humidity":18.7872,"TIMESTAMP":"2022-12-17T23:18:50.723Z","BATT":100,"INTERVAL":600},{"modelID":"b0-58-a9-7d-c8-21","modelType":"Wi-SHT10","DATAS":["Temperature","Humidity"],"Temperature":39.6,"Humidity":18.7008,"TIMESTAMP":"2022-12-17T23:09:06.722Z","BATT":100,"INTERVAL":600},{"modelID":"b0-58-a9-7d-c8-21","modelType":"Wi-SHT10","DATAS":["Temperature","Humidity"],"Temperature":39.75,"Humidity":18.5568,"TIMESTAMP":"2022-12-17T22:58:58.050Z","BATT":100,"INTERVAL":600},{"modelID":"b0-58-a9-7d-c8-21","modelType":"Wi-SHT10","DATAS":["Temperature","Humidity"],"Temperature":39.87,"Humidity":18.4992,"TIMESTAMP":"2022-12-17T22:48:42.813Z","BATT":100,"INTERVAL":600},{"modelID":"b0-58-a9-7d-c8-21","modelType":"Wi-SHT10","DATAS":["Temperature","Humidity"],"Temperature":39.85,"Humidity":18.489600000000003,"TIMESTAMP":"2022-12-17T22:39:05.911Z","BATT":100,"INTERVAL":600},{"modelID":"b0-58-a9-7d-c8-21","modelType":"Wi-SHT10","DATAS":["Temperature","Humidity"],"Temperature":39.85,"Humidity":18.5568,"TIMESTAMP":"2022-12-17T22:18:52.422Z","BATT":100,"INTERVAL":600},{"modelID":"b0-58-a9-7d-c8-21","modelType":"Wi-SHT10","DATAS":["Temperature","Humidity"],"Temperature":39.87,"Humidity":18.5856,"TIMESTAMP":"2022-12-17T22:09:05.780Z","BATT":100,"INTERVAL":600},{"modelID":"b0-58-a9-7d-c8-21","modelType":"Wi-SHT10","DATAS":["Temperature","Humidity"],"Temperature":39.85,"Humidity":18.5664,"TIMESTAMP":"2022-12-17T21:58:52.525Z","BATT":100,"INTERVAL":600},{"modelID":"b0-58-a9-7d-c8-21","modelType":"Wi-SHT10","DATAS":["Temperature","Humidity"],"Temperature":39.86,"Humidity":18.6144,"TIMESTAMP":"2022-12-17T21:48:42.844Z","BATT":100,"INTERVAL":600},{"modelID":"b0-58-a9-7d-c8-21","modelType":"Wi-SHT10","DATAS":["Temperature","Humidity"],"Temperature":39.81,"Humidity":18.6336,"TIMESTAMP":"2022-12-17T21:39:01.305Z","BATT":100,"INTERVAL":600},{"modelID":"b0-58-a9-7d-c8-21","modelType":"Wi-SHT10","DATAS":["Temperature","Humidity"],"Temperature":39.84,"Humidity":18.7008,"TIMESTAMP":"2022-12-17T21:19:11.163Z","BATT":100,"INTERVAL":600},{"modelID":"b0-58-a9-7d-c8-21","modelType":"Wi-SHT10","DATAS":["Temperature","Humidity"],"Temperature":39.84,"Humidity":18.7296,"TIMESTAMP":"2022-12-17T21:08:48.644Z","BATT":100,"INTERVAL":600},{"modelID":"b0-58-a9-7d-c8-21","modelType":"Wi-SHT10","DATAS":["Temperature","Humidity"],"Temperature":39.79,"Humidity":18.72,"TIMESTAMP":"2022-12-17T20:58:51.094Z","BATT":100,"INTERVAL":600},{"modelID":"b0-58-a9-7d-c8-21","modelType":"Wi-SHT10","DATAS":["Temperature","Humidity"],"Temperature":39.78,"Humidity":18.7776,"TIMESTAMP":"2022-12-17T20:49:13.101Z","BATT":100,"INTERVAL":600},{"modelID":"b0-58-a9-7d-c8-21","modelType":"Wi-SHT10","DATAS":["Temperature","Humidity"],"Temperature":39.78,"Humidity":18.816000000000003,"TIMESTAMP":"2022-12-17T20:38:59.373Z","BATT":100,"INTERVAL":600},{"modelID":"b0-58-a9-7d-c8-21","modelType":"Wi-SHT10","DATAS":["Temperature","Humidity"],"Temperature":39.75,"Humidity":18.8352,"TIMESTAMP":"2022-12-17T20:29:05.280Z","BATT":100,"INTERVAL":600},{"modelID":"b0-58-a9-7d-c8-21","modelType":"Wi-SHT10","DATAS":["Temperature","Humidity"],"Temperature":39.77,"Humidity":18.863999999999997,"TIMESTAMP":"2022-12-17T20:19:12.042Z","BATT":100,"INTERVAL":600},{"modelID":"b0-58-a9-7d-c8-21","modelType":"Wi-SHT10","DATAS":["Temperature","Humidity"],"Temperature":39.73,"Humidity":18.883200000000002,"TIMESTAMP":"2022-12-17T20:08:53.253Z","BATT":100,"INTERVAL":600},{"modelID":"b0-58-a9-7d-c8-21","modelType":"Wi-SHT10","DATAS":["Temperature","Humidity"],"Temperature":39.76,"Humidity":18.883200000000002,"TIMESTAMP":"2022-12-17T19:59:10.076Z","BATT":100,"INTERVAL":600},{"modelID":"b0-58-a9-7d-c8-21","modelType":"Wi-SHT10","DATAS":["Temperature","Humidity"],"Temperature":39.68,"Humidity":18.912,"TIMESTAMP":"2022-12-17T19:48:53.175Z","BATT":100,"INTERVAL":600},{"modelID":"b0-58-a9-7d-c8-21","modelType":"Wi-SHT10","DATAS":["Temperature","Humidity"],"Temperature":39.7,"Humidity":18.8928,"TIMESTAMP":"2022-12-17T19:38:44.454Z","BATT":100,"INTERVAL":600},{"modelID":"b0-58-a9-7d-c8-21","modelType":"Wi-SHT10","DATAS":["Temperature","Humidity"],"Temperature":39.71,"Humidity":18.912,"TIMESTAMP":"2022-12-17T19:29:05.274Z","BATT":100,"INTERVAL":600},{"modelID":"b0-58-a9-7d-c8-21","modelType":"Wi-SHT10","DATAS":["Temperature","Humidity"],"Temperature":39.65,"Humidity":18.9024,"TIMESTAMP":"2022-12-17T19:19:02.037Z","BATT":100,"INTERVAL":600},{"modelID":"b0-58-a9-7d-c8-21","modelType":"Wi-SHT10","DATAS":["Temperature","Humidity"],"Temperature":39.63,"Humidity":18.9504,"TIMESTAMP":"2022-12-17T19:09:10.636Z","BATT":100,"INTERVAL":600},{"modelID":"b0-58-a9-7d-c8-21","modelType":"Wi-SHT10","DATAS":["Temperature","Humidity"],"Temperature":39.63,"Humidity":18.9696,"TIMESTAMP":"2022-12-17T18:58:45.164Z","BATT":100,"INTERVAL":600},{"modelID":"b0-58-a9-7d-c8-21","modelType":"Wi-SHT10","DATAS":["Temperature","Humidity"],"Temperature":39.61,"Humidity":18.9696,"TIMESTAMP":"2022-12-17T18:49:04.664Z","BATT":100,"INTERVAL":600},{"modelID":"b0-58-a9-7d-c8-21","modelType":"Wi-SHT10","DATAS":["Temperature","Humidity"],"Temperature":39.63,"Humidity":18.9696,"TIMESTAMP":"2022-12-17T18:39:01.243Z","BATT":100,"INTERVAL":600},{"modelID":"b0-58-a9-7d-c8-21","modelType":"Wi-SHT10","DATAS":["Temperature","Humidity"],"Temperature":39.59,"Humidity":18.9696,"TIMESTAMP":"2022-12-17T18:28:45.263Z","BATT":100,"INTERVAL":600},{"modelID":"b0-58-a9-7d-c8-21","modelType":"Wi-SHT10","DATAS":["Temperature","Humidity"],"Temperature":39.58,"Humidity":19.008,"TIMESTAMP":"2022-12-17T18:18:45.504Z","BATT":100,"INTERVAL":600},{"modelID":"b0-58-a9-7d-c8-21","modelType":"Wi-SHT10","DATAS":["Temperature","Humidity"],"Temperature":39.59,"Humidity":18.9696,"TIMESTAMP":"2022-12-17T18:09:15.893Z","BATT":100,"INTERVAL":600},{"modelID":"b0-58-a9-7d-c8-21","modelType":"Wi-SHT10","DATAS":["Temperature","Humidity"],"Temperature":39.54,"Humidity":19.017599999999998,"TIMESTAMP":"2022-12-17T17:59:13.341Z","BATT":100,"INTERVAL":600},{"modelID":"b0-58-a9-7d-c8-21","modelType":"Wi-SHT10","DATAS":["Temperature","Humidity"],"Temperature":39.58,"Humidity":19.008,"TIMESTAMP":"2022-12-17T17:49:10.383Z","BATT":100,"INTERVAL":600},{"modelID":"b0-58-a9-7d-c8-21","modelType":"Wi-SHT10","DATAS":["Temperature","Humidity"],"Temperature":39.54,"Humidity":19.017599999999998,"TIMESTAMP":"2022-12-17T17:39:04.450Z","BATT":100,"INTERVAL":600},{"modelID":"b0-58-a9-7d-c8-21","modelType":"Wi-SHT10","DATAS":["Temperature","Humidity"],"Temperature":39.53,"Humidity":19.056,"TIMESTAMP":"2022-12-17T17:29:02.168Z","BATT":100,"INTERVAL":600},{"modelID":"b0-58-a9-7d-c8-21","modelType":"Wi-SHT10","DATAS":["Temperature","Humidity"],"Temperature":39.47,"Humidity":19.075200000000002,"TIMESTAMP":"2022-12-17T17:18:51.140Z","BATT":100,"INTERVAL":600},{"modelID":"b0-58-a9-7d-c8-21","modelType":"Wi-SHT10","DATAS":["Temperature","Humidity"],"Temperature":39.47,"Humidity":19.1328,"TIMESTAMP":"2022-12-17T17:08:44.004Z","BATT":100,"INTERVAL":600},{"modelID":"b0-58-a9-7d-c8-21","modelType":"Wi-SHT10","DATAS":["Temperature","Humidity"],"Temperature":39.45,"Humidity":19.1328,"TIMESTAMP":"2022-12-17T16:58:54.221Z","BATT":100,"INTERVAL":600},{"modelID":"b0-58-a9-7d-c8-21","modelType":"Wi-SHT10","DATAS":["Temperature","Humidity"],"Temperature":39.44,"Humidity":19.1328,"TIMESTAMP":"2022-12-17T16:48:52.686Z","BATT":100,"INTERVAL":600},{"modelID":"b0-58-a9-7d-c8-21","modelType":"Wi-SHT10","DATAS":["Temperature","Humidity"],"Temperature":39.39,"Humidity":19.2,"TIMESTAMP":"2022-12-17T16:39:14.660Z","BATT":100,"INTERVAL":600},{"modelID":"b0-58-a9-7d-c8-21","modelType":"Wi-SHT10","DATAS":["Temperature","Humidity"],"Temperature":39.37,"Humidity":19.2384,"TIMESTAMP":"2022-12-17T16:29:00.363Z","BATT":100,"INTERVAL":600},{"modelID":"b0-58-a9-7d-c8-21","modelType":"Wi-SHT10","DATAS":["Temperature","Humidity"],"Temperature":39.32,"Humidity":19.276799999999998,"TIMESTAMP":"2022-12-17T16:18:47.842Z","BATT":100,"INTERVAL":600},{"modelID":"b0-58-a9-7d-c8-21","modelType":"Wi-SHT10","DATAS":["Temperature","Humidity"],"Temperature":39.32,"Humidity":19.334400000000002,"TIMESTAMP":"2022-12-17T16:08:44.122Z","BATT":100,"INTERVAL":600}],"DAYHOURS":["12","11","10","9","8","7","6","5","4","3","2","1","0"]}