{"SENSORNAME":"L1 - PHARMACEUTICAL FRIDGE","SENSORTYPE":"WISENSOR","DTUID":"-1","SENSORID":"B0-B6-C7-46-4D-53","DATE0":"2022-12-18T03:53:39.676Z","DATE1":"2021-11-03T03:39:40.515Z","DAYDATA":[{"modelID":"b0-b6-c7-46-4d-53","modelType":"Wi-SHT10","DATAS":["Temperature","Humidity"],"Temperature":5.8,"Humidity":-959.04,"TIMESTAMP":"2022-12-18T03:53:39.676Z","BATT":100,"INTERVAL":1200},{"modelID":"b0-b6-c7-46-4d-53","modelType":"Wi-SHT10","DATAS":["Temperature","Humidity"],"Temperature":4.45,"Humidity":-959.04,"TIMESTAMP":"2022-12-18T03:33:17.847Z","BATT":100,"INTERVAL":1200},{"modelID":"b0-b6-c7-46-4d-53","modelType":"Wi-SHT10","DATAS":["Temperature","Humidity"],"Temperature":5.76,"Humidity":-959.04,"TIMESTAMP":"2022-12-18T03:13:49.522Z","BATT":100,"INTERVAL":1200},{"modelID":"b0-b6-c7-46-4d-53","modelType":"Wi-SHT10","DATAS":["Temperature","Humidity"],"Temperature":4.39,"Humidity":-959.04,"TIMESTAMP":"2022-12-18T02:53:29.306Z","BATT":100,"INTERVAL":1200},{"modelID":"b0-b6-c7-46-4d-53","modelType":"Wi-SHT10","DATAS":["Temperature","Humidity"],"Temperature":5.66,"Humidity":-959.04,"TIMESTAMP":"2022-12-18T02:33:49.238Z","BATT":100,"INTERVAL":1200},{"modelID":"b0-b6-c7-46-4d-53","modelType":"Wi-SHT10","DATAS":["Temperature","Humidity"],"Temperature":4.39,"Humidity":-959.04,"TIMESTAMP":"2022-12-18T02:13:18.522Z","BATT":100,"INTERVAL":1200},{"modelID":"b0-b6-c7-46-4d-53","modelType":"Wi-SHT10","DATAS":["Temperature","Humidity"],"Temperature":5.56,"Humidity":-959.04,"TIMESTAMP":"2022-12-18T01:53:37.926Z","BATT":100,"INTERVAL":1200},{"modelID":"b0-b6-c7-46-4d-53","modelType":"Wi-SHT10","DATAS":["Temperature","Humidity"],"Temperature":4.55,"Humidity":-959.04,"TIMESTAMP":"2022-12-18T01:33:26.609Z","BATT":100,"INTERVAL":1200},{"modelID":"b0-b6-c7-46-4d-53","modelType":"Wi-SHT10","DATAS":["Temperature","Humidity"],"Temperature":5.53,"Humidity":-959.04,"TIMESTAMP":"2022-12-18T01:13:17.156Z","BATT":100,"INTERVAL":1200},{"modelID":"b0-b6-c7-46-4d-53","modelType":"Wi-SHT10","DATAS":["Temperature","Humidity"],"Temperature":4.89,"Humidity":-959.04,"TIMESTAMP":"2022-12-18T00:54:05.621Z","BATT":100,"INTERVAL":1200},{"modelID":"b0-b6-c7-46-4d-53","modelType":"Wi-SHT10","DATAS":["Temperature","Humidity"],"Temperature":5.13,"Humidity":-959.04,"TIMESTAMP":"2022-12-18T00:33:47.594Z","BATT":100,"INTERVAL":1200},{"modelID":"b0-b6-c7-46-4d-53","modelType":"Wi-SHT10","DATAS":["Temperature","Humidity"],"Temperature":5.06,"Humidity":-959.04,"TIMESTAMP":"2022-12-17T23:53:29.940Z","BATT":100,"INTERVAL":1200},{"modelID":"b0-b6-c7-46-4d-53","modelType":"Wi-SHT10","DATAS":["Temperature","Humidity"],"Temperature":5.26,"Humidity":-959.04,"TIMESTAMP":"2022-12-17T23:33:47.210Z","BATT":100,"INTERVAL":1200},{"modelID":"b0-b6-c7-46-4d-53","modelType":"Wi-SHT10","DATAS":["Temperature","Humidity"],"Temperature":4.92,"Humidity":-959.04,"TIMESTAMP":"2022-12-17T23:13:23.284Z","BATT":100,"INTERVAL":1200},{"modelID":"b0-b6-c7-46-4d-53","modelType":"Wi-SHT10","DATAS":["Temperature","Humidity"],"Temperature":5.5,"Humidity":-959.04,"TIMESTAMP":"2022-12-17T22:53:51.310Z","BATT":100,"INTERVAL":1200},{"modelID":"b0-b6-c7-46-4d-53","modelType":"Wi-SHT10","DATAS":["Temperature","Humidity"],"Temperature":4.65,"Humidity":-959.04,"TIMESTAMP":"2022-12-17T22:33:40.245Z","BATT":100,"INTERVAL":1200},{"modelID":"b0-b6-c7-46-4d-53","modelType":"Wi-SHT10","DATAS":["Temperature","Humidity"],"Temperature":5.7,"Humidity":-959.04,"TIMESTAMP":"2022-12-17T22:13:47.313Z","BATT":100,"INTERVAL":1200},{"modelID":"b0-b6-c7-46-4d-53","modelType":"Wi-SHT10","DATAS":["Temperature","Humidity"],"Temperature":4.39,"Humidity":-959.04,"TIMESTAMP":"2022-12-17T21:54:08.361Z","BATT":100,"INTERVAL":1200},{"modelID":"b0-b6-c7-46-4d-53","modelType":"Wi-SHT10","DATAS":["Temperature","Humidity"],"Temperature":5.8,"Humidity":-959.04,"TIMESTAMP":"2022-12-17T21:33:47.147Z","BATT":100,"INTERVAL":1200},{"modelID":"b0-b6-c7-46-4d-53","modelType":"Wi-SHT10","DATAS":["Temperature","Humidity"],"Temperature":4.39,"Humidity":-959.04,"TIMESTAMP":"2022-12-17T21:13:15.113Z","BATT":100,"INTERVAL":1200},{"modelID":"b0-b6-c7-46-4d-53","modelType":"Wi-SHT10","DATAS":["Temperature","Humidity"],"Temperature":5.76,"Humidity":-959.04,"TIMESTAMP":"2022-12-17T20:53:36.768Z","BATT":100,"INTERVAL":1200},{"modelID":"b0-b6-c7-46-4d-53","modelType":"Wi-SHT10","DATAS":["Temperature","Humidity"],"Temperature":4.45,"Humidity":-959.04,"TIMESTAMP":"2022-12-17T20:33:24.515Z","BATT":100,"INTERVAL":1200},{"modelID":"b0-b6-c7-46-4d-53","modelType":"Wi-SHT10","DATAS":["Temperature","Humidity"],"Temperature":5.53,"Humidity":-959.04,"TIMESTAMP":"2022-12-17T20:13:55.360Z","BATT":100,"INTERVAL":1200},{"modelID":"b0-b6-c7-46-4d-53","modelType":"Wi-SHT10","DATAS":["Temperature","Humidity"],"Temperature":4.69,"Humidity":-959.04,"TIMESTAMP":"2022-12-17T19:54:01.604Z","BATT":100,"INTERVAL":1200},{"modelID":"b0-b6-c7-46-4d-53","modelType":"Wi-SHT10","DATAS":["Temperature","Humidity"],"Temperature":5.29,"Humidity":-959.04,"TIMESTAMP":"2022-12-17T19:34:05.365Z","BATT":100,"INTERVAL":1200},{"modelID":"b0-b6-c7-46-4d-53","modelType":"Wi-SHT10","DATAS":["Temperature","Humidity"],"Temperature":4.76,"Humidity":-959.04,"TIMESTAMP":"2022-12-17T19:13:44.963Z","BATT":100,"INTERVAL":1200},{"modelID":"b0-b6-c7-46-4d-53","modelType":"Wi-SHT10","DATAS":["Temperature","Humidity"],"Temperature":5.09,"Humidity":-959.04,"TIMESTAMP":"2022-12-17T18:54:03.014Z","BATT":100,"INTERVAL":1200},{"modelID":"b0-b6-c7-46-4d-53","modelType":"Wi-SHT10","DATAS":["Temperature","Humidity"],"Temperature":5.13,"Humidity":-959.04,"TIMESTAMP":"2022-12-17T18:34:02.925Z","BATT":100,"INTERVAL":1200},{"modelID":"b0-b6-c7-46-4d-53","modelType":"Wi-SHT10","DATAS":["Temperature","Humidity"],"Temperature":5.13,"Humidity":-959.04,"TIMESTAMP":"2022-12-17T18:13:13.337Z","BATT":100,"INTERVAL":1200},{"modelID":"b0-b6-c7-46-4d-53","modelType":"Wi-SHT10","DATAS":["Temperature","Humidity"],"Temperature":5.19,"Humidity":-959.04,"TIMESTAMP":"2022-12-17T17:53:32.251Z","BATT":100,"INTERVAL":1200},{"modelID":"b0-b6-c7-46-4d-53","modelType":"Wi-SHT10","DATAS":["Temperature","Humidity"],"Temperature":4.82,"Humidity":-959.04,"TIMESTAMP":"2022-12-17T17:33:38.590Z","BATT":100,"INTERVAL":1200},{"modelID":"b0-b6-c7-46-4d-53","modelType":"Wi-SHT10","DATAS":["Temperature","Humidity"],"Temperature":5.6,"Humidity":-959.04,"TIMESTAMP":"2022-12-17T17:13:58.317Z","BATT":100,"INTERVAL":1200},{"modelID":"b0-b6-c7-46-4d-53","modelType":"Wi-SHT10","DATAS":["Temperature","Humidity"],"Temperature":5.63,"Humidity":-959.04,"TIMESTAMP":"2022-12-17T16:33:44.555Z","BATT":100,"INTERVAL":1200},{"modelID":"b0-b6-c7-46-4d-53","modelType":"Wi-SHT10","DATAS":["Temperature","Humidity"],"Temperature":4.62,"Humidity":-959.04,"TIMESTAMP":"2022-12-17T16:13:24.734Z","BATT":100,"INTERVAL":1200}],"DAYHOURS":["11","10","9","8","7","6","5","4","3","2","1","0"]}