{"SENSORNAME":"WCPU OVERALL AIR DUCT","SENSORTYPE":"AIRFLW(485)","DTUID":"217","SENSORID":"62","DATE0":"2022-12-18T03:28:19.829Z","DATE1":"2022-02-13T09:06:13.653Z","DAYDATA":[{"DTUID":"217","SENSORID":62,"FUNCID":3,"NDATA":2,"SENSORTYPE":"AIRFLOW-VEL","RCV_BYTES":["0016","1EF0"],"DATAS":[22,7920],"DATAS1":[],"DATAS2":[],"TIMESTAMP":"2022-12-18T03:28:19.829Z"},{"DTUID":"217","SENSORID":62,"FUNCID":3,"NDATA":2,"SENSORTYPE":"AIRFLOW-VEL","RCV_BYTES":["0014","1C20"],"DATAS":[20,7200],"DATAS1":[],"DATAS2":[],"TIMESTAMP":"2022-12-18T02:28:13.914Z"},{"DTUID":"217","SENSORID":62,"FUNCID":3,"NDATA":2,"SENSORTYPE":"AIRFLOW-VEL","RCV_BYTES":["0014","1C20"],"DATAS":[20,7200],"DATAS1":[],"DATAS2":[],"TIMESTAMP":"2022-12-18T01:28:15.968Z"},{"DTUID":"217","SENSORID":62,"FUNCID":3,"NDATA":2,"SENSORTYPE":"AIRFLOW-VEL","RCV_BYTES":["0014","1C20"],"DATAS":[20,7200],"DATAS1":[],"DATAS2":[],"TIMESTAMP":"2022-12-17T23:28:04.961Z"},{"DTUID":"217","SENSORID":62,"FUNCID":3,"NDATA":2,"SENSORTYPE":"AIRFLOW-VEL","RCV_BYTES":["0015","1D88"],"DATAS":[21,7560],"DATAS1":[],"DATAS2":[],"TIMESTAMP":"2022-12-17T21:27:51.104Z"},{"DTUID":"217","SENSORID":62,"FUNCID":3,"NDATA":2,"SENSORTYPE":"AIRFLOW-VEL","RCV_BYTES":["0015","1D88"],"DATAS":[21,7560],"DATAS1":[],"DATAS2":[],"TIMESTAMP":"2022-12-17T20:47:49.653Z"},{"DTUID":"217","SENSORID":62,"FUNCID":3,"NDATA":2,"SENSORTYPE":"AIRFLOW-VEL","RCV_BYTES":["0014","1C20"],"DATAS":[20,7200],"DATAS1":[],"DATAS2":[],"TIMESTAMP":"2022-12-17T18:27:43.844Z"}],"DAYHOURS":["11","10","9","7","5","4","2"]}