{"SENSORNAME":"AIR COMPR C3","SENSORTYPE":"PWRMTR(485)","DTUID":"113","SENSORID":6,"PWRMTR0":"84736","PWRMTR1":"1156","DAYDATA":[{"DTUID":"113","SENSORID":6,"FUNCID":3,"NDATA":2,"SENSORTYPE":"PWR-METER-POWER","RCV_BYTES":["0081","4C14"],"DATAS":[129,19476],"DATAS1":[],"DATAS2":[],"TIMESTAMP":"2022-12-18T03:28:41.169Z"},{"DTUID":"113","SENSORID":6,"FUNCID":3,"NDATA":2,"SENSORTYPE":"PWR-METER-POWER","RCV_BYTES":["0081","4C14"],"DATAS":[129,19476],"DATAS1":[],"DATAS2":[],"TIMESTAMP":"2022-12-18T01:28:41.556Z"},{"DTUID":"113","SENSORID":6,"FUNCID":3,"NDATA":2,"SENSORTYPE":"PWR-METER-POWER","RCV_BYTES":["0081","4C14"],"DATAS":[129,19476],"DATAS1":[],"DATAS2":[],"TIMESTAMP":"2022-12-18T00:48:27.861Z"},{"DTUID":"113","SENSORID":6,"FUNCID":3,"NDATA":2,"SENSORTYPE":"PWR-METER-POWER","RCV_BYTES":["0081","4C14"],"DATAS":[129,19476],"DATAS1":[],"DATAS2":[],"TIMESTAMP":"2022-12-17T23:28:25.860Z"},{"DTUID":"113","SENSORID":6,"FUNCID":3,"NDATA":2,"SENSORTYPE":"PWR-METER-POWER","RCV_BYTES":["0081","4C14"],"DATAS":[129,19476],"DATAS1":[],"DATAS2":[],"TIMESTAMP":"2022-12-17T18:29:01.167Z"}],"DAYHOURS":["11","9","8","7","2"],"MNTH-2022_12":"84736","WK51":"84736","WK50":"81254","WK49":"78828","MNTH-2022_11":"77828","WK48":"77673","WK47":"76972","WK46":"75461","WK45":"72928","WK44":"69873","MNTH-2022_10":"69445","WK43":"67554","WK42":"65122","WK41":"60585","WK40":"56643","MNTH-2022_9":"54048","WK39":"52421","WK38":"51402","WK37":"48728","WK36":"46688","MNTH-2022_8":"44037","WK35":"43628","WK34":"40252","WK33":"37593","WK32":"34890","WK31":"32598","MNTH-2022_7":"31799","WK30":"29847","WK29":"27627","WK28":"24519","WK27":"21834","MNTH-2022_6":"19443","WK26":"18591","WK25":"16023","WK24":"13473","WK23":"11127","MNTH-2022_5":"8926","WK22":"8926","WK21":"6867","WK20":"4367","WK19":"1730"}