{"SENSORNAME":"PRE-COOL FE","SENSORTYPE":"PWRMTR(485)","DTUID":"112","SENSORID":14,"PWRMTR0":"1875","PWRMTR1":"52","DAYDATA":[{"DTUID":"112","SENSORID":14,"FUNCID":3,"NDATA":2,"SENSORTYPE":"PWR-METER-POWER","RCV_BYTES":["0002","DC47"],"DATAS":[2,-9145],"DATAS1":[],"DATAS2":[],"TIMESTAMP":"2022-12-18T01:28:52.467Z"},{"DTUID":"112","SENSORID":14,"FUNCID":3,"NDATA":2,"SENSORTYPE":"PWR-METER-POWER","RCV_BYTES":["0002","DC47"],"DATAS":[2,-9145],"DATAS1":[],"DATAS2":[],"TIMESTAMP":"2022-12-18T00:49:39.817Z"},{"DTUID":"112","SENSORID":14,"FUNCID":3,"NDATA":2,"SENSORTYPE":"PWR-METER-POWER","RCV_BYTES":["0002","DC47"],"DATAS":[2,-9145],"DATAS1":[],"DATAS2":[],"TIMESTAMP":"2022-12-18T00:28:50.398Z"},{"DTUID":"112","SENSORID":14,"FUNCID":3,"NDATA":2,"SENSORTYPE":"PWR-METER-POWER","RCV_BYTES":["0002","DC47"],"DATAS":[2,-9145],"DATAS1":[],"DATAS2":[],"TIMESTAMP":"2022-12-17T22:28:32.351Z"},{"DTUID":"112","SENSORID":14,"FUNCID":3,"NDATA":2,"SENSORTYPE":"PWR-METER-POWER","RCV_BYTES":["0002","DC47"],"DATAS":[2,-9145],"DATAS1":[],"DATAS2":[],"TIMESTAMP":"2022-12-17T21:48:33.486Z"},{"DTUID":"112","SENSORID":14,"FUNCID":3,"NDATA":2,"SENSORTYPE":"PWR-METER-POWER","RCV_BYTES":["0002","DC47"],"DATAS":[2,-9145],"DATAS1":[],"DATAS2":[],"TIMESTAMP":"2022-12-17T21:29:19.764Z"},{"DTUID":"112","SENSORID":14,"FUNCID":3,"NDATA":2,"SENSORTYPE":"PWR-METER-POWER","RCV_BYTES":["0002","DC47"],"DATAS":[2,-9145],"DATAS1":[],"DATAS2":[],"TIMESTAMP":"2022-12-17T20:28:32.602Z"},{"DTUID":"112","SENSORID":14,"FUNCID":3,"NDATA":2,"SENSORTYPE":"PWR-METER-POWER","RCV_BYTES":["0002","DC47"],"DATAS":[2,-9145],"DATAS1":[],"DATAS2":[],"TIMESTAMP":"2022-12-17T19:29:10.602Z"},{"DTUID":"112","SENSORID":14,"FUNCID":3,"NDATA":2,"SENSORTYPE":"PWR-METER-POWER","RCV_BYTES":["0002","DC47"],"DATAS":[2,-9145],"DATAS1":[],"DATAS2":[],"TIMESTAMP":"2022-12-17T18:28:10.935Z"},{"DTUID":"112","SENSORID":14,"FUNCID":3,"NDATA":2,"SENSORTYPE":"PWR-METER-POWER","RCV_BYTES":["0002","DC47"],"DATAS":[2,-9145],"DATAS1":[],"DATAS2":[],"TIMESTAMP":"2022-12-17T17:28:59.948Z"}],"DAYHOURS":["9","8","6","5","4","3","2","1"],"MNTH-2022_12":"1875","WK51":"1875","WK50":"1875","WK49":"1875","MNTH-2022_11":"1875","WK48":"1870","WK47":"1798","WK46":"1726","WK45":"1700","MNTH-2022_10":"1517","WK41":"1517","WK40":"1478","MNTH-2022_8":"986","WK33":"986","WK32":"942","WK31":"872","MNTH-2022_7":"853","WK30":"805","WK29":"737","WK28":"669","WK27":"603","MNTH-2022_6":"554","WK26":"536","WK25":"473","WK24":"405","MNTH-2022_5":"103","WK20":"103","WK19":"68"}