{"SENSORNAME":"L1 -tms ULTF","SENSORTYPE":"WISENSOR","DTUID":"-1","SENSORID":"BA-75-79-51-2B-0D","DATE0":"2022-12-18T04:07:37.878Z","DATE1":"2022-03-21T17:12:05.652Z","DAYDATA":[{"modelID":"ba-75-79-51-2b-0d","modelType":"Wi-SHT10","DATAS":["Temperature","Humidity"],"Temperature":-81.42,"Humidity":-959.04,"TIMESTAMP":"2022-12-18T04:07:37.878Z","BATT":1,"INTERVAL":300},{"modelID":"ba-75-79-51-2b-0d","modelType":"Wi-SHT10","DATAS":["Temperature","Humidity"],"Temperature":-81.16,"Humidity":-959.04,"TIMESTAMP":"2022-12-18T04:02:35.003Z","BATT":1,"INTERVAL":300},{"modelID":"ba-75-79-51-2b-0d","modelType":"Wi-SHT10","DATAS":["Temperature","Humidity"],"Temperature":-80.83,"Humidity":-959.04,"TIMESTAMP":"2022-12-18T03:57:35.034Z","BATT":1,"INTERVAL":300},{"modelID":"ba-75-79-51-2b-0d","modelType":"Wi-SHT10","DATAS":["Temperature","Humidity"],"Temperature":-80.6,"Humidity":-959.04,"TIMESTAMP":"2022-12-18T03:52:35.008Z","BATT":1,"INTERVAL":300},{"modelID":"ba-75-79-51-2b-0d","modelType":"Wi-SHT10","DATAS":["Temperature","Humidity"],"Temperature":-80.67,"Humidity":-959.04,"TIMESTAMP":"2022-12-18T03:47:38.784Z","BATT":1,"INTERVAL":300},{"modelID":"ba-75-79-51-2b-0d","modelType":"Wi-SHT10","DATAS":["Temperature","Humidity"],"Temperature":-81,"Humidity":-959.04,"TIMESTAMP":"2022-12-18T03:42:35.115Z","BATT":1,"INTERVAL":300},{"modelID":"ba-75-79-51-2b-0d","modelType":"Wi-SHT10","DATAS":["Temperature","Humidity"],"Temperature":-81.29,"Humidity":-959.04,"TIMESTAMP":"2022-12-18T03:37:35.136Z","BATT":1,"INTERVAL":300},{"modelID":"ba-75-79-51-2b-0d","modelType":"Wi-SHT10","DATAS":["Temperature","Humidity"],"Temperature":-81.45,"Humidity":-959.04,"TIMESTAMP":"2022-12-18T03:32:35.154Z","BATT":1,"INTERVAL":300},{"modelID":"ba-75-79-51-2b-0d","modelType":"Wi-SHT10","DATAS":["Temperature","Humidity"],"Temperature":-81.42,"Humidity":-959.04,"TIMESTAMP":"2022-12-18T03:27:35.841Z","BATT":1,"INTERVAL":300},{"modelID":"ba-75-79-51-2b-0d","modelType":"Wi-SHT10","DATAS":["Temperature","Humidity"],"Temperature":-80.83,"Humidity":-959.04,"TIMESTAMP":"2022-12-18T03:17:35.100Z","BATT":1,"INTERVAL":300},{"modelID":"ba-75-79-51-2b-0d","modelType":"Wi-SHT10","DATAS":["Temperature","Humidity"],"Temperature":-80.6,"Humidity":-959.04,"TIMESTAMP":"2022-12-18T03:12:35.123Z","BATT":1,"INTERVAL":300},{"modelID":"ba-75-79-51-2b-0d","modelType":"Wi-SHT10","DATAS":["Temperature","Humidity"],"Temperature":-81.29,"Humidity":-959.04,"TIMESTAMP":"2022-12-18T02:57:35.165Z","BATT":1,"INTERVAL":300},{"modelID":"ba-75-79-51-2b-0d","modelType":"Wi-SHT10","DATAS":["Temperature","Humidity"],"Temperature":-81.45,"Humidity":-959.04,"TIMESTAMP":"2022-12-18T02:52:35.210Z","BATT":1,"INTERVAL":300},{"modelID":"ba-75-79-51-2b-0d","modelType":"Wi-SHT10","DATAS":["Temperature","Humidity"],"Temperature":-81.45,"Humidity":-959.04,"TIMESTAMP":"2022-12-18T02:47:35.523Z","BATT":1,"INTERVAL":300},{"modelID":"ba-75-79-51-2b-0d","modelType":"Wi-SHT10","DATAS":["Temperature","Humidity"],"Temperature":-81.16,"Humidity":-959.04,"TIMESTAMP":"2022-12-18T02:42:35.236Z","BATT":1,"INTERVAL":300},{"modelID":"ba-75-79-51-2b-0d","modelType":"Wi-SHT10","DATAS":["Temperature","Humidity"],"Temperature":-80.8,"Humidity":-959.04,"TIMESTAMP":"2022-12-18T02:37:35.268Z","BATT":1,"INTERVAL":300},{"modelID":"ba-75-79-51-2b-0d","modelType":"Wi-SHT10","DATAS":["Temperature","Humidity"],"Temperature":-80.57,"Humidity":-959.04,"TIMESTAMP":"2022-12-18T02:32:35.280Z","BATT":1,"INTERVAL":300},{"modelID":"ba-75-79-51-2b-0d","modelType":"Wi-SHT10","DATAS":["Temperature","Humidity"],"Temperature":-80.67,"Humidity":-959.04,"TIMESTAMP":"2022-12-18T02:27:35.464Z","BATT":1,"INTERVAL":300},{"modelID":"ba-75-79-51-2b-0d","modelType":"Wi-SHT10","DATAS":["Temperature","Humidity"],"Temperature":-81,"Humidity":-959.04,"TIMESTAMP":"2022-12-18T02:22:35.322Z","BATT":1,"INTERVAL":300},{"modelID":"ba-75-79-51-2b-0d","modelType":"Wi-SHT10","DATAS":["Temperature","Humidity"],"Temperature":-81.29,"Humidity":-959.04,"TIMESTAMP":"2022-12-18T02:17:35.317Z","BATT":1,"INTERVAL":300},{"modelID":"ba-75-79-51-2b-0d","modelType":"Wi-SHT10","DATAS":["Temperature","Humidity"],"Temperature":-81.45,"Humidity":-959.04,"TIMESTAMP":"2022-12-18T02:12:35.345Z","BATT":1,"INTERVAL":300},{"modelID":"ba-75-79-51-2b-0d","modelType":"Wi-SHT10","DATAS":["Temperature","Humidity"],"Temperature":-81.42,"Humidity":-959.04,"TIMESTAMP":"2022-12-18T02:07:35.798Z","BATT":1,"INTERVAL":300},{"modelID":"ba-75-79-51-2b-0d","modelType":"Wi-SHT10","DATAS":["Temperature","Humidity"],"Temperature":-81.19,"Humidity":-959.04,"TIMESTAMP":"2022-12-18T02:02:35.377Z","BATT":1,"INTERVAL":300},{"modelID":"ba-75-79-51-2b-0d","modelType":"Wi-SHT10","DATAS":["Temperature","Humidity"],"Temperature":-80.8,"Humidity":-959.04,"TIMESTAMP":"2022-12-18T01:57:35.853Z","BATT":1,"INTERVAL":300},{"modelID":"ba-75-79-51-2b-0d","modelType":"Wi-SHT10","DATAS":["Temperature","Humidity"],"Temperature":-80.6,"Humidity":-959.04,"TIMESTAMP":"2022-12-18T01:52:35.383Z","BATT":1,"INTERVAL":300},{"modelID":"ba-75-79-51-2b-0d","modelType":"Wi-SHT10","DATAS":["Temperature","Humidity"],"Temperature":-80.67,"Humidity":-959.04,"TIMESTAMP":"2022-12-18T01:47:35.422Z","BATT":1,"INTERVAL":300},{"modelID":"ba-75-79-51-2b-0d","modelType":"Wi-SHT10","DATAS":["Temperature","Humidity"],"Temperature":-81,"Humidity":-959.04,"TIMESTAMP":"2022-12-18T01:42:35.433Z","BATT":1,"INTERVAL":300},{"modelID":"ba-75-79-51-2b-0d","modelType":"Wi-SHT10","DATAS":["Temperature","Humidity"],"Temperature":-81.29,"Humidity":-959.04,"TIMESTAMP":"2022-12-18T01:37:35.459Z","BATT":1,"INTERVAL":300},{"modelID":"ba-75-79-51-2b-0d","modelType":"Wi-SHT10","DATAS":["Temperature","Humidity"],"Temperature":-81.45,"Humidity":-959.04,"TIMESTAMP":"2022-12-18T01:32:35.526Z","BATT":1,"INTERVAL":300},{"modelID":"ba-75-79-51-2b-0d","modelType":"Wi-SHT10","DATAS":["Temperature","Humidity"],"Temperature":-81.42,"Humidity":-959.04,"TIMESTAMP":"2022-12-18T01:27:35.528Z","BATT":1,"INTERVAL":300},{"modelID":"ba-75-79-51-2b-0d","modelType":"Wi-SHT10","DATAS":["Temperature","Humidity"],"Temperature":-80.8,"Humidity":-959.04,"TIMESTAMP":"2022-12-18T01:17:35.518Z","BATT":1,"INTERVAL":300},{"modelID":"ba-75-79-51-2b-0d","modelType":"Wi-SHT10","DATAS":["Temperature","Humidity"],"Temperature":-80.6,"Humidity":-959.04,"TIMESTAMP":"2022-12-18T01:12:35.529Z","BATT":1,"INTERVAL":300},{"modelID":"ba-75-79-51-2b-0d","modelType":"Wi-SHT10","DATAS":["Temperature","Humidity"],"Temperature":-80.67,"Humidity":-959.04,"TIMESTAMP":"2022-12-18T01:07:35.554Z","BATT":1,"INTERVAL":300},{"modelID":"ba-75-79-51-2b-0d","modelType":"Wi-SHT10","DATAS":["Temperature","Humidity"],"Temperature":-81.03,"Humidity":-959.04,"TIMESTAMP":"2022-12-18T01:02:35.663Z","BATT":1,"INTERVAL":300},{"modelID":"ba-75-79-51-2b-0d","modelType":"Wi-SHT10","DATAS":["Temperature","Humidity"],"Temperature":-81.29,"Humidity":-959.04,"TIMESTAMP":"2022-12-18T00:57:35.738Z","BATT":1,"INTERVAL":300},{"modelID":"ba-75-79-51-2b-0d","modelType":"Wi-SHT10","DATAS":["Temperature","Humidity"],"Temperature":-81.45,"Humidity":-959.04,"TIMESTAMP":"2022-12-18T00:52:35.696Z","BATT":1,"INTERVAL":300},{"modelID":"ba-75-79-51-2b-0d","modelType":"Wi-SHT10","DATAS":["Temperature","Humidity"],"Temperature":-81.42,"Humidity":-959.04,"TIMESTAMP":"2022-12-18T00:47:35.620Z","BATT":1,"INTERVAL":300},{"modelID":"ba-75-79-51-2b-0d","modelType":"Wi-SHT10","DATAS":["Temperature","Humidity"],"Temperature":-81.09,"Humidity":-959.04,"TIMESTAMP":"2022-12-18T00:42:35.674Z","BATT":1,"INTERVAL":300},{"modelID":"ba-75-79-51-2b-0d","modelType":"Wi-SHT10","DATAS":["Temperature","Humidity"],"Temperature":-80.77,"Humidity":-959.04,"TIMESTAMP":"2022-12-18T00:37:35.740Z","BATT":1,"INTERVAL":300},{"modelID":"ba-75-79-51-2b-0d","modelType":"Wi-SHT10","DATAS":["Temperature","Humidity"],"Temperature":-80.57,"Humidity":-959.04,"TIMESTAMP":"2022-12-18T00:32:35.681Z","BATT":1,"INTERVAL":300},{"modelID":"ba-75-79-51-2b-0d","modelType":"Wi-SHT10","DATAS":["Temperature","Humidity"],"Temperature":-80.67,"Humidity":-959.04,"TIMESTAMP":"2022-12-18T00:27:36.132Z","BATT":1,"INTERVAL":300},{"modelID":"ba-75-79-51-2b-0d","modelType":"Wi-SHT10","DATAS":["Temperature","Humidity"],"Temperature":-81.13,"Humidity":-959.04,"TIMESTAMP":"2022-12-18T00:02:35.790Z","BATT":1,"INTERVAL":300},{"modelID":"ba-75-79-51-2b-0d","modelType":"Wi-SHT10","DATAS":["Temperature","Humidity"],"Temperature":-80.77,"Humidity":-959.04,"TIMESTAMP":"2022-12-17T23:57:35.815Z","BATT":1,"INTERVAL":300},{"modelID":"ba-75-79-51-2b-0d","modelType":"Wi-SHT10","DATAS":["Temperature","Humidity"],"Temperature":-80.57,"Humidity":-959.04,"TIMESTAMP":"2022-12-17T23:52:35.860Z","BATT":1,"INTERVAL":300},{"modelID":"ba-75-79-51-2b-0d","modelType":"Wi-SHT10","DATAS":["Temperature","Humidity"],"Temperature":-80.67,"Humidity":-959.04,"TIMESTAMP":"2022-12-17T23:47:35.916Z","BATT":1,"INTERVAL":300},{"modelID":"ba-75-79-51-2b-0d","modelType":"Wi-SHT10","DATAS":["Temperature","Humidity"],"Temperature":-81,"Humidity":-959.04,"TIMESTAMP":"2022-12-17T23:42:35.918Z","BATT":1,"INTERVAL":300},{"modelID":"ba-75-79-51-2b-0d","modelType":"Wi-SHT10","DATAS":["Temperature","Humidity"],"Temperature":-81.42,"Humidity":-959.04,"TIMESTAMP":"2022-12-17T23:32:35.865Z","BATT":1,"INTERVAL":300},{"modelID":"ba-75-79-51-2b-0d","modelType":"Wi-SHT10","DATAS":["Temperature","Humidity"],"Temperature":-81.39,"Humidity":-959.04,"TIMESTAMP":"2022-12-17T23:27:35.903Z","BATT":1,"INTERVAL":300},{"modelID":"ba-75-79-51-2b-0d","modelType":"Wi-SHT10","DATAS":["Temperature","Humidity"],"Temperature":-81.09,"Humidity":-959.04,"TIMESTAMP":"2022-12-17T23:22:35.886Z","BATT":1,"INTERVAL":300},{"modelID":"ba-75-79-51-2b-0d","modelType":"Wi-SHT10","DATAS":["Temperature","Humidity"],"Temperature":-80.77,"Humidity":-959.04,"TIMESTAMP":"2022-12-17T23:17:36.022Z","BATT":1,"INTERVAL":300},{"modelID":"ba-75-79-51-2b-0d","modelType":"Wi-SHT10","DATAS":["Temperature","Humidity"],"Temperature":-80.57,"Humidity":-959.04,"TIMESTAMP":"2022-12-17T23:12:36.012Z","BATT":1,"INTERVAL":300},{"modelID":"ba-75-79-51-2b-0d","modelType":"Wi-SHT10","DATAS":["Temperature","Humidity"],"Temperature":-80.64,"Humidity":-959.04,"TIMESTAMP":"2022-12-17T23:07:36.062Z","BATT":1,"INTERVAL":300},{"modelID":"ba-75-79-51-2b-0d","modelType":"Wi-SHT10","DATAS":["Temperature","Humidity"],"Temperature":-81.29,"Humidity":-959.04,"TIMESTAMP":"2022-12-17T22:57:35.996Z","BATT":1,"INTERVAL":300},{"modelID":"ba-75-79-51-2b-0d","modelType":"Wi-SHT10","DATAS":["Temperature","Humidity"],"Temperature":-81.42,"Humidity":-959.04,"TIMESTAMP":"2022-12-17T22:52:36.115Z","BATT":1,"INTERVAL":300},{"modelID":"ba-75-79-51-2b-0d","modelType":"Wi-SHT10","DATAS":["Temperature","Humidity"],"Temperature":-81.36,"Humidity":-959.04,"TIMESTAMP":"2022-12-17T22:47:36.092Z","BATT":1,"INTERVAL":300},{"modelID":"ba-75-79-51-2b-0d","modelType":"Wi-SHT10","DATAS":["Temperature","Humidity"],"Temperature":-81.09,"Humidity":-959.04,"TIMESTAMP":"2022-12-17T22:42:36.024Z","BATT":1,"INTERVAL":300},{"modelID":"ba-75-79-51-2b-0d","modelType":"Wi-SHT10","DATAS":["Temperature","Humidity"],"Temperature":-80.77,"Humidity":-959.04,"TIMESTAMP":"2022-12-17T22:37:36.036Z","BATT":1,"INTERVAL":300},{"modelID":"ba-75-79-51-2b-0d","modelType":"Wi-SHT10","DATAS":["Temperature","Humidity"],"Temperature":-80.57,"Humidity":-959.04,"TIMESTAMP":"2022-12-17T22:32:36.177Z","BATT":1,"INTERVAL":300},{"modelID":"ba-75-79-51-2b-0d","modelType":"Wi-SHT10","DATAS":["Temperature","Humidity"],"Temperature":-80.7,"Humidity":-959.04,"TIMESTAMP":"2022-12-17T22:27:36.118Z","BATT":1,"INTERVAL":300},{"modelID":"ba-75-79-51-2b-0d","modelType":"Wi-SHT10","DATAS":["Temperature","Humidity"],"Temperature":-81.03,"Humidity":-959.04,"TIMESTAMP":"2022-12-17T22:22:36.562Z","BATT":1,"INTERVAL":300},{"modelID":"ba-75-79-51-2b-0d","modelType":"Wi-SHT10","DATAS":["Temperature","Humidity"],"Temperature":-81.29,"Humidity":-959.04,"TIMESTAMP":"2022-12-17T22:17:36.192Z","BATT":1,"INTERVAL":300},{"modelID":"ba-75-79-51-2b-0d","modelType":"Wi-SHT10","DATAS":["Temperature","Humidity"],"Temperature":-81.42,"Humidity":-959.04,"TIMESTAMP":"2022-12-17T22:12:36.212Z","BATT":1,"INTERVAL":300},{"modelID":"ba-75-79-51-2b-0d","modelType":"Wi-SHT10","DATAS":["Temperature","Humidity"],"Temperature":-81.39,"Humidity":-959.04,"TIMESTAMP":"2022-12-17T22:07:36.233Z","BATT":1,"INTERVAL":300},{"modelID":"ba-75-79-51-2b-0d","modelType":"Wi-SHT10","DATAS":["Temperature","Humidity"],"Temperature":-81.09,"Humidity":-959.04,"TIMESTAMP":"2022-12-17T22:02:36.235Z","BATT":1,"INTERVAL":300},{"modelID":"ba-75-79-51-2b-0d","modelType":"Wi-SHT10","DATAS":["Temperature","Humidity"],"Temperature":-80.77,"Humidity":-959.04,"TIMESTAMP":"2022-12-17T21:57:36.280Z","BATT":1,"INTERVAL":300},{"modelID":"ba-75-79-51-2b-0d","modelType":"Wi-SHT10","DATAS":["Temperature","Humidity"],"Temperature":-80.57,"Humidity":-959.04,"TIMESTAMP":"2022-12-17T21:52:36.288Z","BATT":1,"INTERVAL":300},{"modelID":"ba-75-79-51-2b-0d","modelType":"Wi-SHT10","DATAS":["Temperature","Humidity"],"Temperature":-80.67,"Humidity":-959.04,"TIMESTAMP":"2022-12-17T21:47:36.356Z","BATT":1,"INTERVAL":300},{"modelID":"ba-75-79-51-2b-0d","modelType":"Wi-SHT10","DATAS":["Temperature","Humidity"],"Temperature":-81.03,"Humidity":-959.04,"TIMESTAMP":"2022-12-17T21:42:36.337Z","BATT":1,"INTERVAL":300},{"modelID":"ba-75-79-51-2b-0d","modelType":"Wi-SHT10","DATAS":["Temperature","Humidity"],"Temperature":-81.29,"Humidity":-959.04,"TIMESTAMP":"2022-12-17T21:37:36.359Z","BATT":1,"INTERVAL":300},{"modelID":"ba-75-79-51-2b-0d","modelType":"Wi-SHT10","DATAS":["Temperature","Humidity"],"Temperature":-81.42,"Humidity":-959.04,"TIMESTAMP":"2022-12-17T21:32:36.285Z","BATT":1,"INTERVAL":300},{"modelID":"ba-75-79-51-2b-0d","modelType":"Wi-SHT10","DATAS":["Temperature","Humidity"],"Temperature":-81.39,"Humidity":-959.04,"TIMESTAMP":"2022-12-17T21:27:36.376Z","BATT":1,"INTERVAL":300},{"modelID":"ba-75-79-51-2b-0d","modelType":"Wi-SHT10","DATAS":["Temperature","Humidity"],"Temperature":-81.06,"Humidity":-959.04,"TIMESTAMP":"2022-12-17T21:22:36.400Z","BATT":1,"INTERVAL":300},{"modelID":"ba-75-79-51-2b-0d","modelType":"Wi-SHT10","DATAS":["Temperature","Humidity"],"Temperature":-80.74,"Humidity":-959.04,"TIMESTAMP":"2022-12-17T21:17:36.406Z","BATT":1,"INTERVAL":300},{"modelID":"ba-75-79-51-2b-0d","modelType":"Wi-SHT10","DATAS":["Temperature","Humidity"],"Temperature":-80.54,"Humidity":-959.04,"TIMESTAMP":"2022-12-17T21:12:36.418Z","BATT":1,"INTERVAL":300},{"modelID":"ba-75-79-51-2b-0d","modelType":"Wi-SHT10","DATAS":["Temperature","Humidity"],"Temperature":-80.67,"Humidity":-959.04,"TIMESTAMP":"2022-12-17T21:07:36.349Z","BATT":1,"INTERVAL":300},{"modelID":"ba-75-79-51-2b-0d","modelType":"Wi-SHT10","DATAS":["Temperature","Humidity"],"Temperature":-81,"Humidity":-959.04,"TIMESTAMP":"2022-12-17T21:02:36.785Z","BATT":1,"INTERVAL":300},{"modelID":"ba-75-79-51-2b-0d","modelType":"Wi-SHT10","DATAS":["Temperature","Humidity"],"Temperature":-81.29,"Humidity":-959.04,"TIMESTAMP":"2022-12-17T20:57:36.467Z","BATT":1,"INTERVAL":300},{"modelID":"ba-75-79-51-2b-0d","modelType":"Wi-SHT10","DATAS":["Temperature","Humidity"],"Temperature":-81.45,"Humidity":-959.04,"TIMESTAMP":"2022-12-17T20:52:36.481Z","BATT":1,"INTERVAL":300},{"modelID":"ba-75-79-51-2b-0d","modelType":"Wi-SHT10","DATAS":["Temperature","Humidity"],"Temperature":-81.36,"Humidity":-959.04,"TIMESTAMP":"2022-12-17T20:47:36.507Z","BATT":1,"INTERVAL":300},{"modelID":"ba-75-79-51-2b-0d","modelType":"Wi-SHT10","DATAS":["Temperature","Humidity"],"Temperature":-81.06,"Humidity":-959.04,"TIMESTAMP":"2022-12-17T20:42:36.529Z","BATT":1,"INTERVAL":300},{"modelID":"ba-75-79-51-2b-0d","modelType":"Wi-SHT10","DATAS":["Temperature","Humidity"],"Temperature":-80.77,"Humidity":-959.04,"TIMESTAMP":"2022-12-17T20:37:36.538Z","BATT":1,"INTERVAL":300},{"modelID":"ba-75-79-51-2b-0d","modelType":"Wi-SHT10","DATAS":["Temperature","Humidity"],"Temperature":-80.54,"Humidity":-959.04,"TIMESTAMP":"2022-12-17T20:32:36.555Z","BATT":1,"INTERVAL":300},{"modelID":"ba-75-79-51-2b-0d","modelType":"Wi-SHT10","DATAS":["Temperature","Humidity"],"Temperature":-80.7,"Humidity":-959.04,"TIMESTAMP":"2022-12-17T20:27:36.581Z","BATT":1,"INTERVAL":300},{"modelID":"ba-75-79-51-2b-0d","modelType":"Wi-SHT10","DATAS":["Temperature","Humidity"],"Temperature":-81.03,"Humidity":-959.04,"TIMESTAMP":"2022-12-17T20:22:36.588Z","BATT":1,"INTERVAL":300},{"modelID":"ba-75-79-51-2b-0d","modelType":"Wi-SHT10","DATAS":["Temperature","Humidity"],"Temperature":-81.32,"Humidity":-959.04,"TIMESTAMP":"2022-12-17T20:17:36.553Z","BATT":1,"INTERVAL":300},{"modelID":"ba-75-79-51-2b-0d","modelType":"Wi-SHT10","DATAS":["Temperature","Humidity"],"Temperature":-81.45,"Humidity":-959.04,"TIMESTAMP":"2022-12-17T20:12:36.520Z","BATT":1,"INTERVAL":300},{"modelID":"ba-75-79-51-2b-0d","modelType":"Wi-SHT10","DATAS":["Temperature","Humidity"],"Temperature":-81.39,"Humidity":-959.04,"TIMESTAMP":"2022-12-17T20:07:36.568Z","BATT":1,"INTERVAL":300},{"modelID":"ba-75-79-51-2b-0d","modelType":"Wi-SHT10","DATAS":["Temperature","Humidity"],"Temperature":-81.09,"Humidity":-959.04,"TIMESTAMP":"2022-12-17T20:02:36.588Z","BATT":1,"INTERVAL":300},{"modelID":"ba-75-79-51-2b-0d","modelType":"Wi-SHT10","DATAS":["Temperature","Humidity"],"Temperature":-80.74,"Humidity":-959.04,"TIMESTAMP":"2022-12-17T19:57:36.587Z","BATT":1,"INTERVAL":300},{"modelID":"ba-75-79-51-2b-0d","modelType":"Wi-SHT10","DATAS":["Temperature","Humidity"],"Temperature":-80.57,"Humidity":-959.04,"TIMESTAMP":"2022-12-17T19:52:36.701Z","BATT":1,"INTERVAL":300},{"modelID":"ba-75-79-51-2b-0d","modelType":"Wi-SHT10","DATAS":["Temperature","Humidity"],"Temperature":-80.7,"Humidity":-959.04,"TIMESTAMP":"2022-12-17T19:47:36.705Z","BATT":1,"INTERVAL":300},{"modelID":"ba-75-79-51-2b-0d","modelType":"Wi-SHT10","DATAS":["Temperature","Humidity"],"Temperature":-81.03,"Humidity":-959.04,"TIMESTAMP":"2022-12-17T19:42:36.723Z","BATT":1,"INTERVAL":300},{"modelID":"ba-75-79-51-2b-0d","modelType":"Wi-SHT10","DATAS":["Temperature","Humidity"],"Temperature":-81.29,"Humidity":-959.04,"TIMESTAMP":"2022-12-17T19:37:36.756Z","BATT":1,"INTERVAL":300},{"modelID":"ba-75-79-51-2b-0d","modelType":"Wi-SHT10","DATAS":["Temperature","Humidity"],"Temperature":-81.45,"Humidity":-959.04,"TIMESTAMP":"2022-12-17T19:32:36.762Z","BATT":1,"INTERVAL":300},{"modelID":"ba-75-79-51-2b-0d","modelType":"Wi-SHT10","DATAS":["Temperature","Humidity"],"Temperature":-81.39,"Humidity":-959.04,"TIMESTAMP":"2022-12-17T19:27:36.778Z","BATT":1,"INTERVAL":300},{"modelID":"ba-75-79-51-2b-0d","modelType":"Wi-SHT10","DATAS":["Temperature","Humidity"],"Temperature":-81.06,"Humidity":-959.04,"TIMESTAMP":"2022-12-17T19:22:36.712Z","BATT":1,"INTERVAL":300},{"modelID":"ba-75-79-51-2b-0d","modelType":"Wi-SHT10","DATAS":["Temperature","Humidity"],"Temperature":-80.77,"Humidity":-959.04,"TIMESTAMP":"2022-12-17T19:17:36.724Z","BATT":1,"INTERVAL":300},{"modelID":"ba-75-79-51-2b-0d","modelType":"Wi-SHT10","DATAS":["Temperature","Humidity"],"Temperature":-80.57,"Humidity":-959.04,"TIMESTAMP":"2022-12-17T19:12:36.803Z","BATT":1,"INTERVAL":300},{"modelID":"ba-75-79-51-2b-0d","modelType":"Wi-SHT10","DATAS":["Temperature","Humidity"],"Temperature":-80.74,"Humidity":-959.04,"TIMESTAMP":"2022-12-17T19:07:36.843Z","BATT":1,"INTERVAL":300},{"modelID":"ba-75-79-51-2b-0d","modelType":"Wi-SHT10","DATAS":["Temperature","Humidity"],"Temperature":-81.06,"Humidity":-959.04,"TIMESTAMP":"2022-12-17T19:02:36.807Z","BATT":1,"INTERVAL":300},{"modelID":"ba-75-79-51-2b-0d","modelType":"Wi-SHT10","DATAS":["Temperature","Humidity"],"Temperature":-81.32,"Humidity":-959.04,"TIMESTAMP":"2022-12-17T18:57:36.802Z","BATT":1,"INTERVAL":300},{"modelID":"ba-75-79-51-2b-0d","modelType":"Wi-SHT10","DATAS":["Temperature","Humidity"],"Temperature":-81.45,"Humidity":-959.04,"TIMESTAMP":"2022-12-17T18:52:36.880Z","BATT":1,"INTERVAL":300},{"modelID":"ba-75-79-51-2b-0d","modelType":"Wi-SHT10","DATAS":["Temperature","Humidity"],"Temperature":-81.39,"Humidity":-959.04,"TIMESTAMP":"2022-12-17T18:47:36.898Z","BATT":1,"INTERVAL":300},{"modelID":"ba-75-79-51-2b-0d","modelType":"Wi-SHT10","DATAS":["Temperature","Humidity"],"Temperature":-81.09,"Humidity":-959.04,"TIMESTAMP":"2022-12-17T18:42:36.920Z","BATT":1,"INTERVAL":300},{"modelID":"ba-75-79-51-2b-0d","modelType":"Wi-SHT10","DATAS":["Temperature","Humidity"],"Temperature":-80.74,"Humidity":-959.04,"TIMESTAMP":"2022-12-17T18:37:37.003Z","BATT":1,"INTERVAL":300},{"modelID":"ba-75-79-51-2b-0d","modelType":"Wi-SHT10","DATAS":["Temperature","Humidity"],"Temperature":-80.57,"Humidity":-959.04,"TIMESTAMP":"2022-12-17T18:32:36.873Z","BATT":1,"INTERVAL":300},{"modelID":"ba-75-79-51-2b-0d","modelType":"Wi-SHT10","DATAS":["Temperature","Humidity"],"Temperature":-80.77,"Humidity":-959.04,"TIMESTAMP":"2022-12-17T18:27:36.880Z","BATT":1,"INTERVAL":300},{"modelID":"ba-75-79-51-2b-0d","modelType":"Wi-SHT10","DATAS":["Temperature","Humidity"],"Temperature":-81.06,"Humidity":-959.04,"TIMESTAMP":"2022-12-17T18:22:36.931Z","BATT":1,"INTERVAL":300},{"modelID":"ba-75-79-51-2b-0d","modelType":"Wi-SHT10","DATAS":["Temperature","Humidity"],"Temperature":-81.36,"Humidity":-959.04,"TIMESTAMP":"2022-12-17T18:17:36.962Z","BATT":1,"INTERVAL":300},{"modelID":"ba-75-79-51-2b-0d","modelType":"Wi-SHT10","DATAS":["Temperature","Humidity"],"Temperature":-81.45,"Humidity":-959.04,"TIMESTAMP":"2022-12-17T18:12:36.953Z","BATT":1,"INTERVAL":300},{"modelID":"ba-75-79-51-2b-0d","modelType":"Wi-SHT10","DATAS":["Temperature","Humidity"],"Temperature":-81.42,"Humidity":-959.04,"TIMESTAMP":"2022-12-17T18:07:37.043Z","BATT":1,"INTERVAL":300},{"modelID":"ba-75-79-51-2b-0d","modelType":"Wi-SHT10","DATAS":["Temperature","Humidity"],"Temperature":-81.09,"Humidity":-959.04,"TIMESTAMP":"2022-12-17T18:02:37.063Z","BATT":1,"INTERVAL":300},{"modelID":"ba-75-79-51-2b-0d","modelType":"Wi-SHT10","DATAS":["Temperature","Humidity"],"Temperature":-80.77,"Humidity":-959.04,"TIMESTAMP":"2022-12-17T17:57:36.975Z","BATT":1,"INTERVAL":300},{"modelID":"ba-75-79-51-2b-0d","modelType":"Wi-SHT10","DATAS":["Temperature","Humidity"],"Temperature":-80.57,"Humidity":-959.04,"TIMESTAMP":"2022-12-17T17:52:37.004Z","BATT":1,"INTERVAL":300},{"modelID":"ba-75-79-51-2b-0d","modelType":"Wi-SHT10","DATAS":["Temperature","Humidity"],"Temperature":-80.74,"Humidity":-959.04,"TIMESTAMP":"2022-12-17T17:47:37.105Z","BATT":1,"INTERVAL":300},{"modelID":"ba-75-79-51-2b-0d","modelType":"Wi-SHT10","DATAS":["Temperature","Humidity"],"Temperature":-81.06,"Humidity":-959.04,"TIMESTAMP":"2022-12-17T17:42:37.167Z","BATT":1,"INTERVAL":300},{"modelID":"ba-75-79-51-2b-0d","modelType":"Wi-SHT10","DATAS":["Temperature","Humidity"],"Temperature":-81.32,"Humidity":-959.04,"TIMESTAMP":"2022-12-17T17:37:37.152Z","BATT":1,"INTERVAL":300},{"modelID":"ba-75-79-51-2b-0d","modelType":"Wi-SHT10","DATAS":["Temperature","Humidity"],"Temperature":-81.45,"Humidity":-959.04,"TIMESTAMP":"2022-12-17T17:32:37.135Z","BATT":1,"INTERVAL":300},{"modelID":"ba-75-79-51-2b-0d","modelType":"Wi-SHT10","DATAS":["Temperature","Humidity"],"Temperature":-81.39,"Humidity":-959.04,"TIMESTAMP":"2022-12-17T17:27:37.175Z","BATT":1,"INTERVAL":300},{"modelID":"ba-75-79-51-2b-0d","modelType":"Wi-SHT10","DATAS":["Temperature","Humidity"],"Temperature":-81.06,"Humidity":-959.04,"TIMESTAMP":"2022-12-17T17:22:37.186Z","BATT":1,"INTERVAL":300},{"modelID":"ba-75-79-51-2b-0d","modelType":"Wi-SHT10","DATAS":["Temperature","Humidity"],"Temperature":-80.74,"Humidity":-959.04,"TIMESTAMP":"2022-12-17T17:17:37.112Z","BATT":1,"INTERVAL":300},{"modelID":"ba-75-79-51-2b-0d","modelType":"Wi-SHT10","DATAS":["Temperature","Humidity"],"Temperature":-80.57,"Humidity":-959.04,"TIMESTAMP":"2022-12-17T17:12:37.117Z","BATT":1,"INTERVAL":300},{"modelID":"ba-75-79-51-2b-0d","modelType":"Wi-SHT10","DATAS":["Temperature","Humidity"],"Temperature":-80.77,"Humidity":-959.04,"TIMESTAMP":"2022-12-17T17:07:37.157Z","BATT":1,"INTERVAL":300},{"modelID":"ba-75-79-51-2b-0d","modelType":"Wi-SHT10","DATAS":["Temperature","Humidity"],"Temperature":-81.09,"Humidity":-959.04,"TIMESTAMP":"2022-12-17T17:02:37.158Z","BATT":1,"INTERVAL":300},{"modelID":"ba-75-79-51-2b-0d","modelType":"Wi-SHT10","DATAS":["Temperature","Humidity"],"Temperature":-81.36,"Humidity":-959.04,"TIMESTAMP":"2022-12-17T16:57:37.327Z","BATT":1,"INTERVAL":300},{"modelID":"ba-75-79-51-2b-0d","modelType":"Wi-SHT10","DATAS":["Temperature","Humidity"],"Temperature":-81.45,"Humidity":-959.04,"TIMESTAMP":"2022-12-17T16:52:37.300Z","BATT":1,"INTERVAL":300},{"modelID":"ba-75-79-51-2b-0d","modelType":"Wi-SHT10","DATAS":["Temperature","Humidity"],"Temperature":-81.39,"Humidity":-959.04,"TIMESTAMP":"2022-12-17T16:47:37.309Z","BATT":1,"INTERVAL":300},{"modelID":"ba-75-79-51-2b-0d","modelType":"Wi-SHT10","DATAS":["Temperature","Humidity"],"Temperature":-81.06,"Humidity":-959.04,"TIMESTAMP":"2022-12-17T16:42:37.222Z","BATT":1,"INTERVAL":300},{"modelID":"ba-75-79-51-2b-0d","modelType":"Wi-SHT10","DATAS":["Temperature","Humidity"],"Temperature":-80.74,"Humidity":-959.04,"TIMESTAMP":"2022-12-17T16:37:37.279Z","BATT":1,"INTERVAL":300},{"modelID":"ba-75-79-51-2b-0d","modelType":"Wi-SHT10","DATAS":["Temperature","Humidity"],"Temperature":-80.57,"Humidity":-959.04,"TIMESTAMP":"2022-12-17T16:32:37.365Z","BATT":1,"INTERVAL":300},{"modelID":"ba-75-79-51-2b-0d","modelType":"Wi-SHT10","DATAS":["Temperature","Humidity"],"Temperature":-80.77,"Humidity":-959.04,"TIMESTAMP":"2022-12-17T16:27:37.279Z","BATT":1,"INTERVAL":300},{"modelID":"ba-75-79-51-2b-0d","modelType":"Wi-SHT10","DATAS":["Temperature","Humidity"],"Temperature":-81.06,"Humidity":-959.04,"TIMESTAMP":"2022-12-17T16:22:37.359Z","BATT":1,"INTERVAL":300},{"modelID":"ba-75-79-51-2b-0d","modelType":"Wi-SHT10","DATAS":["Temperature","Humidity"],"Temperature":-81.36,"Humidity":-959.04,"TIMESTAMP":"2022-12-17T16:17:37.306Z","BATT":1,"INTERVAL":300},{"modelID":"ba-75-79-51-2b-0d","modelType":"Wi-SHT10","DATAS":["Temperature","Humidity"],"Temperature":-81.45,"Humidity":-959.04,"TIMESTAMP":"2022-12-17T16:12:37.361Z","BATT":1,"INTERVAL":300},{"modelID":"ba-75-79-51-2b-0d","modelType":"Wi-SHT10","DATAS":["Temperature","Humidity"],"Temperature":-81.39,"Humidity":-959.04,"TIMESTAMP":"2022-12-17T16:07:37.360Z","BATT":1,"INTERVAL":300},{"modelID":"ba-75-79-51-2b-0d","modelType":"Wi-SHT10","DATAS":["Temperature","Humidity"],"Temperature":-81.06,"Humidity":-959.04,"TIMESTAMP":"2022-12-17T16:02:37.443Z","BATT":1,"INTERVAL":300}],"DAYHOURS":["12","11","10","9","8","7","6","5","4","3","2","1","0"]}