{"SENSORNAME":"CLEAN ROOM 10 (MOUNTING)","SENSORTYPE":"WISENSOR","DTUID":"-1","SENSORID":"B0-E1-64-78-DE-E0","DATE0":"2022-12-18T04:02:57.592Z","DATE1":"2021-04-24T04:44:39.624Z","DAYDATA":[{"modelID":"b0-e1-64-78-de-e0","modelType":"Wi-SHT10","DATAS":["Temperature","Humidity"],"Temperature":23.6,"Humidity":47.059200000000004,"TIMESTAMP":"2022-12-18T04:02:57.592Z","BATT":100,"INTERVAL":600},{"modelID":"b0-e1-64-78-de-e0","modelType":"Wi-SHT10","DATAS":["Temperature","Humidity"],"Temperature":23.62,"Humidity":46.8384,"TIMESTAMP":"2022-12-18T03:53:20.611Z","BATT":100,"INTERVAL":600},{"modelID":"b0-e1-64-78-de-e0","modelType":"Wi-SHT10","DATAS":["Temperature","Humidity"],"Temperature":23.62,"Humidity":46.8672,"TIMESTAMP":"2022-12-18T03:42:46.631Z","BATT":100,"INTERVAL":600},{"modelID":"b0-e1-64-78-de-e0","modelType":"Wi-SHT10","DATAS":["Temperature","Humidity"],"Temperature":23.63,"Humidity":46.7616,"TIMESTAMP":"2022-12-18T03:33:25.629Z","BATT":100,"INTERVAL":600},{"modelID":"b0-e1-64-78-de-e0","modelType":"Wi-SHT10","DATAS":["Temperature","Humidity"],"Temperature":23.73,"Humidity":46.6752,"TIMESTAMP":"2022-12-18T03:23:31.670Z","BATT":100,"INTERVAL":600},{"modelID":"b0-e1-64-78-de-e0","modelType":"Wi-SHT10","DATAS":["Temperature","Humidity"],"Temperature":23.75,"Humidity":46.6368,"TIMESTAMP":"2022-12-18T03:13:24.689Z","BATT":100,"INTERVAL":600},{"modelID":"b0-e1-64-78-de-e0","modelType":"Wi-SHT10","DATAS":["Temperature","Humidity"],"Temperature":23.76,"Humidity":46.6176,"TIMESTAMP":"2022-12-18T03:02:48.689Z","BATT":100,"INTERVAL":600},{"modelID":"b0-e1-64-78-de-e0","modelType":"Wi-SHT10","DATAS":["Temperature","Humidity"],"Temperature":23.84,"Humidity":46.502399999999994,"TIMESTAMP":"2022-12-18T02:52:45.705Z","BATT":100,"INTERVAL":600},{"modelID":"b0-e1-64-78-de-e0","modelType":"Wi-SHT10","DATAS":["Temperature","Humidity"],"Temperature":23.88,"Humidity":46.4448,"TIMESTAMP":"2022-12-18T02:43:31.726Z","BATT":100,"INTERVAL":600},{"modelID":"b0-e1-64-78-de-e0","modelType":"Wi-SHT10","DATAS":["Temperature","Humidity"],"Temperature":23.93,"Humidity":46.5792,"TIMESTAMP":"2022-12-18T02:33:25.745Z","BATT":100,"INTERVAL":600},{"modelID":"b0-e1-64-78-de-e0","modelType":"Wi-SHT10","DATAS":["Temperature","Humidity"],"Temperature":23.97,"Humidity":46.8288,"TIMESTAMP":"2022-12-18T02:23:31.746Z","BATT":100,"INTERVAL":600},{"modelID":"b0-e1-64-78-de-e0","modelType":"Wi-SHT10","DATAS":["Temperature","Humidity"],"Temperature":24.01,"Humidity":47.366400000000006,"TIMESTAMP":"2022-12-18T02:13:24.767Z","BATT":100,"INTERVAL":600},{"modelID":"b0-e1-64-78-de-e0","modelType":"Wi-SHT10","DATAS":["Temperature","Humidity"],"Temperature":24.03,"Humidity":48.2304,"TIMESTAMP":"2022-12-18T02:03:13.789Z","BATT":100,"INTERVAL":600},{"modelID":"b0-e1-64-78-de-e0","modelType":"Wi-SHT10","DATAS":["Temperature","Humidity"],"Temperature":24.06,"Humidity":48.528,"TIMESTAMP":"2022-12-18T01:53:25.787Z","BATT":100,"INTERVAL":600},{"modelID":"b0-e1-64-78-de-e0","modelType":"Wi-SHT10","DATAS":["Temperature","Humidity"],"Temperature":23.97,"Humidity":48.9312,"TIMESTAMP":"2022-12-18T01:42:59.816Z","BATT":100,"INTERVAL":600},{"modelID":"b0-e1-64-78-de-e0","modelType":"Wi-SHT10","DATAS":["Temperature","Humidity"],"Temperature":23.83,"Humidity":49.190400000000004,"TIMESTAMP":"2022-12-18T01:33:21.809Z","BATT":100,"INTERVAL":600},{"modelID":"b0-e1-64-78-de-e0","modelType":"Wi-SHT10","DATAS":["Temperature","Humidity"],"Temperature":23.59,"Humidity":49.1328,"TIMESTAMP":"2022-12-18T01:23:15.836Z","BATT":100,"INTERVAL":600},{"modelID":"b0-e1-64-78-de-e0","modelType":"Wi-SHT10","DATAS":["Temperature","Humidity"],"Temperature":23.53,"Humidity":49.007999999999996,"TIMESTAMP":"2022-12-18T01:12:48.088Z","BATT":100,"INTERVAL":600},{"modelID":"b0-e1-64-78-de-e0","modelType":"Wi-SHT10","DATAS":["Temperature","Humidity"],"Temperature":23.35,"Humidity":48.6528,"TIMESTAMP":"2022-12-18T01:03:04.869Z","BATT":100,"INTERVAL":600},{"modelID":"b0-e1-64-78-de-e0","modelType":"Wi-SHT10","DATAS":["Temperature","Humidity"],"Temperature":23.27,"Humidity":48.019200000000005,"TIMESTAMP":"2022-12-18T00:53:09.981Z","BATT":100,"INTERVAL":600},{"modelID":"b0-e1-64-78-de-e0","modelType":"Wi-SHT10","DATAS":["Temperature","Humidity"],"Temperature":23.19,"Humidity":47.299200000000006,"TIMESTAMP":"2022-12-18T00:43:17.898Z","BATT":100,"INTERVAL":600},{"modelID":"b0-e1-64-78-de-e0","modelType":"Wi-SHT10","DATAS":["Temperature","Humidity"],"Temperature":23.11,"Humidity":46.608,"TIMESTAMP":"2022-12-18T00:32:46.931Z","BATT":100,"INTERVAL":600},{"modelID":"b0-e1-64-78-de-e0","modelType":"Wi-SHT10","DATAS":["Temperature","Humidity"],"Temperature":23.13,"Humidity":45.984,"TIMESTAMP":"2022-12-18T00:23:05.932Z","BATT":100,"INTERVAL":600},{"modelID":"b0-e1-64-78-de-e0","modelType":"Wi-SHT10","DATAS":["Temperature","Humidity"],"Temperature":23.14,"Humidity":45.407999999999994,"TIMESTAMP":"2022-12-18T00:13:23.952Z","BATT":100,"INTERVAL":600},{"modelID":"b0-e1-64-78-de-e0","modelType":"Wi-SHT10","DATAS":["Temperature","Humidity"],"Temperature":23.18,"Humidity":44.8512,"TIMESTAMP":"2022-12-18T00:03:20.962Z","BATT":100,"INTERVAL":600},{"modelID":"b0-e1-64-78-de-e0","modelType":"Wi-SHT10","DATAS":["Temperature","Humidity"],"Temperature":23.23,"Humidity":44.5152,"TIMESTAMP":"2022-12-17T23:53:05.961Z","BATT":100,"INTERVAL":600},{"modelID":"b0-e1-64-78-de-e0","modelType":"Wi-SHT10","DATAS":["Temperature","Humidity"],"Temperature":23.32,"Humidity":44.313599999999994,"TIMESTAMP":"2022-12-17T23:43:03.989Z","BATT":100,"INTERVAL":600},{"modelID":"b0-e1-64-78-de-e0","modelType":"Wi-SHT10","DATAS":["Temperature","Humidity"],"Temperature":23.36,"Humidity":44.256,"TIMESTAMP":"2022-12-17T23:33:12.001Z","BATT":100,"INTERVAL":600},{"modelID":"b0-e1-64-78-de-e0","modelType":"Wi-SHT10","DATAS":["Temperature","Humidity"],"Temperature":23.47,"Humidity":44.112,"TIMESTAMP":"2022-12-17T23:23:08.501Z","BATT":100,"INTERVAL":600},{"modelID":"b0-e1-64-78-de-e0","modelType":"Wi-SHT10","DATAS":["Temperature","Humidity"],"Temperature":23.54,"Humidity":43.699200000000005,"TIMESTAMP":"2022-12-17T23:12:45.022Z","BATT":100,"INTERVAL":600},{"modelID":"b0-e1-64-78-de-e0","modelType":"Wi-SHT10","DATAS":["Temperature","Humidity"],"Temperature":23.67,"Humidity":43.1808,"TIMESTAMP":"2022-12-17T23:03:29.051Z","BATT":100,"INTERVAL":600},{"modelID":"b0-e1-64-78-de-e0","modelType":"Wi-SHT10","DATAS":["Temperature","Humidity"],"Temperature":23.79,"Humidity":43.075199999999995,"TIMESTAMP":"2022-12-17T22:53:31.051Z","BATT":100,"INTERVAL":600},{"modelID":"b0-e1-64-78-de-e0","modelType":"Wi-SHT10","DATAS":["Temperature","Humidity"],"Temperature":23.74,"Humidity":43.1712,"TIMESTAMP":"2022-12-17T22:43:04.072Z","BATT":100,"INTERVAL":600},{"modelID":"b0-e1-64-78-de-e0","modelType":"Wi-SHT10","DATAS":["Temperature","Humidity"],"Temperature":23.77,"Humidity":43.392,"TIMESTAMP":"2022-12-17T22:33:29.091Z","BATT":100,"INTERVAL":600},{"modelID":"b0-e1-64-78-de-e0","modelType":"Wi-SHT10","DATAS":["Temperature","Humidity"],"Temperature":23.79,"Humidity":43.1616,"TIMESTAMP":"2022-12-17T22:23:25.128Z","BATT":100,"INTERVAL":600},{"modelID":"b0-e1-64-78-de-e0","modelType":"Wi-SHT10","DATAS":["Temperature","Humidity"],"Temperature":23.82,"Humidity":43.046400000000006,"TIMESTAMP":"2022-12-17T22:13:14.119Z","BATT":100,"INTERVAL":600},{"modelID":"b0-e1-64-78-de-e0","modelType":"Wi-SHT10","DATAS":["Temperature","Humidity"],"Temperature":23.79,"Humidity":42.9888,"TIMESTAMP":"2022-12-17T22:03:09.145Z","BATT":100,"INTERVAL":600},{"modelID":"b0-e1-64-78-de-e0","modelType":"Wi-SHT10","DATAS":["Temperature","Humidity"],"Temperature":23.81,"Humidity":43.075199999999995,"TIMESTAMP":"2022-12-17T21:53:06.145Z","BATT":100,"INTERVAL":600},{"modelID":"b0-e1-64-78-de-e0","modelType":"Wi-SHT10","DATAS":["Temperature","Humidity"],"Temperature":23.86,"Humidity":43.1808,"TIMESTAMP":"2022-12-17T21:43:05.167Z","BATT":100,"INTERVAL":600},{"modelID":"b0-e1-64-78-de-e0","modelType":"Wi-SHT10","DATAS":["Temperature","Humidity"],"Temperature":23.94,"Humidity":43.257600000000004,"TIMESTAMP":"2022-12-17T21:32:47.174Z","BATT":100,"INTERVAL":600},{"modelID":"b0-e1-64-78-de-e0","modelType":"Wi-SHT10","DATAS":["Temperature","Humidity"],"Temperature":23.9,"Humidity":43.1712,"TIMESTAMP":"2022-12-17T21:23:12.205Z","BATT":100,"INTERVAL":600},{"modelID":"b0-e1-64-78-de-e0","modelType":"Wi-SHT10","DATAS":["Temperature","Humidity"],"Temperature":23.92,"Humidity":42.9696,"TIMESTAMP":"2022-12-17T21:13:18.204Z","BATT":100,"INTERVAL":600},{"modelID":"b0-e1-64-78-de-e0","modelType":"Wi-SHT10","DATAS":["Temperature","Humidity"],"Temperature":23.94,"Humidity":42.912000000000006,"TIMESTAMP":"2022-12-17T21:02:48.213Z","BATT":100,"INTERVAL":600},{"modelID":"b0-e1-64-78-de-e0","modelType":"Wi-SHT10","DATAS":["Temperature","Humidity"],"Temperature":23.93,"Humidity":43.104,"TIMESTAMP":"2022-12-17T20:52:45.236Z","BATT":100,"INTERVAL":600},{"modelID":"b0-e1-64-78-de-e0","modelType":"Wi-SHT10","DATAS":["Temperature","Humidity"],"Temperature":23.93,"Humidity":43.3248,"TIMESTAMP":"2022-12-17T20:43:04.252Z","BATT":100,"INTERVAL":600},{"modelID":"b0-e1-64-78-de-e0","modelType":"Wi-SHT10","DATAS":["Temperature","Humidity"],"Temperature":24,"Humidity":43.3824,"TIMESTAMP":"2022-12-17T20:33:06.254Z","BATT":100,"INTERVAL":600},{"modelID":"b0-e1-64-78-de-e0","modelType":"Wi-SHT10","DATAS":["Temperature","Humidity"],"Temperature":24,"Humidity":43.296,"TIMESTAMP":"2022-12-17T20:23:32.274Z","BATT":100,"INTERVAL":600},{"modelID":"b0-e1-64-78-de-e0","modelType":"Wi-SHT10","DATAS":["Temperature","Humidity"],"Temperature":24.02,"Humidity":43.209599999999995,"TIMESTAMP":"2022-12-17T20:12:50.293Z","BATT":100,"INTERVAL":600},{"modelID":"b0-e1-64-78-de-e0","modelType":"Wi-SHT10","DATAS":["Temperature","Humidity"],"Temperature":24.02,"Humidity":43.142399999999995,"TIMESTAMP":"2022-12-17T20:03:25.315Z","BATT":100,"INTERVAL":600},{"modelID":"b0-e1-64-78-de-e0","modelType":"Wi-SHT10","DATAS":["Temperature","Humidity"],"Temperature":24.03,"Humidity":42.96,"TIMESTAMP":"2022-12-17T19:53:32.335Z","BATT":100,"INTERVAL":600},{"modelID":"b0-e1-64-78-de-e0","modelType":"Wi-SHT10","DATAS":["Temperature","Humidity"],"Temperature":24.01,"Humidity":42.9888,"TIMESTAMP":"2022-12-17T19:42:50.334Z","BATT":100,"INTERVAL":600},{"modelID":"b0-e1-64-78-de-e0","modelType":"Wi-SHT10","DATAS":["Temperature","Humidity"],"Temperature":24.02,"Humidity":43.0944,"TIMESTAMP":"2022-12-17T19:33:26.355Z","BATT":100,"INTERVAL":600},{"modelID":"b0-e1-64-78-de-e0","modelType":"Wi-SHT10","DATAS":["Temperature","Humidity"],"Temperature":24.04,"Humidity":43.2,"TIMESTAMP":"2022-12-17T19:23:14.355Z","BATT":100,"INTERVAL":600},{"modelID":"b0-e1-64-78-de-e0","modelType":"Wi-SHT10","DATAS":["Temperature","Humidity"],"Temperature":23.99,"Humidity":43.3632,"TIMESTAMP":"2022-12-17T19:12:57.395Z","BATT":100,"INTERVAL":600},{"modelID":"b0-e1-64-78-de-e0","modelType":"Wi-SHT10","DATAS":["Temperature","Humidity"],"Temperature":24.02,"Humidity":43.2864,"TIMESTAMP":"2022-12-17T19:02:50.404Z","BATT":100,"INTERVAL":600},{"modelID":"b0-e1-64-78-de-e0","modelType":"Wi-SHT10","DATAS":["Temperature","Humidity"],"Temperature":24.02,"Humidity":43.209599999999995,"TIMESTAMP":"2022-12-17T18:52:50.403Z","BATT":100,"INTERVAL":600},{"modelID":"b0-e1-64-78-de-e0","modelType":"Wi-SHT10","DATAS":["Temperature","Humidity"],"Temperature":24.02,"Humidity":43.065599999999996,"TIMESTAMP":"2022-12-17T18:43:04.424Z","BATT":100,"INTERVAL":600},{"modelID":"b0-e1-64-78-de-e0","modelType":"Wi-SHT10","DATAS":["Temperature","Humidity"],"Temperature":24.01,"Humidity":42.9504,"TIMESTAMP":"2022-12-17T18:33:32.469Z","BATT":100,"INTERVAL":600},{"modelID":"b0-e1-64-78-de-e0","modelType":"Wi-SHT10","DATAS":["Temperature","Humidity"],"Temperature":24.02,"Humidity":42.96,"TIMESTAMP":"2022-12-17T18:23:02.464Z","BATT":100,"INTERVAL":600},{"modelID":"b0-e1-64-78-de-e0","modelType":"Wi-SHT10","DATAS":["Temperature","Humidity"],"Temperature":23.97,"Humidity":43.0176,"TIMESTAMP":"2022-12-17T18:13:14.464Z","BATT":100,"INTERVAL":600},{"modelID":"b0-e1-64-78-de-e0","modelType":"Wi","DATAS":["Temperature","Humidity"],"Temperature":23.98,"Humidity":43.0944,"TIMESTAMP":"2022-12-17T18:03:04.461Z","INTERVAL":600},{"modelID":"b0-e1-64-78-de-e0","modelType":"Wi-SHT10","DATAS":["Temperature","Humidity"],"Temperature":24.01,"Humidity":43.1136,"TIMESTAMP":"2022-12-17T17:53:32.501Z","BATT":100,"INTERVAL":600},{"modelID":"b0-e1-64-78-de-e0","modelType":"Wi-SHT10","DATAS":["Temperature","Humidity"],"Temperature":24.01,"Humidity":43.152,"TIMESTAMP":"2022-12-17T17:42:45.521Z","BATT":100,"INTERVAL":600},{"modelID":"b0-e1-64-78-de-e0","modelType":"Wi-SHT10","DATAS":["Temperature","Humidity"],"Temperature":24.03,"Humidity":43.046400000000006,"TIMESTAMP":"2022-12-17T17:33:12.549Z","BATT":100,"INTERVAL":600},{"modelID":"b0-e1-64-78-de-e0","modelType":"Wi-SHT10","DATAS":["Temperature","Humidity"],"Temperature":24.06,"Humidity":42.8928,"TIMESTAMP":"2022-12-17T17:23:04.560Z","BATT":100,"INTERVAL":600},{"modelID":"b0-e1-64-78-de-e0","modelType":"Wi-SHT10","DATAS":["Temperature","Humidity"],"Temperature":24.01,"Humidity":42.8544,"TIMESTAMP":"2022-12-17T17:12:50.581Z","BATT":100,"INTERVAL":600},{"modelID":"b0-e1-64-78-de-e0","modelType":"Wi-SHT10","DATAS":["Temperature","Humidity"],"Temperature":24.02,"Humidity":42.7104,"TIMESTAMP":"2022-12-17T17:02:45.583Z","BATT":100,"INTERVAL":600},{"modelID":"b0-e1-64-78-de-e0","modelType":"Wi-SHT10","DATAS":["Temperature","Humidity"],"Temperature":24.03,"Humidity":42.7776,"TIMESTAMP":"2022-12-17T16:53:17.586Z","BATT":100,"INTERVAL":600},{"modelID":"b0-e1-64-78-de-e0","modelType":"Wi-SHT10","DATAS":["Temperature","Humidity"],"Temperature":24.05,"Humidity":42.806400000000004,"TIMESTAMP":"2022-12-17T16:43:12.601Z","BATT":100,"INTERVAL":600},{"modelID":"b0-e1-64-78-de-e0","modelType":"Wi-SHT10","DATAS":["Temperature","Humidity"],"Temperature":24.05,"Humidity":42.979200000000006,"TIMESTAMP":"2022-12-17T16:33:14.621Z","BATT":100,"INTERVAL":600},{"modelID":"b0-e1-64-78-de-e0","modelType":"Wi-SHT10","DATAS":["Temperature","Humidity"],"Temperature":24.06,"Humidity":43.075199999999995,"TIMESTAMP":"2022-12-17T16:23:32.640Z","BATT":100,"INTERVAL":600},{"modelID":"b0-e1-64-78-de-e0","modelType":"Wi-SHT10","DATAS":["Temperature","Humidity"],"Temperature":24.02,"Humidity":43.056000000000004,"TIMESTAMP":"2022-12-17T16:13:14.661Z","BATT":100,"INTERVAL":600},{"modelID":"b0-e1-64-78-de-e0","modelType":"Wi-SHT10","DATAS":["Temperature","Humidity"],"Temperature":24.06,"Humidity":43.0368,"TIMESTAMP":"2022-12-17T16:03:12.661Z","BATT":100,"INTERVAL":600}],"DAYHOURS":["12","11","10","9","8","7","6","5","4","3","2","1","0"]}