{"SENSORNAME":"AHU CLEAN ROOM","SENSORTYPE":"AIRRH(485)","DTUID":"206","SENSORID":"20","DATE0":"2022-12-18T03:28:27.970Z","DATE1":"2022-02-13T09:06:29.793Z","DAYDATA":[{"DTUID":"206","SENSORID":20,"FUNCID":3,"NDATA":2,"SENSORTYPE":"AIRFLOW-TEMP","RCV_BYTES":["02E5","0090"],"DATAS":[741,144],"DATAS1":[],"DATAS2":[],"TIMESTAMP":"2022-12-18T03:28:27.970Z"},{"DTUID":"206","SENSORID":20,"FUNCID":3,"NDATA":2,"SENSORTYPE":"AIRFLOW-TEMP","RCV_BYTES":["02F3","009F"],"DATAS":[755,159],"DATAS1":[],"DATAS2":[],"TIMESTAMP":"2022-12-18T02:28:22.014Z"},{"DTUID":"206","SENSORID":20,"FUNCID":3,"NDATA":2,"SENSORTYPE":"AIRFLOW-TEMP","RCV_BYTES":["02F7","00A8"],"DATAS":[759,168],"DATAS1":[],"DATAS2":[],"TIMESTAMP":"2022-12-18T01:28:20.948Z"},{"DTUID":"206","SENSORID":20,"FUNCID":3,"NDATA":2,"SENSORTYPE":"AIRFLOW-TEMP","RCV_BYTES":["02D3","009F"],"DATAS":[723,159],"DATAS1":[],"DATAS2":[],"TIMESTAMP":"2022-12-18T00:28:55.206Z"},{"DTUID":"206","SENSORID":20,"FUNCID":3,"NDATA":2,"SENSORTYPE":"AIRFLOW-TEMP","RCV_BYTES":["02D1","009E"],"DATAS":[721,158],"DATAS1":[],"DATAS2":[],"TIMESTAMP":"2022-12-17T23:28:19.961Z"},{"DTUID":"206","SENSORID":20,"FUNCID":3,"NDATA":2,"SENSORTYPE":"AIRFLOW-TEMP","RCV_BYTES":["02D1","009F"],"DATAS":[721,159],"DATAS1":[],"DATAS2":[],"TIMESTAMP":"2022-12-17T22:28:13.143Z"},{"DTUID":"206","SENSORID":20,"FUNCID":3,"NDATA":2,"SENSORTYPE":"AIRFLOW-TEMP","RCV_BYTES":["02D2","009E"],"DATAS":[722,158],"DATAS1":[],"DATAS2":[],"TIMESTAMP":"2022-12-17T21:27:59.124Z"},{"DTUID":"206","SENSORID":20,"FUNCID":3,"NDATA":2,"SENSORTYPE":"AIRFLOW-TEMP","RCV_BYTES":["02D2","009A"],"DATAS":[722,154],"DATAS1":[],"DATAS2":[],"TIMESTAMP":"2022-12-17T20:47:57.431Z"},{"DTUID":"206","SENSORID":20,"FUNCID":3,"NDATA":2,"SENSORTYPE":"AIRFLOW-TEMP","RCV_BYTES":["02D3","009C"],"DATAS":[723,156],"DATAS1":[],"DATAS2":[],"TIMESTAMP":"2022-12-17T19:27:52.315Z"},{"DTUID":"206","SENSORID":20,"FUNCID":3,"NDATA":2,"SENSORTYPE":"AIRFLOW-TEMP","RCV_BYTES":["02CB","0094"],"DATAS":[715,148],"DATAS1":[],"DATAS2":[],"TIMESTAMP":"2022-12-17T18:27:47.010Z"},{"DTUID":"206","SENSORID":20,"FUNCID":3,"NDATA":2,"SENSORTYPE":"AIRFLOW-TEMP","RCV_BYTES":["02C6","0093"],"DATAS":[710,147],"DATAS1":[],"DATAS2":[],"TIMESTAMP":"2022-12-17T17:27:43.961Z"}],"DAYHOURS":["11","10","9","8","7","6","5","4","3","2","1"]}