{"SENSORNAME":"L3-Corridor 2 15-A3(Outpatient)","SENSORTYPE":"WISENSOR","DTUID":"-1","SENSORID":"BA-E3-03-55-15-A3","DATE0":"2022-12-18T04:11:30.227Z","DATE1":"2022-03-22T00:13:53.269Z","DAYDATA":[{"modelID":"ba-e3-03-55-15-a3","modelType":"Wi-SHT10","DATAS":["Temperature","Humidity"],"Temperature":3.94,"Humidity":-959.04,"TIMESTAMP":"2022-12-18T04:11:30.227Z","BATT":100,"INTERVAL":300},{"modelID":"ba-e3-03-55-15-a3","modelType":"Wi-SHT10","DATAS":["Temperature","Humidity"],"Temperature":4.41,"Humidity":-959.04,"TIMESTAMP":"2022-12-18T04:06:02.999Z","BATT":100,"INTERVAL":300},{"modelID":"ba-e3-03-55-15-a3","modelType":"Wi-SHT10","DATAS":["Temperature","Humidity"],"Temperature":3.74,"Humidity":-959.04,"TIMESTAMP":"2022-12-18T04:01:20.419Z","BATT":100,"INTERVAL":300},{"modelID":"ba-e3-03-55-15-a3","modelType":"Wi-SHT10","DATAS":["Temperature","Humidity"],"Temperature":4.54,"Humidity":-959.04,"TIMESTAMP":"2022-12-18T03:56:31.939Z","BATT":100,"INTERVAL":300},{"modelID":"ba-e3-03-55-15-a3","modelType":"Wi-SHT10","DATAS":["Temperature","Humidity"],"Temperature":3.67,"Humidity":-959.04,"TIMESTAMP":"2022-12-18T03:50:59.600Z","BATT":100,"INTERVAL":300},{"modelID":"ba-e3-03-55-15-a3","modelType":"Wi-SHT10","DATAS":["Temperature","Humidity"],"Temperature":4.58,"Humidity":-959.04,"TIMESTAMP":"2022-12-18T03:46:52.299Z","BATT":100,"INTERVAL":300},{"modelID":"ba-e3-03-55-15-a3","modelType":"Wi-SHT10","DATAS":["Temperature","Humidity"],"Temperature":3.84,"Humidity":-959.04,"TIMESTAMP":"2022-12-18T03:40:55.479Z","BATT":100,"INTERVAL":300},{"modelID":"ba-e3-03-55-15-a3","modelType":"Wi-SHT10","DATAS":["Temperature","Humidity"],"Temperature":4.11,"Humidity":-959.04,"TIMESTAMP":"2022-12-18T03:36:02.438Z","BATT":100,"INTERVAL":300},{"modelID":"ba-e3-03-55-15-a3","modelType":"Wi-SHT10","DATAS":["Temperature","Humidity"],"Temperature":3.87,"Humidity":-959.04,"TIMESTAMP":"2022-12-18T03:31:46.269Z","BATT":100,"INTERVAL":300},{"modelID":"ba-e3-03-55-15-a3","modelType":"Wi-SHT10","DATAS":["Temperature","Humidity"],"Temperature":3.94,"Humidity":-959.04,"TIMESTAMP":"2022-12-18T03:26:01.159Z","BATT":100,"INTERVAL":300},{"modelID":"ba-e3-03-55-15-a3","modelType":"Wi-SHT10","DATAS":["Temperature","Humidity"],"Temperature":4.34,"Humidity":-959.04,"TIMESTAMP":"2022-12-18T03:21:03.960Z","BATT":100,"INTERVAL":300},{"modelID":"ba-e3-03-55-15-a3","modelType":"Wi-SHT10","DATAS":["Temperature","Humidity"],"Temperature":3.91,"Humidity":-959.04,"TIMESTAMP":"2022-12-18T03:16:55.119Z","BATT":100,"INTERVAL":300},{"modelID":"ba-e3-03-55-15-a3","modelType":"Wi-SHT10","DATAS":["Temperature","Humidity"],"Temperature":4.31,"Humidity":-959.04,"TIMESTAMP":"2022-12-18T03:11:47.421Z","BATT":100,"INTERVAL":300},{"modelID":"ba-e3-03-55-15-a3","modelType":"Wi-SHT10","DATAS":["Temperature","Humidity"],"Temperature":3.64,"Humidity":-959.04,"TIMESTAMP":"2022-12-18T03:05:59.788Z","BATT":100,"INTERVAL":300},{"modelID":"ba-e3-03-55-15-a3","modelType":"Wi-SHT10","DATAS":["Temperature","Humidity"],"Temperature":4.58,"Humidity":-959.04,"TIMESTAMP":"2022-12-18T03:01:03.247Z","BATT":100,"INTERVAL":300},{"modelID":"ba-e3-03-55-15-a3","modelType":"Wi-SHT10","DATAS":["Temperature","Humidity"],"Temperature":3.74,"Humidity":-959.04,"TIMESTAMP":"2022-12-18T02:56:39.527Z","BATT":100,"INTERVAL":300},{"modelID":"ba-e3-03-55-15-a3","modelType":"Wi-SHT10","DATAS":["Temperature","Humidity"],"Temperature":4.48,"Humidity":-959.04,"TIMESTAMP":"2022-12-18T02:51:24.469Z","BATT":100,"INTERVAL":300},{"modelID":"ba-e3-03-55-15-a3","modelType":"Wi-SHT10","DATAS":["Temperature","Humidity"],"Temperature":3.7,"Humidity":-959.04,"TIMESTAMP":"2022-12-18T02:46:30.489Z","BATT":100,"INTERVAL":300},{"modelID":"ba-e3-03-55-15-a3","modelType":"Wi-SHT10","DATAS":["Temperature","Humidity"],"Temperature":4.41,"Humidity":-959.04,"TIMESTAMP":"2022-12-18T02:41:52.548Z","BATT":100,"INTERVAL":300},{"modelID":"ba-e3-03-55-15-a3","modelType":"Wi-SHT10","DATAS":["Temperature","Humidity"],"Temperature":3.84,"Humidity":-959.04,"TIMESTAMP":"2022-12-18T02:36:26.927Z","BATT":100,"INTERVAL":300},{"modelID":"ba-e3-03-55-15-a3","modelType":"Wi-SHT10","DATAS":["Temperature","Humidity"],"Temperature":4.01,"Humidity":-959.04,"TIMESTAMP":"2022-12-18T02:31:12.288Z","BATT":100,"INTERVAL":300},{"modelID":"ba-e3-03-55-15-a3","modelType":"Wi-SHT10","DATAS":["Temperature","Humidity"],"Temperature":4.17,"Humidity":-959.04,"TIMESTAMP":"2022-12-18T02:26:22.668Z","BATT":100,"INTERVAL":300},{"modelID":"ba-e3-03-55-15-a3","modelType":"Wi-SHT10","DATAS":["Temperature","Humidity"],"Temperature":3.8,"Humidity":-959.04,"TIMESTAMP":"2022-12-18T02:21:01.409Z","BATT":100,"INTERVAL":300},{"modelID":"ba-e3-03-55-15-a3","modelType":"Wi-SHT10","DATAS":["Temperature","Humidity"],"Temperature":4.34,"Humidity":-959.04,"TIMESTAMP":"2022-12-18T02:16:31.968Z","BATT":100,"INTERVAL":300},{"modelID":"ba-e3-03-55-15-a3","modelType":"Wi-SHT10","DATAS":["Temperature","Humidity"],"Temperature":3.77,"Humidity":-959.04,"TIMESTAMP":"2022-12-18T02:11:29.768Z","BATT":100,"INTERVAL":300},{"modelID":"ba-e3-03-55-15-a3","modelType":"Wi-SHT10","DATAS":["Temperature","Humidity"],"Temperature":4.51,"Humidity":-959.04,"TIMESTAMP":"2022-12-18T02:06:47.679Z","BATT":100,"INTERVAL":300},{"modelID":"ba-e3-03-55-15-a3","modelType":"Wi-SHT10","DATAS":["Temperature","Humidity"],"Temperature":3.64,"Humidity":-959.04,"TIMESTAMP":"2022-12-18T02:01:20.881Z","BATT":100,"INTERVAL":300},{"modelID":"ba-e3-03-55-15-a3","modelType":"Wi-SHT10","DATAS":["Temperature","Humidity"],"Temperature":4.54,"Humidity":-959.04,"TIMESTAMP":"2022-12-18T01:56:32.401Z","BATT":100,"INTERVAL":300},{"modelID":"ba-e3-03-55-15-a3","modelType":"Wi-SHT10","DATAS":["Temperature","Humidity"],"Temperature":3.67,"Humidity":-959.04,"TIMESTAMP":"2022-12-18T01:51:55.440Z","BATT":100,"INTERVAL":300},{"modelID":"ba-e3-03-55-15-a3","modelType":"Wi-SHT10","DATAS":["Temperature","Humidity"],"Temperature":4.31,"Humidity":-959.04,"TIMESTAMP":"2022-12-18T01:46:33.981Z","BATT":100,"INTERVAL":300},{"modelID":"ba-e3-03-55-15-a3","modelType":"Wi-SHT10","DATAS":["Temperature","Humidity"],"Temperature":4.04,"Humidity":-959.04,"TIMESTAMP":"2022-12-18T01:40:55.941Z","BATT":100,"INTERVAL":300},{"modelID":"ba-e3-03-55-15-a3","modelType":"Wi-SHT10","DATAS":["Temperature","Humidity"],"Temperature":4.11,"Humidity":-959.04,"TIMESTAMP":"2022-12-18T01:36:34.019Z","BATT":100,"INTERVAL":300},{"modelID":"ba-e3-03-55-15-a3","modelType":"Wi-SHT10","DATAS":["Temperature","Humidity"],"Temperature":4.04,"Humidity":-959.04,"TIMESTAMP":"2022-12-18T01:31:42.381Z","BATT":100,"INTERVAL":300},{"modelID":"ba-e3-03-55-15-a3","modelType":"Wi-SHT10","DATAS":["Temperature","Humidity"],"Temperature":3.97,"Humidity":-959.04,"TIMESTAMP":"2022-12-18T01:26:55.178Z","BATT":100,"INTERVAL":300},{"modelID":"ba-e3-03-55-15-a3","modelType":"Wi-SHT10","DATAS":["Temperature","Humidity"],"Temperature":4.44,"Humidity":-959.04,"TIMESTAMP":"2022-12-18T01:21:24.801Z","BATT":100,"INTERVAL":300},{"modelID":"ba-e3-03-55-15-a3","modelType":"Wi-SHT10","DATAS":["Temperature","Humidity"],"Temperature":3.7,"Humidity":-959.04,"TIMESTAMP":"2022-12-18T01:16:00.200Z","BATT":100,"INTERVAL":300},{"modelID":"ba-e3-03-55-15-a3","modelType":"Wi-SHT10","DATAS":["Temperature","Humidity"],"Temperature":4.58,"Humidity":-959.04,"TIMESTAMP":"2022-12-18T01:11:24.842Z","BATT":100,"INTERVAL":300},{"modelID":"ba-e3-03-55-15-a3","modelType":"Wi-SHT10","DATAS":["Temperature","Humidity"],"Temperature":3.7,"Humidity":-959.04,"TIMESTAMP":"2022-12-18T01:06:39.942Z","BATT":100,"INTERVAL":300},{"modelID":"ba-e3-03-55-15-a3","modelType":"Wi-SHT10","DATAS":["Temperature","Humidity"],"Temperature":4.48,"Humidity":-959.04,"TIMESTAMP":"2022-12-18T01:01:24.881Z","BATT":100,"INTERVAL":300},{"modelID":"ba-e3-03-55-15-a3","modelType":"Wi-SHT10","DATAS":["Temperature","Humidity"],"Temperature":3.7,"Humidity":-959.04,"TIMESTAMP":"2022-12-18T00:56:55.660Z","BATT":100,"INTERVAL":300},{"modelID":"ba-e3-03-55-15-a3","modelType":"Wi-SHT10","DATAS":["Temperature","Humidity"],"Temperature":4.31,"Humidity":-959.04,"TIMESTAMP":"2022-12-18T00:51:48.941Z","BATT":100,"INTERVAL":300},{"modelID":"ba-e3-03-55-15-a3","modelType":"Wi-SHT10","DATAS":["Temperature","Humidity"],"Temperature":4.14,"Humidity":-959.04,"TIMESTAMP":"2022-12-18T00:46:04.560Z","BATT":100,"INTERVAL":300},{"modelID":"ba-e3-03-55-15-a3","modelType":"Wi-SHT10","DATAS":["Temperature","Humidity"],"Temperature":3.91,"Humidity":-959.04,"TIMESTAMP":"2022-12-18T00:41:12.721Z","BATT":100,"INTERVAL":300},{"modelID":"ba-e3-03-55-15-a3","modelType":"Wi-SHT10","DATAS":["Temperature","Humidity"],"Temperature":4.17,"Humidity":-959.04,"TIMESTAMP":"2022-12-18T00:36:32.341Z","BATT":100,"INTERVAL":300},{"modelID":"ba-e3-03-55-15-a3","modelType":"Wi-SHT10","DATAS":["Temperature","Humidity"],"Temperature":3.77,"Humidity":-959.04,"TIMESTAMP":"2022-12-18T00:31:09.380Z","BATT":100,"INTERVAL":300},{"modelID":"ba-e3-03-55-15-a3","modelType":"Wi-SHT10","DATAS":["Temperature","Humidity"],"Temperature":4.38,"Humidity":-959.04,"TIMESTAMP":"2022-12-18T00:26:32.742Z","BATT":100,"INTERVAL":300},{"modelID":"ba-e3-03-55-15-a3","modelType":"Wi-SHT10","DATAS":["Temperature","Humidity"],"Temperature":3.67,"Humidity":-959.04,"TIMESTAMP":"2022-12-18T00:20:56.301Z","BATT":100,"INTERVAL":300},{"modelID":"ba-e3-03-55-15-a3","modelType":"Wi-SHT10","DATAS":["Temperature","Humidity"],"Temperature":4.61,"Humidity":-959.04,"TIMESTAMP":"2022-12-18T00:16:25.050Z","BATT":100,"INTERVAL":300},{"modelID":"ba-e3-03-55-15-a3","modelType":"Wi-SHT10","DATAS":["Temperature","Humidity"],"Temperature":3.7,"Humidity":-959.04,"TIMESTAMP":"2022-12-18T00:11:00.441Z","BATT":100,"INTERVAL":300},{"modelID":"ba-e3-03-55-15-a3","modelType":"Wi-SHT10","DATAS":["Temperature","Humidity"],"Temperature":3.84,"Humidity":-959.04,"TIMESTAMP":"2022-12-18T00:01:02.565Z","BATT":100,"INTERVAL":300},{"modelID":"ba-e3-03-55-15-a3","modelType":"Wi-SHT10","DATAS":["Temperature","Humidity"],"Temperature":4.07,"Humidity":-959.04,"TIMESTAMP":"2022-12-17T23:56:03.275Z","BATT":100,"INTERVAL":300},{"modelID":"ba-e3-03-55-15-a3","modelType":"Wi-SHT10","DATAS":["Temperature","Humidity"],"Temperature":3.87,"Humidity":-959.04,"TIMESTAMP":"2022-12-17T23:51:34.416Z","BATT":100,"INTERVAL":300},{"modelID":"ba-e3-03-55-15-a3","modelType":"Wi-SHT10","DATAS":["Temperature","Humidity"],"Temperature":4.04,"Humidity":-959.04,"TIMESTAMP":"2022-12-17T23:46:34.440Z","BATT":100,"INTERVAL":300},{"modelID":"ba-e3-03-55-15-a3","modelType":"Wi-SHT10","DATAS":["Temperature","Humidity"],"Temperature":4.04,"Humidity":-959.04,"TIMESTAMP":"2022-12-17T23:41:47.128Z","BATT":100,"INTERVAL":300},{"modelID":"ba-e3-03-55-15-a3","modelType":"Wi-SHT10","DATAS":["Temperature","Humidity"],"Temperature":3.94,"Humidity":-959.04,"TIMESTAMP":"2022-12-17T23:36:55.962Z","BATT":100,"INTERVAL":300},{"modelID":"ba-e3-03-55-15-a3","modelType":"Wi-SHT10","DATAS":["Temperature","Humidity"],"Temperature":4.31,"Humidity":-959.04,"TIMESTAMP":"2022-12-17T23:31:32.588Z","BATT":100,"INTERVAL":300},{"modelID":"ba-e3-03-55-15-a3","modelType":"Wi-SHT10","DATAS":["Temperature","Humidity"],"Temperature":3.77,"Humidity":-959.04,"TIMESTAMP":"2022-12-17T23:26:31.248Z","BATT":100,"INTERVAL":300},{"modelID":"ba-e3-03-55-15-a3","modelType":"Wi-SHT10","DATAS":["Temperature","Humidity"],"Temperature":4.41,"Humidity":-959.04,"TIMESTAMP":"2022-12-17T23:21:48.297Z","BATT":100,"INTERVAL":300},{"modelID":"ba-e3-03-55-15-a3","modelType":"Wi-SHT10","DATAS":["Temperature","Humidity"],"Temperature":3.64,"Humidity":-959.04,"TIMESTAMP":"2022-12-17T23:16:21.506Z","BATT":100,"INTERVAL":300},{"modelID":"ba-e3-03-55-15-a3","modelType":"Wi-SHT10","DATAS":["Temperature","Humidity"],"Temperature":4.54,"Humidity":-959.04,"TIMESTAMP":"2022-12-17T23:11:48.353Z","BATT":100,"INTERVAL":300},{"modelID":"ba-e3-03-55-15-a3","modelType":"Wi-SHT10","DATAS":["Temperature","Humidity"],"Temperature":4.44,"Humidity":-959.04,"TIMESTAMP":"2022-12-17T23:01:33.062Z","BATT":100,"INTERVAL":300},{"modelID":"ba-e3-03-55-15-a3","modelType":"Wi-SHT10","DATAS":["Temperature","Humidity"],"Temperature":3.67,"Humidity":-959.04,"TIMESTAMP":"2022-12-17T22:56:34.630Z","BATT":100,"INTERVAL":300},{"modelID":"ba-e3-03-55-15-a3","modelType":"Wi-SHT10","DATAS":["Temperature","Humidity"],"Temperature":4.04,"Humidity":-959.04,"TIMESTAMP":"2022-12-17T22:50:56.576Z","BATT":100,"INTERVAL":300},{"modelID":"ba-e3-03-55-15-a3","modelType":"Wi-SHT10","DATAS":["Temperature","Humidity"],"Temperature":4.11,"Humidity":-959.04,"TIMESTAMP":"2022-12-17T22:46:03.538Z","BATT":100,"INTERVAL":300},{"modelID":"ba-e3-03-55-15-a3","modelType":"Wi-SHT10","DATAS":["Temperature","Humidity"],"Temperature":3.87,"Humidity":-959.04,"TIMESTAMP":"2022-12-17T22:41:09.803Z","BATT":100,"INTERVAL":300},{"modelID":"ba-e3-03-55-15-a3","modelType":"Wi-SHT10","DATAS":["Temperature","Humidity"],"Temperature":4.38,"Humidity":-959.04,"TIMESTAMP":"2022-12-17T22:36:03.584Z","BATT":100,"INTERVAL":300},{"modelID":"ba-e3-03-55-15-a3","modelType":"Wi-SHT10","DATAS":["Temperature","Humidity"],"Temperature":3.87,"Humidity":-959.04,"TIMESTAMP":"2022-12-17T22:31:55.079Z","BATT":100,"INTERVAL":300},{"modelID":"ba-e3-03-55-15-a3","modelType":"Wi-SHT10","DATAS":["Temperature","Humidity"],"Temperature":4.44,"Humidity":-959.04,"TIMESTAMP":"2022-12-17T22:26:33.194Z","BATT":100,"INTERVAL":300},{"modelID":"ba-e3-03-55-15-a3","modelType":"Wi-SHT10","DATAS":["Temperature","Humidity"],"Temperature":3.67,"Humidity":-959.04,"TIMESTAMP":"2022-12-17T22:20:56.743Z","BATT":100,"INTERVAL":300},{"modelID":"ba-e3-03-55-15-a3","modelType":"Wi-SHT10","DATAS":["Temperature","Humidity"],"Temperature":4.61,"Humidity":-959.04,"TIMESTAMP":"2022-12-17T22:16:33.239Z","BATT":100,"INTERVAL":300},{"modelID":"ba-e3-03-55-15-a3","modelType":"Wi-SHT10","DATAS":["Temperature","Humidity"],"Temperature":3.67,"Humidity":-959.04,"TIMESTAMP":"2022-12-17T22:11:31.527Z","BATT":100,"INTERVAL":300},{"modelID":"ba-e3-03-55-15-a3","modelType":"Wi-SHT10","DATAS":["Temperature","Humidity"],"Temperature":4.41,"Humidity":-959.04,"TIMESTAMP":"2022-12-17T22:06:25.535Z","BATT":100,"INTERVAL":300},{"modelID":"ba-e3-03-55-15-a3","modelType":"Wi-SHT10","DATAS":["Temperature","Humidity"],"Temperature":3.7,"Humidity":-959.04,"TIMESTAMP":"2022-12-17T22:01:34.840Z","BATT":100,"INTERVAL":300},{"modelID":"ba-e3-03-55-15-a3","modelType":"Wi-SHT10","DATAS":["Temperature","Humidity"],"Temperature":4.04,"Humidity":-959.04,"TIMESTAMP":"2022-12-17T21:56:03.727Z","BATT":100,"INTERVAL":300},{"modelID":"ba-e3-03-55-15-a3","modelType":"Wi-SHT10","DATAS":["Temperature","Humidity"],"Temperature":3.87,"Humidity":-959.04,"TIMESTAMP":"2022-12-17T21:51:53.659Z","BATT":100,"INTERVAL":300},{"modelID":"ba-e3-03-55-15-a3","modelType":"Wi-SHT10","DATAS":["Temperature","Humidity"],"Temperature":3.84,"Humidity":-959.04,"TIMESTAMP":"2022-12-17T21:46:02.453Z","BATT":100,"INTERVAL":300},{"modelID":"ba-e3-03-55-15-a3","modelType":"Wi-SHT10","DATAS":["Temperature","Humidity"],"Temperature":4.34,"Humidity":-959.04,"TIMESTAMP":"2022-12-17T21:41:23.772Z","BATT":100,"INTERVAL":300},{"modelID":"ba-e3-03-55-15-a3","modelType":"Wi-SHT10","DATAS":["Temperature","Humidity"],"Temperature":3.8,"Humidity":-959.04,"TIMESTAMP":"2022-12-17T21:36:40.746Z","BATT":100,"INTERVAL":300},{"modelID":"ba-e3-03-55-15-a3","modelType":"Wi-SHT10","DATAS":["Temperature","Humidity"],"Temperature":4.48,"Humidity":-959.04,"TIMESTAMP":"2022-12-17T21:31:25.673Z","BATT":100,"INTERVAL":300},{"modelID":"ba-e3-03-55-15-a3","modelType":"Wi-SHT10","DATAS":["Temperature","Humidity"],"Temperature":3.7,"Humidity":-959.04,"TIMESTAMP":"2022-12-17T21:25:56.959Z","BATT":100,"INTERVAL":300},{"modelID":"ba-e3-03-55-15-a3","modelType":"Wi-SHT10","DATAS":["Temperature","Humidity"],"Temperature":4.61,"Humidity":-959.04,"TIMESTAMP":"2022-12-17T21:21:33.453Z","BATT":100,"INTERVAL":300},{"modelID":"ba-e3-03-55-15-a3","modelType":"Wi-SHT10","DATAS":["Temperature","Humidity"],"Temperature":3.67,"Humidity":-959.04,"TIMESTAMP":"2022-12-17T21:16:40.815Z","BATT":100,"INTERVAL":300},{"modelID":"ba-e3-03-55-15-a3","modelType":"Wi-SHT10","DATAS":["Temperature","Humidity"],"Temperature":4.48,"Humidity":-959.04,"TIMESTAMP":"2022-12-17T21:11:53.815Z","BATT":100,"INTERVAL":300},{"modelID":"ba-e3-03-55-15-a3","modelType":"Wi-SHT10","DATAS":["Temperature","Humidity"],"Temperature":4.01,"Humidity":-959.04,"TIMESTAMP":"2022-12-17T21:00:56.998Z","BATT":100,"INTERVAL":300},{"modelID":"ba-e3-03-55-15-a3","modelType":"Wi-SHT10","DATAS":["Temperature","Humidity"],"Temperature":4.11,"Humidity":-959.04,"TIMESTAMP":"2022-12-17T20:56:33.208Z","BATT":100,"INTERVAL":300},{"modelID":"ba-e3-03-55-15-a3","modelType":"Wi-SHT10","DATAS":["Temperature","Humidity"],"Temperature":3.77,"Humidity":-959.04,"TIMESTAMP":"2022-12-17T20:50:58.640Z","BATT":100,"INTERVAL":300},{"modelID":"ba-e3-03-55-15-a3","modelType":"Wi-SHT10","DATAS":["Temperature","Humidity"],"Temperature":4.21,"Humidity":-959.04,"TIMESTAMP":"2022-12-17T20:46:57.734Z","BATT":100,"INTERVAL":300},{"modelID":"ba-e3-03-55-15-a3","modelType":"Wi-SHT10","DATAS":["Temperature","Humidity"],"Temperature":3.84,"Humidity":-959.04,"TIMESTAMP":"2022-12-17T20:41:55.500Z","BATT":100,"INTERVAL":300},{"modelID":"ba-e3-03-55-15-a3","modelType":"Wi-SHT10","DATAS":["Temperature","Humidity"],"Temperature":4.44,"Humidity":-959.04,"TIMESTAMP":"2022-12-17T20:36:33.609Z","BATT":100,"INTERVAL":300},{"modelID":"ba-e3-03-55-15-a3","modelType":"Wi-SHT10","DATAS":["Temperature","Humidity"],"Temperature":3.67,"Humidity":-959.04,"TIMESTAMP":"2022-12-17T20:31:41.005Z","BATT":100,"INTERVAL":300},{"modelID":"ba-e3-03-55-15-a3","modelType":"Wi-SHT10","DATAS":["Temperature","Humidity"],"Temperature":4.48,"Humidity":-959.04,"TIMESTAMP":"2022-12-17T20:26:02.400Z","BATT":100,"INTERVAL":300},{"modelID":"ba-e3-03-55-15-a3","modelType":"Wi-SHT10","DATAS":["Temperature","Humidity"],"Temperature":3.6,"Humidity":-959.04,"TIMESTAMP":"2022-12-17T20:21:31.960Z","BATT":100,"INTERVAL":300},{"modelID":"ba-e3-03-55-15-a3","modelType":"Wi-SHT10","DATAS":["Temperature","Humidity"],"Temperature":4.41,"Humidity":-959.04,"TIMESTAMP":"2022-12-17T20:16:47.919Z","BATT":100,"INTERVAL":300},{"modelID":"ba-e3-03-55-15-a3","modelType":"Wi-SHT10","DATAS":["Temperature","Humidity"],"Temperature":3.94,"Humidity":-959.04,"TIMESTAMP":"2022-12-17T20:10:58.780Z","BATT":100,"INTERVAL":300},{"modelID":"ba-e3-03-55-15-a3","modelType":"Wi-SHT10","DATAS":["Temperature","Humidity"],"Temperature":3.94,"Humidity":-959.04,"TIMESTAMP":"2022-12-17T20:01:47.973Z","BATT":100,"INTERVAL":300},{"modelID":"ba-e3-03-55-15-a3","modelType":"Wi-SHT10","DATAS":["Temperature","Humidity"],"Temperature":3.94,"Humidity":-959.04,"TIMESTAMP":"2022-12-17T19:56:32.053Z","BATT":100,"INTERVAL":300},{"modelID":"ba-e3-03-55-15-a3","modelType":"Wi-SHT10","DATAS":["Temperature","Humidity"],"Temperature":4.41,"Humidity":-959.04,"TIMESTAMP":"2022-12-17T19:51:04.892Z","BATT":100,"INTERVAL":300},{"modelID":"ba-e3-03-55-15-a3","modelType":"Wi-SHT10","DATAS":["Temperature","Humidity"],"Temperature":3.74,"Humidity":-959.04,"TIMESTAMP":"2022-12-17T19:46:22.322Z","BATT":100,"INTERVAL":300},{"modelID":"ba-e3-03-55-15-a3","modelType":"Wi-SHT10","DATAS":["Temperature","Humidity"],"Temperature":4.54,"Humidity":-959.04,"TIMESTAMP":"2022-12-17T19:41:33.841Z","BATT":100,"INTERVAL":300},{"modelID":"ba-e3-03-55-15-a3","modelType":"Wi-SHT10","DATAS":["Temperature","Humidity"],"Temperature":3.67,"Humidity":-959.04,"TIMESTAMP":"2022-12-17T19:36:22.362Z","BATT":100,"INTERVAL":300},{"modelID":"ba-e3-03-55-15-a3","modelType":"Wi-SHT10","DATAS":["Temperature","Humidity"],"Temperature":4.54,"Humidity":-959.04,"TIMESTAMP":"2022-12-17T19:31:33.880Z","BATT":100,"INTERVAL":300},{"modelID":"ba-e3-03-55-15-a3","modelType":"Wi-SHT10","DATAS":["Temperature","Humidity"],"Temperature":3.67,"Humidity":-959.04,"TIMESTAMP":"2022-12-17T19:26:33.539Z","BATT":100,"INTERVAL":300},{"modelID":"ba-e3-03-55-15-a3","modelType":"Wi-SHT10","DATAS":["Temperature","Humidity"],"Temperature":4.28,"Humidity":-959.04,"TIMESTAMP":"2022-12-17T19:21:24.307Z","BATT":100,"INTERVAL":300},{"modelID":"ba-e3-03-55-15-a3","modelType":"Wi-SHT10","DATAS":["Temperature","Humidity"],"Temperature":3.8,"Humidity":-959.04,"TIMESTAMP":"2022-12-17T19:16:43.821Z","BATT":100,"INTERVAL":300},{"modelID":"ba-e3-03-55-15-a3","modelType":"Wi-SHT10","DATAS":["Temperature","Humidity"],"Temperature":3.97,"Humidity":-959.04,"TIMESTAMP":"2022-12-17T19:11:03.686Z","BATT":100,"INTERVAL":300},{"modelID":"ba-e3-03-55-15-a3","modelType":"Wi-SHT10","DATAS":["Temperature","Humidity"],"Temperature":3.97,"Humidity":-959.04,"TIMESTAMP":"2022-12-17T19:01:57.013Z","BATT":100,"INTERVAL":300},{"modelID":"ba-e3-03-55-15-a3","modelType":"Wi-SHT10","DATAS":["Temperature","Humidity"],"Temperature":4.31,"Humidity":-959.04,"TIMESTAMP":"2022-12-17T18:56:49.318Z","BATT":100,"INTERVAL":300},{"modelID":"ba-e3-03-55-15-a3","modelType":"Wi-SHT10","DATAS":["Temperature","Humidity"],"Temperature":3.64,"Humidity":-959.04,"TIMESTAMP":"2022-12-17T18:51:01.677Z","BATT":100,"INTERVAL":300},{"modelID":"ba-e3-03-55-15-a3","modelType":"Wi-SHT10","DATAS":["Temperature","Humidity"],"Temperature":4.58,"Humidity":-959.04,"TIMESTAMP":"2022-12-17T18:46:29.069Z","BATT":100,"INTERVAL":300},{"modelID":"ba-e3-03-55-15-a3","modelType":"Wi-SHT10","DATAS":["Temperature","Humidity"],"Temperature":3.7,"Humidity":-959.04,"TIMESTAMP":"2022-12-17T18:41:55.957Z","BATT":100,"INTERVAL":300},{"modelID":"ba-e3-03-55-15-a3","modelType":"Wi-SHT10","DATAS":["Temperature","Humidity"],"Temperature":4.44,"Humidity":-959.04,"TIMESTAMP":"2022-12-17T18:36:05.179Z","BATT":100,"INTERVAL":300},{"modelID":"ba-e3-03-55-15-a3","modelType":"Wi-SHT10","DATAS":["Temperature","Humidity"],"Temperature":3.74,"Humidity":-959.04,"TIMESTAMP":"2022-12-17T18:31:03.577Z","BATT":100,"INTERVAL":300},{"modelID":"ba-e3-03-55-15-a3","modelType":"Wi-SHT10","DATAS":["Temperature","Humidity"],"Temperature":4.24,"Humidity":-959.04,"TIMESTAMP":"2022-12-17T18:26:27.262Z","BATT":100,"INTERVAL":300},{"modelID":"ba-e3-03-55-15-a3","modelType":"Wi-SHT10","DATAS":["Temperature","Humidity"],"Temperature":3.8,"Humidity":-959.04,"TIMESTAMP":"2022-12-17T18:21:44.070Z","BATT":100,"INTERVAL":300},{"modelID":"ba-e3-03-55-15-a3","modelType":"Wi-SHT10","DATAS":["Temperature","Humidity"],"Temperature":3.97,"Humidity":-959.04,"TIMESTAMP":"2022-12-17T18:16:03.897Z","BATT":100,"INTERVAL":300},{"modelID":"ba-e3-03-55-15-a3","modelType":"Wi-SHT10","DATAS":["Temperature","Humidity"],"Temperature":4.07,"Humidity":-959.04,"TIMESTAMP":"2022-12-17T18:11:54.517Z","BATT":100,"INTERVAL":300},{"modelID":"ba-e3-03-55-15-a3","modelType":"Wi-SHT10","DATAS":["Temperature","Humidity"],"Temperature":4.48,"Humidity":-959.04,"TIMESTAMP":"2022-12-17T18:01:34.208Z","BATT":100,"INTERVAL":300},{"modelID":"ba-e3-03-55-15-a3","modelType":"Wi-SHT10","DATAS":["Temperature","Humidity"],"Temperature":3.67,"Humidity":-959.04,"TIMESTAMP":"2022-12-17T17:55:57.775Z","BATT":100,"INTERVAL":300},{"modelID":"ba-e3-03-55-15-a3","modelType":"Wi-SHT10","DATAS":["Temperature","Humidity"],"Temperature":4.61,"Humidity":-959.04,"TIMESTAMP":"2022-12-17T17:51:34.256Z","BATT":100,"INTERVAL":300},{"modelID":"ba-e3-03-55-15-a3","modelType":"Wi-SHT10","DATAS":["Temperature","Humidity"],"Temperature":3.67,"Humidity":-959.04,"TIMESTAMP":"2022-12-17T17:46:10.934Z","BATT":100,"INTERVAL":300},{"modelID":"ba-e3-03-55-15-a3","modelType":"Wi-SHT10","DATAS":["Temperature","Humidity"],"Temperature":4.38,"Humidity":-959.04,"TIMESTAMP":"2022-12-17T17:41:33.935Z","BATT":100,"INTERVAL":300},{"modelID":"ba-e3-03-55-15-a3","modelType":"Wi-SHT10","DATAS":["Temperature","Humidity"],"Temperature":3.77,"Humidity":-959.04,"TIMESTAMP":"2022-12-17T17:36:28.994Z","BATT":100,"INTERVAL":300},{"modelID":"ba-e3-03-55-15-a3","modelType":"Wi-SHT10","DATAS":["Temperature","Humidity"],"Temperature":4.01,"Humidity":-959.04,"TIMESTAMP":"2022-12-17T17:30:57.796Z","BATT":100,"INTERVAL":300},{"modelID":"ba-e3-03-55-15-a3","modelType":"Wi-SHT10","DATAS":["Temperature","Humidity"],"Temperature":4.11,"Humidity":-959.04,"TIMESTAMP":"2022-12-17T17:26:29.926Z","BATT":100,"INTERVAL":300},{"modelID":"ba-e3-03-55-15-a3","modelType":"Wi-SHT10","DATAS":["Temperature","Humidity"],"Temperature":3.8,"Humidity":-959.04,"TIMESTAMP":"2022-12-17T17:21:03.475Z","BATT":100,"INTERVAL":300},{"modelID":"ba-e3-03-55-15-a3","modelType":"Wi-SHT10","DATAS":["Temperature","Humidity"],"Temperature":4.34,"Humidity":-959.04,"TIMESTAMP":"2022-12-17T17:16:34.395Z","BATT":100,"INTERVAL":300},{"modelID":"ba-e3-03-55-15-a3","modelType":"Wi-SHT10","DATAS":["Temperature","Humidity"],"Temperature":3.67,"Humidity":-959.04,"TIMESTAMP":"2022-12-17T17:10:57.935Z","BATT":100,"INTERVAL":300},{"modelID":"ba-e3-03-55-15-a3","modelType":"Wi-SHT10","DATAS":["Temperature","Humidity"],"Temperature":3.7,"Humidity":-959.04,"TIMESTAMP":"2022-12-17T17:01:41.787Z","BATT":100,"INTERVAL":300},{"modelID":"ba-e3-03-55-15-a3","modelType":"Wi-SHT10","DATAS":["Temperature","Humidity"],"Temperature":4.48,"Humidity":-959.04,"TIMESTAMP":"2022-12-17T16:56:26.726Z","BATT":100,"INTERVAL":300},{"modelID":"ba-e3-03-55-15-a3","modelType":"Wi-SHT10","DATAS":["Temperature","Humidity"],"Temperature":3.7,"Humidity":-959.04,"TIMESTAMP":"2022-12-17T16:51:31.706Z","BATT":100,"INTERVAL":300},{"modelID":"ba-e3-03-55-15-a3","modelType":"Wi-SHT10","DATAS":["Temperature","Humidity"],"Temperature":4.28,"Humidity":-959.04,"TIMESTAMP":"2022-12-17T16:46:32.136Z","BATT":100,"INTERVAL":300},{"modelID":"ba-e3-03-55-15-a3","modelType":"Wi-SHT10","DATAS":["Temperature","Humidity"],"Temperature":4.01,"Humidity":-959.04,"TIMESTAMP":"2022-12-17T16:41:04.247Z","BATT":100,"INTERVAL":300},{"modelID":"ba-e3-03-55-15-a3","modelType":"Wi-SHT10","DATAS":["Temperature","Humidity"],"Temperature":4.07,"Humidity":-959.04,"TIMESTAMP":"2022-12-17T16:36:31.766Z","BATT":100,"INTERVAL":300},{"modelID":"ba-e3-03-55-15-a3","modelType":"Wi-SHT10","DATAS":["Temperature","Humidity"],"Temperature":4.28,"Humidity":-959.04,"TIMESTAMP":"2022-12-17T16:31:04.987Z","BATT":100,"INTERVAL":300},{"modelID":"ba-e3-03-55-15-a3","modelType":"Wi-SHT10","DATAS":["Temperature","Humidity"],"Temperature":3.87,"Humidity":-959.04,"TIMESTAMP":"2022-12-17T16:26:38.059Z","BATT":100,"INTERVAL":300},{"modelID":"ba-e3-03-55-15-a3","modelType":"Wi-SHT10","DATAS":["Temperature","Humidity"],"Temperature":4.41,"Humidity":-959.04,"TIMESTAMP":"2022-12-17T16:21:26.866Z","BATT":100,"INTERVAL":300},{"modelID":"ba-e3-03-55-15-a3","modelType":"Wi-SHT10","DATAS":["Temperature","Humidity"],"Temperature":3.7,"Humidity":-959.04,"TIMESTAMP":"2022-12-17T16:15:58.145Z","BATT":100,"INTERVAL":300},{"modelID":"ba-e3-03-55-15-a3","modelType":"Wi-SHT10","DATAS":["Temperature","Humidity"],"Temperature":4.61,"Humidity":-959.04,"TIMESTAMP":"2022-12-17T16:11:34.646Z","BATT":100,"INTERVAL":300},{"modelID":"ba-e3-03-55-15-a3","modelType":"Wi-SHT10","DATAS":["Temperature","Humidity"],"Temperature":4.54,"Humidity":-959.04,"TIMESTAMP":"2022-12-17T16:01:55.005Z","BATT":100,"INTERVAL":300}],"DAYHOURS":["12","11","10","9","8","7","6","5","4","3","2","1","0"]}