{"SENSORNAME":"SSB5 -2","SENSORTYPE":"PWRMTR(485)","DTUID":"7","SENSORID":2,"PWRMTR0":"153924","PWRMTR1":"3046","DAYDATA":[{"DTUID":"7","SENSORID":2,"FUNCID":3,"NDATA":2,"SENSORTYPE":"PWR-METER-POWER","RCV_BYTES":["00EA","DE90"],"DATAS":[234,-8560],"DATAS1":[],"DATAS2":[],"TIMESTAMP":"2022-12-18T01:29:19.435Z"},{"DTUID":"7","SENSORID":2,"FUNCID":3,"NDATA":2,"SENSORTYPE":"PWR-METER-POWER","RCV_BYTES":["00EA","BA00"],"DATAS":[234,-17920],"DATAS1":[],"DATAS2":[],"TIMESTAMP":"2022-12-17T22:29:18.310Z"},{"DTUID":"7","SENSORID":2,"FUNCID":3,"NDATA":2,"SENSORTYPE":"PWR-METER-POWER","RCV_BYTES":["00EA","B190"],"DATAS":[234,-20080],"DATAS1":[],"DATAS2":[],"TIMESTAMP":"2022-12-17T21:49:00.783Z"},{"DTUID":"7","SENSORID":2,"FUNCID":3,"NDATA":2,"SENSORTYPE":"PWR-METER-POWER","RCV_BYTES":["00EA","A0B0"],"DATAS":[234,-24400],"DATAS1":[],"DATAS2":[],"TIMESTAMP":"2022-12-17T20:28:58.453Z"}],"DAYHOURS":["9","6","5","4"],"MNTH-2022_12":"153924","WK51":"153924","WK50":"150314","WK49":"145150","MNTH-2022_11":"141163","WK48":"140801","WK47":"137287","WK46":"132742","WK45":"127987","WK44":"123386","MNTH-2022_10":"122666","WK43":"118517","WK42":"113686","WK41":"109070","WK40":"104429","MNTH-2022_9":"102228","WK39":"99934","WK38":"95100","WK37":"88709","WK36":"86544","MNTH-2022_8":"82829","WK35":"82152","WK34":"77702","WK33":"73308","WK32":"68117","WK31":"63329","MNTH-2022_7":"61918","WK30":"58382","WK29":"53508","WK28":"48653","WK27":"43550","MNTH-2022_6":"39931","WK26":"38280","WK25":"33038","WK24":"28781","WK23":"23894","MNTH-2022_5":"18958","WK22":"18958","WK21":"14004","WK20":"9110","WK19":"4152"}