{"SENSORNAME":"RMS","SENSORTYPE":"WISENSOR","DTUID":"-1","SENSORID":"B0-F8-97-C3-7C-87","DATE0":"2022-12-18T04:03:15.996Z","DATE1":"2021-04-19T16:32:56.692Z","DAYDATA":[{"modelID":"b0-f8-97-c3-7c-87","modelType":"Wi-SHT10","DATAS":["Temperature","Humidity"],"Temperature":23.98,"Humidity":71.64479999999999,"TIMESTAMP":"2022-12-18T04:03:15.996Z","BATT":100,"INTERVAL":600},{"modelID":"b0-f8-97-c3-7c-87","modelType":"Wi-SHT10","DATAS":["Temperature","Humidity"],"Temperature":23.98,"Humidity":72.96,"TIMESTAMP":"2022-12-18T03:53:10.012Z","BATT":100,"INTERVAL":600},{"modelID":"b0-f8-97-c3-7c-87","modelType":"Wi-SHT10","DATAS":["Temperature","Humidity"],"Temperature":23.92,"Humidity":72.2112,"TIMESTAMP":"2022-12-18T03:42:48.030Z","BATT":100,"INTERVAL":600},{"modelID":"b0-f8-97-c3-7c-87","modelType":"Wi-SHT10","DATAS":["Temperature","Humidity"],"Temperature":23.96,"Humidity":73.3152,"TIMESTAMP":"2022-12-18T03:33:23.981Z","BATT":100,"INTERVAL":600},{"modelID":"b0-f8-97-c3-7c-87","modelType":"Wi-SHT10","DATAS":["Temperature","Humidity"],"Temperature":24.03,"Humidity":73.6512,"TIMESTAMP":"2022-12-18T03:23:18.790Z","BATT":100,"INTERVAL":600},{"modelID":"b0-f8-97-c3-7c-87","modelType":"Wi-SHT10","DATAS":["Temperature","Humidity"],"Temperature":24.09,"Humidity":73.968,"TIMESTAMP":"2022-12-18T03:12:52.051Z","BATT":100,"INTERVAL":600},{"modelID":"b0-f8-97-c3-7c-87","modelType":"Wi-SHT10","DATAS":["Temperature","Humidity"],"Temperature":24.08,"Humidity":74.784,"TIMESTAMP":"2022-12-18T03:02:57.054Z","BATT":100,"INTERVAL":600},{"modelID":"b0-f8-97-c3-7c-87","modelType":"Wi-SHT10","DATAS":["Temperature","Humidity"],"Temperature":24.32,"Humidity":80.0832,"TIMESTAMP":"2022-12-18T02:53:32.067Z","BATT":100,"INTERVAL":600},{"modelID":"b0-f8-97-c3-7c-87","modelType":"Wi-SHT10","DATAS":["Temperature","Humidity"],"Temperature":23.88,"Humidity":76.2432,"TIMESTAMP":"2022-12-18T02:42:44.069Z","BATT":100,"INTERVAL":600},{"modelID":"b0-f8-97-c3-7c-87","modelType":"Wi-SHT10","DATAS":["Temperature","Humidity"],"Temperature":23.88,"Humidity":76.3488,"TIMESTAMP":"2022-12-18T02:33:03.085Z","BATT":100,"INTERVAL":600},{"modelID":"b0-f8-97-c3-7c-87","modelType":"Wi-SHT10","DATAS":["Temperature","Humidity"],"Temperature":23.94,"Humidity":76.0992,"TIMESTAMP":"2022-12-18T02:23:12.091Z","BATT":100,"INTERVAL":600},{"modelID":"b0-f8-97-c3-7c-87","modelType":"Wi-SHT10","DATAS":["Temperature","Humidity"],"Temperature":24.06,"Humidity":76.2624,"TIMESTAMP":"2022-12-18T02:12:55.107Z","BATT":100,"INTERVAL":600},{"modelID":"b0-f8-97-c3-7c-87","modelType":"Wi-SHT10","DATAS":["Temperature","Humidity"],"Temperature":24.15,"Humidity":77.2512,"TIMESTAMP":"2022-12-18T02:03:28.109Z","BATT":100,"INTERVAL":600},{"modelID":"b0-f8-97-c3-7c-87","modelType":"Wi-SHT10","DATAS":["Temperature","Humidity"],"Temperature":24.31,"Humidity":78.5184,"TIMESTAMP":"2022-12-18T01:53:10.129Z","BATT":100,"INTERVAL":600},{"modelID":"b0-f8-97-c3-7c-87","modelType":"Wi-SHT10","DATAS":["Temperature","Humidity"],"Temperature":24.3,"Humidity":80.496,"TIMESTAMP":"2022-12-18T01:42:46.136Z","BATT":100,"INTERVAL":600},{"modelID":"b0-f8-97-c3-7c-87","modelType":"Wi-SHT10","DATAS":["Temperature","Humidity"],"Temperature":24.16,"Humidity":79.872,"TIMESTAMP":"2022-12-18T01:33:30.148Z","BATT":100,"INTERVAL":600},{"modelID":"b0-f8-97-c3-7c-87","modelType":"Wi-SHT10","DATAS":["Temperature","Humidity"],"Temperature":23.93,"Humidity":79.8528,"TIMESTAMP":"2022-12-18T01:23:32.147Z","BATT":100,"INTERVAL":600},{"modelID":"b0-f8-97-c3-7c-87","modelType":"Wi-SHT10","DATAS":["Temperature","Humidity"],"Temperature":23.82,"Humidity":78.2016,"TIMESTAMP":"2022-12-18T01:13:10.176Z","BATT":100,"INTERVAL":600},{"modelID":"b0-f8-97-c3-7c-87","modelType":"Wi-SHT10","DATAS":["Temperature","Humidity"],"Temperature":23.77,"Humidity":77.4336,"TIMESTAMP":"2022-12-18T01:03:19.169Z","BATT":100,"INTERVAL":600},{"modelID":"b0-f8-97-c3-7c-87","modelType":"Wi-SHT10","DATAS":["Temperature","Humidity"],"Temperature":23.58,"Humidity":77.05919999999999,"TIMESTAMP":"2022-12-18T00:53:31.194Z","BATT":100,"INTERVAL":600},{"modelID":"b0-f8-97-c3-7c-87","modelType":"Wi-SHT10","DATAS":["Temperature","Humidity"],"Temperature":23.41,"Humidity":75.1488,"TIMESTAMP":"2022-12-18T00:42:49.186Z","BATT":100,"INTERVAL":600},{"modelID":"b0-f8-97-c3-7c-87","modelType":"Wi-SHT10","DATAS":["Temperature","Humidity"],"Temperature":23.31,"Humidity":73.5456,"TIMESTAMP":"2022-12-18T00:33:20.212Z","BATT":100,"INTERVAL":600},{"modelID":"b0-f8-97-c3-7c-87","modelType":"Wi-SHT10","DATAS":["Temperature","Humidity"],"Temperature":23.22,"Humidity":75.0144,"TIMESTAMP":"2022-12-18T00:23:21.221Z","BATT":100,"INTERVAL":600},{"modelID":"b0-f8-97-c3-7c-87","modelType":"Wi-SHT10","DATAS":["Temperature","Humidity"],"Temperature":23.18,"Humidity":73.1424,"TIMESTAMP":"2022-12-18T00:13:08.232Z","BATT":100,"INTERVAL":600},{"modelID":"b0-f8-97-c3-7c-87","modelType":"Wi-SHT10","DATAS":["Temperature","Humidity"],"Temperature":23.16,"Humidity":73.16159999999999,"TIMESTAMP":"2022-12-18T00:03:01.241Z","BATT":100,"INTERVAL":600},{"modelID":"b0-f8-97-c3-7c-87","modelType":"Wi-SHT10","DATAS":["Temperature","Humidity"],"Temperature":23.12,"Humidity":74.784,"TIMESTAMP":"2022-12-17T23:53:22.262Z","BATT":100,"INTERVAL":600},{"modelID":"b0-f8-97-c3-7c-87","modelType":"Wi-SHT10","DATAS":["Temperature","Humidity"],"Temperature":23.13,"Humidity":75.072,"TIMESTAMP":"2022-12-17T23:42:52.261Z","BATT":100,"INTERVAL":600},{"modelID":"b0-f8-97-c3-7c-87","modelType":"Wi-SHT10","DATAS":["Temperature","Humidity"],"Temperature":23.14,"Humidity":78.09599999999999,"TIMESTAMP":"2022-12-17T23:33:17.281Z","BATT":100,"INTERVAL":600},{"modelID":"b0-f8-97-c3-7c-87","modelType":"Wi-SHT10","DATAS":["Temperature","Humidity"],"Temperature":23.07,"Humidity":85.1904,"TIMESTAMP":"2022-12-17T23:23:07.281Z","BATT":100,"INTERVAL":600},{"modelID":"b0-f8-97-c3-7c-87","modelType":"Wi-SHT10","DATAS":["Temperature","Humidity"],"Temperature":22.85,"Humidity":71.0976,"TIMESTAMP":"2022-12-17T23:13:07.301Z","BATT":100,"INTERVAL":600},{"modelID":"b0-f8-97-c3-7c-87","modelType":"Wi-SHT10","DATAS":["Temperature","Humidity"],"Temperature":22.85,"Humidity":70.2624,"TIMESTAMP":"2022-12-17T23:03:27.311Z","BATT":100,"INTERVAL":600},{"modelID":"b0-f8-97-c3-7c-87","modelType":"Wi-SHT10","DATAS":["Temperature","Humidity"],"Temperature":22.86,"Humidity":69.7248,"TIMESTAMP":"2022-12-17T22:53:20.319Z","BATT":100,"INTERVAL":600},{"modelID":"b0-f8-97-c3-7c-87","modelType":"Wi-SHT10","DATAS":["Temperature","Humidity"],"Temperature":22.85,"Humidity":70.1856,"TIMESTAMP":"2022-12-17T22:43:20.331Z","BATT":100,"INTERVAL":600},{"modelID":"b0-f8-97-c3-7c-87","modelType":"Wi-SHT10","DATAS":["Temperature","Humidity"],"Temperature":22.85,"Humidity":69.216,"TIMESTAMP":"2022-12-17T22:32:46.332Z","BATT":100,"INTERVAL":600},{"modelID":"b0-f8-97-c3-7c-87","modelType":"Wi-SHT10","DATAS":["Temperature","Humidity"],"Temperature":22.86,"Humidity":70.7808,"TIMESTAMP":"2022-12-17T22:22:46.338Z","BATT":100,"INTERVAL":600},{"modelID":"b0-f8-97-c3-7c-87","modelType":"Wi-SHT10","DATAS":["Temperature","Humidity"],"Temperature":22.86,"Humidity":70.4064,"TIMESTAMP":"2022-12-17T22:13:07.357Z","BATT":100,"INTERVAL":600},{"modelID":"b0-f8-97-c3-7c-87","modelType":"Wi-SHT10","DATAS":["Temperature","Humidity"],"Temperature":22.85,"Humidity":70.848,"TIMESTAMP":"2022-12-17T22:03:07.365Z","BATT":100,"INTERVAL":600},{"modelID":"b0-f8-97-c3-7c-87","modelType":"Wi-SHT10","DATAS":["Temperature","Humidity"],"Temperature":22.87,"Humidity":71.80799999999999,"TIMESTAMP":"2022-12-17T21:53:07.384Z","BATT":100,"INTERVAL":600},{"modelID":"b0-f8-97-c3-7c-87","modelType":"Wi-SHT10","DATAS":["Temperature","Humidity"],"Temperature":22.85,"Humidity":70.128,"TIMESTAMP":"2022-12-17T21:43:26.565Z","BATT":100,"INTERVAL":600},{"modelID":"b0-f8-97-c3-7c-87","modelType":"Wi-SHT10","DATAS":["Temperature","Humidity"],"Temperature":22.88,"Humidity":71.45280000000001,"TIMESTAMP":"2022-12-17T21:33:14.392Z","BATT":100,"INTERVAL":600},{"modelID":"b0-f8-97-c3-7c-87","modelType":"Wi-SHT10","DATAS":["Temperature","Humidity"],"Temperature":22.88,"Humidity":70.4928,"TIMESTAMP":"2022-12-17T21:22:46.399Z","BATT":100,"INTERVAL":600},{"modelID":"b0-f8-97-c3-7c-87","modelType":"Wi-SHT10","DATAS":["Temperature","Humidity"],"Temperature":22.86,"Humidity":68.3424,"TIMESTAMP":"2022-12-17T21:12:46.405Z","BATT":100,"INTERVAL":600},{"modelID":"b0-f8-97-c3-7c-87","modelType":"Wi-SHT10","DATAS":["Temperature","Humidity"],"Temperature":22.86,"Humidity":69.4464,"TIMESTAMP":"2022-12-17T21:03:07.414Z","BATT":100,"INTERVAL":600},{"modelID":"b0-f8-97-c3-7c-87","modelType":"Wi-SHT10","DATAS":["Temperature","Humidity"],"Temperature":22.87,"Humidity":68.0352,"TIMESTAMP":"2022-12-17T20:53:25.435Z","BATT":100,"INTERVAL":600},{"modelID":"b0-f8-97-c3-7c-87","modelType":"Wi-SHT10","DATAS":["Temperature","Humidity"],"Temperature":22.88,"Humidity":69.5712,"TIMESTAMP":"2022-12-17T20:43:14.437Z","BATT":100,"INTERVAL":600},{"modelID":"b0-f8-97-c3-7c-87","modelType":"Wi-SHT10","DATAS":["Temperature","Humidity"],"Temperature":22.88,"Humidity":69.408,"TIMESTAMP":"2022-12-17T20:33:11.454Z","BATT":100,"INTERVAL":600},{"modelID":"b0-f8-97-c3-7c-87","modelType":"Wi-SHT10","DATAS":["Temperature","Humidity"],"Temperature":22.9,"Humidity":70.4448,"TIMESTAMP":"2022-12-17T20:22:49.453Z","BATT":100,"INTERVAL":600},{"modelID":"b0-f8-97-c3-7c-87","modelType":"Wi-SHT10","DATAS":["Temperature","Humidity"],"Temperature":22.92,"Humidity":72.9024,"TIMESTAMP":"2022-12-17T20:13:30.478Z","BATT":100,"INTERVAL":600},{"modelID":"b0-f8-97-c3-7c-87","modelType":"Wi-SHT10","DATAS":["Temperature","Humidity"],"Temperature":22.91,"Humidity":71.37599999999999,"TIMESTAMP":"2022-12-17T20:02:46.475Z","BATT":100,"INTERVAL":600},{"modelID":"b0-f8-97-c3-7c-87","modelType":"Wi-SHT10","DATAS":["Temperature","Humidity"],"Temperature":22.95,"Humidity":73.3152,"TIMESTAMP":"2022-12-17T19:53:02.494Z","BATT":100,"INTERVAL":600},{"modelID":"b0-f8-97-c3-7c-87","modelType":"Wi-SHT10","DATAS":["Temperature","Humidity"],"Temperature":22.95,"Humidity":73.872,"TIMESTAMP":"2022-12-17T19:43:02.495Z","BATT":100,"INTERVAL":600},{"modelID":"b0-f8-97-c3-7c-87","modelType":"Wi-SHT10","DATAS":["Temperature","Humidity"],"Temperature":22.95,"Humidity":72.2112,"TIMESTAMP":"2022-12-17T19:32:50.515Z","BATT":100,"INTERVAL":600},{"modelID":"b0-f8-97-c3-7c-87","modelType":"Wi-SHT10","DATAS":["Temperature","Humidity"],"Temperature":23.01,"Humidity":74.1024,"TIMESTAMP":"2022-12-17T19:23:27.515Z","BATT":100,"INTERVAL":600},{"modelID":"b0-f8-97-c3-7c-87","modelType":"Wi-SHT10","DATAS":["Temperature","Humidity"],"Temperature":23,"Humidity":73.008,"TIMESTAMP":"2022-12-17T19:02:55.544Z","BATT":100,"INTERVAL":600},{"modelID":"b0-f8-97-c3-7c-87","modelType":"Wi-SHT10","DATAS":["Temperature","Humidity"],"Temperature":23.02,"Humidity":74.8896,"TIMESTAMP":"2022-12-17T18:53:12.544Z","BATT":100,"INTERVAL":600},{"modelID":"b0-f8-97-c3-7c-87","modelType":"Wi-SHT10","DATAS":["Temperature","Humidity"],"Temperature":23.04,"Humidity":73.61280000000001,"TIMESTAMP":"2022-12-17T18:43:10.564Z","BATT":100,"INTERVAL":600},{"modelID":"b0-f8-97-c3-7c-87","modelType":"Wi-SHT10","DATAS":["Temperature","Humidity"],"Temperature":22.98,"Humidity":72.64320000000001,"TIMESTAMP":"2022-12-17T18:32:56.565Z","BATT":100,"INTERVAL":600},{"modelID":"b0-f8-97-c3-7c-87","modelType":"Wi-SHT10","DATAS":["Temperature","Humidity"],"Temperature":23.03,"Humidity":74.7552,"TIMESTAMP":"2022-12-17T18:22:50.571Z","BATT":100,"INTERVAL":600},{"modelID":"b0-f8-97-c3-7c-87","modelType":"Wi-SHT10","DATAS":["Temperature","Humidity"],"Temperature":23.01,"Humidity":74.496,"TIMESTAMP":"2022-12-17T18:12:48.583Z","BATT":100,"INTERVAL":600},{"modelID":"b0-f8-97-c3-7c-87","modelType":"Wi-SHT10","DATAS":["Temperature","Humidity"],"Temperature":23.05,"Humidity":72.97919999999999,"TIMESTAMP":"2022-12-17T18:03:11.167Z","BATT":100,"INTERVAL":600},{"modelID":"b0-f8-97-c3-7c-87","modelType":"Wi-SHT10","DATAS":["Temperature","Humidity"],"Temperature":23.07,"Humidity":74.8416,"TIMESTAMP":"2022-12-17T17:52:49.622Z","BATT":100,"INTERVAL":600},{"modelID":"b0-f8-97-c3-7c-87","modelType":"Wi-SHT10","DATAS":["Temperature","Humidity"],"Temperature":23,"Humidity":73.8048,"TIMESTAMP":"2022-12-17T17:43:29.621Z","BATT":100,"INTERVAL":600},{"modelID":"b0-f8-97-c3-7c-87","modelType":"Wi-SHT10","DATAS":["Temperature","Humidity"],"Temperature":23.05,"Humidity":73.6512,"TIMESTAMP":"2022-12-17T17:32:49.640Z","BATT":100,"INTERVAL":600},{"modelID":"b0-f8-97-c3-7c-87","modelType":"Wi-SHT10","DATAS":["Temperature","Humidity"],"Temperature":23.08,"Humidity":74.7648,"TIMESTAMP":"2022-12-17T17:23:17.640Z","BATT":100,"INTERVAL":600},{"modelID":"b0-f8-97-c3-7c-87","modelType":"Wi-SHT10","DATAS":["Temperature","Humidity"],"Temperature":23.07,"Humidity":73.4592,"TIMESTAMP":"2022-12-17T17:13:12.662Z","BATT":100,"INTERVAL":600},{"modelID":"b0-f8-97-c3-7c-87","modelType":"Wi-SHT10","DATAS":["Temperature","Humidity"],"Temperature":23.04,"Humidity":73.5936,"TIMESTAMP":"2022-12-17T17:02:59.661Z","BATT":100,"INTERVAL":600},{"modelID":"b0-f8-97-c3-7c-87","modelType":"Wi-SHT10","DATAS":["Temperature","Humidity"],"Temperature":23.06,"Humidity":73.8144,"TIMESTAMP":"2022-12-17T16:52:49.680Z","BATT":100,"INTERVAL":600},{"modelID":"b0-f8-97-c3-7c-87","modelType":"Wi-SHT10","DATAS":["Temperature","Humidity"],"Temperature":23.08,"Humidity":72.9024,"TIMESTAMP":"2022-12-17T16:42:48.700Z","BATT":100,"INTERVAL":600},{"modelID":"b0-f8-97-c3-7c-87","modelType":"Wi-SHT10","DATAS":["Temperature","Humidity"],"Temperature":23.05,"Humidity":74.0736,"TIMESTAMP":"2022-12-17T16:33:23.702Z","BATT":100,"INTERVAL":600},{"modelID":"b0-f8-97-c3-7c-87","modelType":"Wi-SHT10","DATAS":["Temperature","Humidity"],"Temperature":23.05,"Humidity":72.50880000000001,"TIMESTAMP":"2022-12-17T16:23:16.704Z","BATT":100,"INTERVAL":600},{"modelID":"b0-f8-97-c3-7c-87","modelType":"Wi-SHT10","DATAS":["Temperature","Humidity"],"Temperature":23.11,"Humidity":73.2864,"TIMESTAMP":"2022-12-17T16:13:10.702Z","BATT":100,"INTERVAL":600},{"modelID":"b0-f8-97-c3-7c-87","modelType":"Wi-SHT10","DATAS":["Temperature","Humidity"],"Temperature":23.07,"Humidity":74.06400000000001,"TIMESTAMP":"2022-12-17T16:03:14.020Z","BATT":100,"INTERVAL":600}],"DAYHOURS":["12","11","10","9","8","7","6","5","4","3","2","1","0"]}