{"SENSORNAME":"VKL","SENSORTYPE":"WISENSOR","DTUID":"-1","SENSORID":"B0-C0-E7-11-A7-E3","DATE0":"2022-12-18T04:09:44.977Z","DATE1":"2021-04-19T16:32:18.867Z","DAYDATA":[{"modelID":"b0-c0-e7-11-a7-e3","modelType":"Wi-SHT10","DATAS":["Temperature","Humidity"],"Temperature":24.43,"Humidity":68.24640000000001,"TIMESTAMP":"2022-12-18T04:09:44.977Z","BATT":100,"INTERVAL":600},{"modelID":"b0-c0-e7-11-a7-e3","modelType":"Wi-SHT10","DATAS":["Temperature","Humidity"],"Temperature":24.43,"Humidity":68.3424,"TIMESTAMP":"2022-12-18T03:59:21.010Z","BATT":100,"INTERVAL":600},{"modelID":"b0-c0-e7-11-a7-e3","modelType":"Wi-SHT10","DATAS":["Temperature","Humidity"],"Temperature":24.45,"Humidity":68.64,"TIMESTAMP":"2022-12-18T03:48:56.909Z","BATT":100,"INTERVAL":600},{"modelID":"b0-c0-e7-11-a7-e3","modelType":"Wi-SHT10","DATAS":["Temperature","Humidity"],"Temperature":24.48,"Humidity":68.9856,"TIMESTAMP":"2022-12-18T03:39:39.010Z","BATT":100,"INTERVAL":600},{"modelID":"b0-c0-e7-11-a7-e3","modelType":"Wi-SHT10","DATAS":["Temperature","Humidity"],"Temperature":24.5,"Humidity":69.2064,"TIMESTAMP":"2022-12-18T03:28:56.409Z","BATT":100,"INTERVAL":600},{"modelID":"b0-c0-e7-11-a7-e3","modelType":"Wi-SHT10","DATAS":["Temperature","Humidity"],"Temperature":24.48,"Humidity":69.5136,"TIMESTAMP":"2022-12-18T03:19:30.010Z","BATT":100,"INTERVAL":600},{"modelID":"b0-c0-e7-11-a7-e3","modelType":"Wi-SHT10","DATAS":["Temperature","Humidity"],"Temperature":24.54,"Humidity":69.6384,"TIMESTAMP":"2022-12-18T03:09:19.032Z","BATT":100,"INTERVAL":600},{"modelID":"b0-c0-e7-11-a7-e3","modelType":"Wi-SHT10","DATAS":["Temperature","Humidity"],"Temperature":24.55,"Humidity":69.8784,"TIMESTAMP":"2022-12-18T02:59:24.046Z","BATT":100,"INTERVAL":600},{"modelID":"b0-c0-e7-11-a7-e3","modelType":"Wi-SHT10","DATAS":["Temperature","Humidity"],"Temperature":24.64,"Humidity":70.04159999999999,"TIMESTAMP":"2022-12-18T02:49:19.053Z","BATT":100,"INTERVAL":600},{"modelID":"b0-c0-e7-11-a7-e3","modelType":"Wi-SHT10","DATAS":["Temperature","Humidity"],"Temperature":24.66,"Humidity":71.0496,"TIMESTAMP":"2022-12-18T02:39:15.069Z","BATT":100,"INTERVAL":600},{"modelID":"b0-c0-e7-11-a7-e3","modelType":"Wi-SHT10","DATAS":["Temperature","Humidity"],"Temperature":24.72,"Humidity":70.8096,"TIMESTAMP":"2022-12-18T02:19:10.093Z","BATT":100,"INTERVAL":600},{"modelID":"b0-c0-e7-11-a7-e3","modelType":"Wi-SHT10","DATAS":["Temperature","Humidity"],"Temperature":24.81,"Humidity":71.28,"TIMESTAMP":"2022-12-18T02:09:23.407Z","BATT":100,"INTERVAL":600},{"modelID":"b0-c0-e7-11-a7-e3","modelType":"Wi-SHT10","DATAS":["Temperature","Humidity"],"Temperature":24.83,"Humidity":72.05760000000001,"TIMESTAMP":"2022-12-18T01:59:23.116Z","BATT":100,"INTERVAL":600},{"modelID":"b0-c0-e7-11-a7-e3","modelType":"Wi-SHT10","DATAS":["Temperature","Humidity"],"Temperature":24.83,"Humidity":73.29599999999999,"TIMESTAMP":"2022-12-18T01:49:20.108Z","BATT":100,"INTERVAL":600},{"modelID":"b0-c0-e7-11-a7-e3","modelType":"Wi-SHT10","DATAS":["Temperature","Humidity"],"Temperature":24.71,"Humidity":73.2192,"TIMESTAMP":"2022-12-18T01:39:02.136Z","BATT":100,"INTERVAL":600},{"modelID":"b0-c0-e7-11-a7-e3","modelType":"Wi-SHT10","DATAS":["Temperature","Humidity"],"Temperature":24.61,"Humidity":72.52799999999999,"TIMESTAMP":"2022-12-18T01:28:56.617Z","BATT":100,"INTERVAL":600},{"modelID":"b0-c0-e7-11-a7-e3","modelType":"Wi-SHT10","DATAS":["Temperature","Humidity"],"Temperature":24.56,"Humidity":71.5584,"TIMESTAMP":"2022-12-18T01:19:09.129Z","BATT":100,"INTERVAL":600},{"modelID":"b0-c0-e7-11-a7-e3","modelType":"Wi-SHT10","DATAS":["Temperature","Humidity"],"Temperature":24.4,"Humidity":71.04,"TIMESTAMP":"2022-12-18T01:09:10.148Z","BATT":100,"INTERVAL":600},{"modelID":"b0-c0-e7-11-a7-e3","modelType":"Wi-SHT10","DATAS":["Temperature","Humidity"],"Temperature":24.34,"Humidity":69.88799999999999,"TIMESTAMP":"2022-12-18T00:59:17.177Z","BATT":100,"INTERVAL":600},{"modelID":"b0-c0-e7-11-a7-e3","modelType":"Wi-SHT10","DATAS":["Temperature","Humidity"],"Temperature":24.18,"Humidity":69.072,"TIMESTAMP":"2022-12-18T00:49:36.112Z","BATT":100,"INTERVAL":600},{"modelID":"b0-c0-e7-11-a7-e3","modelType":"Wi-SHT10","DATAS":["Temperature","Humidity"],"Temperature":24.07,"Humidity":68.0544,"TIMESTAMP":"2022-12-18T00:39:43.185Z","BATT":100,"INTERVAL":600},{"modelID":"b0-c0-e7-11-a7-e3","modelType":"Wi-SHT10","DATAS":["Temperature","Humidity"],"Temperature":23.98,"Humidity":66.52799999999999,"TIMESTAMP":"2022-12-18T00:19:12.193Z","BATT":100,"INTERVAL":600},{"modelID":"b0-c0-e7-11-a7-e3","modelType":"Wi-SHT10","DATAS":["Temperature","Humidity"],"Temperature":23.91,"Humidity":66.6048,"TIMESTAMP":"2022-12-18T00:09:04.209Z","BATT":100,"INTERVAL":600},{"modelID":"b0-c0-e7-11-a7-e3","modelType":"Wi-SHT10","DATAS":["Temperature","Humidity"],"Temperature":23.98,"Humidity":66.6912,"TIMESTAMP":"2022-12-17T23:59:12.222Z","BATT":100,"INTERVAL":600},{"modelID":"b0-c0-e7-11-a7-e3","modelType":"Wi-SHT10","DATAS":["Temperature","Humidity"],"Temperature":23.91,"Humidity":66.7968,"TIMESTAMP":"2022-12-17T23:49:45.221Z","BATT":100,"INTERVAL":600},{"modelID":"b0-c0-e7-11-a7-e3","modelType":"Wi-SHT10","DATAS":["Temperature","Humidity"],"Temperature":23.88,"Humidity":66.2784,"TIMESTAMP":"2022-12-17T23:39:41.254Z","BATT":100,"INTERVAL":600},{"modelID":"b0-c0-e7-11-a7-e3","modelType":"Wi-SHT10","DATAS":["Temperature","Humidity"],"Temperature":23.86,"Humidity":65.94239999999999,"TIMESTAMP":"2022-12-17T23:29:01.301Z","BATT":100,"INTERVAL":600},{"modelID":"b0-c0-e7-11-a7-e3","modelType":"Wi-SHT10","DATAS":["Temperature","Humidity"],"Temperature":23.8,"Humidity":65.45280000000001,"TIMESTAMP":"2022-12-17T23:18:20.263Z","BATT":100,"INTERVAL":600},{"modelID":"b0-c0-e7-11-a7-e3","modelType":"Wi-SHT10","DATAS":["Temperature","Humidity"],"Temperature":23.81,"Humidity":64.9824,"TIMESTAMP":"2022-12-17T23:08:10.441Z","BATT":100,"INTERVAL":600},{"modelID":"b0-c0-e7-11-a7-e3","modelType":"Wi-SHT10","DATAS":["Temperature","Humidity"],"Temperature":23.81,"Humidity":65.0016,"TIMESTAMP":"2022-12-17T22:58:11.287Z","BATT":100,"INTERVAL":600},{"modelID":"b0-c0-e7-11-a7-e3","modelType":"Wi-SHT10","DATAS":["Temperature","Humidity"],"Temperature":23.81,"Humidity":65.02080000000001,"TIMESTAMP":"2022-12-17T22:48:27.292Z","BATT":100,"INTERVAL":600},{"modelID":"b0-c0-e7-11-a7-e3","modelType":"Wi-SHT10","DATAS":["Temperature","Humidity"],"Temperature":23.8,"Humidity":65.0496,"TIMESTAMP":"2022-12-17T22:38:00.312Z","BATT":100,"INTERVAL":600},{"modelID":"b0-c0-e7-11-a7-e3","modelType":"Wi-SHT10","DATAS":["Temperature","Humidity"],"Temperature":23.8,"Humidity":65.02080000000001,"TIMESTAMP":"2022-12-17T22:27:59.731Z","BATT":100,"INTERVAL":600},{"modelID":"b0-c0-e7-11-a7-e3","modelType":"Wi-SHT10","DATAS":["Temperature","Humidity"],"Temperature":23.79,"Humidity":64.9152,"TIMESTAMP":"2022-12-17T22:18:10.318Z","BATT":100,"INTERVAL":600},{"modelID":"b0-c0-e7-11-a7-e3","modelType":"Wi-SHT10","DATAS":["Temperature","Humidity"],"Temperature":23.81,"Humidity":65.0496,"TIMESTAMP":"2022-12-17T22:08:10.346Z","BATT":100,"INTERVAL":600},{"modelID":"b0-c0-e7-11-a7-e3","modelType":"Wi-SHT10","DATAS":["Temperature","Humidity"],"Temperature":23.81,"Humidity":65.10719999999999,"TIMESTAMP":"2022-12-17T21:58:45.325Z","BATT":100,"INTERVAL":600},{"modelID":"b0-c0-e7-11-a7-e3","modelType":"Wi-SHT10","DATAS":["Temperature","Humidity"],"Temperature":23.82,"Humidity":65.1168,"TIMESTAMP":"2022-12-17T21:48:12.104Z","BATT":100,"INTERVAL":600},{"modelID":"b0-c0-e7-11-a7-e3","modelType":"Wi-SHT10","DATAS":["Temperature","Humidity"],"Temperature":23.83,"Humidity":65.2032,"TIMESTAMP":"2022-12-17T21:38:19.347Z","BATT":100,"INTERVAL":600},{"modelID":"b0-c0-e7-11-a7-e3","modelType":"Wi-SHT10","DATAS":["Temperature","Humidity"],"Temperature":23.83,"Humidity":65.3856,"TIMESTAMP":"2022-12-17T21:28:41.644Z","BATT":100,"INTERVAL":600},{"modelID":"b0-c0-e7-11-a7-e3","modelType":"Wi-SHT10","DATAS":["Temperature","Humidity"],"Temperature":23.86,"Humidity":65.35679999999999,"TIMESTAMP":"2022-12-17T21:18:07.392Z","BATT":100,"INTERVAL":600},{"modelID":"b0-c0-e7-11-a7-e3","modelType":"Wi-SHT10","DATAS":["Temperature","Humidity"],"Temperature":23.85,"Humidity":65.4816,"TIMESTAMP":"2022-12-17T21:08:11.384Z","BATT":100,"INTERVAL":600},{"modelID":"b0-c0-e7-11-a7-e3","modelType":"Wi-SHT10","DATAS":["Temperature","Humidity"],"Temperature":23.83,"Humidity":65.616,"TIMESTAMP":"2022-12-17T20:58:00.393Z","BATT":100,"INTERVAL":600},{"modelID":"b0-c0-e7-11-a7-e3","modelType":"Wi-SHT10","DATAS":["Temperature","Humidity"],"Temperature":23.84,"Humidity":65.7888,"TIMESTAMP":"2022-12-17T20:48:05.161Z","BATT":100,"INTERVAL":600},{"modelID":"b0-c0-e7-11-a7-e3","modelType":"Wi-SHT10","DATAS":["Temperature","Humidity"],"Temperature":23.84,"Humidity":65.94239999999999,"TIMESTAMP":"2022-12-17T20:38:38.415Z","BATT":100,"INTERVAL":600},{"modelID":"b0-c0-e7-11-a7-e3","modelType":"Wi-SHT10","DATAS":["Temperature","Humidity"],"Temperature":23.82,"Humidity":66.03840000000001,"TIMESTAMP":"2022-12-17T20:18:14.434Z","BATT":100,"INTERVAL":600},{"modelID":"b0-c0-e7-11-a7-e3","modelType":"Wi-SHT10","DATAS":["Temperature","Humidity"],"Temperature":23.9,"Humidity":66.07679999999999,"TIMESTAMP":"2022-12-17T20:07:57.428Z","BATT":100,"INTERVAL":600},{"modelID":"b0-c0-e7-11-a7-e3","modelType":"Wi-SHT10","DATAS":["Temperature","Humidity"],"Temperature":23.88,"Humidity":66.0288,"TIMESTAMP":"2022-12-17T19:58:41.456Z","BATT":100,"INTERVAL":600},{"modelID":"b0-c0-e7-11-a7-e3","modelType":"Wi-SHT10","DATAS":["Temperature","Humidity"],"Temperature":23.86,"Humidity":66.03840000000001,"TIMESTAMP":"2022-12-17T19:48:00.456Z","BATT":100,"INTERVAL":600},{"modelID":"b0-c0-e7-11-a7-e3","modelType":"Wi-SHT10","DATAS":["Temperature","Humidity"],"Temperature":23.84,"Humidity":65.9904,"TIMESTAMP":"2022-12-17T19:38:22.477Z","BATT":100,"INTERVAL":600},{"modelID":"b0-c0-e7-11-a7-e3","modelType":"Wi-SHT10","DATAS":["Temperature","Humidity"],"Temperature":23.87,"Humidity":66.0288,"TIMESTAMP":"2022-12-17T19:28:14.174Z","BATT":100,"INTERVAL":600},{"modelID":"b0-c0-e7-11-a7-e3","modelType":"Wi-SHT10","DATAS":["Temperature","Humidity"],"Temperature":23.88,"Humidity":65.92320000000001,"TIMESTAMP":"2022-12-17T19:18:07.763Z","BATT":100,"INTERVAL":600},{"modelID":"b0-c0-e7-11-a7-e3","modelType":"Wi-SHT10","DATAS":["Temperature","Humidity"],"Temperature":23.85,"Humidity":65.96159999999999,"TIMESTAMP":"2022-12-17T19:08:00.284Z","BATT":100,"INTERVAL":600},{"modelID":"b0-c0-e7-11-a7-e3","modelType":"Wi-SHT10","DATAS":["Temperature","Humidity"],"Temperature":23.89,"Humidity":65.94239999999999,"TIMESTAMP":"2022-12-17T18:58:00.504Z","BATT":100,"INTERVAL":600},{"modelID":"b0-c0-e7-11-a7-e3","modelType":"Wi-SHT10","DATAS":["Temperature","Humidity"],"Temperature":23.84,"Humidity":65.9136,"TIMESTAMP":"2022-12-17T18:48:00.536Z","BATT":100,"INTERVAL":600},{"modelID":"b0-c0-e7-11-a7-e3","modelType":"Wi-SHT10","DATAS":["Temperature","Humidity"],"Temperature":23.84,"Humidity":65.9712,"TIMESTAMP":"2022-12-17T18:38:13.545Z","BATT":100,"INTERVAL":600},{"modelID":"b0-c0-e7-11-a7-e3","modelType":"Wi-SHT10","DATAS":["Temperature","Humidity"],"Temperature":23.86,"Humidity":65.80799999999999,"TIMESTAMP":"2022-12-17T18:17:57.545Z","BATT":100,"INTERVAL":600},{"modelID":"b0-c0-e7-11-a7-e3","modelType":"Wi-SHT10","DATAS":["Temperature","Humidity"],"Temperature":23.88,"Humidity":65.80799999999999,"TIMESTAMP":"2022-12-17T18:08:41.569Z","BATT":100,"INTERVAL":600},{"modelID":"b0-c0-e7-11-a7-e3","modelType":"Wi-SHT10","DATAS":["Temperature","Humidity"],"Temperature":23.86,"Humidity":65.76960000000001,"TIMESTAMP":"2022-12-17T17:58:18.181Z","BATT":100,"INTERVAL":600},{"modelID":"b0-c0-e7-11-a7-e3","modelType":"Wi-SHT10","DATAS":["Temperature","Humidity"],"Temperature":23.86,"Humidity":65.8656,"TIMESTAMP":"2022-12-17T17:48:45.582Z","BATT":100,"INTERVAL":600},{"modelID":"b0-c0-e7-11-a7-e3","modelType":"Wi-SHT10","DATAS":["Temperature","Humidity"],"Temperature":23.88,"Humidity":65.8176,"TIMESTAMP":"2022-12-17T17:38:19.601Z","BATT":100,"INTERVAL":600},{"modelID":"b0-c0-e7-11-a7-e3","modelType":"Wi-SHT10","DATAS":["Temperature","Humidity"],"Temperature":23.91,"Humidity":65.8176,"TIMESTAMP":"2022-12-17T17:17:57.181Z","BATT":100,"INTERVAL":600},{"modelID":"b0-c0-e7-11-a7-e3","modelType":"Wi-SHT10","DATAS":["Temperature","Humidity"],"Temperature":23.9,"Humidity":65.7984,"TIMESTAMP":"2022-12-17T17:08:13.623Z","BATT":100,"INTERVAL":600},{"modelID":"b0-c0-e7-11-a7-e3","modelType":"Wi-SHT10","DATAS":["Temperature","Humidity"],"Temperature":23.88,"Humidity":65.74080000000001,"TIMESTAMP":"2022-12-17T16:58:23.122Z","BATT":100,"INTERVAL":600},{"modelID":"b0-c0-e7-11-a7-e3","modelType":"Wi-SHT10","DATAS":["Temperature","Humidity"],"Temperature":23.94,"Humidity":65.76960000000001,"TIMESTAMP":"2022-12-17T16:47:57.480Z","BATT":100,"INTERVAL":600},{"modelID":"b0-c0-e7-11-a7-e3","modelType":"Wi-SHT10","DATAS":["Temperature","Humidity"],"Temperature":23.93,"Humidity":65.7984,"TIMESTAMP":"2022-12-17T16:38:04.648Z","BATT":100,"INTERVAL":600},{"modelID":"b0-c0-e7-11-a7-e3","modelType":"Wi-SHT10","DATAS":["Temperature","Humidity"],"Temperature":23.92,"Humidity":65.9136,"TIMESTAMP":"2022-12-17T16:28:19.664Z","BATT":100,"INTERVAL":600},{"modelID":"b0-c0-e7-11-a7-e3","modelType":"Wi-SHT10","DATAS":["Temperature","Humidity"],"Temperature":23.91,"Humidity":65.92320000000001,"TIMESTAMP":"2022-12-17T16:17:59.658Z","BATT":100,"INTERVAL":600},{"modelID":"b0-c0-e7-11-a7-e3","modelType":"Wi-SHT10","DATAS":["Temperature","Humidity"],"Temperature":23.89,"Humidity":65.9328,"TIMESTAMP":"2022-12-17T16:08:04.680Z","BATT":100,"INTERVAL":600}],"DAYHOURS":["12","11","10","9","8","7","6","5","4","3","2","1","0"]}