{"SENSORNAME":"CHILLER A - CWS TEMP","SENSORTYPE":"WTRTEMP(485)","DTUID":"207","SENSORID":"18","DATE0":"2022-12-18T01:27:36.487Z","DATE1":"2022-02-13T09:59:10.577Z","DAYDATA":[{"DTUID":"207","SENSORID":18,"FUNCID":3,"NDATA":2,"SENSORTYPE":"WATER-TEMP","RCV_BYTES":["0000","0111"],"DATAS":[0,273],"DATAS1":[],"DATAS2":[],"TIMESTAMP":"2022-12-18T01:27:36.487Z"},{"DTUID":"207","SENSORID":18,"FUNCID":3,"NDATA":2,"SENSORTYPE":"WATER-TEMP","RCV_BYTES":["0000","0112"],"DATAS":[0,274],"DATAS1":[],"DATAS2":[],"TIMESTAMP":"2022-12-17T21:27:18.264Z"},{"DTUID":"207","SENSORID":18,"FUNCID":3,"NDATA":2,"SENSORTYPE":"WATER-TEMP","RCV_BYTES":["0000","0115"],"DATAS":[0,277],"DATAS1":[],"DATAS2":[],"TIMESTAMP":"2022-12-17T20:47:16.372Z"},{"DTUID":"207","SENSORID":18,"FUNCID":3,"NDATA":2,"SENSORTYPE":"WATER-TEMP","RCV_BYTES":["0000","011B"],"DATAS":[0,283],"DATAS1":[],"DATAS2":[],"TIMESTAMP":"2022-12-17T17:27:02.535Z"}],"DAYHOURS":["9","5","4","1"]}