{"SENSORNAME":"SSB5-1","SENSORTYPE":"PWRMTR(485)","DTUID":"7","SENSORID":1,"PWRMTR0":"184747","PWRMTR1":"3384","DAYDATA":[{"DTUID":"7","SENSORID":1,"FUNCID":3,"NDATA":2,"SENSORTYPE":"PWR-METER-POWER","RCV_BYTES":["0119","E6E0"],"DATAS":[281,-6432],"DATAS1":[],"DATAS2":[],"TIMESTAMP":"2022-12-18T02:29:23.106Z"},{"DTUID":"7","SENSORID":1,"FUNCID":3,"NDATA":2,"SENSORTYPE":"PWR-METER-POWER","RCV_BYTES":["0119","D7E0"],"DATAS":[281,-10272],"DATAS1":[],"DATAS2":[],"TIMESTAMP":"2022-12-18T01:29:18.288Z"},{"DTUID":"7","SENSORID":1,"FUNCID":3,"NDATA":2,"SENSORTYPE":"PWR-METER-POWER","RCV_BYTES":["0119","A360"],"DATAS":[281,-23712],"DATAS1":[],"DATAS2":[],"TIMESTAMP":"2022-12-17T21:48:59.662Z"},{"DTUID":"7","SENSORID":1,"FUNCID":3,"NDATA":2,"SENSORTYPE":"PWR-METER-POWER","RCV_BYTES":["0119","9EB0"],"DATAS":[281,-24912],"DATAS1":[],"DATAS2":[],"TIMESTAMP":"2022-12-17T21:29:00.184Z"},{"DTUID":"7","SENSORID":1,"FUNCID":3,"NDATA":2,"SENSORTYPE":"PWR-METER-POWER","RCV_BYTES":["0119","8FB0"],"DATAS":[281,-28752],"DATAS1":[],"DATAS2":[],"TIMESTAMP":"2022-12-17T20:28:57.313Z"},{"DTUID":"7","SENSORID":1,"FUNCID":3,"NDATA":2,"SENSORTYPE":"PWR-METER-POWER","RCV_BYTES":["0119","80B0"],"DATAS":[281,-32592],"DATAS1":[],"DATAS2":[],"TIMESTAMP":"2022-12-17T19:28:53.293Z"}],"DAYHOURS":["10","9","5","4","3"],"MNTH-2022_12":"184747","WK51":"184747","WK50":"180322","WK49":"174235","MNTH-2022_11":"169807","WK48":"169082","WK47":"164753","WK46":"159293","WK45":"153468","WK44":"147842","MNTH-2022_10":"146902","WK43":"141881","WK42":"136154","WK41":"130589","WK40":"125143","MNTH-2022_9":"122527","WK39":"119813","WK38":"114055","WK37":"105720","WK36":"103793","MNTH-2022_8":"99427","WK35":"98638","WK34":"93317","WK33":"87950","WK32":"81919","WK31":"76039","MNTH-2022_7":"74357","WK30":"70133","WK29":"64162","WK28":"58334","WK27":"52198","MNTH-2022_6":"47866","WK26":"45878","WK25":"39492","WK24":"34356","WK23":"28476","MNTH-2022_5":"22630","WK22":"22630","WK21":"16649","WK20":"10867","WK19":"4903"}