{"SENSORNAME":"COOLING TOWER A - CWS TEMP","SENSORTYPE":"WTRTEMP(485)","DTUID":"201","SENSORID":"36","DATE0":"2022-12-18T03:28:11.969Z","DATE1":"2022-02-13T09:05:57.552Z","DAYDATA":[{"DTUID":"201","SENSORID":36,"FUNCID":3,"NDATA":2,"SENSORTYPE":"WATER-TEMP","RCV_BYTES":["0000","0128"],"DATAS":[0,296],"DATAS1":[],"DATAS2":[],"TIMESTAMP":"2022-12-18T03:28:11.969Z"},{"DTUID":"201","SENSORID":36,"FUNCID":3,"NDATA":2,"SENSORTYPE":"WATER-TEMP","RCV_BYTES":["0000","010B"],"DATAS":[0,267],"DATAS1":[],"DATAS2":[],"TIMESTAMP":"2022-12-18T01:28:01.508Z"},{"DTUID":"201","SENSORID":36,"FUNCID":3,"NDATA":2,"SENSORTYPE":"WATER-TEMP","RCV_BYTES":["0000","0118"],"DATAS":[0,280],"DATAS1":[],"DATAS2":[],"TIMESTAMP":"2022-12-17T23:27:57.122Z"},{"DTUID":"201","SENSORID":36,"FUNCID":3,"NDATA":2,"SENSORTYPE":"WATER-TEMP","RCV_BYTES":["0000","011C"],"DATAS":[0,284],"DATAS1":[],"DATAS2":[],"TIMESTAMP":"2022-12-17T21:27:43.164Z"},{"DTUID":"201","SENSORID":36,"FUNCID":3,"NDATA":2,"SENSORTYPE":"WATER-TEMP","RCV_BYTES":["0000","0116"],"DATAS":[0,278],"DATAS1":[],"DATAS2":[],"TIMESTAMP":"2022-12-17T20:47:41.552Z"},{"DTUID":"201","SENSORID":36,"FUNCID":3,"NDATA":2,"SENSORTYPE":"WATER-TEMP","RCV_BYTES":["0000","0120"],"DATAS":[0,288],"DATAS1":[],"DATAS2":[],"TIMESTAMP":"2022-12-17T20:27:40.373Z"}],"DAYHOURS":["11","9","7","5","4"]}