{"SENSORNAME":"DLA MOUNTING ROOM 2","SENSORTYPE":"WISENSOR","DTUID":"-1","SENSORID":"B0-E8-21-1B-BD-0A","DATE0":"2022-12-18T03:57:21.990Z","DATE1":"2021-12-20T22:11:58.850Z","DAYDATA":[{"modelID":"b0-e8-21-1b-bd-0a","modelType":"Wi-SHT10","DATAS":["Temperature","Humidity"],"Temperature":23.78,"Humidity":48.48,"TIMESTAMP":"2022-12-18T03:57:21.990Z","BATT":100,"INTERVAL":600},{"modelID":"b0-e8-21-1b-bd-0a","modelType":"Wi-SHT10","DATAS":["Temperature","Humidity"],"Temperature":23.76,"Humidity":48.556799999999996,"TIMESTAMP":"2022-12-18T03:47:09.852Z","BATT":100,"INTERVAL":600},{"modelID":"b0-e8-21-1b-bd-0a","modelType":"Wi-SHT10","DATAS":["Temperature","Humidity"],"Temperature":23.8,"Humidity":48.623999999999995,"TIMESTAMP":"2022-12-18T03:37:05.250Z","BATT":100,"INTERVAL":600},{"modelID":"b0-e8-21-1b-bd-0a","modelType":"Wi-SHT10","DATAS":["Temperature","Humidity"],"Temperature":23.83,"Humidity":48.7296,"TIMESTAMP":"2022-12-18T03:26:55.770Z","BATT":100,"INTERVAL":600},{"modelID":"b0-e8-21-1b-bd-0a","modelType":"Wi-SHT10","DATAS":["Temperature","Humidity"],"Temperature":23.83,"Humidity":49.0176,"TIMESTAMP":"2022-12-18T03:17:18.211Z","BATT":100,"INTERVAL":600},{"modelID":"b0-e8-21-1b-bd-0a","modelType":"Wi-SHT10","DATAS":["Temperature","Humidity"],"Temperature":23.94,"Humidity":50.006400000000006,"TIMESTAMP":"2022-12-18T02:56:59.907Z","BATT":100,"INTERVAL":600},{"modelID":"b0-e8-21-1b-bd-0a","modelType":"Wi-SHT10","DATAS":["Temperature","Humidity"],"Temperature":23.33,"Humidity":50.8128,"TIMESTAMP":"2022-12-18T02:47:12.932Z","BATT":100,"INTERVAL":600},{"modelID":"b0-e8-21-1b-bd-0a","modelType":"Wi-SHT10","DATAS":["Temperature","Humidity"],"Temperature":24.09,"Humidity":51.744,"TIMESTAMP":"2022-12-18T02:37:01.120Z","BATT":100,"INTERVAL":600},{"modelID":"b0-e8-21-1b-bd-0a","modelType":"Wi-SHT10","DATAS":["Temperature","Humidity"],"Temperature":24.1,"Humidity":55.9104,"TIMESTAMP":"2022-12-18T02:17:17.047Z","BATT":100,"INTERVAL":600},{"modelID":"b0-e8-21-1b-bd-0a","modelType":"Wi-SHT10","DATAS":["Temperature","Humidity"],"Temperature":23.87,"Humidity":58.5792,"TIMESTAMP":"2022-12-18T01:57:17.336Z","BATT":100,"INTERVAL":600},{"modelID":"b0-e8-21-1b-bd-0a","modelType":"Wi-SHT10","DATAS":["Temperature","Humidity"],"Temperature":23.63,"Humidity":66,"TIMESTAMP":"2022-12-18T01:47:22.993Z","BATT":100,"INTERVAL":600},{"modelID":"b0-e8-21-1b-bd-0a","modelType":"Wi-SHT10","DATAS":["Temperature","Humidity"],"Temperature":23.39,"Humidity":63.0624,"TIMESTAMP":"2022-12-18T01:37:07.303Z","BATT":100,"INTERVAL":600},{"modelID":"b0-e8-21-1b-bd-0a","modelType":"Wi-SHT10","DATAS":["Temperature","Humidity"],"Temperature":22.95,"Humidity":53.3376,"TIMESTAMP":"2022-12-18T01:17:02.727Z","BATT":100,"INTERVAL":600},{"modelID":"b0-e8-21-1b-bd-0a","modelType":"Wi-SHT10","DATAS":["Temperature","Humidity"],"Temperature":22.68,"Humidity":51.993599999999994,"TIMESTAMP":"2022-12-18T00:57:00.966Z","BATT":100,"INTERVAL":600},{"modelID":"b0-e8-21-1b-bd-0a","modelType":"Wi-SHT10","DATAS":["Temperature","Humidity"],"Temperature":22.45,"Humidity":49.44,"TIMESTAMP":"2022-12-18T00:37:07.120Z","BATT":100,"INTERVAL":600},{"modelID":"b0-e8-21-1b-bd-0a","modelType":"Wi-SHT10","DATAS":["Temperature","Humidity"],"Temperature":22.4,"Humidity":45.177600000000005,"TIMESTAMP":"2022-12-18T00:16:56.634Z","BATT":100,"INTERVAL":600},{"modelID":"b0-e8-21-1b-bd-0a","modelType":"Wi-SHT10","DATAS":["Temperature","Humidity"],"Temperature":22.36,"Humidity":43.660799999999995,"TIMESTAMP":"2022-12-17T23:57:08.641Z","BATT":100,"INTERVAL":600},{"modelID":"b0-e8-21-1b-bd-0a","modelType":"Wi-SHT10","DATAS":["Temperature","Humidity"],"Temperature":22.36,"Humidity":43.248,"TIMESTAMP":"2022-12-17T23:47:13.403Z","BATT":100,"INTERVAL":600},{"modelID":"b0-e8-21-1b-bd-0a","modelType":"Wi-SHT10","DATAS":["Temperature","Humidity"],"Temperature":22.36,"Humidity":43.065599999999996,"TIMESTAMP":"2022-12-17T23:37:08.921Z","BATT":100,"INTERVAL":600},{"modelID":"b0-e8-21-1b-bd-0a","modelType":"Wi-SHT10","DATAS":["Temperature","Humidity"],"Temperature":22.37,"Humidity":42.940799999999996,"TIMESTAMP":"2022-12-17T23:16:56.389Z","BATT":100,"INTERVAL":600},{"modelID":"b0-e8-21-1b-bd-0a","modelType":"Wi-SHT10","DATAS":["Temperature","Humidity"],"Temperature":22.4,"Humidity":42.9312,"TIMESTAMP":"2022-12-17T22:57:03.111Z","BATT":100,"INTERVAL":600},{"modelID":"b0-e8-21-1b-bd-0a","modelType":"Wi-SHT10","DATAS":["Temperature","Humidity"],"Temperature":22.36,"Humidity":42.912000000000006,"TIMESTAMP":"2022-12-17T22:47:17.999Z","BATT":100,"INTERVAL":600},{"modelID":"b0-e8-21-1b-bd-0a","modelType":"Wi-SHT10","DATAS":["Temperature","Humidity"],"Temperature":22.38,"Humidity":42.8832,"TIMESTAMP":"2022-12-17T22:37:06.252Z","BATT":100,"INTERVAL":600},{"modelID":"b0-e8-21-1b-bd-0a","modelType":"Wi-SHT10","DATAS":["Temperature","Humidity"],"Temperature":22.39,"Humidity":42.864,"TIMESTAMP":"2022-12-17T22:16:59.318Z","BATT":100,"INTERVAL":600},{"modelID":"b0-e8-21-1b-bd-0a","modelType":"Wi-SHT10","DATAS":["Temperature","Humidity"],"Temperature":22.41,"Humidity":42.9216,"TIMESTAMP":"2022-12-17T21:57:23.764Z","BATT":100,"INTERVAL":600},{"modelID":"b0-e8-21-1b-bd-0a","modelType":"Wi-SHT10","DATAS":["Temperature","Humidity"],"Temperature":22.45,"Humidity":43.0944,"TIMESTAMP":"2022-12-17T21:36:58.644Z","BATT":100,"INTERVAL":600},{"modelID":"b0-e8-21-1b-bd-0a","modelType":"Wi-SHT10","DATAS":["Temperature","Humidity"],"Temperature":22.41,"Humidity":43.0848,"TIMESTAMP":"2022-12-17T21:27:14.243Z","BATT":100,"INTERVAL":600},{"modelID":"b0-e8-21-1b-bd-0a","modelType":"Wi-SHT10","DATAS":["Temperature","Humidity"],"Temperature":22.44,"Humidity":43.123200000000004,"TIMESTAMP":"2022-12-17T21:17:15.564Z","BATT":100,"INTERVAL":600},{"modelID":"b0-e8-21-1b-bd-0a","modelType":"Wi-SHT10","DATAS":["Temperature","Humidity"],"Temperature":22.45,"Humidity":43.1616,"TIMESTAMP":"2022-12-17T21:07:13.406Z","BATT":100,"INTERVAL":600},{"modelID":"b0-e8-21-1b-bd-0a","modelType":"Wi-SHT10","DATAS":["Temperature","Humidity"],"Temperature":22.43,"Humidity":43.2192,"TIMESTAMP":"2022-12-17T20:57:05.074Z","BATT":100,"INTERVAL":600},{"modelID":"b0-e8-21-1b-bd-0a","modelType":"Wi-SHT10","DATAS":["Temperature","Humidity"],"Temperature":22.48,"Humidity":43.392,"TIMESTAMP":"2022-12-17T20:36:59.234Z","BATT":100,"INTERVAL":600},{"modelID":"b0-e8-21-1b-bd-0a","modelType":"Wi-SHT10","DATAS":["Temperature","Humidity"],"Temperature":22.5,"Humidity":43.4592,"TIMESTAMP":"2022-12-17T20:27:10.914Z","BATT":100,"INTERVAL":600},{"modelID":"b0-e8-21-1b-bd-0a","modelType":"Wi-SHT10","DATAS":["Temperature","Humidity"],"Temperature":22.49,"Humidity":43.497600000000006,"TIMESTAMP":"2022-12-17T20:16:57.194Z","BATT":100,"INTERVAL":600},{"modelID":"b0-e8-21-1b-bd-0a","modelType":"Wi-SHT10","DATAS":["Temperature","Humidity"],"Temperature":22.49,"Humidity":43.4688,"TIMESTAMP":"2022-12-17T20:07:07.463Z","BATT":100,"INTERVAL":600},{"modelID":"b0-e8-21-1b-bd-0a","modelType":"Wi-SHT10","DATAS":["Temperature","Humidity"],"Temperature":22.48,"Humidity":43.4784,"TIMESTAMP":"2022-12-17T19:56:58.413Z","BATT":100,"INTERVAL":600},{"modelID":"b0-e8-21-1b-bd-0a","modelType":"Wi-SHT10","DATAS":["Temperature","Humidity"],"Temperature":22.49,"Humidity":43.488,"TIMESTAMP":"2022-12-17T19:47:21.830Z","BATT":100,"INTERVAL":600},{"modelID":"b0-e8-21-1b-bd-0a","modelType":"Wi-SHT10","DATAS":["Temperature","Humidity"],"Temperature":22.48,"Humidity":43.4016,"TIMESTAMP":"2022-12-17T19:37:23.716Z","BATT":100,"INTERVAL":600},{"modelID":"b0-e8-21-1b-bd-0a","modelType":"Wi-SHT10","DATAS":["Temperature","Humidity"],"Temperature":22.5,"Humidity":43.392,"TIMESTAMP":"2022-12-17T19:27:06.804Z","BATT":100,"INTERVAL":600},{"modelID":"b0-e8-21-1b-bd-0a","modelType":"Wi-SHT10","DATAS":["Temperature","Humidity"],"Temperature":22.52,"Humidity":43.4208,"TIMESTAMP":"2022-12-17T19:17:22.436Z","BATT":100,"INTERVAL":600},{"modelID":"b0-e8-21-1b-bd-0a","modelType":"Wi-SHT10","DATAS":["Temperature","Humidity"],"Temperature":22.52,"Humidity":43.3824,"TIMESTAMP":"2022-12-17T18:57:23.492Z","BATT":100,"INTERVAL":600},{"modelID":"b0-e8-21-1b-bd-0a","modelType":"Wi-SHT10","DATAS":["Temperature","Humidity"],"Temperature":22.53,"Humidity":43.3344,"TIMESTAMP":"2022-12-17T18:47:00.910Z","BATT":100,"INTERVAL":600},{"modelID":"b0-e8-21-1b-bd-0a","modelType":"Wi-SHT10","DATAS":["Temperature","Humidity"],"Temperature":22.55,"Humidity":43.296,"TIMESTAMP":"2022-12-17T18:36:58.065Z","BATT":100,"INTERVAL":600},{"modelID":"b0-e8-21-1b-bd-0a","modelType":"Wi-SHT10","DATAS":["Temperature","Humidity"],"Temperature":22.57,"Humidity":43.2864,"TIMESTAMP":"2022-12-17T18:27:06.427Z","BATT":100,"INTERVAL":600},{"modelID":"b0-e8-21-1b-bd-0a","modelType":"Wi-SHT10","DATAS":["Temperature","Humidity"],"Temperature":22.56,"Humidity":43.2672,"TIMESTAMP":"2022-12-17T18:16:54.949Z","BATT":100,"INTERVAL":600},{"modelID":"b0-e8-21-1b-bd-0a","modelType":"Wi-SHT10","DATAS":["Temperature","Humidity"],"Temperature":22.6,"Humidity":43.2288,"TIMESTAMP":"2022-12-17T18:06:56.113Z","BATT":100,"INTERVAL":600},{"modelID":"b0-e8-21-1b-bd-0a","modelType":"Wi-SHT10","DATAS":["Temperature","Humidity"],"Temperature":22.6,"Humidity":43.2192,"TIMESTAMP":"2022-12-17T17:57:08.962Z","BATT":100,"INTERVAL":600},{"modelID":"b0-e8-21-1b-bd-0a","modelType":"Wi-SHT10","DATAS":["Temperature","Humidity"],"Temperature":22.62,"Humidity":43.1616,"TIMESTAMP":"2022-12-17T17:47:22.722Z","BATT":100,"INTERVAL":600},{"modelID":"b0-e8-21-1b-bd-0a","modelType":"Wi-SHT10","DATAS":["Temperature","Humidity"],"Temperature":22.6,"Humidity":43.1328,"TIMESTAMP":"2022-12-17T17:37:10.728Z","BATT":100,"INTERVAL":600},{"modelID":"b0-e8-21-1b-bd-0a","modelType":"Wi-SHT10","DATAS":["Temperature","Humidity"],"Temperature":22.62,"Humidity":43.104,"TIMESTAMP":"2022-12-17T17:27:13.041Z","BATT":100,"INTERVAL":600},{"modelID":"b0-e8-21-1b-bd-0a","modelType":"Wi-SHT10","DATAS":["Temperature","Humidity"],"Temperature":22.65,"Humidity":43.0272,"TIMESTAMP":"2022-12-17T17:16:53.021Z","BATT":100,"INTERVAL":600},{"modelID":"b0-e8-21-1b-bd-0a","modelType":"Wi-SHT10","DATAS":["Temperature","Humidity"],"Temperature":22.61,"Humidity":42.979200000000006,"TIMESTAMP":"2022-12-17T17:06:56.242Z","BATT":100,"INTERVAL":600},{"modelID":"b0-e8-21-1b-bd-0a","modelType":"Wi-SHT10","DATAS":["Temperature","Humidity"],"Temperature":22.64,"Humidity":42.9312,"TIMESTAMP":"2022-12-17T16:56:54.025Z","BATT":100,"INTERVAL":600},{"modelID":"b0-e8-21-1b-bd-0a","modelType":"Wi-SHT10","DATAS":["Temperature","Humidity"],"Temperature":22.67,"Humidity":42.9696,"TIMESTAMP":"2022-12-17T16:47:06.667Z","BATT":100,"INTERVAL":600},{"modelID":"b0-e8-21-1b-bd-0a","modelType":"Wi-SHT10","DATAS":["Temperature","Humidity"],"Temperature":22.68,"Humidity":42.979200000000006,"TIMESTAMP":"2022-12-17T16:37:18.680Z","BATT":100,"INTERVAL":600},{"modelID":"b0-e8-21-1b-bd-0a","modelType":"Wi-SHT10","DATAS":["Temperature","Humidity"],"Temperature":22.69,"Humidity":42.9888,"TIMESTAMP":"2022-12-17T16:27:10.706Z","BATT":100,"INTERVAL":600},{"modelID":"b0-e8-21-1b-bd-0a","modelType":"Wi-SHT10","DATAS":["Temperature","Humidity"],"Temperature":22.71,"Humidity":43.0176,"TIMESTAMP":"2022-12-17T16:17:22.781Z","BATT":100,"INTERVAL":600},{"modelID":"b0-e8-21-1b-bd-0a","modelType":"Wi-SHT10","DATAS":["Temperature","Humidity"],"Temperature":22.72,"Humidity":43.0272,"TIMESTAMP":"2022-12-17T16:06:58.089Z","BATT":100,"INTERVAL":600}],"DAYHOURS":["11","10","9","8","7","6","5","4","3","2","1","0"]}