{"SENSORNAME":"SSB3-2","SENSORTYPE":"PWRMTR(485)","DTUID":"6","SENSORID":2,"PWRMTR0":"173719","PWRMTR1":"2378","DAYDATA":[{"DTUID":"6","SENSORID":2,"FUNCID":3,"NDATA":2,"SENSORTYPE":"PWR-METER-POWER","RCV_BYTES":["0109","1310"],"DATAS":[265,4880],"DATAS1":[],"DATAS2":[],"TIMESTAMP":"2022-12-18T03:29:43.829Z"},{"DTUID":"6","SENSORID":2,"FUNCID":3,"NDATA":2,"SENSORTYPE":"PWR-METER-POWER","RCV_BYTES":["0109","05F0"],"DATAS":[265,1520],"DATAS1":[],"DATAS2":[],"TIMESTAMP":"2022-12-18T00:49:02.703Z"},{"DTUID":"6","SENSORID":2,"FUNCID":3,"NDATA":2,"SENSORTYPE":"PWR-METER-POWER","RCV_BYTES":["0108","EAC0"],"DATAS":[264,-5440],"DATAS1":[],"DATAS2":[],"TIMESTAMP":"2022-12-17T19:29:06.133Z"}],"DAYHOURS":["11","8","3"],"MNTH-2022_12":"173719","WK51":"173719","WK50":"169898","WK49":"165014","MNTH-2022_11":"160094","WK48":"159199","WK47":"154819","WK46":"150319","WK45":"145126","WK44":"140227","MNTH-2022_10":"139387","WK43":"134705","WK42":"129569","WK41":"124385","WK40":"119054","MNTH-2022_9":"116299","WK39":"113429","WK38":"107196","WK37":"101486","WK36":"96881","MNTH-2022_8":"92566","WK35":"91932","WK34":"86270","WK33":"80743","WK32":"75302","WK31":"69271","MNTH-2022_7":"67550","WK30":"63466","WK29":"57600","WK28":"52267","WK27":"46577","MNTH-2022_6":"42595","WK26":"40862","WK25":"35434","WK24":"29947","WK23":"24466","MNTH-2022_5":"19474","WK22":"19474","WK21":"14045","WK20":"8582","WK19":"3437"}