{"SENSORNAME":"AIR COMPRESSOR C2","SENSORTYPE":"WTRPRS(485)","DTUID":"215","SENSORID":"41","DATE0":"2022-12-18T01:28:05.355Z","DATE1":"2022-02-13T09:06:05.612Z","DAYDATA":[{"DTUID":"215","SENSORID":41,"FUNCID":3,"NDATA":2,"SENSORTYPE":"AIR-PRES","RCV_BYTES":["3F77","CED9"],"DATAS":[16247,-12583],"DATAS1":[],"DATAS2":[],"TIMESTAMP":"2022-12-18T01:28:05.355Z"},{"DTUID":"215","SENSORID":41,"FUNCID":3,"NDATA":2,"SENSORTYPE":"AIR-PRES","RCV_BYTES":["3F77","CED9"],"DATAS":[16247,-12583],"DATAS1":[],"DATAS2":[],"TIMESTAMP":"2022-12-18T00:28:03.327Z"},{"DTUID":"215","SENSORID":41,"FUNCID":3,"NDATA":2,"SENSORTYPE":"AIR-PRES","RCV_BYTES":["3F77","CED9"],"DATAS":[16247,-12583],"DATAS1":[],"DATAS2":[],"TIMESTAMP":"2022-12-17T23:28:00.882Z"},{"DTUID":"215","SENSORID":41,"FUNCID":3,"NDATA":2,"SENSORTYPE":"AIR-PRES","RCV_BYTES":["3F77","CED9"],"DATAS":[16247,-12583],"DATAS1":[],"DATAS2":[],"TIMESTAMP":"2022-12-17T20:47:45.552Z"},{"DTUID":"215","SENSORID":41,"FUNCID":3,"NDATA":2,"SENSORTYPE":"AIR-PRES","RCV_BYTES":["3F77","CED9"],"DATAS":[16247,-12583],"DATAS1":[],"DATAS2":[],"TIMESTAMP":"2022-12-17T20:27:44.393Z"}],"DAYHOURS":["9","8","7","4"]}