{"SENSORNAME":"CHEMICAL STORE","SENSORTYPE":"WISENSOR","DTUID":"-1","SENSORID":"B0-84-88-E0-CE-E7","DATE0":"2022-12-18T04:06:55.351Z","DATE1":"2021-04-19T16:37:07.921Z","DAYDATA":[{"modelID":"b0-84-88-e0-ce-e7","modelType":"Wi-SHT10","DATAS":["Temperature","Humidity"],"Temperature":23.68,"Humidity":52.358399999999996,"TIMESTAMP":"2022-12-18T04:06:55.351Z","BATT":100,"INTERVAL":600},{"modelID":"b0-84-88-e0-ce-e7","modelType":"Wi-SHT10","DATAS":["Temperature","Humidity"],"Temperature":23.66,"Humidity":50.2752,"TIMESTAMP":"2022-12-18T03:56:57.352Z","BATT":100,"INTERVAL":600},{"modelID":"b0-84-88-e0-ce-e7","modelType":"Wi-SHT10","DATAS":["Temperature","Humidity"],"Temperature":23.62,"Humidity":50.2272,"TIMESTAMP":"2022-12-18T03:47:04.125Z","BATT":100,"INTERVAL":600},{"modelID":"b0-84-88-e0-ce-e7","modelType":"Wi-SHT10","DATAS":["Temperature","Humidity"],"Temperature":23.65,"Humidity":50.1888,"TIMESTAMP":"2022-12-18T03:37:33.410Z","BATT":100,"INTERVAL":600},{"modelID":"b0-84-88-e0-ce-e7","modelType":"Wi-SHT10","DATAS":["Temperature","Humidity"],"Temperature":23.69,"Humidity":50.4672,"TIMESTAMP":"2022-12-18T03:17:33.450Z","BATT":100,"INTERVAL":600},{"modelID":"b0-84-88-e0-ce-e7","modelType":"Wi-SHT10","DATAS":["Temperature","Humidity"],"Temperature":23.65,"Humidity":50.592000000000006,"TIMESTAMP":"2022-12-18T03:06:49.448Z","BATT":100,"INTERVAL":600},{"modelID":"b0-84-88-e0-ce-e7","modelType":"Wi-SHT10","DATAS":["Temperature","Humidity"],"Temperature":23.71,"Humidity":51.0048,"TIMESTAMP":"2022-12-18T02:57:17.473Z","BATT":100,"INTERVAL":600},{"modelID":"b0-84-88-e0-ce-e7","modelType":"Wi-SHT10","DATAS":["Temperature","Humidity"],"Temperature":23.69,"Humidity":50.870400000000004,"TIMESTAMP":"2022-12-18T02:47:32.586Z","BATT":100,"INTERVAL":600},{"modelID":"b0-84-88-e0-ce-e7","modelType":"Wi-SHT10","DATAS":["Temperature","Humidity"],"Temperature":23.75,"Humidity":51.5328,"TIMESTAMP":"2022-12-18T02:37:14.536Z","BATT":100,"INTERVAL":600},{"modelID":"b0-84-88-e0-ce-e7","modelType":"Wi-SHT10","DATAS":["Temperature","Humidity"],"Temperature":23.76,"Humidity":52.300799999999995,"TIMESTAMP":"2022-12-18T02:26:46.527Z","BATT":100,"INTERVAL":600},{"modelID":"b0-84-88-e0-ce-e7","modelType":"Wi-SHT10","DATAS":["Temperature","Humidity"],"Temperature":23.9,"Humidity":53.6352,"TIMESTAMP":"2022-12-18T02:16:53.555Z","BATT":100,"INTERVAL":600},{"modelID":"b0-84-88-e0-ce-e7","modelType":"Wi-SHT10","DATAS":["Temperature","Humidity"],"Temperature":24.31,"Humidity":61.8144,"TIMESTAMP":"2022-12-18T01:57:02.590Z","BATT":100,"INTERVAL":600},{"modelID":"b0-84-88-e0-ce-e7","modelType":"Wi-SHT10","DATAS":["Temperature","Humidity"],"Temperature":24.8,"Humidity":64.16640000000001,"TIMESTAMP":"2022-12-18T01:47:03.321Z","BATT":100,"INTERVAL":600},{"modelID":"b0-84-88-e0-ce-e7","modelType":"Wi-SHT10","DATAS":["Temperature","Humidity"],"Temperature":24.58,"Humidity":64.32,"TIMESTAMP":"2022-12-18T01:37:16.610Z","BATT":100,"INTERVAL":600},{"modelID":"b0-84-88-e0-ce-e7","modelType":"Wi-SHT10","DATAS":["Temperature","Humidity"],"Temperature":23.87,"Humidity":63.4368,"TIMESTAMP":"2022-12-18T01:16:47.668Z","BATT":100,"INTERVAL":600},{"modelID":"b0-84-88-e0-ce-e7","modelType":"Wi-SHT10","DATAS":["Temperature","Humidity"],"Temperature":23.31,"Humidity":58.924800000000005,"TIMESTAMP":"2022-12-18T00:57:28.714Z","BATT":100,"INTERVAL":600},{"modelID":"b0-84-88-e0-ce-e7","modelType":"Wi-SHT10","DATAS":["Temperature","Humidity"],"Temperature":23.26,"Humidity":54.633599999999994,"TIMESTAMP":"2022-12-18T00:46:48.021Z","BATT":100,"INTERVAL":600},{"modelID":"b0-84-88-e0-ce-e7","modelType":"Wi-SHT10","DATAS":["Temperature","Humidity"],"Temperature":23.08,"Humidity":52.0608,"TIMESTAMP":"2022-12-18T00:36:47.740Z","BATT":100,"INTERVAL":600},{"modelID":"b0-84-88-e0-ce-e7","modelType":"Wi-SHT10","DATAS":["Temperature","Humidity"],"Temperature":22.87,"Humidity":45.993599999999994,"TIMESTAMP":"2022-12-18T00:17:11.773Z","BATT":100,"INTERVAL":600},{"modelID":"b0-84-88-e0-ce-e7","modelType":"Wi-SHT10","DATAS":["Temperature","Humidity"],"Temperature":22.87,"Humidity":44.304,"TIMESTAMP":"2022-12-17T23:56:45.811Z","BATT":100,"INTERVAL":600},{"modelID":"b0-84-88-e0-ce-e7","modelType":"Wi-SHT10","DATAS":["Temperature","Humidity"],"Temperature":22.87,"Humidity":43.7856,"TIMESTAMP":"2022-12-17T23:47:23.648Z","BATT":100,"INTERVAL":600},{"modelID":"b0-84-88-e0-ce-e7","modelType":"Wi-SHT10","DATAS":["Temperature","Humidity"],"Temperature":22.93,"Humidity":44.1888,"TIMESTAMP":"2022-12-17T23:37:07.841Z","BATT":100,"INTERVAL":600},{"modelID":"b0-84-88-e0-ce-e7","modelType":"Wi-SHT10","DATAS":["Temperature","Humidity"],"Temperature":22.92,"Humidity":43.5072,"TIMESTAMP":"2022-12-17T23:17:07.902Z","BATT":100,"INTERVAL":600},{"modelID":"b0-84-88-e0-ce-e7","modelType":"Wi-SHT10","DATAS":["Temperature","Humidity"],"Temperature":22.95,"Humidity":43.296,"TIMESTAMP":"2022-12-17T22:56:45.939Z","BATT":100,"INTERVAL":600},{"modelID":"b0-84-88-e0-ce-e7","modelType":"Wi-SHT10","DATAS":["Temperature","Humidity"],"Temperature":22.92,"Humidity":43.4112,"TIMESTAMP":"2022-12-17T22:46:53.306Z","BATT":100,"INTERVAL":600},{"modelID":"b0-84-88-e0-ce-e7","modelType":"Wi-SHT10","DATAS":["Temperature","Humidity"],"Temperature":22.96,"Humidity":43.488,"TIMESTAMP":"2022-12-17T22:37:33.973Z","BATT":100,"INTERVAL":600},{"modelID":"b0-84-88-e0-ce-e7","modelType":"Wi-SHT10","DATAS":["Temperature","Humidity"],"Temperature":23.01,"Humidity":43.536,"TIMESTAMP":"2022-12-17T22:27:22.983Z","BATT":100,"INTERVAL":600},{"modelID":"b0-84-88-e0-ce-e7","modelType":"Wi-SHT10","DATAS":["Temperature","Humidity"],"Temperature":23,"Humidity":43.8528,"TIMESTAMP":"2022-12-17T22:17:29.025Z","BATT":100,"INTERVAL":600},{"modelID":"b0-84-88-e0-ce-e7","modelType":"Wi-SHT10","DATAS":["Temperature","Humidity"],"Temperature":22.98,"Humidity":43.3152,"TIMESTAMP":"2022-12-17T22:07:29.042Z","BATT":100,"INTERVAL":600},{"modelID":"b0-84-88-e0-ce-e7","modelType":"Wi-SHT10","DATAS":["Temperature","Humidity"],"Temperature":22.98,"Humidity":43.4112,"TIMESTAMP":"2022-12-17T21:57:07.044Z","BATT":100,"INTERVAL":600},{"modelID":"b0-84-88-e0-ce-e7","modelType":"Wi-SHT10","DATAS":["Temperature","Humidity"],"Temperature":23.03,"Humidity":43.44,"TIMESTAMP":"2022-12-17T21:37:07.083Z","BATT":100,"INTERVAL":600},{"modelID":"b0-84-88-e0-ce-e7","modelType":"Wi-SHT10","DATAS":["Temperature","Humidity"],"Temperature":23.04,"Humidity":43.2864,"TIMESTAMP":"2022-12-17T21:16:47.119Z","BATT":100,"INTERVAL":600},{"modelID":"b0-84-88-e0-ce-e7","modelType":"Wi-SHT10","DATAS":["Temperature","Humidity"],"Temperature":23.04,"Humidity":43.3344,"TIMESTAMP":"2022-12-17T20:57:16.157Z","BATT":100,"INTERVAL":600},{"modelID":"b0-84-88-e0-ce-e7","modelType":"Wi-SHT10","DATAS":["Temperature","Humidity"],"Temperature":23.07,"Humidity":43.488,"TIMESTAMP":"2022-12-17T20:47:12.473Z","BATT":100,"INTERVAL":600},{"modelID":"b0-84-88-e0-ce-e7","modelType":"Wi-SHT10","DATAS":["Temperature","Humidity"],"Temperature":23.07,"Humidity":43.344,"TIMESTAMP":"2022-12-17T20:37:24.196Z","BATT":100,"INTERVAL":600},{"modelID":"b0-84-88-e0-ce-e7","modelType":"Wi-SHT10","DATAS":["Temperature","Humidity"],"Temperature":23.13,"Humidity":43.699200000000005,"TIMESTAMP":"2022-12-17T20:27:15.461Z","BATT":100,"INTERVAL":600},{"modelID":"b0-84-88-e0-ce-e7","modelType":"Wi-SHT10","DATAS":["Temperature","Humidity"],"Temperature":23.12,"Humidity":43.9872,"TIMESTAMP":"2022-12-17T20:17:06.233Z","BATT":100,"INTERVAL":600},{"modelID":"b0-84-88-e0-ce-e7","modelType":"Wi-SHT10","DATAS":["Temperature","Humidity"],"Temperature":23.14,"Humidity":44.2656,"TIMESTAMP":"2022-12-17T20:06:59.274Z","BATT":100,"INTERVAL":600},{"modelID":"b0-84-88-e0-ce-e7","modelType":"Wi-SHT10","DATAS":["Temperature","Humidity"],"Temperature":23.16,"Humidity":43.7856,"TIMESTAMP":"2022-12-17T19:56:54.274Z","BATT":100,"INTERVAL":600},{"modelID":"b0-84-88-e0-ce-e7","modelType":"Wi-SHT10","DATAS":["Temperature","Humidity"],"Temperature":23.14,"Humidity":43.9584,"TIMESTAMP":"2022-12-17T19:46:59.476Z","BATT":100,"INTERVAL":600},{"modelID":"b0-84-88-e0-ce-e7","modelType":"Wi-SHT10","DATAS":["Temperature","Humidity"],"Temperature":23.2,"Humidity":43.699200000000005,"TIMESTAMP":"2022-12-17T19:36:59.295Z","BATT":100,"INTERVAL":600},{"modelID":"b0-84-88-e0-ce-e7","modelType":"Wi-SHT10","DATAS":["Temperature","Humidity"],"Temperature":23.22,"Humidity":43.766400000000004,"TIMESTAMP":"2022-12-17T19:17:20.356Z","BATT":100,"INTERVAL":600},{"modelID":"b0-84-88-e0-ce-e7","modelType":"Wi-SHT10","DATAS":["Temperature","Humidity"],"Temperature":23.22,"Humidity":43.7472,"TIMESTAMP":"2022-12-17T19:07:23.375Z","BATT":100,"INTERVAL":600},{"modelID":"b0-84-88-e0-ce-e7","modelType":"Wi-SHT10","DATAS":["Temperature","Humidity"],"Temperature":23.2,"Humidity":43.3824,"TIMESTAMP":"2022-12-17T18:57:22.384Z","BATT":100,"INTERVAL":600},{"modelID":"b0-84-88-e0-ce-e7","modelType":"Wi-SHT10","DATAS":["Temperature","Humidity"],"Temperature":23.25,"Humidity":43.699200000000005,"TIMESTAMP":"2022-12-17T18:46:52.356Z","BATT":100,"INTERVAL":600},{"modelID":"b0-84-88-e0-ce-e7","modelType":"Wi-SHT10","DATAS":["Temperature","Humidity"],"Temperature":23.26,"Humidity":43.795199999999994,"TIMESTAMP":"2022-12-17T18:36:53.424Z","BATT":100,"INTERVAL":600},{"modelID":"b0-84-88-e0-ce-e7","modelType":"Wi-SHT10","DATAS":["Temperature","Humidity"],"Temperature":23.25,"Humidity":43.651199999999996,"TIMESTAMP":"2022-12-17T18:17:30.462Z","BATT":100,"INTERVAL":600},{"modelID":"b0-84-88-e0-ce-e7","modelType":"Wi-SHT10","DATAS":["Temperature","Humidity"],"Temperature":23.27,"Humidity":43.660799999999995,"TIMESTAMP":"2022-12-17T18:07:25.486Z","BATT":100,"INTERVAL":600},{"modelID":"b0-84-88-e0-ce-e7","modelType":"Wi-SHT10","DATAS":["Temperature","Humidity"],"Temperature":23.27,"Humidity":43.4112,"TIMESTAMP":"2022-12-17T17:56:51.510Z","BATT":100,"INTERVAL":600},{"modelID":"b0-84-88-e0-ce-e7","modelType":"Wi-SHT10","DATAS":["Temperature","Humidity"],"Temperature":23.26,"Humidity":43.7376,"TIMESTAMP":"2022-12-17T17:47:31.531Z","BATT":100,"INTERVAL":600},{"modelID":"b0-84-88-e0-ce-e7","modelType":"Wi-SHT10","DATAS":["Temperature","Humidity"],"Temperature":23.27,"Humidity":43.2672,"TIMESTAMP":"2022-12-17T17:36:45.541Z","BATT":100,"INTERVAL":600},{"modelID":"b0-84-88-e0-ce-e7","modelType":"Wi-SHT10","DATAS":["Temperature","Humidity"],"Temperature":23.27,"Humidity":43.1808,"TIMESTAMP":"2022-12-17T17:16:47.581Z","BATT":100,"INTERVAL":600},{"modelID":"b0-84-88-e0-ce-e7","modelType":"Wi-SHT10","DATAS":["Temperature","Humidity"],"Temperature":23.31,"Humidity":43.257600000000004,"TIMESTAMP":"2022-12-17T17:07:12.603Z","BATT":100,"INTERVAL":600},{"modelID":"b0-84-88-e0-ce-e7","modelType":"Wi-SHT10","DATAS":["Temperature","Humidity"],"Temperature":23.3,"Humidity":43.007999999999996,"TIMESTAMP":"2022-12-17T16:57:12.622Z","BATT":100,"INTERVAL":600},{"modelID":"b0-84-88-e0-ce-e7","modelType":"Wi-SHT10","DATAS":["Temperature","Humidity"],"Temperature":23.3,"Humidity":43.123200000000004,"TIMESTAMP":"2022-12-17T16:46:48.584Z","BATT":100,"INTERVAL":600},{"modelID":"b0-84-88-e0-ce-e7","modelType":"Wi-SHT10","DATAS":["Temperature","Humidity"],"Temperature":23.31,"Humidity":42.7584,"TIMESTAMP":"2022-12-17T16:37:23.641Z","BATT":100,"INTERVAL":600},{"modelID":"b0-84-88-e0-ce-e7","modelType":"Wi-SHT10","DATAS":["Temperature","Humidity"],"Temperature":23.3,"Humidity":42.806400000000004,"TIMESTAMP":"2022-12-17T16:27:23.663Z","BATT":100,"INTERVAL":600},{"modelID":"b0-84-88-e0-ce-e7","modelType":"Wi-SHT10","DATAS":["Temperature","Humidity"],"Temperature":23.3,"Humidity":43.248,"TIMESTAMP":"2022-12-17T16:16:58.681Z","BATT":100,"INTERVAL":600},{"modelID":"b0-84-88-e0-ce-e7","modelType":"Wi-SHT10","DATAS":["Temperature","Humidity"],"Temperature":23.32,"Humidity":43.4112,"TIMESTAMP":"2022-12-17T16:06:59.201Z","BATT":100,"INTERVAL":600}],"DAYHOURS":["12","11","10","9","8","7","6","5","4","3","2","1","0"]}