{"SENSORNAME":"SSB6-2","SENSORTYPE":"PWRMTR(485)","DTUID":"5","SENSORID":2,"PWRMTR0":"45888","PWRMTR1":"629","DAYDATA":[{"DTUID":"5","SENSORID":2,"FUNCID":3,"NDATA":2,"SENSORTYPE":"PWR-METER-POWER","RCV_BYTES":["0046","0500"],"DATAS":[70,1280],"DATAS1":[],"DATAS2":[],"TIMESTAMP":"2022-12-17T23:28:59.081Z"},{"DTUID":"5","SENSORID":2,"FUNCID":3,"NDATA":2,"SENSORTYPE":"PWR-METER-POWER","RCV_BYTES":["0046","01E0"],"DATAS":[70,480],"DATAS1":[],"DATAS2":[],"TIMESTAMP":"2022-12-17T21:49:09.643Z"},{"DTUID":"5","SENSORID":2,"FUNCID":3,"NDATA":2,"SENSORTYPE":"PWR-METER-POWER","RCV_BYTES":["0045","FF60"],"DATAS":[69,-160],"DATAS1":[],"DATAS2":[],"TIMESTAMP":"2022-12-17T20:28:42.453Z"},{"DTUID":"5","SENSORID":2,"FUNCID":3,"NDATA":2,"SENSORTYPE":"PWR-METER-POWER","RCV_BYTES":["0045","FA60"],"DATAS":[69,-1440],"DATAS1":[],"DATAS2":[],"TIMESTAMP":"2022-12-17T17:28:43.949Z"}],"DAYHOURS":["7","5","4","1"],"MNTH-2022_12":"45888","WK51":"45888","WK50":"45002","WK49":"43789","MNTH-2022_11":"42693","WK48":"42469","WK47":"41466","WK46":"40090","WK45":"38733","WK44":"37520","MNTH-2022_10":"37291","WK43":"36283","WK42":"35139","WK41":"33714","WK40":"32344","MNTH-2022_9":"31650","WK39":"30902","WK38":"28973","WK37":"27122","WK36":"26458","MNTH-2022_8":"25349","WK35":"25202","WK34":"23629","WK33":"22120","WK32":"20614","WK31":"19125","MNTH-2022_7":"18696","WK30":"17610","WK29":"16248","WK28":"14672","WK27":"12997","MNTH-2022_6":"11835","WK26":"11283","WK25":"9509","WK24":"8038","WK23":"6664","MNTH-2022_5":"5480","WK22":"5480","WK21":"4066","WK20":"2614","WK19":"1026"}