{"SENSORNAME":"PROD 1 (BACKEND)","SENSORTYPE":"WISENSOR","DTUID":"-1","SENSORID":"B0-D8-BE-52-21-62","DATE0":"2022-12-18T04:11:44.279Z","DATE1":"2021-04-19T16:35:51.692Z","DAYDATA":[{"modelID":"b0-d8-be-52-21-62","modelType":"Wi-SHT10","DATAS":["Temperature","Humidity"],"Temperature":26.24,"Humidity":66.2976,"TIMESTAMP":"2022-12-18T04:11:44.279Z","BATT":100,"INTERVAL":600},{"modelID":"b0-d8-be-52-21-62","modelType":"Wi-SHT10","DATAS":["Temperature","Humidity"],"Temperature":26.11,"Humidity":66.9696,"TIMESTAMP":"2022-12-18T04:01:43.270Z","BATT":100,"INTERVAL":600},{"modelID":"b0-d8-be-52-21-62","modelType":"Wi-SHT10","DATAS":["Temperature","Humidity"],"Temperature":26.04,"Humidity":67.1232,"TIMESTAMP":"2022-12-18T03:51:30.272Z","BATT":100,"INTERVAL":600},{"modelID":"b0-d8-be-52-21-62","modelType":"Wi-SHT10","DATAS":["Temperature","Humidity"],"Temperature":25.88,"Humidity":67.7184,"TIMESTAMP":"2022-12-18T03:41:23.310Z","BATT":100,"INTERVAL":600},{"modelID":"b0-d8-be-52-21-62","modelType":"Wi-SHT10","DATAS":["Temperature","Humidity"],"Temperature":25.86,"Humidity":68.2752,"TIMESTAMP":"2022-12-18T03:31:34.312Z","BATT":100,"INTERVAL":600},{"modelID":"b0-d8-be-52-21-62","modelType":"Wi-SHT10","DATAS":["Temperature","Humidity"],"Temperature":25.81,"Humidity":68.7936,"TIMESTAMP":"2022-12-18T03:21:47.310Z","BATT":100,"INTERVAL":600},{"modelID":"b0-d8-be-52-21-62","modelType":"Wi-SHT10","DATAS":["Temperature","Humidity"],"Temperature":25.76,"Humidity":69.3408,"TIMESTAMP":"2022-12-18T03:11:24.329Z","BATT":100,"INTERVAL":600},{"modelID":"b0-d8-be-52-21-62","modelType":"Wi-SHT10","DATAS":["Temperature","Humidity"],"Temperature":25.65,"Humidity":69.8976,"TIMESTAMP":"2022-12-18T03:01:15.326Z","BATT":100,"INTERVAL":600},{"modelID":"b0-d8-be-52-21-62","modelType":"Wi-SHT10","DATAS":["Temperature","Humidity"],"Temperature":25.58,"Humidity":70.4832,"TIMESTAMP":"2022-12-18T02:51:42.326Z","BATT":100,"INTERVAL":600},{"modelID":"b0-d8-be-52-21-62","modelType":"Wi-SHT10","DATAS":["Temperature","Humidity"],"Temperature":25.5,"Humidity":70.896,"TIMESTAMP":"2022-12-18T02:41:33.355Z","BATT":100,"INTERVAL":600},{"modelID":"b0-d8-be-52-21-62","modelType":"Wi-SHT10","DATAS":["Temperature","Humidity"],"Temperature":25.39,"Humidity":71.328,"TIMESTAMP":"2022-12-18T02:31:18.362Z","BATT":100,"INTERVAL":600},{"modelID":"b0-d8-be-52-21-62","modelType":"Wi-SHT10","DATAS":["Temperature","Humidity"],"Temperature":25.38,"Humidity":71.8656,"TIMESTAMP":"2022-12-18T02:21:41.368Z","BATT":100,"INTERVAL":600},{"modelID":"b0-d8-be-52-21-62","modelType":"Wi-SHT10","DATAS":["Temperature","Humidity"],"Temperature":25.3,"Humidity":72.3456,"TIMESTAMP":"2022-12-18T02:11:40.386Z","BATT":100,"INTERVAL":600},{"modelID":"b0-d8-be-52-21-62","modelType":"Wi-SHT10","DATAS":["Temperature","Humidity"],"Temperature":25.23,"Humidity":72.5184,"TIMESTAMP":"2022-12-18T02:01:41.387Z","BATT":100,"INTERVAL":600},{"modelID":"b0-d8-be-52-21-62","modelType":"Wi-SHT10","DATAS":["Temperature","Humidity"],"Temperature":25.04,"Humidity":72.6048,"TIMESTAMP":"2022-12-18T01:51:40.409Z","BATT":100,"INTERVAL":600},{"modelID":"b0-d8-be-52-21-62","modelType":"Wi-SHT10","DATAS":["Temperature","Humidity"],"Temperature":24.88,"Humidity":72.7296,"TIMESTAMP":"2022-12-18T01:41:28.409Z","BATT":100,"INTERVAL":600},{"modelID":"b0-d8-be-52-21-62","modelType":"Wi-SHT10","DATAS":["Temperature","Humidity"],"Temperature":24.79,"Humidity":72.672,"TIMESTAMP":"2022-12-18T01:31:48.410Z","BATT":100,"INTERVAL":600},{"modelID":"b0-d8-be-52-21-62","modelType":"Wi-SHT10","DATAS":["Temperature","Humidity"],"Temperature":24.72,"Humidity":72.5664,"TIMESTAMP":"2022-12-18T01:21:12.429Z","BATT":100,"INTERVAL":600},{"modelID":"b0-d8-be-52-21-62","modelType":"Wi-SHT10","DATAS":["Temperature","Humidity"],"Temperature":24.52,"Humidity":72.54719999999999,"TIMESTAMP":"2022-12-18T01:11:05.437Z","BATT":100,"INTERVAL":600},{"modelID":"b0-d8-be-52-21-62","modelType":"Wi-SHT10","DATAS":["Temperature","Humidity"],"Temperature":24.42,"Humidity":72.5856,"TIMESTAMP":"2022-12-18T01:01:33.428Z","BATT":100,"INTERVAL":600},{"modelID":"b0-d8-be-52-21-62","modelType":"Wi-SHT10","DATAS":["Temperature","Humidity"],"Temperature":24.26,"Humidity":72.7008,"TIMESTAMP":"2022-12-18T00:51:29.453Z","BATT":100,"INTERVAL":600},{"modelID":"b0-d8-be-52-21-62","modelType":"Wi-SHT10","DATAS":["Temperature","Humidity"],"Temperature":23.98,"Humidity":72.0288,"TIMESTAMP":"2022-12-18T00:41:29.464Z","BATT":100,"INTERVAL":600},{"modelID":"b0-d8-be-52-21-62","modelType":"Wi-SHT10","DATAS":["Temperature","Humidity"],"Temperature":23.79,"Humidity":71.424,"TIMESTAMP":"2022-12-18T00:31:36.484Z","BATT":100,"INTERVAL":600},{"modelID":"b0-d8-be-52-21-62","modelType":"Wi-SHT10","DATAS":["Temperature","Humidity"],"Temperature":23.55,"Humidity":71.0688,"TIMESTAMP":"2022-12-18T00:21:06.472Z","BATT":100,"INTERVAL":600},{"modelID":"b0-d8-be-52-21-62","modelType":"Wi-SHT10","DATAS":["Temperature","Humidity"],"Temperature":23.31,"Humidity":70.70400000000001,"TIMESTAMP":"2022-12-18T00:11:16.478Z","BATT":100,"INTERVAL":600},{"modelID":"b0-d8-be-52-21-62","modelType":"Wi-SHT10","DATAS":["Temperature","Humidity"],"Temperature":23.06,"Humidity":70.65599999999999,"TIMESTAMP":"2022-12-18T00:01:15.502Z","BATT":100,"INTERVAL":600},{"modelID":"b0-d8-be-52-21-62","modelType":"Wi-SHT10","DATAS":["Temperature","Humidity"],"Temperature":22.68,"Humidity":69.552,"TIMESTAMP":"2022-12-17T23:51:29.501Z","BATT":100,"INTERVAL":600},{"modelID":"b0-d8-be-52-21-62","modelType":"Wi-SHT10","DATAS":["Temperature","Humidity"],"Temperature":22.3,"Humidity":67.9776,"TIMESTAMP":"2022-12-17T23:41:26.521Z","BATT":100,"INTERVAL":600},{"modelID":"b0-d8-be-52-21-62","modelType":"Wi-SHT10","DATAS":["Temperature","Humidity"],"Temperature":21.92,"Humidity":67.26719999999999,"TIMESTAMP":"2022-12-17T23:31:10.522Z","BATT":100,"INTERVAL":600},{"modelID":"b0-d8-be-52-21-62","modelType":"Wi-SHT10","DATAS":["Temperature","Humidity"],"Temperature":21.55,"Humidity":64.416,"TIMESTAMP":"2022-12-17T23:21:26.301Z","BATT":100,"INTERVAL":600},{"modelID":"b0-d8-be-52-21-62","modelType":"Wi-SHT10","DATAS":["Temperature","Humidity"],"Temperature":21.53,"Humidity":60.6144,"TIMESTAMP":"2022-12-17T23:11:29.543Z","BATT":100,"INTERVAL":600},{"modelID":"b0-d8-be-52-21-62","modelType":"Wi-SHT10","DATAS":["Temperature","Humidity"],"Temperature":21.91,"Humidity":62.044799999999995,"TIMESTAMP":"2022-12-17T23:01:45.553Z","BATT":100,"INTERVAL":600},{"modelID":"b0-d8-be-52-21-62","modelType":"Wi-SHT10","DATAS":["Temperature","Humidity"],"Temperature":22.45,"Humidity":63.7536,"TIMESTAMP":"2022-12-17T22:51:30.571Z","BATT":100,"INTERVAL":600},{"modelID":"b0-d8-be-52-21-62","modelType":"Wi-SHT10","DATAS":["Temperature","Humidity"],"Temperature":22.71,"Humidity":66.0864,"TIMESTAMP":"2022-12-17T22:41:19.572Z","BATT":100,"INTERVAL":600},{"modelID":"b0-d8-be-52-21-62","modelType":"Wi-SHT10","DATAS":["Temperature","Humidity"],"Temperature":22.6,"Humidity":66.2208,"TIMESTAMP":"2022-12-17T22:31:12.574Z","BATT":100,"INTERVAL":600},{"modelID":"b0-d8-be-52-21-62","modelType":"Wi-SHT10","DATAS":["Temperature","Humidity"],"Temperature":22.42,"Humidity":66.3072,"TIMESTAMP":"2022-12-17T22:21:23.598Z","BATT":100,"INTERVAL":600},{"modelID":"b0-d8-be-52-21-62","modelType":"Wi-SHT10","DATAS":["Temperature","Humidity"],"Temperature":22.32,"Humidity":66.6048,"TIMESTAMP":"2022-12-17T22:11:30.597Z","BATT":100,"INTERVAL":600},{"modelID":"b0-d8-be-52-21-62","modelType":"Wi-SHT10","DATAS":["Temperature","Humidity"],"Temperature":22.09,"Humidity":67.1328,"TIMESTAMP":"2022-12-17T22:01:01.592Z","BATT":100,"INTERVAL":600},{"modelID":"b0-d8-be-52-21-62","modelType":"Wi-SHT10","DATAS":["Temperature","Humidity"],"Temperature":21.6,"Humidity":65.49119999999999,"TIMESTAMP":"2022-12-17T21:51:29.605Z","BATT":100,"INTERVAL":600},{"modelID":"b0-d8-be-52-21-62","modelType":"Wi-SHT10","DATAS":["Temperature","Humidity"],"Temperature":21.56,"Humidity":61.9968,"TIMESTAMP":"2022-12-17T21:31:47.625Z","BATT":100,"INTERVAL":600},{"modelID":"b0-d8-be-52-21-62","modelType":"Wi-SHT10","DATAS":["Temperature","Humidity"],"Temperature":22.05,"Humidity":63.782399999999996,"TIMESTAMP":"2022-12-17T21:21:36.643Z","BATT":100,"INTERVAL":600},{"modelID":"b0-d8-be-52-21-62","modelType":"Wi-SHT10","DATAS":["Temperature","Humidity"],"Temperature":22.68,"Humidity":68.0352,"TIMESTAMP":"2022-12-17T21:11:13.644Z","BATT":100,"INTERVAL":600},{"modelID":"b0-d8-be-52-21-62","modelType":"Wi-SHT10","DATAS":["Temperature","Humidity"],"Temperature":22.53,"Humidity":70.07039999999999,"TIMESTAMP":"2022-12-17T21:01:25.655Z","BATT":100,"INTERVAL":600},{"modelID":"b0-d8-be-52-21-62","modelType":"Wi-SHT10","DATAS":["Temperature","Humidity"],"Temperature":22.36,"Humidity":70.1952,"TIMESTAMP":"2022-12-17T20:51:17.674Z","BATT":100,"INTERVAL":600},{"modelID":"b0-d8-be-52-21-62","modelType":"Wi-SHT10","DATAS":["Temperature","Humidity"],"Temperature":21.96,"Humidity":69.48479999999999,"TIMESTAMP":"2022-12-17T20:41:27.673Z","BATT":100,"INTERVAL":600},{"modelID":"b0-d8-be-52-21-62","modelType":"Wi-SHT10","DATAS":["Temperature","Humidity"],"Temperature":21.42,"Humidity":65.94239999999999,"TIMESTAMP":"2022-12-17T20:31:01.693Z","BATT":100,"INTERVAL":600},{"modelID":"b0-d8-be-52-21-62","modelType":"Wi-SHT10","DATAS":["Temperature","Humidity"],"Temperature":21.39,"Humidity":60.2208,"TIMESTAMP":"2022-12-17T20:21:34.702Z","BATT":100,"INTERVAL":600},{"modelID":"b0-d8-be-52-21-62","modelType":"Wi-SHT10","DATAS":["Temperature","Humidity"],"Temperature":21.74,"Humidity":61.248,"TIMESTAMP":"2022-12-17T20:11:12.695Z","BATT":100,"INTERVAL":600},{"modelID":"b0-d8-be-52-21-62","modelType":"Wi-SHT10","DATAS":["Temperature","Humidity"],"Temperature":22.38,"Humidity":63.12,"TIMESTAMP":"2022-12-17T20:01:25.723Z","BATT":100,"INTERVAL":600},{"modelID":"b0-d8-be-52-21-62","modelType":"Wi-SHT10","DATAS":["Temperature","Humidity"],"Temperature":22.62,"Humidity":65.9904,"TIMESTAMP":"2022-12-17T19:51:43.716Z","BATT":100,"INTERVAL":600},{"modelID":"b0-d8-be-52-21-62","modelType":"Wi-SHT10","DATAS":["Temperature","Humidity"],"Temperature":22.46,"Humidity":65.9712,"TIMESTAMP":"2022-12-17T19:41:27.736Z","BATT":100,"INTERVAL":600},{"modelID":"b0-d8-be-52-21-62","modelType":"Wi-SHT10","DATAS":["Temperature","Humidity"],"Temperature":22.15,"Humidity":66.3168,"TIMESTAMP":"2022-12-17T19:31:48.728Z","BATT":100,"INTERVAL":600},{"modelID":"b0-d8-be-52-21-62","modelType":"Wi-SHT10","DATAS":["Temperature","Humidity"],"Temperature":21.82,"Humidity":65.1648,"TIMESTAMP":"2022-12-17T19:21:18.754Z","BATT":100,"INTERVAL":600},{"modelID":"b0-d8-be-52-21-62","modelType":"Wi-SHT10","DATAS":["Temperature","Humidity"],"Temperature":21.27,"Humidity":60.3072,"TIMESTAMP":"2022-12-17T19:11:05.756Z","BATT":100,"INTERVAL":600},{"modelID":"b0-d8-be-52-21-62","modelType":"Wi-SHT10","DATAS":["Temperature","Humidity"],"Temperature":21.43,"Humidity":60.48,"TIMESTAMP":"2022-12-17T19:01:00.764Z","BATT":100,"INTERVAL":600},{"modelID":"b0-d8-be-52-21-62","modelType":"Wi-SHT10","DATAS":["Temperature","Humidity"],"Temperature":22.07,"Humidity":62.006400000000006,"TIMESTAMP":"2022-12-17T18:51:19.764Z","BATT":100,"INTERVAL":600},{"modelID":"b0-d8-be-52-21-62","modelType":"Wi-SHT10","DATAS":["Temperature","Humidity"],"Temperature":22.7,"Humidity":65.82719999999999,"TIMESTAMP":"2022-12-17T18:41:44.785Z","BATT":100,"INTERVAL":600},{"modelID":"b0-d8-be-52-21-62","modelType":"Wi-SHT10","DATAS":["Temperature","Humidity"],"Temperature":22.48,"Humidity":65.4624,"TIMESTAMP":"2022-12-17T18:31:37.789Z","BATT":100,"INTERVAL":600},{"modelID":"b0-d8-be-52-21-62","modelType":"Wi-SHT10","DATAS":["Temperature","Humidity"],"Temperature":22.25,"Humidity":65.2608,"TIMESTAMP":"2022-12-17T18:21:33.791Z","BATT":100,"INTERVAL":600},{"modelID":"b0-d8-be-52-21-62","modelType":"Wi-SHT10","DATAS":["Temperature","Humidity"],"Temperature":21.85,"Humidity":65.2608,"TIMESTAMP":"2022-12-17T18:11:36.806Z","BATT":100,"INTERVAL":600},{"modelID":"b0-d8-be-52-21-62","modelType":"Wi-SHT10","DATAS":["Temperature","Humidity"],"Temperature":21.36,"Humidity":62.208,"TIMESTAMP":"2022-12-17T18:01:00.822Z","BATT":100,"INTERVAL":600},{"modelID":"b0-d8-be-52-21-62","modelType":"Wi-SHT10","DATAS":["Temperature","Humidity"],"Temperature":21.32,"Humidity":60.739200000000004,"TIMESTAMP":"2022-12-17T17:51:34.822Z","BATT":100,"INTERVAL":600},{"modelID":"b0-d8-be-52-21-62","modelType":"Wi-SHT10","DATAS":["Temperature","Humidity"],"Temperature":21.42,"Humidity":60.2784,"TIMESTAMP":"2022-12-17T17:41:00.821Z","BATT":100,"INTERVAL":600},{"modelID":"b0-d8-be-52-21-62","modelType":"Wi-SHT10","DATAS":["Temperature","Humidity"],"Temperature":21.61,"Humidity":60.96,"TIMESTAMP":"2022-12-17T17:31:30.842Z","BATT":100,"INTERVAL":600},{"modelID":"b0-d8-be-52-21-62","modelType":"Wi-SHT10","DATAS":["Temperature","Humidity"],"Temperature":22.09,"Humidity":62.4288,"TIMESTAMP":"2022-12-17T17:21:25.861Z","BATT":100,"INTERVAL":600},{"modelID":"b0-d8-be-52-21-62","modelType":"Wi-SHT10","DATAS":["Temperature","Humidity"],"Temperature":22.56,"Humidity":65.7216,"TIMESTAMP":"2022-12-17T17:11:03.871Z","BATT":100,"INTERVAL":600},{"modelID":"b0-d8-be-52-21-62","modelType":"Wi-SHT10","DATAS":["Temperature","Humidity"],"Temperature":22.14,"Humidity":65.92320000000001,"TIMESTAMP":"2022-12-17T17:01:11.860Z","BATT":100,"INTERVAL":600},{"modelID":"b0-d8-be-52-21-62","modelType":"Wi-SHT10","DATAS":["Temperature","Humidity"],"Temperature":21.73,"Humidity":64.70400000000001,"TIMESTAMP":"2022-12-17T16:51:04.882Z","BATT":100,"INTERVAL":600},{"modelID":"b0-d8-be-52-21-62","modelType":"Wi-SHT10","DATAS":["Temperature","Humidity"],"Temperature":21.27,"Humidity":60.144,"TIMESTAMP":"2022-12-17T16:41:05.882Z","BATT":100,"INTERVAL":600},{"modelID":"b0-d8-be-52-21-62","modelType":"Wi-SHT10","DATAS":["Temperature","Humidity"],"Temperature":21.4,"Humidity":60,"TIMESTAMP":"2022-12-17T16:31:12.901Z","BATT":100,"INTERVAL":600},{"modelID":"b0-d8-be-52-21-62","modelType":"Wi-SHT10","DATAS":["Temperature","Humidity"],"Temperature":21.6,"Humidity":61.1712,"TIMESTAMP":"2022-12-17T16:21:01.909Z","BATT":100,"INTERVAL":600},{"modelID":"b0-d8-be-52-21-62","modelType":"Wi-SHT10","DATAS":["Temperature","Humidity"],"Temperature":21.86,"Humidity":61.344,"TIMESTAMP":"2022-12-17T16:11:12.921Z","BATT":100,"INTERVAL":600},{"modelID":"b0-d8-be-52-21-62","modelType":"Wi-SHT10","DATAS":["Temperature","Humidity"],"Temperature":22.38,"Humidity":63.3216,"TIMESTAMP":"2022-12-17T16:01:44.921Z","BATT":100,"INTERVAL":600}],"DAYHOURS":["12","11","10","9","8","7","6","5","4","3","2","1","0"]}