{"SENSORNAME":"CCU CALIBRATION ROOM","SENSORTYPE":"WISENSOR","DTUID":"-1","SENSORID":"B0-DA-23-27-E0-2A","DATE0":"2022-12-18T04:08:15.600Z","DATE1":"2021-12-20T22:17:17.999Z","DAYDATA":[{"modelID":"b0-da-23-27-e0-2a","modelType":"Wi-SHT10","DATAS":["Temperature","Humidity"],"Temperature":24.55,"Humidity":51.177600000000005,"TIMESTAMP":"2022-12-18T04:08:15.600Z","BATT":100,"INTERVAL":600},{"modelID":"b0-da-23-27-e0-2a","modelType":"Wi-SHT10","DATAS":["Temperature","Humidity"],"Temperature":24.41,"Humidity":47.6352,"TIMESTAMP":"2022-12-18T03:58:15.454Z","BATT":100,"INTERVAL":600},{"modelID":"b0-da-23-27-e0-2a","modelType":"Wi-SHT10","DATAS":["Temperature","Humidity"],"Temperature":24.4,"Humidity":47.5488,"TIMESTAMP":"2022-12-18T03:48:01.432Z","BATT":100,"INTERVAL":600},{"modelID":"b0-da-23-27-e0-2a","modelType":"Wi-SHT10","DATAS":["Temperature","Humidity"],"Temperature":24.42,"Humidity":47.5584,"TIMESTAMP":"2022-12-18T03:38:06.529Z","BATT":100,"INTERVAL":600},{"modelID":"b0-da-23-27-e0-2a","modelType":"Wi-SHT10","DATAS":["Temperature","Humidity"],"Temperature":24.33,"Humidity":47.903999999999996,"TIMESTAMP":"2022-12-18T03:18:14.630Z","BATT":100,"INTERVAL":600},{"modelID":"b0-da-23-27-e0-2a","modelType":"Wi-SHT10","DATAS":["Temperature","Humidity"],"Temperature":24.39,"Humidity":47.808,"TIMESTAMP":"2022-12-18T03:08:20.290Z","BATT":100,"INTERVAL":600},{"modelID":"b0-da-23-27-e0-2a","modelType":"Wi-SHT10","DATAS":["Temperature","Humidity"],"Temperature":24.41,"Humidity":48.019200000000005,"TIMESTAMP":"2022-12-18T02:58:17.747Z","BATT":100,"INTERVAL":600},{"modelID":"b0-da-23-27-e0-2a","modelType":"Wi-SHT10","DATAS":["Temperature","Humidity"],"Temperature":24.49,"Humidity":48.1344,"TIMESTAMP":"2022-12-18T02:48:03.768Z","BATT":100,"INTERVAL":600},{"modelID":"b0-da-23-27-e0-2a","modelType":"Wi-SHT10","DATAS":["Temperature","Humidity"],"Temperature":24.67,"Humidity":48.4032,"TIMESTAMP":"2022-12-18T02:38:19.988Z","BATT":100,"INTERVAL":600},{"modelID":"b0-da-23-27-e0-2a","modelType":"Wi-SHT10","DATAS":["Temperature","Humidity"],"Temperature":24.75,"Humidity":48.8448,"TIMESTAMP":"2022-12-18T02:28:11.546Z","BATT":100,"INTERVAL":600},{"modelID":"b0-da-23-27-e0-2a","modelType":"Wi-SHT10","DATAS":["Temperature","Humidity"],"Temperature":25.03,"Humidity":49.4304,"TIMESTAMP":"2022-12-18T02:18:11.426Z","BATT":100,"INTERVAL":600},{"modelID":"b0-da-23-27-e0-2a","modelType":"Wi-SHT10","DATAS":["Temperature","Humidity"],"Temperature":25.32,"Humidity":50.736000000000004,"TIMESTAMP":"2022-12-18T02:08:21.706Z","BATT":100,"INTERVAL":600},{"modelID":"b0-da-23-27-e0-2a","modelType":"Wi-SHT10","DATAS":["Temperature","Humidity"],"Temperature":25.97,"Humidity":53.9232,"TIMESTAMP":"2022-12-18T01:58:00.435Z","BATT":100,"INTERVAL":600},{"modelID":"b0-da-23-27-e0-2a","modelType":"Wi-SHT10","DATAS":["Temperature","Humidity"],"Temperature":26.45,"Humidity":58.8672,"TIMESTAMP":"2022-12-18T01:48:11.376Z","BATT":100,"INTERVAL":600},{"modelID":"b0-da-23-27-e0-2a","modelType":"Wi-SHT10","DATAS":["Temperature","Humidity"],"Temperature":26.17,"Humidity":59.8656,"TIMESTAMP":"2022-12-18T01:38:10.150Z","BATT":100,"INTERVAL":600},{"modelID":"b0-da-23-27-e0-2a","modelType":"Wi-SHT10","DATAS":["Temperature","Humidity"],"Temperature":25.69,"Humidity":59.9328,"TIMESTAMP":"2022-12-18T01:28:14.004Z","BATT":100,"INTERVAL":600},{"modelID":"b0-da-23-27-e0-2a","modelType":"Wi-SHT10","DATAS":["Temperature","Humidity"],"Temperature":25.27,"Humidity":60,"TIMESTAMP":"2022-12-18T01:18:23.948Z","BATT":100,"INTERVAL":600},{"modelID":"b0-da-23-27-e0-2a","modelType":"Wi-SHT10","DATAS":["Temperature","Humidity"],"Temperature":24.75,"Humidity":59.8272,"TIMESTAMP":"2022-12-18T01:07:56.390Z","BATT":100,"INTERVAL":600},{"modelID":"b0-da-23-27-e0-2a","modelType":"Wi-SHT10","DATAS":["Temperature","Humidity"],"Temperature":24.26,"Humidity":59.184,"TIMESTAMP":"2022-12-18T00:58:01.307Z","BATT":100,"INTERVAL":600},{"modelID":"b0-da-23-27-e0-2a","modelType":"Wi-SHT10","DATAS":["Temperature","Humidity"],"Temperature":23.74,"Humidity":57.7728,"TIMESTAMP":"2022-12-18T00:48:00.448Z","BATT":100,"INTERVAL":600},{"modelID":"b0-da-23-27-e0-2a","modelType":"Wi-SHT10","DATAS":["Temperature","Humidity"],"Temperature":23.24,"Humidity":55.4208,"TIMESTAMP":"2022-12-18T00:38:05.136Z","BATT":100,"INTERVAL":600},{"modelID":"b0-da-23-27-e0-2a","modelType":"Wi-SHT10","DATAS":["Temperature","Humidity"],"Temperature":22.98,"Humidity":51.936,"TIMESTAMP":"2022-12-18T00:28:33.438Z","BATT":100,"INTERVAL":600},{"modelID":"b0-da-23-27-e0-2a","modelType":"Wi-SHT10","DATAS":["Temperature","Humidity"],"Temperature":22.8,"Humidity":51.8688,"TIMESTAMP":"2022-12-18T00:28:24.776Z","BATT":100,"INTERVAL":600},{"modelID":"b0-da-23-27-e0-2a","modelType":"Wi-SHT10","DATAS":["Temperature","Humidity"],"Temperature":22.68,"Humidity":46.7616,"TIMESTAMP":"2022-12-18T00:18:05.051Z","BATT":100,"INTERVAL":600},{"modelID":"b0-da-23-27-e0-2a","modelType":"Wi-SHT10","DATAS":["Temperature","Humidity"],"Temperature":22.64,"Humidity":46.0416,"TIMESTAMP":"2022-12-18T00:08:18.491Z","BATT":100,"INTERVAL":600},{"modelID":"b0-da-23-27-e0-2a","modelType":"Wi-SHT10","DATAS":["Temperature","Humidity"],"Temperature":22.66,"Humidity":44.5344,"TIMESTAMP":"2022-12-17T23:58:15.842Z","BATT":100,"INTERVAL":600},{"modelID":"b0-da-23-27-e0-2a","modelType":"Wi-SHT10","DATAS":["Temperature","Humidity"],"Temperature":22.63,"Humidity":43.8048,"TIMESTAMP":"2022-12-17T23:48:21.141Z","BATT":100,"INTERVAL":600},{"modelID":"b0-da-23-27-e0-2a","modelType":"Wi-SHT10","DATAS":["Temperature","Humidity"],"Temperature":22.69,"Humidity":43.660799999999995,"TIMESTAMP":"2022-12-17T23:38:28.985Z","BATT":100,"INTERVAL":600},{"modelID":"b0-da-23-27-e0-2a","modelType":"Wi-SHT10","DATAS":["Temperature","Humidity"],"Temperature":22.67,"Humidity":43.536,"TIMESTAMP":"2022-12-17T23:28:08.443Z","BATT":100,"INTERVAL":600},{"modelID":"b0-da-23-27-e0-2a","modelType":"Wi-SHT10","DATAS":["Temperature","Humidity"],"Temperature":22.69,"Humidity":43.4784,"TIMESTAMP":"2022-12-17T23:17:55.283Z","BATT":100,"INTERVAL":600},{"modelID":"b0-da-23-27-e0-2a","modelType":"Wi-SHT10","DATAS":["Temperature","Humidity"],"Temperature":22.67,"Humidity":43.4016,"TIMESTAMP":"2022-12-17T23:08:09.383Z","BATT":100,"INTERVAL":600},{"modelID":"b0-da-23-27-e0-2a","modelType":"Wi-SHT10","DATAS":["Temperature","Humidity"],"Temperature":22.68,"Humidity":43.344,"TIMESTAMP":"2022-12-17T22:58:22.071Z","BATT":100,"INTERVAL":600},{"modelID":"b0-da-23-27-e0-2a","modelType":"Wi-SHT10","DATAS":["Temperature","Humidity"],"Temperature":22.72,"Humidity":43.4112,"TIMESTAMP":"2022-12-17T22:48:06.100Z","BATT":100,"INTERVAL":600},{"modelID":"b0-da-23-27-e0-2a","modelType":"Wi-SHT10","DATAS":["Temperature","Humidity"],"Temperature":22.71,"Humidity":43.3728,"TIMESTAMP":"2022-12-17T22:38:18.611Z","BATT":100,"INTERVAL":600},{"modelID":"b0-da-23-27-e0-2a","modelType":"Wi-SHT10","DATAS":["Temperature","Humidity"],"Temperature":22.69,"Humidity":43.4112,"TIMESTAMP":"2022-12-17T22:28:12.551Z","BATT":100,"INTERVAL":600},{"modelID":"b0-da-23-27-e0-2a","modelType":"Wi-SHT10","DATAS":["Temperature","Humidity"],"Temperature":22.73,"Humidity":43.296,"TIMESTAMP":"2022-12-17T22:18:00.618Z","BATT":100,"INTERVAL":600},{"modelID":"b0-da-23-27-e0-2a","modelType":"Wi-SHT10","DATAS":["Temperature","Humidity"],"Temperature":22.71,"Humidity":43.2768,"TIMESTAMP":"2022-12-17T22:08:15.438Z","BATT":100,"INTERVAL":600},{"modelID":"b0-da-23-27-e0-2a","modelType":"Wi-SHT10","DATAS":["Temperature","Humidity"],"Temperature":22.75,"Humidity":43.2864,"TIMESTAMP":"2022-12-17T21:57:55.464Z","BATT":100,"INTERVAL":600},{"modelID":"b0-da-23-27-e0-2a","modelType":"Wi-SHT10","DATAS":["Temperature","Humidity"],"Temperature":22.88,"Humidity":43.0272,"TIMESTAMP":"2022-12-17T21:48:27.372Z","BATT":100,"INTERVAL":600},{"modelID":"b0-da-23-27-e0-2a","modelType":"Wi-SHT10","DATAS":["Temperature","Humidity"],"Temperature":22.76,"Humidity":43.2672,"TIMESTAMP":"2022-12-17T21:48:15.564Z","BATT":100,"INTERVAL":600},{"modelID":"b0-da-23-27-e0-2a","modelType":"Wi-SHT10","DATAS":["Temperature","Humidity"],"Temperature":22.76,"Humidity":43.3248,"TIMESTAMP":"2022-12-17T21:38:15.885Z","BATT":100,"INTERVAL":600},{"modelID":"b0-da-23-27-e0-2a","modelType":"Wi-SHT10","DATAS":["Temperature","Humidity"],"Temperature":22.75,"Humidity":43.392,"TIMESTAMP":"2022-12-17T21:28:08.285Z","BATT":100,"INTERVAL":600},{"modelID":"b0-da-23-27-e0-2a","modelType":"Wi-SHT10","DATAS":["Temperature","Humidity"],"Temperature":22.81,"Humidity":43.3536,"TIMESTAMP":"2022-12-17T21:18:04.804Z","BATT":100,"INTERVAL":600},{"modelID":"b0-da-23-27-e0-2a","modelType":"Wi-SHT10","DATAS":["Temperature","Humidity"],"Temperature":22.81,"Humidity":43.4112,"TIMESTAMP":"2022-12-17T21:08:09.013Z","BATT":100,"INTERVAL":600},{"modelID":"b0-da-23-27-e0-2a","modelType":"Wi-SHT10","DATAS":["Temperature","Humidity"],"Temperature":22.87,"Humidity":43.344,"TIMESTAMP":"2022-12-17T20:58:15.794Z","BATT":100,"INTERVAL":600},{"modelID":"b0-da-23-27-e0-2a","modelType":"Wi-SHT10","DATAS":["Temperature","Humidity"],"Temperature":22.87,"Humidity":43.4016,"TIMESTAMP":"2022-12-17T20:48:08.880Z","BATT":100,"INTERVAL":600},{"modelID":"b0-da-23-27-e0-2a","modelType":"Wi-SHT10","DATAS":["Temperature","Humidity"],"Temperature":22.92,"Humidity":43.392,"TIMESTAMP":"2022-12-17T20:38:09.654Z","BATT":100,"INTERVAL":600},{"modelID":"b0-da-23-27-e0-2a","modelType":"Wi-SHT10","DATAS":["Temperature","Humidity"],"Temperature":22.91,"Humidity":43.564800000000005,"TIMESTAMP":"2022-12-17T20:18:13.114Z","BATT":100,"INTERVAL":600},{"modelID":"b0-da-23-27-e0-2a","modelType":"Wi-SHT10","DATAS":["Temperature","Humidity"],"Temperature":22.95,"Humidity":43.5264,"TIMESTAMP":"2022-12-17T20:08:06.873Z","BATT":100,"INTERVAL":600},{"modelID":"b0-da-23-27-e0-2a","modelType":"Wi-SHT10","DATAS":["Temperature","Humidity"],"Temperature":22.95,"Humidity":43.5456,"TIMESTAMP":"2022-12-17T19:57:59.536Z","BATT":100,"INTERVAL":600},{"modelID":"b0-da-23-27-e0-2a","modelType":"Wi-SHT10","DATAS":["Temperature","Humidity"],"Temperature":22.97,"Humidity":43.5552,"TIMESTAMP":"2022-12-17T19:48:12.956Z","BATT":100,"INTERVAL":600},{"modelID":"b0-da-23-27-e0-2a","modelType":"Wi-SHT10","DATAS":["Temperature","Humidity"],"Temperature":22.99,"Humidity":43.4496,"TIMESTAMP":"2022-12-17T19:38:13.739Z","BATT":100,"INTERVAL":600},{"modelID":"b0-da-23-27-e0-2a","modelType":"Wi-SHT10","DATAS":["Temperature","Humidity"],"Temperature":23.04,"Humidity":43.3344,"TIMESTAMP":"2022-12-17T19:28:13.094Z","BATT":100,"INTERVAL":600},{"modelID":"b0-da-23-27-e0-2a","modelType":"Wi-SHT10","DATAS":["Temperature","Humidity"],"Temperature":22.99,"Humidity":43.4208,"TIMESTAMP":"2022-12-17T19:18:19.637Z","BATT":100,"INTERVAL":600},{"modelID":"b0-da-23-27-e0-2a","modelType":"Wi-SHT10","DATAS":["Temperature","Humidity"],"Temperature":23.03,"Humidity":43.3632,"TIMESTAMP":"2022-12-17T19:08:16.576Z","BATT":100,"INTERVAL":600},{"modelID":"b0-da-23-27-e0-2a","modelType":"Wi-SHT10","DATAS":["Temperature","Humidity"],"Temperature":23,"Humidity":43.3344,"TIMESTAMP":"2022-12-17T18:58:01.656Z","BATT":100,"INTERVAL":600},{"modelID":"b0-da-23-27-e0-2a","modelType":"Wi-SHT10","DATAS":["Temperature","Humidity"],"Temperature":23.09,"Humidity":43.2864,"TIMESTAMP":"2022-12-17T18:48:14.225Z","BATT":100,"INTERVAL":600},{"modelID":"b0-da-23-27-e0-2a","modelType":"Wi-SHT10","DATAS":["Temperature","Humidity"],"Temperature":23.09,"Humidity":43.2768,"TIMESTAMP":"2022-12-17T18:38:14.944Z","BATT":100,"INTERVAL":600},{"modelID":"b0-da-23-27-e0-2a","modelType":"Wi-SHT10","DATAS":["Temperature","Humidity"],"Temperature":23.06,"Humidity":43.2,"TIMESTAMP":"2022-12-17T18:28:27.303Z","BATT":100,"INTERVAL":600},{"modelID":"b0-da-23-27-e0-2a","modelType":"Wi-SHT10","DATAS":["Temperature","Humidity"],"Temperature":23.05,"Humidity":43.152,"TIMESTAMP":"2022-12-17T18:18:25.924Z","BATT":100,"INTERVAL":600},{"modelID":"b0-da-23-27-e0-2a","modelType":"Wi-SHT10","DATAS":["Temperature","Humidity"],"Temperature":23.07,"Humidity":43.152,"TIMESTAMP":"2022-12-17T18:07:57.184Z","BATT":100,"INTERVAL":600},{"modelID":"b0-da-23-27-e0-2a","modelType":"Wi-SHT10","DATAS":["Temperature","Humidity"],"Temperature":23.09,"Humidity":43.1136,"TIMESTAMP":"2022-12-17T17:58:17.009Z","BATT":100,"INTERVAL":600},{"modelID":"b0-da-23-27-e0-2a","modelType":"Wi-SHT10","DATAS":["Temperature","Humidity"],"Temperature":23.1,"Humidity":43.1136,"TIMESTAMP":"2022-12-17T17:47:56.081Z","BATT":100,"INTERVAL":600},{"modelID":"b0-da-23-27-e0-2a","modelType":"Wi-SHT10","DATAS":["Temperature","Humidity"],"Temperature":23.13,"Humidity":43.065599999999996,"TIMESTAMP":"2022-12-17T17:38:03.643Z","BATT":100,"INTERVAL":600},{"modelID":"b0-da-23-27-e0-2a","modelType":"Wi-SHT10","DATAS":["Temperature","Humidity"],"Temperature":23.1,"Humidity":43.2,"TIMESTAMP":"2022-12-17T17:28:18.141Z","BATT":100,"INTERVAL":600},{"modelID":"b0-da-23-27-e0-2a","modelType":"Wi-SHT10","DATAS":["Temperature","Humidity"],"Temperature":23.13,"Humidity":43.0272,"TIMESTAMP":"2022-12-17T17:18:09.201Z","BATT":100,"INTERVAL":600},{"modelID":"b0-da-23-27-e0-2a","modelType":"Wi-SHT10","DATAS":["Temperature","Humidity"],"Temperature":23.12,"Humidity":42.979200000000006,"TIMESTAMP":"2022-12-17T17:08:19.522Z","BATT":100,"INTERVAL":600},{"modelID":"b0-da-23-27-e0-2a","modelType":"Wi-SHT10","DATAS":["Temperature","Humidity"],"Temperature":23.12,"Humidity":42.9312,"TIMESTAMP":"2022-12-17T16:58:21.993Z","BATT":100,"INTERVAL":600},{"modelID":"b0-da-23-27-e0-2a","modelType":"Wi-SHT10","DATAS":["Temperature","Humidity"],"Temperature":23.19,"Humidity":42.7968,"TIMESTAMP":"2022-12-17T16:48:15.961Z","BATT":100,"INTERVAL":600},{"modelID":"b0-da-23-27-e0-2a","modelType":"Wi-SHT10","DATAS":["Temperature","Humidity"],"Temperature":23.22,"Humidity":42.806400000000004,"TIMESTAMP":"2022-12-17T16:38:02.640Z","BATT":100,"INTERVAL":600},{"modelID":"b0-da-23-27-e0-2a","modelType":"Wi-SHT10","DATAS":["Temperature","Humidity"],"Temperature":23.21,"Humidity":42.806400000000004,"TIMESTAMP":"2022-12-17T16:27:55.923Z","BATT":100,"INTERVAL":600},{"modelID":"b0-da-23-27-e0-2a","modelType":"Wi-SHT10","DATAS":["Temperature","Humidity"],"Temperature":23.25,"Humidity":42.7776,"TIMESTAMP":"2022-12-17T16:18:18.384Z","BATT":100,"INTERVAL":600},{"modelID":"b0-da-23-27-e0-2a","modelType":"Wi-SHT10","DATAS":["Temperature","Humidity"],"Temperature":23.23,"Humidity":42.864,"TIMESTAMP":"2022-12-17T16:08:05.741Z","BATT":100,"INTERVAL":600}],"DAYHOURS":["12","11","10","9","8","7","6","5","4","3","2","1","0"]}