{"SENSORNAME":"CWP2","SENSORTYPE":"PWRMTR(485)","DTUID":"100","SENSORID":20,"PWRMTR0":"2773","PWRMTR1":"101","DAYDATA":[{"DTUID":"100","SENSORID":20,"FUNCID":3,"NDATA":2,"SENSORTYPE":"PWR-METER-POWER","RCV_BYTES":["0004","3B17"],"DATAS":[4,15127],"DATAS1":[],"DATAS2":[],"TIMESTAMP":"2022-12-18T03:29:13.909Z"},{"DTUID":"100","SENSORID":20,"FUNCID":3,"NDATA":2,"SENSORTYPE":"PWR-METER-POWER","RCV_BYTES":["0004","3B17"],"DATAS":[4,15127],"DATAS1":[],"DATAS2":[],"TIMESTAMP":"2022-12-18T01:29:29.628Z"},{"DTUID":"100","SENSORID":20,"FUNCID":3,"NDATA":2,"SENSORTYPE":"PWR-METER-POWER","RCV_BYTES":["0004","3B17"],"DATAS":[4,15127],"DATAS1":[],"DATAS2":[],"TIMESTAMP":"2022-12-18T00:49:28.621Z"},{"DTUID":"100","SENSORID":20,"FUNCID":3,"NDATA":2,"SENSORTYPE":"PWR-METER-POWER","RCV_BYTES":["0004","3B17"],"DATAS":[4,15127],"DATAS1":[],"DATAS2":[],"TIMESTAMP":"2022-12-18T00:29:35.338Z"},{"DTUID":"100","SENSORID":20,"FUNCID":3,"NDATA":2,"SENSORTYPE":"PWR-METER-POWER","RCV_BYTES":["0004","3B17"],"DATAS":[4,15127],"DATAS1":[],"DATAS2":[],"TIMESTAMP":"2022-12-17T23:29:26.362Z"},{"DTUID":"100","SENSORID":20,"FUNCID":3,"NDATA":2,"SENSORTYPE":"PWR-METER-POWER","RCV_BYTES":["0004","3B17"],"DATAS":[4,15127],"DATAS1":[],"DATAS2":[],"TIMESTAMP":"2022-12-17T19:28:27.082Z"}],"DAYHOURS":["11","9","8","7","3"],"MNTH-2022_12":"2773","WK51":"2773","WK50":"2773","WK49":"2773","MNTH-2022_11":"2773","WK48":"2773","WK47":"2773","WK46":"2773","WK45":"2773","WK44":"2773","MNTH-2022_10":"2773","WK43":"2773","WK42":"2773","WK41":"2773","WK40":"2773","MNTH-2022_9":"2773","WK39":"2773","WK38":"2773","WK37":"2773","WK36":"2670","MNTH-2022_8":"2532","WK35":"2510","WK34":"2360","WK33":"2247","WK32":"2093","WK31":"1938","MNTH-2022_7":"1895","WK30":"1785","WK29":"1632","WK28":"1480","WK27":"1327","MNTH-2022_6":"1214","WK26":"1172","WK25":"1022","WK24":"878","WK23":"729","MNTH-2022_5":"579","WK22":"579","WK21":"433","WK20":"284","WK19":"136"}