{"SENSORNAME":"COOLING TOWER A - CWR TEMP","SENSORTYPE":"WTRTEMP(485)","DTUID":"201","SENSORID":"4","DATE0":"2022-12-18T02:27:52.806Z","DATE1":"2022-02-13T09:05:31.420Z","DAYDATA":[{"DTUID":"201","SENSORID":4,"FUNCID":3,"NDATA":2,"SENSORTYPE":"WATER-TEMP","RCV_BYTES":["0000","0119"],"DATAS":[0,281],"DATAS1":[],"DATAS2":[],"TIMESTAMP":"2022-12-18T02:27:52.806Z"},{"DTUID":"201","SENSORID":4,"FUNCID":3,"NDATA":2,"SENSORTYPE":"WATER-TEMP","RCV_BYTES":["0000","010B"],"DATAS":[0,267],"DATAS1":[],"DATAS2":[],"TIMESTAMP":"2022-12-18T00:47:45.993Z"},{"DTUID":"201","SENSORID":4,"FUNCID":3,"NDATA":2,"SENSORTYPE":"WATER-TEMP","RCV_BYTES":["0000","0107"],"DATAS":[0,263],"DATAS1":[],"DATAS2":[],"TIMESTAMP":"2022-12-18T00:27:46.002Z"},{"DTUID":"201","SENSORID":4,"FUNCID":3,"NDATA":2,"SENSORTYPE":"WATER-TEMP","RCV_BYTES":["0000","010D"],"DATAS":[0,269],"DATAS1":[],"DATAS2":[],"TIMESTAMP":"2022-12-17T23:27:43.710Z"},{"DTUID":"201","SENSORID":4,"FUNCID":3,"NDATA":2,"SENSORTYPE":"WATER-TEMP","RCV_BYTES":["0000","0110"],"DATAS":[0,272],"DATAS1":[],"DATAS2":[],"TIMESTAMP":"2022-12-17T21:47:29.563Z"},{"DTUID":"201","SENSORID":4,"FUNCID":3,"NDATA":2,"SENSORTYPE":"WATER-TEMP","RCV_BYTES":["0000","010C"],"DATAS":[0,268],"DATAS1":[],"DATAS2":[],"TIMESTAMP":"2022-12-17T20:47:28.672Z"},{"DTUID":"201","SENSORID":4,"FUNCID":3,"NDATA":2,"SENSORTYPE":"WATER-TEMP","RCV_BYTES":["0000","0111"],"DATAS":[0,273],"DATAS1":[],"DATAS2":[],"TIMESTAMP":"2022-12-17T19:27:22.933Z"},{"DTUID":"201","SENSORID":4,"FUNCID":3,"NDATA":2,"SENSORTYPE":"WATER-TEMP","RCV_BYTES":["0000","0110"],"DATAS":[0,272],"DATAS1":[],"DATAS2":[],"TIMESTAMP":"2022-12-17T18:27:17.644Z"}],"DAYHOURS":["10","8","7","5","4","3","2"]}