{"SENSORNAME":"DEHUMIDIFER 2","SENSORTYPE":"AIRFLW(485)","DTUID":"203","SENSORID":"67","DATE0":"2022-12-18T00:48:14.983Z","DATE1":"2022-02-13T09:06:24.285Z","DAYDATA":[{"DTUID":"203","SENSORID":67,"FUNCID":3,"NDATA":2,"SENSORTYPE":"AIRFLOW-VEL","RCV_BYTES":["001A","2490"],"DATAS":[26,9360],"DATAS1":[],"DATAS2":[],"TIMESTAMP":"2022-12-18T00:48:14.983Z"},{"DTUID":"203","SENSORID":67,"FUNCID":3,"NDATA":2,"SENSORTYPE":"AIRFLOW-VEL","RCV_BYTES":["0018","21C0"],"DATAS":[24,8640],"DATAS1":[],"DATAS2":[],"TIMESTAMP":"2022-12-18T00:28:12.323Z"},{"DTUID":"203","SENSORID":67,"FUNCID":3,"NDATA":2,"SENSORTYPE":"AIRFLOW-VEL","RCV_BYTES":["0018","21C0"],"DATAS":[24,8640],"DATAS1":[],"DATAS2":[],"TIMESTAMP":"2022-12-17T23:29:31.641Z"},{"DTUID":"203","SENSORID":67,"FUNCID":3,"NDATA":2,"SENSORTYPE":"AIRFLOW-VEL","RCV_BYTES":["0018","21C0"],"DATAS":[24,8640],"DATAS1":[],"DATAS2":[],"TIMESTAMP":"2022-12-17T20:47:59.612Z"},{"DTUID":"203","SENSORID":67,"FUNCID":3,"NDATA":2,"SENSORTYPE":"AIRFLOW-VEL","RCV_BYTES":["0016","1EF0"],"DATAS":[22,7920],"DATAS1":[],"DATAS2":[],"TIMESTAMP":"2022-12-17T20:28:05.961Z"}],"DAYHOURS":["8","7","4"]}