{"SENSORNAME":"SERVER ROOM","SENSORTYPE":"WISENSOR","DTUID":"-1","SENSORID":"B0-68-61-5E-F9-72","DATE0":"2022-12-18T04:05:39.890Z","DATE1":"2021-04-24T04:45:53.432Z","DAYDATA":[{"modelID":"b0-68-61-5e-f9-72","modelType":"Wi-SHT10","DATAS":["Temperature","Humidity"],"Temperature":22.23,"Humidity":53.884800000000006,"TIMESTAMP":"2022-12-18T04:05:39.890Z","BATT":100,"INTERVAL":600},{"modelID":"b0-68-61-5e-f9-72","modelType":"Wi-SHT10","DATAS":["Temperature","Humidity"],"Temperature":21.58,"Humidity":71.8656,"TIMESTAMP":"2022-12-18T03:45:36.930Z","BATT":100,"INTERVAL":600},{"modelID":"b0-68-61-5e-f9-72","modelType":"Wi-SHT10","DATAS":["Temperature","Humidity"],"Temperature":21.99,"Humidity":47.6832,"TIMESTAMP":"2022-12-18T03:35:14.950Z","BATT":100,"INTERVAL":600},{"modelID":"b0-68-61-5e-f9-72","modelType":"Wi-SHT10","DATAS":["Temperature","Humidity"],"Temperature":22.11,"Humidity":50.6304,"TIMESTAMP":"2022-12-18T03:25:02.971Z","BATT":100,"INTERVAL":600},{"modelID":"b0-68-61-5e-f9-72","modelType":"Wi-SHT10","DATAS":["Temperature","Humidity"],"Temperature":21.68,"Humidity":72.64320000000001,"TIMESTAMP":"2022-12-18T03:15:13.999Z","BATT":100,"INTERVAL":600},{"modelID":"b0-68-61-5e-f9-72","modelType":"Wi-SHT10","DATAS":["Temperature","Humidity"],"Temperature":21.73,"Humidity":62.217600000000004,"TIMESTAMP":"2022-12-18T03:05:40.989Z","BATT":100,"INTERVAL":600},{"modelID":"b0-68-61-5e-f9-72","modelType":"Wi-SHT10","DATAS":["Temperature","Humidity"],"Temperature":22.18,"Humidity":49.9296,"TIMESTAMP":"2022-12-18T02:55:28.027Z","BATT":100,"INTERVAL":600},{"modelID":"b0-68-61-5e-f9-72","modelType":"Wi-SHT10","DATAS":["Temperature","Humidity"],"Temperature":21.78,"Humidity":72.2976,"TIMESTAMP":"2022-12-18T02:45:03.027Z","BATT":100,"INTERVAL":600},{"modelID":"b0-68-61-5e-f9-72","modelType":"Wi-SHT10","DATAS":["Temperature","Humidity"],"Temperature":21.5,"Humidity":66.1344,"TIMESTAMP":"2022-12-18T02:35:14.049Z","BATT":100,"INTERVAL":600},{"modelID":"b0-68-61-5e-f9-72","modelType":"Wi-SHT10","DATAS":["Temperature","Humidity"],"Temperature":22.12,"Humidity":70.1088,"TIMESTAMP":"2022-12-18T02:15:08.093Z","BATT":100,"INTERVAL":600},{"modelID":"b0-68-61-5e-f9-72","modelType":"Wi-SHT10","DATAS":["Temperature","Humidity"],"Temperature":22.04,"Humidity":62.6592,"TIMESTAMP":"2022-12-18T02:05:17.089Z","BATT":100,"INTERVAL":600},{"modelID":"b0-68-61-5e-f9-72","modelType":"Wi-SHT10","DATAS":["Temperature","Humidity"],"Temperature":23.02,"Humidity":53.8272,"TIMESTAMP":"2022-12-18T01:55:50.129Z","BATT":100,"INTERVAL":600},{"modelID":"b0-68-61-5e-f9-72","modelType":"Wi-SHT10","DATAS":["Temperature","Humidity"],"Temperature":23.75,"Humidity":57.0816,"TIMESTAMP":"2022-12-18T01:45:34.128Z","BATT":100,"INTERVAL":600},{"modelID":"b0-68-61-5e-f9-72","modelType":"Wi-SHT10","DATAS":["Temperature","Humidity"],"Temperature":23.38,"Humidity":57.2928,"TIMESTAMP":"2022-12-18T01:35:42.156Z","BATT":100,"INTERVAL":600},{"modelID":"b0-68-61-5e-f9-72","modelType":"Wi-SHT10","DATAS":["Temperature","Humidity"],"Temperature":23.18,"Humidity":57.4848,"TIMESTAMP":"2022-12-18T01:25:11.170Z","BATT":100,"INTERVAL":600},{"modelID":"b0-68-61-5e-f9-72","modelType":"Wi-SHT10","DATAS":["Temperature","Humidity"],"Temperature":22.96,"Humidity":59.020799999999994,"TIMESTAMP":"2022-12-18T01:15:24.188Z","BATT":100,"INTERVAL":600},{"modelID":"b0-68-61-5e-f9-72","modelType":"Wi-SHT10","DATAS":["Temperature","Humidity"],"Temperature":22.7,"Humidity":60.2016,"TIMESTAMP":"2022-12-18T01:05:09.209Z","BATT":100,"INTERVAL":600},{"modelID":"b0-68-61-5e-f9-72","modelType":"Wi-SHT10","DATAS":["Temperature","Humidity"],"Temperature":22.77,"Humidity":61.257600000000004,"TIMESTAMP":"2022-12-18T00:55:23.228Z","BATT":100,"INTERVAL":600},{"modelID":"b0-68-61-5e-f9-72","modelType":"Wi-SHT10","DATAS":["Temperature","Humidity"],"Temperature":22.82,"Humidity":79.3152,"TIMESTAMP":"2022-12-18T00:45:27.246Z","BATT":100,"INTERVAL":600},{"modelID":"b0-68-61-5e-f9-72","modelType":"Wi-SHT10","DATAS":["Temperature","Humidity"],"Temperature":21.94,"Humidity":56.755199999999995,"TIMESTAMP":"2022-12-18T00:35:05.245Z","BATT":100,"INTERVAL":600},{"modelID":"b0-68-61-5e-f9-72","modelType":"Wi-SHT10","DATAS":["Temperature","Humidity"],"Temperature":21.97,"Humidity":58.3968,"TIMESTAMP":"2022-12-18T00:25:23.274Z","BATT":100,"INTERVAL":600},{"modelID":"b0-68-61-5e-f9-72","modelType":"Wi-SHT10","DATAS":["Temperature","Humidity"],"Temperature":21.2,"Humidity":71.3088,"TIMESTAMP":"2022-12-18T00:15:49.281Z","BATT":100,"INTERVAL":600},{"modelID":"b0-68-61-5e-f9-72","modelType":"Wi-SHT10","DATAS":["Temperature","Humidity"],"Temperature":21.77,"Humidity":51.696,"TIMESTAMP":"2022-12-18T00:05:34.303Z","BATT":100,"INTERVAL":600},{"modelID":"b0-68-61-5e-f9-72","modelType":"Wi-SHT10","DATAS":["Temperature","Humidity"],"Temperature":21.51,"Humidity":69.98400000000001,"TIMESTAMP":"2022-12-17T23:55:35.322Z","BATT":100,"INTERVAL":600},{"modelID":"b0-68-61-5e-f9-72","modelType":"Wi-SHT10","DATAS":["Temperature","Humidity"],"Temperature":20.91,"Humidity":68.87039999999999,"TIMESTAMP":"2022-12-17T23:45:28.321Z","BATT":100,"INTERVAL":600},{"modelID":"b0-68-61-5e-f9-72","modelType":"Wi-SHT10","DATAS":["Temperature","Humidity"],"Temperature":21.79,"Humidity":53.7792,"TIMESTAMP":"2022-12-17T23:35:06.362Z","BATT":100,"INTERVAL":600},{"modelID":"b0-68-61-5e-f9-72","modelType":"Wi-SHT10","DATAS":["Temperature","Humidity"],"Temperature":21.21,"Humidity":71.0016,"TIMESTAMP":"2022-12-17T23:25:50.363Z","BATT":100,"INTERVAL":600},{"modelID":"b0-68-61-5e-f9-72","modelType":"Wi-SHT10","DATAS":["Temperature","Humidity"],"Temperature":21.69,"Humidity":49.536,"TIMESTAMP":"2022-12-17T23:15:32.382Z","BATT":100,"INTERVAL":600},{"modelID":"b0-68-61-5e-f9-72","modelType":"Wi-SHT10","DATAS":["Temperature","Humidity"],"Temperature":21.35,"Humidity":71.0304,"TIMESTAMP":"2022-12-17T23:05:10.401Z","BATT":100,"INTERVAL":600},{"modelID":"b0-68-61-5e-f9-72","modelType":"Wi-SHT10","DATAS":["Temperature","Humidity"],"Temperature":21.03,"Humidity":65.31840000000001,"TIMESTAMP":"2022-12-17T22:55:09.411Z","BATT":100,"INTERVAL":600},{"modelID":"b0-68-61-5e-f9-72","modelType":"Wi-SHT10","DATAS":["Temperature","Humidity"],"Temperature":21.75,"Humidity":57.129599999999996,"TIMESTAMP":"2022-12-17T22:45:16.440Z","BATT":100,"INTERVAL":600},{"modelID":"b0-68-61-5e-f9-72","modelType":"Wi-SHT10","DATAS":["Temperature","Humidity"],"Temperature":21.04,"Humidity":71.088,"TIMESTAMP":"2022-12-17T22:35:39.452Z","BATT":100,"INTERVAL":600},{"modelID":"b0-68-61-5e-f9-72","modelType":"Wi-SHT10","DATAS":["Temperature","Humidity"],"Temperature":21.83,"Humidity":54.7872,"TIMESTAMP":"2022-12-17T22:25:31.471Z","BATT":100,"INTERVAL":600},{"modelID":"b0-68-61-5e-f9-72","modelType":"Wi-SHT10","DATAS":["Temperature","Humidity"],"Temperature":21.23,"Humidity":71.05919999999999,"TIMESTAMP":"2022-12-17T22:15:20.478Z","BATT":100,"INTERVAL":600},{"modelID":"b0-68-61-5e-f9-72","modelType":"Wi-SHT10","DATAS":["Temperature","Humidity"],"Temperature":21.7,"Humidity":48.1824,"TIMESTAMP":"2022-12-17T22:05:03.505Z","BATT":100,"INTERVAL":600},{"modelID":"b0-68-61-5e-f9-72","modelType":"Wi-SHT10","DATAS":["Temperature","Humidity"],"Temperature":21.61,"Humidity":67.5744,"TIMESTAMP":"2022-12-17T21:55:16.525Z","BATT":100,"INTERVAL":600},{"modelID":"b0-68-61-5e-f9-72","modelType":"Wi-SHT10","DATAS":["Temperature","Humidity"],"Temperature":21.04,"Humidity":70.9632,"TIMESTAMP":"2022-12-17T21:45:51.544Z","BATT":100,"INTERVAL":600},{"modelID":"b0-68-61-5e-f9-72","modelType":"Wi-SHT10","DATAS":["Temperature","Humidity"],"Temperature":21.73,"Humidity":50.0928,"TIMESTAMP":"2022-12-17T21:35:06.544Z","BATT":100,"INTERVAL":600},{"modelID":"b0-68-61-5e-f9-72","modelType":"Wi-SHT10","DATAS":["Temperature","Humidity"],"Temperature":21.31,"Humidity":71.33760000000001,"TIMESTAMP":"2022-12-17T21:25:36.573Z","BATT":100,"INTERVAL":600},{"modelID":"b0-68-61-5e-f9-72","modelType":"Wi-SHT10","DATAS":["Temperature","Humidity"],"Temperature":20.99,"Humidity":65.0112,"TIMESTAMP":"2022-12-17T21:15:09.583Z","BATT":100,"INTERVAL":600},{"modelID":"b0-68-61-5e-f9-72","modelType":"Wi-SHT10","DATAS":["Temperature","Humidity"],"Temperature":21.75,"Humidity":55.497600000000006,"TIMESTAMP":"2022-12-17T21:05:45.631Z","BATT":100,"INTERVAL":600},{"modelID":"b0-68-61-5e-f9-72","modelType":"Wi-SHT10","DATAS":["Temperature","Humidity"],"Temperature":21.07,"Humidity":71.34719999999999,"TIMESTAMP":"2022-12-17T20:55:20.614Z","BATT":100,"INTERVAL":600},{"modelID":"b0-68-61-5e-f9-72","modelType":"Wi-SHT10","DATAS":["Temperature","Humidity"],"Temperature":21.7,"Humidity":50.687999999999995,"TIMESTAMP":"2022-12-17T20:45:26.641Z","BATT":100,"INTERVAL":600},{"modelID":"b0-68-61-5e-f9-72","modelType":"Wi-SHT10","DATAS":["Temperature","Humidity"],"Temperature":21.35,"Humidity":71.35679999999999,"TIMESTAMP":"2022-12-17T20:35:33.655Z","BATT":100,"INTERVAL":600},{"modelID":"b0-68-61-5e-f9-72","modelType":"Wi-SHT10","DATAS":["Temperature","Humidity"],"Temperature":21.01,"Humidity":64.2912,"TIMESTAMP":"2022-12-17T20:25:20.681Z","BATT":100,"INTERVAL":600},{"modelID":"b0-68-61-5e-f9-72","modelType":"Wi-SHT10","DATAS":["Temperature","Humidity"],"Temperature":21.8,"Humidity":57.3504,"TIMESTAMP":"2022-12-17T20:15:42.673Z","BATT":100,"INTERVAL":600},{"modelID":"b0-68-61-5e-f9-72","modelType":"Wi-SHT10","DATAS":["Temperature","Humidity"],"Temperature":21.24,"Humidity":71.4144,"TIMESTAMP":"2022-12-17T20:05:20.695Z","BATT":100,"INTERVAL":600},{"modelID":"b0-68-61-5e-f9-72","modelType":"Wi-SHT10","DATAS":["Temperature","Humidity"],"Temperature":21.7,"Humidity":49.593599999999995,"TIMESTAMP":"2022-12-17T19:55:27.713Z","BATT":100,"INTERVAL":600},{"modelID":"b0-68-61-5e-f9-72","modelType":"Wi-SHT10","DATAS":["Temperature","Humidity"],"Temperature":20.97,"Humidity":70.04159999999999,"TIMESTAMP":"2022-12-17T19:35:28.755Z","BATT":100,"INTERVAL":600},{"modelID":"b0-68-61-5e-f9-72","modelType":"Wi-SHT10","DATAS":["Temperature","Humidity"],"Temperature":21.78,"Humidity":50.3232,"TIMESTAMP":"2022-12-17T19:25:08.776Z","BATT":100,"INTERVAL":600},{"modelID":"b0-68-61-5e-f9-72","modelType":"Wi-SHT10","DATAS":["Temperature","Humidity"],"Temperature":21.49,"Humidity":71.4048,"TIMESTAMP":"2022-12-17T19:15:10.796Z","BATT":100,"INTERVAL":600},{"modelID":"b0-68-61-5e-f9-72","modelType":"Wi-SHT10","DATAS":["Temperature","Humidity"],"Temperature":21.03,"Humidity":67.632,"TIMESTAMP":"2022-12-17T19:05:12.804Z","BATT":100,"INTERVAL":600},{"modelID":"b0-68-61-5e-f9-72","modelType":"Wi-SHT10","DATAS":["Temperature","Humidity"],"Temperature":21.91,"Humidity":52.992000000000004,"TIMESTAMP":"2022-12-17T18:55:05.825Z","BATT":100,"INTERVAL":600},{"modelID":"b0-68-61-5e-f9-72","modelType":"Wi-SHT10","DATAS":["Temperature","Humidity"],"Temperature":21.38,"Humidity":71.9904,"TIMESTAMP":"2022-12-17T18:45:30.824Z","BATT":100,"INTERVAL":600},{"modelID":"b0-68-61-5e-f9-72","modelType":"Wi-SHT10","DATAS":["Temperature","Humidity"],"Temperature":21.17,"Humidity":64.9536,"TIMESTAMP":"2022-12-17T18:35:11.849Z","BATT":100,"INTERVAL":600},{"modelID":"b0-68-61-5e-f9-72","modelType":"Wi-SHT10","DATAS":["Temperature","Humidity"],"Temperature":21.9,"Humidity":53.5488,"TIMESTAMP":"2022-12-17T18:25:03.866Z","BATT":100,"INTERVAL":600},{"modelID":"b0-68-61-5e-f9-72","modelType":"Wi-SHT10","DATAS":["Temperature","Humidity"],"Temperature":21.32,"Humidity":72.8544,"TIMESTAMP":"2022-12-17T18:15:06.884Z","BATT":100,"INTERVAL":600},{"modelID":"b0-68-61-5e-f9-72","modelType":"Wi-SHT10","DATAS":["Temperature","Humidity"],"Temperature":21.21,"Humidity":64.52159999999999,"TIMESTAMP":"2022-12-17T18:05:33.910Z","BATT":100,"INTERVAL":600},{"modelID":"b0-68-61-5e-f9-72","modelType":"Wi-SHT10","DATAS":["Temperature","Humidity"],"Temperature":22,"Humidity":51.830400000000004,"TIMESTAMP":"2022-12-17T17:55:03.923Z","BATT":100,"INTERVAL":600},{"modelID":"b0-68-61-5e-f9-72","modelType":"Wi-SHT10","DATAS":["Temperature","Humidity"],"Temperature":21.5,"Humidity":70.8672,"TIMESTAMP":"2022-12-17T17:45:19.941Z","BATT":100,"INTERVAL":600},{"modelID":"b0-68-61-5e-f9-72","modelType":"Wi-SHT10","DATAS":["Temperature","Humidity"],"Temperature":21.51,"Humidity":59.462399999999995,"TIMESTAMP":"2022-12-17T17:35:09.961Z","BATT":100,"INTERVAL":600},{"modelID":"b0-68-61-5e-f9-72","modelType":"Wi-SHT10","DATAS":["Temperature","Humidity"],"Temperature":21.75,"Humidity":63.7152,"TIMESTAMP":"2022-12-17T17:25:35.961Z","BATT":100,"INTERVAL":600},{"modelID":"b0-68-61-5e-f9-72","modelType":"Wi-SHT10","DATAS":["Temperature","Humidity"],"Temperature":21.11,"Humidity":71.1744,"TIMESTAMP":"2022-12-17T17:15:40.982Z","BATT":100,"INTERVAL":600},{"modelID":"b0-68-61-5e-f9-72","modelType":"Wi-SHT10","DATAS":["Temperature","Humidity"],"Temperature":21.84,"Humidity":49.2,"TIMESTAMP":"2022-12-17T17:05:51.002Z","BATT":100,"INTERVAL":600},{"modelID":"b0-68-61-5e-f9-72","modelType":"Wi-SHT10","DATAS":["Temperature","Humidity"],"Temperature":21.48,"Humidity":70.7712,"TIMESTAMP":"2022-12-17T16:55:35.030Z","BATT":100,"INTERVAL":600},{"modelID":"b0-68-61-5e-f9-72","modelType":"Wi-SHT10","DATAS":["Temperature","Humidity"],"Temperature":21.26,"Humidity":63.254400000000004,"TIMESTAMP":"2022-12-17T16:45:22.041Z","BATT":100,"INTERVAL":600},{"modelID":"b0-68-61-5e-f9-72","modelType":"Wi-SHT10","DATAS":["Temperature","Humidity"],"Temperature":21.68,"Humidity":63.177600000000005,"TIMESTAMP":"2022-12-17T16:35:49.042Z","BATT":100,"INTERVAL":600},{"modelID":"b0-68-61-5e-f9-72","modelType":"Wi-SHT10","DATAS":["Temperature","Humidity"],"Temperature":21.23,"Humidity":70.9728,"TIMESTAMP":"2022-12-17T16:25:47.062Z","BATT":100,"INTERVAL":600},{"modelID":"b0-68-61-5e-f9-72","modelType":"Wi-SHT10","DATAS":["Temperature","Humidity"],"Temperature":21.98,"Humidity":48.816,"TIMESTAMP":"2022-12-17T16:15:13.088Z","BATT":100,"INTERVAL":600},{"modelID":"b0-68-61-5e-f9-72","modelType":"Wi-SHT10","DATAS":["Temperature","Humidity"],"Temperature":21.75,"Humidity":69.98400000000001,"TIMESTAMP":"2022-12-17T16:05:48.101Z","BATT":100,"INTERVAL":600}],"DAYHOURS":["12","11","10","9","8","7","6","5","4","3","2","1","0"]}