{"SENSORNAME":"COOLING TOWER B CWR TEMP","SENSORTYPE":"WTRTEMP(485)","DTUID":"204","SENSORID":"38","DATE0":"2022-12-18T01:27:51.515Z","DATE1":"2022-02-13T09:05:37.521Z","DAYDATA":[{"DTUID":"204","SENSORID":38,"FUNCID":3,"NDATA":2,"SENSORTYPE":"WATER-TEMP","RCV_BYTES":["0000","0112"],"DATAS":[0,274],"DATAS1":[],"DATAS2":[],"TIMESTAMP":"2022-12-18T01:27:51.515Z"},{"DTUID":"204","SENSORID":38,"FUNCID":3,"NDATA":2,"SENSORTYPE":"WATER-TEMP","RCV_BYTES":["0000","010A"],"DATAS":[0,266],"DATAS1":[],"DATAS2":[],"TIMESTAMP":"2022-12-18T00:47:48.693Z"},{"DTUID":"204","SENSORID":38,"FUNCID":3,"NDATA":2,"SENSORTYPE":"WATER-TEMP","RCV_BYTES":["0000","010B"],"DATAS":[0,267],"DATAS1":[],"DATAS2":[],"TIMESTAMP":"2022-12-17T22:27:36.351Z"},{"DTUID":"204","SENSORID":38,"FUNCID":3,"NDATA":2,"SENSORTYPE":"WATER-TEMP","RCV_BYTES":["0000","010D"],"DATAS":[0,269],"DATAS1":[],"DATAS2":[],"TIMESTAMP":"2022-12-17T20:47:31.392Z"},{"DTUID":"204","SENSORID":38,"FUNCID":3,"NDATA":2,"SENSORTYPE":"WATER-TEMP","RCV_BYTES":["0000","0114"],"DATAS":[0,276],"DATAS1":[],"DATAS2":[],"TIMESTAMP":"2022-12-17T20:27:30.373Z"},{"DTUID":"204","SENSORID":38,"FUNCID":3,"NDATA":2,"SENSORTYPE":"WATER-TEMP","RCV_BYTES":["0000","0111"],"DATAS":[0,273],"DATAS1":[],"DATAS2":[],"TIMESTAMP":"2022-12-17T18:27:30.704Z"}],"DAYHOURS":["9","8","6","4","2"]}