{"SENSORNAME":"GFC STORE","SENSORTYPE":"WISENSOR","DTUID":"-1","SENSORID":"B0-21-0A-47-FA-53","DATE0":"2022-12-18T04:09:34.977Z","DATE1":"2021-04-19T16:38:54.948Z","DAYDATA":[{"modelID":"b0-21-0a-47-fa-53","modelType":"Wi-SHT10","DATAS":["Temperature","Humidity"],"Temperature":27.36,"Humidity":49.3056,"TIMESTAMP":"2022-12-18T04:09:34.977Z","BATT":100,"INTERVAL":600},{"modelID":"b0-21-0a-47-fa-53","modelType":"Wi-SHT10","DATAS":["Temperature","Humidity"],"Temperature":26.66,"Humidity":48.816,"TIMESTAMP":"2022-12-18T03:58:51.990Z","BATT":100,"INTERVAL":600},{"modelID":"b0-21-0a-47-fa-53","modelType":"Wi-SHT10","DATAS":["Temperature","Humidity"],"Temperature":26.24,"Humidity":48.528,"TIMESTAMP":"2022-12-18T03:49:13.011Z","BATT":100,"INTERVAL":600},{"modelID":"b0-21-0a-47-fa-53","modelType":"Wi-SHT10","DATAS":["Temperature","Humidity"],"Temperature":25.49,"Humidity":49.3824,"TIMESTAMP":"2022-12-18T03:39:12.010Z","BATT":100,"INTERVAL":600},{"modelID":"b0-21-0a-47-fa-53","modelType":"Wi-SHT10","DATAS":["Temperature","Humidity"],"Temperature":25.51,"Humidity":53.136,"TIMESTAMP":"2022-12-18T03:29:01.708Z","BATT":100,"INTERVAL":600},{"modelID":"b0-21-0a-47-fa-53","modelType":"Wi-SHT10","DATAS":["Temperature","Humidity"],"Temperature":25.07,"Humidity":56.236799999999995,"TIMESTAMP":"2022-12-18T03:19:31.250Z","BATT":100,"INTERVAL":600},{"modelID":"b0-21-0a-47-fa-53","modelType":"Wi-SHT10","DATAS":["Temperature","Humidity"],"Temperature":25.09,"Humidity":58.6464,"TIMESTAMP":"2022-12-18T03:09:32.050Z","BATT":100,"INTERVAL":600},{"modelID":"b0-21-0a-47-fa-53","modelType":"Wi-SHT10","DATAS":["Temperature","Humidity"],"Temperature":24.36,"Humidity":57.8784,"TIMESTAMP":"2022-12-18T02:49:16.086Z","BATT":100,"INTERVAL":600},{"modelID":"b0-21-0a-47-fa-53","modelType":"Wi-SHT10","DATAS":["Temperature","Humidity"],"Temperature":23.76,"Humidity":52.608,"TIMESTAMP":"2022-12-18T02:39:07.110Z","BATT":100,"INTERVAL":600},{"modelID":"b0-21-0a-47-fa-53","modelType":"Wi-SHT10","DATAS":["Temperature","Humidity"],"Temperature":23.34,"Humidity":54.2496,"TIMESTAMP":"2022-12-18T02:29:13.486Z","BATT":100,"INTERVAL":600},{"modelID":"b0-21-0a-47-fa-53","modelType":"Wi-SHT10","DATAS":["Temperature","Humidity"],"Temperature":23.5,"Humidity":57.1008,"TIMESTAMP":"2022-12-18T02:19:27.126Z","BATT":100,"INTERVAL":600},{"modelID":"b0-21-0a-47-fa-53","modelType":"Wi-SHT10","DATAS":["Temperature","Humidity"],"Temperature":23.2,"Humidity":58.128,"TIMESTAMP":"2022-12-18T02:09:22.136Z","BATT":100,"INTERVAL":600},{"modelID":"b0-21-0a-47-fa-53","modelType":"Wi-SHT10","DATAS":["Temperature","Humidity"],"Temperature":22.64,"Humidity":61.056000000000004,"TIMESTAMP":"2022-12-18T01:59:35.148Z","BATT":100,"INTERVAL":600},{"modelID":"b0-21-0a-47-fa-53","modelType":"Wi-SHT10","DATAS":["Temperature","Humidity"],"Temperature":22.41,"Humidity":59.808,"TIMESTAMP":"2022-12-18T01:48:48.176Z","BATT":100,"INTERVAL":600},{"modelID":"b0-21-0a-47-fa-53","modelType":"Wi-SHT10","DATAS":["Temperature","Humidity"],"Temperature":21.72,"Humidity":55.007999999999996,"TIMESTAMP":"2022-12-18T01:19:02.208Z","BATT":100,"INTERVAL":600},{"modelID":"b0-21-0a-47-fa-53","modelType":"Wi-SHT10","DATAS":["Temperature","Humidity"],"Temperature":21.51,"Humidity":54.288,"TIMESTAMP":"2022-12-18T01:09:17.208Z","BATT":100,"INTERVAL":600},{"modelID":"b0-21-0a-47-fa-53","modelType":"Wi-SHT10","DATAS":["Temperature","Humidity"],"Temperature":21.51,"Humidity":54.72,"TIMESTAMP":"2022-12-18T00:59:25.257Z","BATT":100,"INTERVAL":600},{"modelID":"b0-21-0a-47-fa-53","modelType":"Wi-SHT10","DATAS":["Temperature","Humidity"],"Temperature":21.44,"Humidity":56.064,"TIMESTAMP":"2022-12-18T00:48:51.645Z","BATT":100,"INTERVAL":600},{"modelID":"b0-21-0a-47-fa-53","modelType":"Wi-SHT10","DATAS":["Temperature","Humidity"],"Temperature":21.49,"Humidity":53.913599999999995,"TIMESTAMP":"2022-12-18T00:39:07.250Z","BATT":100,"INTERVAL":600},{"modelID":"b0-21-0a-47-fa-53","modelType":"Wi-SHT10","DATAS":["Temperature","Humidity"],"Temperature":21.66,"Humidity":54.355199999999996,"TIMESTAMP":"2022-12-18T00:28:51.499Z","BATT":100,"INTERVAL":600},{"modelID":"b0-21-0a-47-fa-53","modelType":"Wi-SHT10","DATAS":["Temperature","Humidity"],"Temperature":21.7,"Humidity":60.4992,"TIMESTAMP":"2022-12-18T00:19:27.292Z","BATT":100,"INTERVAL":600},{"modelID":"b0-21-0a-47-fa-53","modelType":"Wi-SHT10","DATAS":["Temperature","Humidity"],"Temperature":21.64,"Humidity":63.5424,"TIMESTAMP":"2022-12-18T00:09:27.309Z","BATT":100,"INTERVAL":600},{"modelID":"b0-21-0a-47-fa-53","modelType":"Wi-SHT10","DATAS":["Temperature","Humidity"],"Temperature":21.57,"Humidity":63.312000000000005,"TIMESTAMP":"2022-12-17T23:59:17.317Z","BATT":100,"INTERVAL":600},{"modelID":"b0-21-0a-47-fa-53","modelType":"Wi-SHT10","DATAS":["Temperature","Humidity"],"Temperature":21.51,"Humidity":64.992,"TIMESTAMP":"2022-12-17T23:49:24.046Z","BATT":100,"INTERVAL":600},{"modelID":"b0-21-0a-47-fa-53","modelType":"Wi-SHT10","DATAS":["Temperature","Humidity"],"Temperature":21.44,"Humidity":58.6752,"TIMESTAMP":"2022-12-17T23:39:12.348Z","BATT":100,"INTERVAL":600},{"modelID":"b0-21-0a-47-fa-53","modelType":"Wi-SHT10","DATAS":["Temperature","Humidity"],"Temperature":21.43,"Humidity":65.04,"TIMESTAMP":"2022-12-17T23:29:08.362Z","BATT":100,"INTERVAL":600},{"modelID":"b0-21-0a-47-fa-53","modelType":"Wi-SHT10","DATAS":["Temperature","Humidity"],"Temperature":21.42,"Humidity":65.0112,"TIMESTAMP":"2022-12-17T23:19:23.122Z","BATT":100,"INTERVAL":600},{"modelID":"b0-21-0a-47-fa-53","modelType":"Wi-SHT10","DATAS":["Temperature","Humidity"],"Temperature":21.3,"Humidity":63.0336,"TIMESTAMP":"2022-12-17T23:09:33.383Z","BATT":100,"INTERVAL":600},{"modelID":"b0-21-0a-47-fa-53","modelType":"Wi-SHT10","DATAS":["Temperature","Humidity"],"Temperature":21.23,"Humidity":61.075199999999995,"TIMESTAMP":"2022-12-17T22:59:30.390Z","BATT":100,"INTERVAL":600},{"modelID":"b0-21-0a-47-fa-53","modelType":"Wi-SHT10","DATAS":["Temperature","Humidity"],"Temperature":21.15,"Humidity":60.9888,"TIMESTAMP":"2022-12-17T22:49:22.412Z","BATT":100,"INTERVAL":600},{"modelID":"b0-21-0a-47-fa-53","modelType":"Wi-SHT10","DATAS":["Temperature","Humidity"],"Temperature":21.08,"Humidity":57.1104,"TIMESTAMP":"2022-12-17T22:39:04.250Z","BATT":100,"INTERVAL":600},{"modelID":"b0-21-0a-47-fa-53","modelType":"Wi-SHT10","DATAS":["Temperature","Humidity"],"Temperature":20.89,"Humidity":56.736000000000004,"TIMESTAMP":"2022-12-17T22:29:35.451Z","BATT":100,"INTERVAL":600},{"modelID":"b0-21-0a-47-fa-53","modelType":"Wi-SHT10","DATAS":["Temperature","Humidity"],"Temperature":20.81,"Humidity":52.0608,"TIMESTAMP":"2022-12-17T22:18:54.464Z","BATT":100,"INTERVAL":600},{"modelID":"b0-21-0a-47-fa-53","modelType":"Wi-SHT10","DATAS":["Temperature","Humidity"],"Temperature":20.87,"Humidity":53.462399999999995,"TIMESTAMP":"2022-12-17T22:09:03.459Z","BATT":100,"INTERVAL":600},{"modelID":"b0-21-0a-47-fa-53","modelType":"Wi-SHT10","DATAS":["Temperature","Humidity"],"Temperature":21.05,"Humidity":51.6576,"TIMESTAMP":"2022-12-17T21:59:03.485Z","BATT":100,"INTERVAL":600},{"modelID":"b0-21-0a-47-fa-53","modelType":"Wi-SHT10","DATAS":["Temperature","Humidity"],"Temperature":21.06,"Humidity":51.964800000000004,"TIMESTAMP":"2022-12-17T21:49:23.503Z","BATT":100,"INTERVAL":600},{"modelID":"b0-21-0a-47-fa-53","modelType":"Wi-SHT10","DATAS":["Temperature","Humidity"],"Temperature":21.18,"Humidity":57.696,"TIMESTAMP":"2022-12-17T21:39:10.506Z","BATT":100,"INTERVAL":600},{"modelID":"b0-21-0a-47-fa-53","modelType":"Wi-SHT10","DATAS":["Temperature","Humidity"],"Temperature":21.56,"Humidity":58.7712,"TIMESTAMP":"2022-12-17T21:19:02.523Z","BATT":100,"INTERVAL":600},{"modelID":"b0-21-0a-47-fa-53","modelType":"Wi-SHT10","DATAS":["Temperature","Humidity"],"Temperature":21.56,"Humidity":60.2304,"TIMESTAMP":"2022-12-17T21:08:57.305Z","BATT":100,"INTERVAL":600},{"modelID":"b0-21-0a-47-fa-53","modelType":"Wi-SHT10","DATAS":["Temperature","Humidity"],"Temperature":21.55,"Humidity":62.64960000000001,"TIMESTAMP":"2022-12-17T20:58:56.553Z","BATT":100,"INTERVAL":600},{"modelID":"b0-21-0a-47-fa-53","modelType":"Wi-SHT10","DATAS":["Temperature","Humidity"],"Temperature":21.58,"Humidity":63.8688,"TIMESTAMP":"2022-12-17T20:39:11.593Z","BATT":100,"INTERVAL":600},{"modelID":"b0-21-0a-47-fa-53","modelType":"Wi-SHT10","DATAS":["Temperature","Humidity"],"Temperature":21.57,"Humidity":61.1136,"TIMESTAMP":"2022-12-17T20:29:29.614Z","BATT":100,"INTERVAL":600},{"modelID":"b0-21-0a-47-fa-53","modelType":"Wi-SHT10","DATAS":["Temperature","Humidity"],"Temperature":21.56,"Humidity":58.4736,"TIMESTAMP":"2022-12-17T20:19:29.633Z","BATT":100,"INTERVAL":600},{"modelID":"b0-21-0a-47-fa-53","modelType":"Wi-SHT10","DATAS":["Temperature","Humidity"],"Temperature":21.56,"Humidity":63.6192,"TIMESTAMP":"2022-12-17T20:09:01.633Z","BATT":100,"INTERVAL":600},{"modelID":"b0-21-0a-47-fa-53","modelType":"Wi-SHT10","DATAS":["Temperature","Humidity"],"Temperature":21.52,"Humidity":64.2624,"TIMESTAMP":"2022-12-17T19:59:04.636Z","BATT":100,"INTERVAL":600},{"modelID":"b0-21-0a-47-fa-53","modelType":"Wi-SHT10","DATAS":["Temperature","Humidity"],"Temperature":21.47,"Humidity":64.944,"TIMESTAMP":"2022-12-17T19:49:13.657Z","BATT":100,"INTERVAL":600},{"modelID":"b0-21-0a-47-fa-53","modelType":"Wi-SHT10","DATAS":["Temperature","Humidity"],"Temperature":21.42,"Humidity":63.5712,"TIMESTAMP":"2022-12-17T19:39:30.677Z","BATT":100,"INTERVAL":600},{"modelID":"b0-21-0a-47-fa-53","modelType":"Wi-SHT10","DATAS":["Temperature","Humidity"],"Temperature":21.19,"Humidity":59.1744,"TIMESTAMP":"2022-12-17T19:29:33.694Z","BATT":100,"INTERVAL":600},{"modelID":"b0-21-0a-47-fa-53","modelType":"Wi-SHT10","DATAS":["Temperature","Humidity"],"Temperature":21.11,"Humidity":56.2944,"TIMESTAMP":"2022-12-17T19:19:33.697Z","BATT":100,"INTERVAL":600},{"modelID":"b0-21-0a-47-fa-53","modelType":"Wi-SHT10","DATAS":["Temperature","Humidity"],"Temperature":21.11,"Humidity":53.9328,"TIMESTAMP":"2022-12-17T19:09:22.717Z","BATT":100,"INTERVAL":600},{"modelID":"b0-21-0a-47-fa-53","modelType":"Wi-SHT10","DATAS":["Temperature","Humidity"],"Temperature":21.09,"Humidity":53.0112,"TIMESTAMP":"2022-12-17T18:59:12.725Z","BATT":100,"INTERVAL":600},{"modelID":"b0-21-0a-47-fa-53","modelType":"Wi-SHT10","DATAS":["Temperature","Humidity"],"Temperature":21.24,"Humidity":52.291199999999996,"TIMESTAMP":"2022-12-17T18:49:30.742Z","BATT":100,"INTERVAL":600},{"modelID":"b0-21-0a-47-fa-53","modelType":"Wi-SHT10","DATAS":["Temperature","Humidity"],"Temperature":21.19,"Humidity":54.6912,"TIMESTAMP":"2022-12-17T18:39:06.764Z","BATT":100,"INTERVAL":600},{"modelID":"b0-21-0a-47-fa-53","modelType":"Wi-SHT10","DATAS":["Temperature","Humidity"],"Temperature":21.13,"Humidity":51.9264,"TIMESTAMP":"2022-12-17T18:29:17.785Z","BATT":100,"INTERVAL":600},{"modelID":"b0-21-0a-47-fa-53","modelType":"Wi-SHT10","DATAS":["Temperature","Humidity"],"Temperature":21.08,"Humidity":50.8608,"TIMESTAMP":"2022-12-17T18:19:24.785Z","BATT":100,"INTERVAL":600},{"modelID":"b0-21-0a-47-fa-53","modelType":"Wi-SHT10","DATAS":["Temperature","Humidity"],"Temperature":21.16,"Humidity":52.300799999999995,"TIMESTAMP":"2022-12-17T18:09:34.805Z","BATT":100,"INTERVAL":600},{"modelID":"b0-21-0a-47-fa-53","modelType":"Wi-SHT10","DATAS":["Temperature","Humidity"],"Temperature":21.14,"Humidity":54.8544,"TIMESTAMP":"2022-12-17T17:58:50.802Z","BATT":100,"INTERVAL":600},{"modelID":"b0-21-0a-47-fa-53","modelType":"Wi-SHT10","DATAS":["Temperature","Humidity"],"Temperature":21.12,"Humidity":51.2256,"TIMESTAMP":"2022-12-17T17:49:24.824Z","BATT":100,"INTERVAL":600},{"modelID":"b0-21-0a-47-fa-53","modelType":"Wi-SHT10","DATAS":["Temperature","Humidity"],"Temperature":21.16,"Humidity":50.1408,"TIMESTAMP":"2022-12-17T17:39:33.841Z","BATT":100,"INTERVAL":600},{"modelID":"b0-21-0a-47-fa-53","modelType":"Wi-SHT10","DATAS":["Temperature","Humidity"],"Temperature":21.11,"Humidity":50.3616,"TIMESTAMP":"2022-12-17T17:29:12.862Z","BATT":100,"INTERVAL":600},{"modelID":"b0-21-0a-47-fa-53","modelType":"Wi-SHT10","DATAS":["Temperature","Humidity"],"Temperature":21.24,"Humidity":52.032000000000004,"TIMESTAMP":"2022-12-17T17:18:49.882Z","BATT":100,"INTERVAL":600},{"modelID":"b0-21-0a-47-fa-53","modelType":"Wi-SHT10","DATAS":["Temperature","Humidity"],"Temperature":21.31,"Humidity":53.0784,"TIMESTAMP":"2022-12-17T17:09:23.890Z","BATT":100,"INTERVAL":600},{"modelID":"b0-21-0a-47-fa-53","modelType":"Wi-SHT10","DATAS":["Temperature","Humidity"],"Temperature":21.28,"Humidity":55.8144,"TIMESTAMP":"2022-12-17T16:59:30.882Z","BATT":100,"INTERVAL":600},{"modelID":"b0-21-0a-47-fa-53","modelType":"Wi-SHT10","DATAS":["Temperature","Humidity"],"Temperature":21.15,"Humidity":49.0176,"TIMESTAMP":"2022-12-17T16:48:49.902Z","BATT":100,"INTERVAL":600},{"modelID":"b0-21-0a-47-fa-53","modelType":"Wi-SHT10","DATAS":["Temperature","Humidity"],"Temperature":21.17,"Humidity":55.075199999999995,"TIMESTAMP":"2022-12-17T16:38:49.924Z","BATT":100,"INTERVAL":600},{"modelID":"b0-21-0a-47-fa-53","modelType":"Wi-SHT10","DATAS":["Temperature","Humidity"],"Temperature":21.21,"Humidity":49.3824,"TIMESTAMP":"2022-12-17T16:29:10.941Z","BATT":100,"INTERVAL":600},{"modelID":"b0-21-0a-47-fa-53","modelType":"Wi-SHT10","DATAS":["Temperature","Humidity"],"Temperature":21.25,"Humidity":52.0608,"TIMESTAMP":"2022-12-17T16:19:10.962Z","BATT":100,"INTERVAL":600},{"modelID":"b0-21-0a-47-fa-53","modelType":"Wi-SHT10","DATAS":["Temperature","Humidity"],"Temperature":21.29,"Humidity":53.193599999999996,"TIMESTAMP":"2022-12-17T16:08:46.971Z","BATT":100,"INTERVAL":600}],"DAYHOURS":["12","11","10","9","8","7","6","5","4","3","2","1","0"]}