{"SENSORNAME":"CHILLER A - CWR TEMP","SENSORTYPE":"WTRTEMP(485)","DTUID":"207","SENSORID":"12","DATE0":"2022-12-18T02:27:57.966Z","DATE1":"2022-02-13T09:05:41.513Z","DAYDATA":[{"DTUID":"207","SENSORID":12,"FUNCID":3,"NDATA":2,"SENSORTYPE":"WATER-TEMP","RCV_BYTES":["0000","0124"],"DATAS":[0,292],"DATAS1":[],"DATAS2":[],"TIMESTAMP":"2022-12-18T02:27:57.966Z"},{"DTUID":"207","SENSORID":12,"FUNCID":3,"NDATA":2,"SENSORTYPE":"WATER-TEMP","RCV_BYTES":["0000","010C"],"DATAS":[0,268],"DATAS1":[],"DATAS2":[],"TIMESTAMP":"2022-12-18T00:47:50.983Z"},{"DTUID":"207","SENSORID":12,"FUNCID":3,"NDATA":2,"SENSORTYPE":"WATER-TEMP","RCV_BYTES":["0000","010B"],"DATAS":[0,267],"DATAS1":[],"DATAS2":[],"TIMESTAMP":"2022-12-18T00:27:51.175Z"},{"DTUID":"207","SENSORID":12,"FUNCID":3,"NDATA":2,"SENSORTYPE":"WATER-TEMP","RCV_BYTES":["0000","0104"],"DATAS":[0,260],"DATAS1":[],"DATAS2":[],"TIMESTAMP":"2022-12-17T23:27:48.861Z"},{"DTUID":"207","SENSORID":12,"FUNCID":3,"NDATA":2,"SENSORTYPE":"WATER-TEMP","RCV_BYTES":["0000","0107"],"DATAS":[0,263],"DATAS1":[],"DATAS2":[],"TIMESTAMP":"2022-12-17T21:47:34.724Z"},{"DTUID":"207","SENSORID":12,"FUNCID":3,"NDATA":2,"SENSORTYPE":"WATER-TEMP","RCV_BYTES":["0000","0105"],"DATAS":[0,261],"DATAS1":[],"DATAS2":[],"TIMESTAMP":"2022-12-17T21:27:35.025Z"},{"DTUID":"207","SENSORID":12,"FUNCID":3,"NDATA":2,"SENSORTYPE":"WATER-TEMP","RCV_BYTES":["0000","0107"],"DATAS":[0,263],"DATAS1":[],"DATAS2":[],"TIMESTAMP":"2022-12-17T20:47:33.692Z"},{"DTUID":"207","SENSORID":12,"FUNCID":3,"NDATA":2,"SENSORTYPE":"WATER-TEMP","RCV_BYTES":["0000","010B"],"DATAS":[0,267],"DATAS1":[],"DATAS2":[],"TIMESTAMP":"2022-12-17T19:27:28.093Z"},{"DTUID":"207","SENSORID":12,"FUNCID":3,"NDATA":2,"SENSORTYPE":"WATER-TEMP","RCV_BYTES":["0000","010B"],"DATAS":[0,267],"DATAS1":[],"DATAS2":[],"TIMESTAMP":"2022-12-17T18:27:22.785Z"}],"DAYHOURS":["10","8","7","5","4","3","2"]}