{"SENSORNAME":"CWP3","SENSORTYPE":"PWRMTR(485)","DTUID":"100","SENSORID":18,"PWRMTR0":"52190","PWRMTR1":"2283","DAYDATA":[{"DTUID":"100","SENSORID":18,"FUNCID":3,"NDATA":2,"SENSORTYPE":"PWR-METER-POWER","RCV_BYTES":["004F","A2C6"],"DATAS":[79,-23866],"DATAS1":[],"DATAS2":[],"TIMESTAMP":"2022-12-18T03:29:12.742Z"},{"DTUID":"100","SENSORID":18,"FUNCID":3,"NDATA":2,"SENSORTYPE":"PWR-METER-POWER","RCV_BYTES":["004F","A2C6"],"DATAS":[79,-23866],"DATAS1":[],"DATAS2":[],"TIMESTAMP":"2022-12-18T00:29:34.198Z"},{"DTUID":"100","SENSORID":18,"FUNCID":3,"NDATA":2,"SENSORTYPE":"PWR-METER-POWER","RCV_BYTES":["004F","A2C6"],"DATAS":[79,-23866],"DATAS1":[],"DATAS2":[],"TIMESTAMP":"2022-12-17T23:29:25.201Z"},{"DTUID":"100","SENSORID":18,"FUNCID":3,"NDATA":2,"SENSORTYPE":"PWR-METER-POWER","RCV_BYTES":["004F","A2C6"],"DATAS":[79,-23866],"DATAS1":[],"DATAS2":[],"TIMESTAMP":"2022-12-17T21:28:32.043Z"},{"DTUID":"100","SENSORID":18,"FUNCID":3,"NDATA":2,"SENSORTYPE":"PWR-METER-POWER","RCV_BYTES":["004F","A2C6"],"DATAS":[79,-23866],"DATAS1":[],"DATAS2":[],"TIMESTAMP":"2022-12-17T20:48:30.731Z"},{"DTUID":"100","SENSORID":18,"FUNCID":3,"NDATA":2,"SENSORTYPE":"PWR-METER-POWER","RCV_BYTES":["004F","A2C6"],"DATAS":[79,-23866],"DATAS1":[],"DATAS2":[],"TIMESTAMP":"2022-12-17T18:28:19.983Z"},{"DTUID":"100","SENSORID":18,"FUNCID":3,"NDATA":2,"SENSORTYPE":"PWR-METER-POWER","RCV_BYTES":["004F","A2C6"],"DATAS":[79,-23866],"DATAS1":[],"DATAS2":[],"TIMESTAMP":"2022-12-17T17:28:20.309Z"}],"DAYHOURS":["11","8","7","5","4","2","1"],"MNTH-2022_12":"52190","WK51":"52190","WK50":"52190","WK49":"52190","MNTH-2022_11":"52190","WK48":"52190","WK47":"52190","WK46":"52190","WK45":"52190","WK44":"52190","MNTH-2022_10":"52190","WK43":"52190","WK42":"52190","WK41":"52190","WK40":"52190","MNTH-2022_9":"52190","WK39":"52190","WK38":"52190","WK37":"52190","WK36":"50272","MNTH-2022_8":"47618","WK35":"47176","WK34":"44117","WK33":"41868","WK32":"38769","WK31":"35683","MNTH-2022_7":"34794","WK30":"32584","WK29":"29483","WK28":"26421","WK27":"23344","MNTH-2022_6":"21063","WK26":"20216","WK25":"18312","WK24":"17987","WK23":"14912","MNTH-2022_5":"11848","WK22":"11848","WK21":"8874","WK20":"5850","WK19":"2899"}