{"SENSORNAME":"CHILLER A","SENSORTYPE":"PWRMTR(485)","DTUID":"110","SENSORID":5,"PWRMTR0":"6969","PWRMTR1":"143","DAYDATA":[{"DTUID":"110","SENSORID":5,"FUNCID":3,"NDATA":2,"SENSORTYPE":"PWR-METER-POWER","RCV_BYTES":["000A","A232"],"DATAS":[10,-24014],"DATAS1":[],"DATAS2":[],"TIMESTAMP":"2022-12-18T00:48:21.813Z"},{"DTUID":"110","SENSORID":5,"FUNCID":3,"NDATA":2,"SENSORTYPE":"PWR-METER-POWER","RCV_BYTES":["000A","A232"],"DATAS":[10,-24014],"DATAS1":[],"DATAS2":[],"TIMESTAMP":"2022-12-18T00:28:22.351Z"},{"DTUID":"110","SENSORID":5,"FUNCID":3,"NDATA":2,"SENSORTYPE":"PWR-METER-POWER","RCV_BYTES":["000A","A1AA"],"DATAS":[10,-24150],"DATAS1":[],"DATAS2":[],"TIMESTAMP":"2022-12-17T22:28:09.531Z"},{"DTUID":"110","SENSORID":5,"FUNCID":3,"NDATA":2,"SENSORTYPE":"PWR-METER-POWER","RCV_BYTES":["000A","A017"],"DATAS":[10,-24553],"DATAS1":[],"DATAS2":[],"TIMESTAMP":"2022-12-17T17:27:50.900Z"}],"DAYHOURS":["8","6","1"],"MNTH-2022_12":"6969","WK51":"6969","WK50":"6840","WK49":"6645","MNTH-2022_11":"6458","WK48":"6427","WK47":"6230","WK46":"6029","WK45":"5811","WK44":"5590","MNTH-2022_10":"5552","WK43":"5368","WK42":"5186","WK41":"4977","WK40":"4786","MNTH-2022_9":"4683","WK39":"4572","WK38":"4346","WK37":"4122","WK36":"3972","MNTH-2022_8":"3803","WK35":"3778","WK34":"3570","WK33":"3362","WK32":"3115","WK31":"2909","MNTH-2022_7":"2837","WK30":"2655","WK29":"2427","WK28":"2216","WK27":"1971","MNTH-2022_6":"1815","WK26":"1745","WK25":"1529","WK24":"1291","WK23":"1071","MNTH-2022_5":"835","WK22":"835","WK21":"628","WK20":"396","WK19":"201"}