{"SENSORNAME":"L5-Screening BF-CF(inpatient)","SENSORTYPE":"WISENSOR","DTUID":"-1","SENSORID":"BA-F4-64-09-BF-CF","DATE0":"2022-12-18T04:11:18.924Z","DATE1":"2022-03-22T00:15:01.491Z","DAYDATA":[{"modelID":"ba-f4-64-09-bf-cf","modelType":"Wi-SHT10","DATAS":["Temperature","Humidity"],"Temperature":2.89,"Humidity":-959.04,"TIMESTAMP":"2022-12-18T04:11:18.924Z","BATT":100,"INTERVAL":300},{"modelID":"ba-f4-64-09-bf-cf","modelType":"Wi-SHT10","DATAS":["Temperature","Humidity"],"Temperature":4.06,"Humidity":-959.04,"TIMESTAMP":"2022-12-18T04:05:37.924Z","BATT":100,"INTERVAL":300},{"modelID":"ba-f4-64-09-bf-cf","modelType":"Wi-SHT10","DATAS":["Temperature","Humidity"],"Temperature":4.23,"Humidity":-959.04,"TIMESTAMP":"2022-12-18T04:00:41.112Z","BATT":100,"INTERVAL":300},{"modelID":"ba-f4-64-09-bf-cf","modelType":"Wi-SHT10","DATAS":["Temperature","Humidity"],"Temperature":2.69,"Humidity":-959.04,"TIMESTAMP":"2022-12-18T03:56:17.845Z","BATT":100,"INTERVAL":300},{"modelID":"ba-f4-64-09-bf-cf","modelType":"Wi-SHT10","DATAS":["Temperature","Humidity"],"Temperature":2.92,"Humidity":-959.04,"TIMESTAMP":"2022-12-18T03:51:18.954Z","BATT":100,"INTERVAL":300},{"modelID":"ba-f4-64-09-bf-cf","modelType":"Wi-SHT10","DATAS":["Temperature","Humidity"],"Temperature":4.06,"Humidity":-959.04,"TIMESTAMP":"2022-12-18T03:45:34.311Z","BATT":100,"INTERVAL":300},{"modelID":"ba-f4-64-09-bf-cf","modelType":"Wi-SHT10","DATAS":["Temperature","Humidity"],"Temperature":4.3,"Humidity":-959.04,"TIMESTAMP":"2022-12-18T03:41:20.456Z","BATT":100,"INTERVAL":300},{"modelID":"ba-f4-64-09-bf-cf","modelType":"Wi-SHT10","DATAS":["Temperature","Humidity"],"Temperature":2.58,"Humidity":-959.04,"TIMESTAMP":"2022-12-18T03:36:01.367Z","BATT":100,"INTERVAL":300},{"modelID":"ba-f4-64-09-bf-cf","modelType":"Wi-SHT10","DATAS":["Temperature","Humidity"],"Temperature":3.02,"Humidity":-959.04,"TIMESTAMP":"2022-12-18T03:30:41.548Z","BATT":100,"INTERVAL":300},{"modelID":"ba-f4-64-09-bf-cf","modelType":"Wi-SHT10","DATAS":["Temperature","Humidity"],"Temperature":4.03,"Humidity":-959.04,"TIMESTAMP":"2022-12-18T03:25:34.405Z","BATT":100,"INTERVAL":300},{"modelID":"ba-f4-64-09-bf-cf","modelType":"Wi-SHT10","DATAS":["Temperature","Humidity"],"Temperature":4.3,"Humidity":-959.04,"TIMESTAMP":"2022-12-18T03:21:20.555Z","BATT":100,"INTERVAL":300},{"modelID":"ba-f4-64-09-bf-cf","modelType":"Wi-SHT10","DATAS":["Temperature","Humidity"],"Temperature":2.58,"Humidity":-959.04,"TIMESTAMP":"2022-12-18T03:15:48.303Z","BATT":100,"INTERVAL":300},{"modelID":"ba-f4-64-09-bf-cf","modelType":"Wi-SHT10","DATAS":["Temperature","Humidity"],"Temperature":2.89,"Humidity":-959.04,"TIMESTAMP":"2022-12-18T03:11:08.812Z","BATT":100,"INTERVAL":300},{"modelID":"ba-f4-64-09-bf-cf","modelType":"Wi-SHT10","DATAS":["Temperature","Humidity"],"Temperature":3.96,"Humidity":-959.04,"TIMESTAMP":"2022-12-18T03:05:41.970Z","BATT":100,"INTERVAL":300},{"modelID":"ba-f4-64-09-bf-cf","modelType":"Wi-SHT10","DATAS":["Temperature","Humidity"],"Temperature":4.16,"Humidity":-959.04,"TIMESTAMP":"2022-12-18T03:00:49.969Z","BATT":100,"INTERVAL":300},{"modelID":"ba-f4-64-09-bf-cf","modelType":"Wi-SHT10","DATAS":["Temperature","Humidity"],"Temperature":2.89,"Humidity":-959.04,"TIMESTAMP":"2022-12-18T02:51:08.940Z","BATT":100,"INTERVAL":300},{"modelID":"ba-f4-64-09-bf-cf","modelType":"Wi-SHT10","DATAS":["Temperature","Humidity"],"Temperature":3.96,"Humidity":-959.04,"TIMESTAMP":"2022-12-18T02:45:41.822Z","BATT":100,"INTERVAL":300},{"modelID":"ba-f4-64-09-bf-cf","modelType":"Wi-SHT10","DATAS":["Temperature","Humidity"],"Temperature":4.03,"Humidity":-959.04,"TIMESTAMP":"2022-12-18T02:40:38.090Z","BATT":100,"INTERVAL":300},{"modelID":"ba-f4-64-09-bf-cf","modelType":"Wi-SHT10","DATAS":["Temperature","Humidity"],"Temperature":2.35,"Humidity":-959.04,"TIMESTAMP":"2022-12-18T02:35:29.647Z","BATT":100,"INTERVAL":300},{"modelID":"ba-f4-64-09-bf-cf","modelType":"Wi-SHT10","DATAS":["Temperature","Humidity"],"Temperature":2.99,"Humidity":-959.04,"TIMESTAMP":"2022-12-18T02:30:56.347Z","BATT":100,"INTERVAL":300},{"modelID":"ba-f4-64-09-bf-cf","modelType":"Wi-SHT10","DATAS":["Temperature","Humidity"],"Temperature":3.9,"Humidity":-959.04,"TIMESTAMP":"2022-12-18T02:26:16.082Z","BATT":100,"INTERVAL":300},{"modelID":"ba-f4-64-09-bf-cf","modelType":"Wi-SHT10","DATAS":["Temperature","Humidity"],"Temperature":4.1,"Humidity":-959.04,"TIMESTAMP":"2022-12-18T02:21:14.746Z","BATT":100,"INTERVAL":300},{"modelID":"ba-f4-64-09-bf-cf","modelType":"Wi-SHT10","DATAS":["Temperature","Humidity"],"Temperature":2.45,"Humidity":-959.04,"TIMESTAMP":"2022-12-18T02:16:18.337Z","BATT":100,"INTERVAL":300},{"modelID":"ba-f4-64-09-bf-cf","modelType":"Wi-SHT10","DATAS":["Temperature","Humidity"],"Temperature":2.85,"Humidity":-959.04,"TIMESTAMP":"2022-12-18T02:11:24.528Z","BATT":100,"INTERVAL":300},{"modelID":"ba-f4-64-09-bf-cf","modelType":"Wi-SHT10","DATAS":["Temperature","Humidity"],"Temperature":3.86,"Humidity":-959.04,"TIMESTAMP":"2022-12-18T02:06:20.526Z","BATT":100,"INTERVAL":300},{"modelID":"ba-f4-64-09-bf-cf","modelType":"Wi-SHT10","DATAS":["Temperature","Humidity"],"Temperature":4.06,"Humidity":-959.04,"TIMESTAMP":"2022-12-18T02:00:52.941Z","BATT":100,"INTERVAL":300},{"modelID":"ba-f4-64-09-bf-cf","modelType":"Wi-SHT10","DATAS":["Temperature","Humidity"],"Temperature":2.55,"Humidity":-959.04,"TIMESTAMP":"2022-12-18T01:56:18.433Z","BATT":100,"INTERVAL":300},{"modelID":"ba-f4-64-09-bf-cf","modelType":"Wi-SHT10","DATAS":["Temperature","Humidity"],"Temperature":2.85,"Humidity":-959.04,"TIMESTAMP":"2022-12-18T01:50:57.641Z","BATT":100,"INTERVAL":300},{"modelID":"ba-f4-64-09-bf-cf","modelType":"Wi-SHT10","DATAS":["Temperature","Humidity"],"Temperature":3.9,"Humidity":-959.04,"TIMESTAMP":"2022-12-18T01:45:42.447Z","BATT":100,"INTERVAL":300},{"modelID":"ba-f4-64-09-bf-cf","modelType":"Wi-SHT10","DATAS":["Temperature","Humidity"],"Temperature":4.16,"Humidity":-959.04,"TIMESTAMP":"2022-12-18T01:41:20.989Z","BATT":100,"INTERVAL":300},{"modelID":"ba-f4-64-09-bf-cf","modelType":"Wi-SHT10","DATAS":["Temperature","Humidity"],"Temperature":2.58,"Humidity":-959.04,"TIMESTAMP":"2022-12-18T01:36:12.683Z","BATT":100,"INTERVAL":300},{"modelID":"ba-f4-64-09-bf-cf","modelType":"Wi-SHT10","DATAS":["Temperature","Humidity"],"Temperature":2.82,"Humidity":-959.04,"TIMESTAMP":"2022-12-18T01:30:56.643Z","BATT":100,"INTERVAL":300},{"modelID":"ba-f4-64-09-bf-cf","modelType":"Wi-SHT10","DATAS":["Temperature","Humidity"],"Temperature":3.9,"Humidity":-959.04,"TIMESTAMP":"2022-12-18T01:25:33.455Z","BATT":100,"INTERVAL":300},{"modelID":"ba-f4-64-09-bf-cf","modelType":"Wi-SHT10","DATAS":["Temperature","Humidity"],"Temperature":4.2,"Humidity":-959.04,"TIMESTAMP":"2022-12-18T01:20:52.083Z","BATT":100,"INTERVAL":300},{"modelID":"ba-f4-64-09-bf-cf","modelType":"Wi-SHT10","DATAS":["Temperature","Humidity"],"Temperature":2.55,"Humidity":-959.04,"TIMESTAMP":"2022-12-18T01:15:45.555Z","BATT":100,"INTERVAL":300},{"modelID":"ba-f4-64-09-bf-cf","modelType":"Wi-SHT10","DATAS":["Temperature","Humidity"],"Temperature":2.75,"Humidity":-959.04,"TIMESTAMP":"2022-12-18T01:11:06.751Z","BATT":100,"INTERVAL":300},{"modelID":"ba-f4-64-09-bf-cf","modelType":"Wi-SHT10","DATAS":["Temperature","Humidity"],"Temperature":3.83,"Humidity":-959.04,"TIMESTAMP":"2022-12-18T01:05:25.636Z","BATT":100,"INTERVAL":300},{"modelID":"ba-f4-64-09-bf-cf","modelType":"Wi-SHT10","DATAS":["Temperature","Humidity"],"Temperature":4.13,"Humidity":-959.04,"TIMESTAMP":"2022-12-18T01:00:52.287Z","BATT":100,"INTERVAL":300},{"modelID":"ba-f4-64-09-bf-cf","modelType":"Wi-SHT10","DATAS":["Temperature","Humidity"],"Temperature":2.55,"Humidity":-959.04,"TIMESTAMP":"2022-12-18T00:55:44.684Z","BATT":100,"INTERVAL":300},{"modelID":"ba-f4-64-09-bf-cf","modelType":"Wi-SHT10","DATAS":["Temperature","Humidity"],"Temperature":2.75,"Humidity":-959.04,"TIMESTAMP":"2022-12-18T00:51:07.860Z","BATT":100,"INTERVAL":300},{"modelID":"ba-f4-64-09-bf-cf","modelType":"Wi-SHT10","DATAS":["Temperature","Humidity"],"Temperature":3.83,"Humidity":-959.04,"TIMESTAMP":"2022-12-18T00:45:38.962Z","BATT":100,"INTERVAL":300},{"modelID":"ba-f4-64-09-bf-cf","modelType":"Wi-SHT10","DATAS":["Temperature","Humidity"],"Temperature":4.23,"Humidity":-959.04,"TIMESTAMP":"2022-12-18T00:41:21.296Z","BATT":100,"INTERVAL":300},{"modelID":"ba-f4-64-09-bf-cf","modelType":"Wi-SHT10","DATAS":["Temperature","Humidity"],"Temperature":2.58,"Humidity":-959.04,"TIMESTAMP":"2022-12-18T00:35:32.486Z","BATT":100,"INTERVAL":300},{"modelID":"ba-f4-64-09-bf-cf","modelType":"Wi-SHT10","DATAS":["Temperature","Humidity"],"Temperature":2.62,"Humidity":-959.04,"TIMESTAMP":"2022-12-18T00:31:21.432Z","BATT":100,"INTERVAL":300},{"modelID":"ba-f4-64-09-bf-cf","modelType":"Wi-SHT10","DATAS":["Temperature","Humidity"],"Temperature":3.73,"Humidity":-959.04,"TIMESTAMP":"2022-12-18T00:25:42.846Z","BATT":100,"INTERVAL":300},{"modelID":"ba-f4-64-09-bf-cf","modelType":"Wi-SHT10","DATAS":["Temperature","Humidity"],"Temperature":3.79,"Humidity":-959.04,"TIMESTAMP":"2022-12-18T00:05:34.881Z","BATT":100,"INTERVAL":300},{"modelID":"ba-f4-64-09-bf-cf","modelType":"Wi-SHT10","DATAS":["Temperature","Humidity"],"Temperature":4.2,"Humidity":-959.04,"TIMESTAMP":"2022-12-18T00:00:30.781Z","BATT":100,"INTERVAL":300},{"modelID":"ba-f4-64-09-bf-cf","modelType":"Wi-SHT10","DATAS":["Temperature","Humidity"],"Temperature":2.69,"Humidity":-959.04,"TIMESTAMP":"2022-12-17T23:50:53.583Z","BATT":100,"INTERVAL":300},{"modelID":"ba-f4-64-09-bf-cf","modelType":"Wi-SHT10","DATAS":["Temperature","Humidity"],"Temperature":3.76,"Humidity":-959.04,"TIMESTAMP":"2022-12-17T23:45:33.921Z","BATT":100,"INTERVAL":300},{"modelID":"ba-f4-64-09-bf-cf","modelType":"Wi-SHT10","DATAS":["Temperature","Humidity"],"Temperature":4.2,"Humidity":-959.04,"TIMESTAMP":"2022-12-17T23:40:42.447Z","BATT":100,"INTERVAL":300},{"modelID":"ba-f4-64-09-bf-cf","modelType":"Wi-SHT10","DATAS":["Temperature","Humidity"],"Temperature":2.69,"Humidity":-959.04,"TIMESTAMP":"2022-12-17T23:35:32.856Z","BATT":100,"INTERVAL":300},{"modelID":"ba-f4-64-09-bf-cf","modelType":"Wi-SHT10","DATAS":["Temperature","Humidity"],"Temperature":2.62,"Humidity":-959.04,"TIMESTAMP":"2022-12-17T23:30:56.468Z","BATT":100,"INTERVAL":300},{"modelID":"ba-f4-64-09-bf-cf","modelType":"Wi-SHT10","DATAS":["Temperature","Humidity"],"Temperature":4.23,"Humidity":-959.04,"TIMESTAMP":"2022-12-17T23:20:47.994Z","BATT":100,"INTERVAL":300},{"modelID":"ba-f4-64-09-bf-cf","modelType":"Wi-SHT10","DATAS":["Temperature","Humidity"],"Temperature":2.89,"Humidity":-959.04,"TIMESTAMP":"2022-12-17T23:15:52.765Z","BATT":100,"INTERVAL":300},{"modelID":"ba-f4-64-09-bf-cf","modelType":"Wi-SHT10","DATAS":["Temperature","Humidity"],"Temperature":2.55,"Humidity":-959.04,"TIMESTAMP":"2022-12-17T23:10:56.583Z","BATT":100,"INTERVAL":300},{"modelID":"ba-f4-64-09-bf-cf","modelType":"Wi-SHT10","DATAS":["Temperature","Humidity"],"Temperature":3.69,"Humidity":-959.04,"TIMESTAMP":"2022-12-17T23:05:36.704Z","BATT":100,"INTERVAL":300},{"modelID":"ba-f4-64-09-bf-cf","modelType":"Wi-SHT10","DATAS":["Temperature","Humidity"],"Temperature":4.3,"Humidity":-959.04,"TIMESTAMP":"2022-12-17T23:00:35.000Z","BATT":100,"INTERVAL":300},{"modelID":"ba-f4-64-09-bf-cf","modelType":"Wi-SHT10","DATAS":["Temperature","Humidity"],"Temperature":3.16,"Humidity":-959.04,"TIMESTAMP":"2022-12-17T22:55:52.769Z","BATT":100,"INTERVAL":300},{"modelID":"ba-f4-64-09-bf-cf","modelType":"Wi-SHT10","DATAS":["Temperature","Humidity"],"Temperature":2.55,"Humidity":-959.04,"TIMESTAMP":"2022-12-17T22:50:24.586Z","BATT":100,"INTERVAL":300},{"modelID":"ba-f4-64-09-bf-cf","modelType":"Wi-SHT10","DATAS":["Temperature","Humidity"],"Temperature":3.53,"Humidity":-959.04,"TIMESTAMP":"2022-12-17T22:45:34.203Z","BATT":100,"INTERVAL":300},{"modelID":"ba-f4-64-09-bf-cf","modelType":"Wi-SHT10","DATAS":["Temperature","Humidity"],"Temperature":4.2,"Humidity":-959.04,"TIMESTAMP":"2022-12-17T22:41:01.477Z","BATT":100,"INTERVAL":300},{"modelID":"ba-f4-64-09-bf-cf","modelType":"Wi-SHT10","DATAS":["Temperature","Humidity"],"Temperature":3.09,"Humidity":-959.04,"TIMESTAMP":"2022-12-17T22:35:26.899Z","BATT":100,"INTERVAL":300},{"modelID":"ba-f4-64-09-bf-cf","modelType":"Wi-SHT10","DATAS":["Temperature","Humidity"],"Temperature":2.38,"Humidity":-959.04,"TIMESTAMP":"2022-12-17T22:30:57.644Z","BATT":100,"INTERVAL":300},{"modelID":"ba-f4-64-09-bf-cf","modelType":"Wi-SHT10","DATAS":["Temperature","Humidity"],"Temperature":3.49,"Humidity":-959.04,"TIMESTAMP":"2022-12-17T22:25:39.671Z","BATT":100,"INTERVAL":300},{"modelID":"ba-f4-64-09-bf-cf","modelType":"Wi-SHT10","DATAS":["Temperature","Humidity"],"Temperature":4.23,"Humidity":-959.04,"TIMESTAMP":"2022-12-17T22:20:43.670Z","BATT":100,"INTERVAL":300},{"modelID":"ba-f4-64-09-bf-cf","modelType":"Wi-SHT10","DATAS":["Temperature","Humidity"],"Temperature":3.63,"Humidity":-959.04,"TIMESTAMP":"2022-12-17T22:16:19.433Z","BATT":100,"INTERVAL":300},{"modelID":"ba-f4-64-09-bf-cf","modelType":"Wi-SHT10","DATAS":["Temperature","Humidity"],"Temperature":2.28,"Humidity":-959.04,"TIMESTAMP":"2022-12-17T22:10:49.160Z","BATT":100,"INTERVAL":300},{"modelID":"ba-f4-64-09-bf-cf","modelType":"Wi-SHT10","DATAS":["Temperature","Humidity"],"Temperature":3.46,"Humidity":-959.04,"TIMESTAMP":"2022-12-17T22:05:25.440Z","BATT":100,"INTERVAL":300},{"modelID":"ba-f4-64-09-bf-cf","modelType":"Wi-SHT10","DATAS":["Temperature","Humidity"],"Temperature":4.13,"Humidity":-959.04,"TIMESTAMP":"2022-12-17T22:00:49.119Z","BATT":100,"INTERVAL":300},{"modelID":"ba-f4-64-09-bf-cf","modelType":"Wi-SHT10","DATAS":["Temperature","Humidity"],"Temperature":3.46,"Humidity":-959.04,"TIMESTAMP":"2022-12-17T21:55:32.878Z","BATT":100,"INTERVAL":300},{"modelID":"ba-f4-64-09-bf-cf","modelType":"Wi-SHT10","DATAS":["Temperature","Humidity"],"Temperature":2.22,"Humidity":-959.04,"TIMESTAMP":"2022-12-17T21:51:12.966Z","BATT":100,"INTERVAL":300},{"modelID":"ba-f4-64-09-bf-cf","modelType":"Wi-SHT10","DATAS":["Temperature","Humidity"],"Temperature":3.29,"Humidity":-959.04,"TIMESTAMP":"2022-12-17T21:45:43.200Z","BATT":100,"INTERVAL":300},{"modelID":"ba-f4-64-09-bf-cf","modelType":"Wi-SHT10","DATAS":["Temperature","Humidity"],"Temperature":4.03,"Humidity":-959.04,"TIMESTAMP":"2022-12-17T21:41:24.803Z","BATT":100,"INTERVAL":300},{"modelID":"ba-f4-64-09-bf-cf","modelType":"Wi-SHT10","DATAS":["Temperature","Humidity"],"Temperature":3.86,"Humidity":-959.04,"TIMESTAMP":"2022-12-17T21:36:10.615Z","BATT":100,"INTERVAL":300},{"modelID":"ba-f4-64-09-bf-cf","modelType":"Wi-SHT10","DATAS":["Temperature","Humidity"],"Temperature":2.25,"Humidity":-959.04,"TIMESTAMP":"2022-12-17T21:30:35.359Z","BATT":100,"INTERVAL":300},{"modelID":"ba-f4-64-09-bf-cf","modelType":"Wi-SHT10","DATAS":["Temperature","Humidity"],"Temperature":3.16,"Humidity":-959.04,"TIMESTAMP":"2022-12-17T21:26:17.469Z","BATT":100,"INTERVAL":300},{"modelID":"ba-f4-64-09-bf-cf","modelType":"Wi-SHT10","DATAS":["Temperature","Humidity"],"Temperature":4.1,"Humidity":-959.04,"TIMESTAMP":"2022-12-17T21:20:54.083Z","BATT":100,"INTERVAL":300},{"modelID":"ba-f4-64-09-bf-cf","modelType":"Wi-SHT10","DATAS":["Temperature","Humidity"],"Temperature":3.93,"Humidity":-959.04,"TIMESTAMP":"2022-12-17T21:16:10.745Z","BATT":100,"INTERVAL":300},{"modelID":"ba-f4-64-09-bf-cf","modelType":"Wi-SHT10","DATAS":["Temperature","Humidity"],"Temperature":2.25,"Humidity":-959.04,"TIMESTAMP":"2022-12-17T21:11:02.436Z","BATT":100,"INTERVAL":300},{"modelID":"ba-f4-64-09-bf-cf","modelType":"Wi-SHT10","DATAS":["Temperature","Humidity"],"Temperature":3.12,"Humidity":-959.04,"TIMESTAMP":"2022-12-17T21:06:10.449Z","BATT":100,"INTERVAL":300},{"modelID":"ba-f4-64-09-bf-cf","modelType":"Wi-SHT10","DATAS":["Temperature","Humidity"],"Temperature":4,"Humidity":-959.04,"TIMESTAMP":"2022-12-17T21:01:21.364Z","BATT":100,"INTERVAL":300},{"modelID":"ba-f4-64-09-bf-cf","modelType":"Wi-SHT10","DATAS":["Temperature","Humidity"],"Temperature":3.73,"Humidity":-959.04,"TIMESTAMP":"2022-12-17T20:55:33.119Z","BATT":100,"INTERVAL":300},{"modelID":"ba-f4-64-09-bf-cf","modelType":"Wi-SHT10","DATAS":["Temperature","Humidity"],"Temperature":2.22,"Humidity":-959.04,"TIMESTAMP":"2022-12-17T20:50:51.639Z","BATT":100,"INTERVAL":300},{"modelID":"ba-f4-64-09-bf-cf","modelType":"Wi-SHT10","DATAS":["Temperature","Humidity"],"Temperature":3.06,"Humidity":-959.04,"TIMESTAMP":"2022-12-17T20:46:10.735Z","BATT":100,"INTERVAL":300},{"modelID":"ba-f4-64-09-bf-cf","modelType":"Wi-SHT10","DATAS":["Temperature","Humidity"],"Temperature":3.96,"Humidity":-959.04,"TIMESTAMP":"2022-12-17T20:41:21.038Z","BATT":100,"INTERVAL":300},{"modelID":"ba-f4-64-09-bf-cf","modelType":"Wi-SHT10","DATAS":["Temperature","Humidity"],"Temperature":4.06,"Humidity":-959.04,"TIMESTAMP":"2022-12-17T20:36:19.839Z","BATT":100,"INTERVAL":300},{"modelID":"ba-f4-64-09-bf-cf","modelType":"Wi-SHT10","DATAS":["Temperature","Humidity"],"Temperature":2.28,"Humidity":-959.04,"TIMESTAMP":"2022-12-17T20:30:52.839Z","BATT":100,"INTERVAL":300},{"modelID":"ba-f4-64-09-bf-cf","modelType":"Wi-SHT10","DATAS":["Temperature","Humidity"],"Temperature":3.06,"Humidity":-959.04,"TIMESTAMP":"2022-12-17T20:25:54.269Z","BATT":100,"INTERVAL":300},{"modelID":"ba-f4-64-09-bf-cf","modelType":"Wi-SHT10","DATAS":["Temperature","Humidity"],"Temperature":3.93,"Humidity":-959.04,"TIMESTAMP":"2022-12-17T20:21:17.761Z","BATT":100,"INTERVAL":300},{"modelID":"ba-f4-64-09-bf-cf","modelType":"Wi-SHT10","DATAS":["Temperature","Humidity"],"Temperature":4.1,"Humidity":-959.04,"TIMESTAMP":"2022-12-17T20:16:17.466Z","BATT":100,"INTERVAL":300},{"modelID":"ba-f4-64-09-bf-cf","modelType":"Wi-SHT10","DATAS":["Temperature","Humidity"],"Temperature":2.45,"Humidity":-959.04,"TIMESTAMP":"2022-12-17T20:11:15.450Z","BATT":100,"INTERVAL":300},{"modelID":"ba-f4-64-09-bf-cf","modelType":"Wi-SHT10","DATAS":["Temperature","Humidity"],"Temperature":2.95,"Humidity":-959.04,"TIMESTAMP":"2022-12-17T20:05:58.253Z","BATT":100,"INTERVAL":300},{"modelID":"ba-f4-64-09-bf-cf","modelType":"Wi-SHT10","DATAS":["Temperature","Humidity"],"Temperature":3.9,"Humidity":-959.04,"TIMESTAMP":"2022-12-17T20:01:17.855Z","BATT":100,"INTERVAL":300},{"modelID":"ba-f4-64-09-bf-cf","modelType":"Wi-SHT10","DATAS":["Temperature","Humidity"],"Temperature":4.1,"Humidity":-959.04,"TIMESTAMP":"2022-12-17T19:55:59.931Z","BATT":100,"INTERVAL":300},{"modelID":"ba-f4-64-09-bf-cf","modelType":"Wi-SHT10","DATAS":["Temperature","Humidity"],"Temperature":2.42,"Humidity":-959.04,"TIMESTAMP":"2022-12-17T19:50:49.040Z","BATT":100,"INTERVAL":300},{"modelID":"ba-f4-64-09-bf-cf","modelType":"Wi-SHT10","DATAS":["Temperature","Humidity"],"Temperature":2.89,"Humidity":-959.04,"TIMESTAMP":"2022-12-17T19:46:11.022Z","BATT":100,"INTERVAL":300},{"modelID":"ba-f4-64-09-bf-cf","modelType":"Wi-SHT10","DATAS":["Temperature","Humidity"],"Temperature":3.96,"Humidity":-959.04,"TIMESTAMP":"2022-12-17T19:40:35.236Z","BATT":100,"INTERVAL":300},{"modelID":"ba-f4-64-09-bf-cf","modelType":"Wi-SHT10","DATAS":["Temperature","Humidity"],"Temperature":4.2,"Humidity":-959.04,"TIMESTAMP":"2022-12-17T19:36:22.851Z","BATT":100,"INTERVAL":300},{"modelID":"ba-f4-64-09-bf-cf","modelType":"Wi-SHT10","DATAS":["Temperature","Humidity"],"Temperature":2.58,"Humidity":-959.04,"TIMESTAMP":"2022-12-17T19:31:16.573Z","BATT":100,"INTERVAL":300},{"modelID":"ba-f4-64-09-bf-cf","modelType":"Wi-SHT10","DATAS":["Temperature","Humidity"],"Temperature":2.95,"Humidity":-959.04,"TIMESTAMP":"2022-12-17T19:25:34.777Z","BATT":100,"INTERVAL":300},{"modelID":"ba-f4-64-09-bf-cf","modelType":"Wi-SHT10","DATAS":["Temperature","Humidity"],"Temperature":3.79,"Humidity":-959.04,"TIMESTAMP":"2022-12-17T19:21:18.072Z","BATT":100,"INTERVAL":300},{"modelID":"ba-f4-64-09-bf-cf","modelType":"Wi-SHT10","DATAS":["Temperature","Humidity"],"Temperature":4.1,"Humidity":-959.04,"TIMESTAMP":"2022-12-17T19:15:34.085Z","BATT":100,"INTERVAL":300},{"modelID":"ba-f4-64-09-bf-cf","modelType":"Wi-SHT10","DATAS":["Temperature","Humidity"],"Temperature":2.62,"Humidity":-959.04,"TIMESTAMP":"2022-12-17T19:11:20.324Z","BATT":100,"INTERVAL":300},{"modelID":"ba-f4-64-09-bf-cf","modelType":"Wi-SHT10","DATAS":["Temperature","Humidity"],"Temperature":2.85,"Humidity":-959.04,"TIMESTAMP":"2022-12-17T19:05:34.807Z","BATT":100,"INTERVAL":300},{"modelID":"ba-f4-64-09-bf-cf","modelType":"Wi-SHT10","DATAS":["Temperature","Humidity"],"Temperature":3.79,"Humidity":-959.04,"TIMESTAMP":"2022-12-17T19:00:40.683Z","BATT":100,"INTERVAL":300},{"modelID":"ba-f4-64-09-bf-cf","modelType":"Wi-SHT10","DATAS":["Temperature","Humidity"],"Temperature":4.23,"Humidity":-959.04,"TIMESTAMP":"2022-12-17T18:56:23.083Z","BATT":100,"INTERVAL":300},{"modelID":"ba-f4-64-09-bf-cf","modelType":"Wi-SHT10","DATAS":["Temperature","Humidity"],"Temperature":2.58,"Humidity":-959.04,"TIMESTAMP":"2022-12-17T18:50:33.923Z","BATT":100,"INTERVAL":300},{"modelID":"ba-f4-64-09-bf-cf","modelType":"Wi-SHT10","DATAS":["Temperature","Humidity"],"Temperature":2.65,"Humidity":-959.04,"TIMESTAMP":"2022-12-17T18:45:57.843Z","BATT":100,"INTERVAL":300},{"modelID":"ba-f4-64-09-bf-cf","modelType":"Wi-SHT10","DATAS":["Temperature","Humidity"],"Temperature":3.69,"Humidity":-959.04,"TIMESTAMP":"2022-12-17T18:40:35.555Z","BATT":100,"INTERVAL":300},{"modelID":"ba-f4-64-09-bf-cf","modelType":"Wi-SHT10","DATAS":["Temperature","Humidity"],"Temperature":4.2,"Humidity":-959.04,"TIMESTAMP":"2022-12-17T18:36:20.698Z","BATT":100,"INTERVAL":300},{"modelID":"ba-f4-64-09-bf-cf","modelType":"Wi-SHT10","DATAS":["Temperature","Humidity"],"Temperature":2.92,"Humidity":-959.04,"TIMESTAMP":"2022-12-17T18:31:00.645Z","BATT":100,"INTERVAL":300},{"modelID":"ba-f4-64-09-bf-cf","modelType":"Wi-SHT10","DATAS":["Temperature","Humidity"],"Temperature":2.48,"Humidity":-959.04,"TIMESTAMP":"2022-12-17T18:26:15.114Z","BATT":100,"INTERVAL":300},{"modelID":"ba-f4-64-09-bf-cf","modelType":"Wi-SHT10","DATAS":["Temperature","Humidity"],"Temperature":3.59,"Humidity":-959.04,"TIMESTAMP":"2022-12-17T18:20:41.784Z","BATT":100,"INTERVAL":300},{"modelID":"ba-f4-64-09-bf-cf","modelType":"Wi-SHT10","DATAS":["Temperature","Humidity"],"Temperature":4.23,"Humidity":-959.04,"TIMESTAMP":"2022-12-17T18:16:04.070Z","BATT":100,"INTERVAL":300},{"modelID":"ba-f4-64-09-bf-cf","modelType":"Wi-SHT10","DATAS":["Temperature","Humidity"],"Temperature":3.02,"Humidity":-959.04,"TIMESTAMP":"2022-12-17T18:10:27.318Z","BATT":100,"INTERVAL":300},{"modelID":"ba-f4-64-09-bf-cf","modelType":"Wi-SHT10","DATAS":["Temperature","Humidity"],"Temperature":2.38,"Humidity":-959.04,"TIMESTAMP":"2022-12-17T18:05:58.801Z","BATT":100,"INTERVAL":300},{"modelID":"ba-f4-64-09-bf-cf","modelType":"Wi-SHT10","DATAS":["Temperature","Humidity"],"Temperature":3.49,"Humidity":-959.04,"TIMESTAMP":"2022-12-17T18:00:35.677Z","BATT":100,"INTERVAL":300},{"modelID":"ba-f4-64-09-bf-cf","modelType":"Wi-SHT10","DATAS":["Temperature","Humidity"],"Temperature":4.2,"Humidity":-959.04,"TIMESTAMP":"2022-12-17T17:55:32.399Z","BATT":100,"INTERVAL":300},{"modelID":"ba-f4-64-09-bf-cf","modelType":"Wi-SHT10","DATAS":["Temperature","Humidity"],"Temperature":3.22,"Humidity":-959.04,"TIMESTAMP":"2022-12-17T17:50:27.397Z","BATT":100,"INTERVAL":300},{"modelID":"ba-f4-64-09-bf-cf","modelType":"Wi-SHT10","DATAS":["Temperature","Humidity"],"Temperature":2.38,"Humidity":-959.04,"TIMESTAMP":"2022-12-17T17:45:32.393Z","BATT":100,"INTERVAL":300},{"modelID":"ba-f4-64-09-bf-cf","modelType":"Wi-SHT10","DATAS":["Temperature","Humidity"],"Temperature":3.22,"Humidity":-959.04,"TIMESTAMP":"2022-12-17T17:41:19.558Z","BATT":100,"INTERVAL":300},{"modelID":"ba-f4-64-09-bf-cf","modelType":"Wi-SHT10","DATAS":["Temperature","Humidity"],"Temperature":4.1,"Humidity":-959.04,"TIMESTAMP":"2022-12-17T17:36:26.002Z","BATT":100,"INTERVAL":300},{"modelID":"ba-f4-64-09-bf-cf","modelType":"Wi-SHT10","DATAS":["Temperature","Humidity"],"Temperature":3.86,"Humidity":-959.04,"TIMESTAMP":"2022-12-17T17:31:11.834Z","BATT":100,"INTERVAL":300},{"modelID":"ba-f4-64-09-bf-cf","modelType":"Wi-SHT10","DATAS":["Temperature","Humidity"],"Temperature":2.25,"Humidity":-959.04,"TIMESTAMP":"2022-12-17T17:26:03.564Z","BATT":100,"INTERVAL":300},{"modelID":"ba-f4-64-09-bf-cf","modelType":"Wi-SHT10","DATAS":["Temperature","Humidity"],"Temperature":3.12,"Humidity":-959.04,"TIMESTAMP":"2022-12-17T17:21:18.761Z","BATT":100,"INTERVAL":300},{"modelID":"ba-f4-64-09-bf-cf","modelType":"Wi-SHT10","DATAS":["Temperature","Humidity"],"Temperature":4.1,"Humidity":-959.04,"TIMESTAMP":"2022-12-17T17:15:59.098Z","BATT":100,"INTERVAL":300},{"modelID":"ba-f4-64-09-bf-cf","modelType":"Wi-SHT10","DATAS":["Temperature","Humidity"],"Temperature":3.9,"Humidity":-959.04,"TIMESTAMP":"2022-12-17T17:10:59.559Z","BATT":100,"INTERVAL":300},{"modelID":"ba-f4-64-09-bf-cf","modelType":"Wi-SHT10","DATAS":["Temperature","Humidity"],"Temperature":2.18,"Humidity":-959.04,"TIMESTAMP":"2022-12-17T17:05:32.485Z","BATT":100,"INTERVAL":300},{"modelID":"ba-f4-64-09-bf-cf","modelType":"Wi-SHT10","DATAS":["Temperature","Humidity"],"Temperature":2.99,"Humidity":-959.04,"TIMESTAMP":"2022-12-17T17:01:11.564Z","BATT":100,"INTERVAL":300},{"modelID":"ba-f4-64-09-bf-cf","modelType":"Wi-SHT10","DATAS":["Temperature","Humidity"],"Temperature":4,"Humidity":-959.04,"TIMESTAMP":"2022-12-17T16:55:44.633Z","BATT":100,"INTERVAL":300},{"modelID":"ba-f4-64-09-bf-cf","modelType":"Wi-SHT10","DATAS":["Temperature","Humidity"],"Temperature":4.03,"Humidity":-959.04,"TIMESTAMP":"2022-12-17T16:50:59.789Z","BATT":100,"INTERVAL":300},{"modelID":"ba-f4-64-09-bf-cf","modelType":"Wi-SHT10","DATAS":["Temperature","Humidity"],"Temperature":2.42,"Humidity":-959.04,"TIMESTAMP":"2022-12-17T16:46:15.949Z","BATT":100,"INTERVAL":300},{"modelID":"ba-f4-64-09-bf-cf","modelType":"Wi-SHT10","DATAS":["Temperature","Humidity"],"Temperature":2.82,"Humidity":-959.04,"TIMESTAMP":"2022-12-17T16:41:26.281Z","BATT":100,"INTERVAL":300},{"modelID":"ba-f4-64-09-bf-cf","modelType":"Wi-SHT10","DATAS":["Temperature","Humidity"],"Temperature":3.86,"Humidity":-959.04,"TIMESTAMP":"2022-12-17T16:35:45.147Z","BATT":100,"INTERVAL":300},{"modelID":"ba-f4-64-09-bf-cf","modelType":"Wi-SHT10","DATAS":["Temperature","Humidity"],"Temperature":4.16,"Humidity":-959.04,"TIMESTAMP":"2022-12-17T16:31:01.124Z","BATT":100,"INTERVAL":300},{"modelID":"ba-f4-64-09-bf-cf","modelType":"Wi-SHT10","DATAS":["Temperature","Humidity"],"Temperature":2.48,"Humidity":-959.04,"TIMESTAMP":"2022-12-17T16:25:36.049Z","BATT":100,"INTERVAL":300},{"modelID":"ba-f4-64-09-bf-cf","modelType":"Wi-SHT10","DATAS":["Temperature","Humidity"],"Temperature":2.62,"Humidity":-959.04,"TIMESTAMP":"2022-12-17T16:21:23.887Z","BATT":100,"INTERVAL":300},{"modelID":"ba-f4-64-09-bf-cf","modelType":"Wi-SHT10","DATAS":["Temperature","Humidity"],"Temperature":3.73,"Humidity":-959.04,"TIMESTAMP":"2022-12-17T16:15:41.447Z","BATT":100,"INTERVAL":300},{"modelID":"ba-f4-64-09-bf-cf","modelType":"Wi-SHT10","DATAS":["Temperature","Humidity"],"Temperature":4.23,"Humidity":-959.04,"TIMESTAMP":"2022-12-17T16:10:47.238Z","BATT":100,"INTERVAL":300},{"modelID":"ba-f4-64-09-bf-cf","modelType":"Wi-SHT10","DATAS":["Temperature","Humidity"],"Temperature":2.75,"Humidity":-959.04,"TIMESTAMP":"2022-12-17T16:05:34.965Z","BATT":100,"INTERVAL":300},{"modelID":"ba-f4-64-09-bf-cf","modelType":"Wi-SHT10","DATAS":["Temperature","Humidity"],"Temperature":2.62,"Humidity":-959.04,"TIMESTAMP":"2022-12-17T16:00:45.527Z","BATT":100,"INTERVAL":300}],"DAYHOURS":["12","11","10","9","8","7","6","5","4","3","2","1","0"]}