{"SENSORNAME":"L5-CDR Store (Inpatient)","SENSORTYPE":"WISENSOR","DTUID":"-1","SENSORID":"BA-D8-12-43-58-EB","DATE0":"2022-12-18T04:10:03.864Z","DATE1":"2022-03-31T08:10:03.104Z","DAYDATA":[{"modelID":"ba-d8-12-43-58-eb","modelType":"Wi-SHT10","DATAS":["Temperature","Humidity"],"Temperature":2.96,"Humidity":-959.04,"TIMESTAMP":"2022-12-18T04:10:03.864Z","BATT":1,"INTERVAL":600},{"modelID":"ba-d8-12-43-58-eb","modelType":"Wi-SHT10","DATAS":["Temperature","Humidity"],"Temperature":3.57,"Humidity":-959.04,"TIMESTAMP":"2022-12-18T03:59:39.703Z","BATT":1,"INTERVAL":600},{"modelID":"ba-d8-12-43-58-eb","modelType":"Wi-SHT10","DATAS":["Temperature","Humidity"],"Temperature":3.3,"Humidity":-959.04,"TIMESTAMP":"2022-12-18T03:49:29.355Z","BATT":1,"INTERVAL":600},{"modelID":"ba-d8-12-43-58-eb","modelType":"Wi-SHT10","DATAS":["Temperature","Humidity"],"Temperature":3.13,"Humidity":-959.04,"TIMESTAMP":"2022-12-18T03:39:41.575Z","BATT":1,"INTERVAL":600},{"modelID":"ba-d8-12-43-58-eb","modelType":"Wi-SHT10","DATAS":["Temperature","Humidity"],"Temperature":3.53,"Humidity":-959.04,"TIMESTAMP":"2022-12-18T03:29:46.096Z","BATT":1,"INTERVAL":600},{"modelID":"ba-d8-12-43-58-eb","modelType":"Wi-SHT10","DATAS":["Temperature","Humidity"],"Temperature":3.03,"Humidity":-959.04,"TIMESTAMP":"2022-12-18T03:19:41.593Z","BATT":1,"INTERVAL":600},{"modelID":"ba-d8-12-43-58-eb","modelType":"Wi-SHT10","DATAS":["Temperature","Humidity"],"Temperature":3.53,"Humidity":-959.04,"TIMESTAMP":"2022-12-18T03:10:22.894Z","BATT":1,"INTERVAL":600},{"modelID":"ba-d8-12-43-58-eb","modelType":"Wi-SHT10","DATAS":["Temperature","Humidity"],"Temperature":3.33,"Humidity":-959.04,"TIMESTAMP":"2022-12-18T03:00:14.443Z","BATT":1,"INTERVAL":600},{"modelID":"ba-d8-12-43-58-eb","modelType":"Wi-SHT10","DATAS":["Temperature","Humidity"],"Temperature":2.96,"Humidity":-959.04,"TIMESTAMP":"2022-12-18T02:49:34.481Z","BATT":1,"INTERVAL":600},{"modelID":"ba-d8-12-43-58-eb","modelType":"Wi-SHT10","DATAS":["Temperature","Humidity"],"Temperature":3.6,"Humidity":-959.04,"TIMESTAMP":"2022-12-18T02:39:47.913Z","BATT":1,"INTERVAL":600},{"modelID":"ba-d8-12-43-58-eb","modelType":"Wi-SHT10","DATAS":["Temperature","Humidity"],"Temperature":3.16,"Humidity":-959.04,"TIMESTAMP":"2022-12-18T02:29:42.827Z","BATT":1,"INTERVAL":600},{"modelID":"ba-d8-12-43-58-eb","modelType":"Wi-SHT10","DATAS":["Temperature","Humidity"],"Temperature":3.23,"Humidity":-959.04,"TIMESTAMP":"2022-12-18T02:19:43.243Z","BATT":1,"INTERVAL":600},{"modelID":"ba-d8-12-43-58-eb","modelType":"Wi-SHT10","DATAS":["Temperature","Humidity"],"Temperature":3.47,"Humidity":-959.04,"TIMESTAMP":"2022-12-18T02:10:14.344Z","BATT":1,"INTERVAL":600},{"modelID":"ba-d8-12-43-58-eb","modelType":"Wi-SHT10","DATAS":["Temperature","Humidity"],"Temperature":3,"Humidity":-959.04,"TIMESTAMP":"2022-12-18T02:00:03.308Z","BATT":1,"INTERVAL":600},{"modelID":"ba-d8-12-43-58-eb","modelType":"Wi-SHT10","DATAS":["Temperature","Humidity"],"Temperature":3.57,"Humidity":-959.04,"TIMESTAMP":"2022-12-18T01:49:43.056Z","BATT":1,"INTERVAL":600},{"modelID":"ba-d8-12-43-58-eb","modelType":"Wi-SHT10","DATAS":["Temperature","Humidity"],"Temperature":3.23,"Humidity":-959.04,"TIMESTAMP":"2022-12-18T01:40:24.064Z","BATT":1,"INTERVAL":600},{"modelID":"ba-d8-12-43-58-eb","modelType":"Wi-SHT10","DATAS":["Temperature","Humidity"],"Temperature":3.06,"Humidity":-959.04,"TIMESTAMP":"2022-12-18T01:30:03.426Z","BATT":1,"INTERVAL":600},{"modelID":"ba-d8-12-43-58-eb","modelType":"Wi-SHT10","DATAS":["Temperature","Humidity"],"Temperature":3.57,"Humidity":-959.04,"TIMESTAMP":"2022-12-18T01:19:46.593Z","BATT":1,"INTERVAL":600},{"modelID":"ba-d8-12-43-58-eb","modelType":"Wi-SHT10","DATAS":["Temperature","Humidity"],"Temperature":3.03,"Humidity":-959.04,"TIMESTAMP":"2022-12-18T01:10:22.311Z","BATT":1,"INTERVAL":600},{"modelID":"ba-d8-12-43-58-eb","modelType":"Wi-SHT10","DATAS":["Temperature","Humidity"],"Temperature":3.4,"Humidity":-959.04,"TIMESTAMP":"2022-12-18T01:00:23.398Z","BATT":1,"INTERVAL":600},{"modelID":"ba-d8-12-43-58-eb","modelType":"Wi-SHT10","DATAS":["Temperature","Humidity"],"Temperature":3.4,"Humidity":-959.04,"TIMESTAMP":"2022-12-18T00:50:13.888Z","BATT":1,"INTERVAL":600},{"modelID":"ba-d8-12-43-58-eb","modelType":"Wi-SHT10","DATAS":["Temperature","Humidity"],"Temperature":2.96,"Humidity":-959.04,"TIMESTAMP":"2022-12-18T00:39:42.282Z","BATT":1,"INTERVAL":600},{"modelID":"ba-d8-12-43-58-eb","modelType":"Wi-SHT10","DATAS":["Temperature","Humidity"],"Temperature":3.53,"Humidity":-959.04,"TIMESTAMP":"2022-12-18T00:29:47.090Z","BATT":1,"INTERVAL":600},{"modelID":"ba-d8-12-43-58-eb","modelType":"Wi-SHT10","DATAS":["Temperature","Humidity"],"Temperature":3.5,"Humidity":-959.04,"TIMESTAMP":"2022-12-18T00:00:14.124Z","BATT":1,"INTERVAL":600},{"modelID":"ba-d8-12-43-58-eb","modelType":"Wi-SHT10","DATAS":["Temperature","Humidity"],"Temperature":2.96,"Humidity":-959.04,"TIMESTAMP":"2022-12-17T23:49:43.863Z","BATT":1,"INTERVAL":600},{"modelID":"ba-d8-12-43-58-eb","modelType":"Wi-SHT10","DATAS":["Temperature","Humidity"],"Temperature":3.47,"Humidity":-959.04,"TIMESTAMP":"2022-12-17T23:40:22.793Z","BATT":1,"INTERVAL":600},{"modelID":"ba-d8-12-43-58-eb","modelType":"Wi-SHT10","DATAS":["Temperature","Humidity"],"Temperature":3.33,"Humidity":-959.04,"TIMESTAMP":"2022-12-17T23:30:01.534Z","BATT":1,"INTERVAL":600},{"modelID":"ba-d8-12-43-58-eb","modelType":"Wi-SHT10","DATAS":["Temperature","Humidity"],"Temperature":2.9,"Humidity":-959.04,"TIMESTAMP":"2022-12-17T23:19:42.596Z","BATT":1,"INTERVAL":600},{"modelID":"ba-d8-12-43-58-eb","modelType":"Wi-SHT10","DATAS":["Temperature","Humidity"],"Temperature":3.53,"Humidity":-959.04,"TIMESTAMP":"2022-12-17T23:09:47.368Z","BATT":1,"INTERVAL":600},{"modelID":"ba-d8-12-43-58-eb","modelType":"Wi-SHT10","DATAS":["Temperature","Humidity"],"Temperature":3.16,"Humidity":-959.04,"TIMESTAMP":"2022-12-17T22:59:29.433Z","BATT":1,"INTERVAL":600},{"modelID":"ba-d8-12-43-58-eb","modelType":"Wi-SHT10","DATAS":["Temperature","Humidity"],"Temperature":3.13,"Humidity":-959.04,"TIMESTAMP":"2022-12-17T22:50:07.591Z","BATT":1,"INTERVAL":600},{"modelID":"ba-d8-12-43-58-eb","modelType":"Wi-SHT10","DATAS":["Temperature","Humidity"],"Temperature":3.5,"Humidity":-959.04,"TIMESTAMP":"2022-12-17T22:40:01.753Z","BATT":1,"INTERVAL":600},{"modelID":"ba-d8-12-43-58-eb","modelType":"Wi-SHT10","DATAS":["Temperature","Humidity"],"Temperature":2.9,"Humidity":-959.04,"TIMESTAMP":"2022-12-17T22:30:22.874Z","BATT":1,"INTERVAL":600},{"modelID":"ba-d8-12-43-58-eb","modelType":"Wi-SHT10","DATAS":["Temperature","Humidity"],"Temperature":3.4,"Humidity":-959.04,"TIMESTAMP":"2022-12-17T22:19:40.107Z","BATT":1,"INTERVAL":600},{"modelID":"ba-d8-12-43-58-eb","modelType":"Wi-SHT10","DATAS":["Temperature","Humidity"],"Temperature":3.3,"Humidity":-959.04,"TIMESTAMP":"2022-12-17T22:10:14.409Z","BATT":1,"INTERVAL":600},{"modelID":"ba-d8-12-43-58-eb","modelType":"Wi-SHT10","DATAS":["Temperature","Humidity"],"Temperature":2.96,"Humidity":-959.04,"TIMESTAMP":"2022-12-17T21:59:42.917Z","BATT":1,"INTERVAL":600},{"modelID":"ba-d8-12-43-58-eb","modelType":"Wi-SHT10","DATAS":["Temperature","Humidity"],"Temperature":3.53,"Humidity":-959.04,"TIMESTAMP":"2022-12-17T21:49:47.435Z","BATT":1,"INTERVAL":600},{"modelID":"ba-d8-12-43-58-eb","modelType":"Wi-SHT10","DATAS":["Temperature","Humidity"],"Temperature":3.03,"Humidity":-959.04,"TIMESTAMP":"2022-12-17T21:40:24.965Z","BATT":1,"INTERVAL":600},{"modelID":"ba-d8-12-43-58-eb","modelType":"Wi-SHT10","DATAS":["Temperature","Humidity"],"Temperature":3.06,"Humidity":-959.04,"TIMESTAMP":"2022-12-17T21:29:44.418Z","BATT":1,"INTERVAL":600},{"modelID":"ba-d8-12-43-58-eb","modelType":"Wi-SHT10","DATAS":["Temperature","Humidity"],"Temperature":3.47,"Humidity":-959.04,"TIMESTAMP":"2022-12-17T21:20:14.448Z","BATT":1,"INTERVAL":600},{"modelID":"ba-d8-12-43-58-eb","modelType":"Wi-SHT10","DATAS":["Temperature","Humidity"],"Temperature":3,"Humidity":-959.04,"TIMESTAMP":"2022-12-17T21:09:44.463Z","BATT":1,"INTERVAL":600},{"modelID":"ba-d8-12-43-58-eb","modelType":"Wi-SHT10","DATAS":["Temperature","Humidity"],"Temperature":3.47,"Humidity":-959.04,"TIMESTAMP":"2022-12-17T21:00:23.366Z","BATT":1,"INTERVAL":600},{"modelID":"ba-d8-12-43-58-eb","modelType":"Wi-SHT10","DATAS":["Temperature","Humidity"],"Temperature":3.33,"Humidity":-959.04,"TIMESTAMP":"2022-12-17T20:50:14.735Z","BATT":1,"INTERVAL":600},{"modelID":"ba-d8-12-43-58-eb","modelType":"Wi-SHT10","DATAS":["Temperature","Humidity"],"Temperature":2.96,"Humidity":-959.04,"TIMESTAMP":"2022-12-17T20:40:04.626Z","BATT":1,"INTERVAL":600},{"modelID":"ba-d8-12-43-58-eb","modelType":"Wi-SHT10","DATAS":["Temperature","Humidity"],"Temperature":3.57,"Humidity":-959.04,"TIMESTAMP":"2022-12-17T20:29:30.075Z","BATT":1,"INTERVAL":600},{"modelID":"ba-d8-12-43-58-eb","modelType":"Wi-SHT10","DATAS":["Temperature","Humidity"],"Temperature":3.13,"Humidity":-959.04,"TIMESTAMP":"2022-12-17T20:20:21.937Z","BATT":1,"INTERVAL":600},{"modelID":"ba-d8-12-43-58-eb","modelType":"Wi-SHT10","DATAS":["Temperature","Humidity"],"Temperature":3.1,"Humidity":-959.04,"TIMESTAMP":"2022-12-17T20:10:08.128Z","BATT":1,"INTERVAL":600},{"modelID":"ba-d8-12-43-58-eb","modelType":"Wi-SHT10","DATAS":["Temperature","Humidity"],"Temperature":3.5,"Humidity":-959.04,"TIMESTAMP":"2022-12-17T20:00:15.088Z","BATT":1,"INTERVAL":600},{"modelID":"ba-d8-12-43-58-eb","modelType":"Wi-SHT10","DATAS":["Temperature","Humidity"],"Temperature":2.96,"Humidity":-959.04,"TIMESTAMP":"2022-12-17T19:50:06.722Z","BATT":1,"INTERVAL":600},{"modelID":"ba-d8-12-43-58-eb","modelType":"Wi-SHT10","DATAS":["Temperature","Humidity"],"Temperature":3.43,"Humidity":-959.04,"TIMESTAMP":"2022-12-17T19:39:40.746Z","BATT":1,"INTERVAL":600},{"modelID":"ba-d8-12-43-58-eb","modelType":"Wi-SHT10","DATAS":["Temperature","Humidity"],"Temperature":3.3,"Humidity":-959.04,"TIMESTAMP":"2022-12-17T19:30:15.031Z","BATT":1,"INTERVAL":600},{"modelID":"ba-d8-12-43-58-eb","modelType":"Wi-SHT10","DATAS":["Temperature","Humidity"],"Temperature":2.96,"Humidity":-959.04,"TIMESTAMP":"2022-12-17T19:20:04.892Z","BATT":1,"INTERVAL":600},{"modelID":"ba-d8-12-43-58-eb","modelType":"Wi-SHT10","DATAS":["Temperature","Humidity"],"Temperature":3.57,"Humidity":-959.04,"TIMESTAMP":"2022-12-17T19:10:22.213Z","BATT":1,"INTERVAL":600},{"modelID":"ba-d8-12-43-58-eb","modelType":"Wi-SHT10","DATAS":["Temperature","Humidity"],"Temperature":3.1,"Humidity":-959.04,"TIMESTAMP":"2022-12-17T19:00:09.150Z","BATT":1,"INTERVAL":600},{"modelID":"ba-d8-12-43-58-eb","modelType":"Wi-SHT10","DATAS":["Temperature","Humidity"],"Temperature":3.27,"Humidity":-959.04,"TIMESTAMP":"2022-12-17T18:50:06.978Z","BATT":1,"INTERVAL":600},{"modelID":"ba-d8-12-43-58-eb","modelType":"Wi-SHT10","DATAS":["Temperature","Humidity"],"Temperature":2.96,"Humidity":-959.04,"TIMESTAMP":"2022-12-17T18:29:43.682Z","BATT":1,"INTERVAL":600},{"modelID":"ba-d8-12-43-58-eb","modelType":"Wi-SHT10","DATAS":["Temperature","Humidity"],"Temperature":3.53,"Humidity":-959.04,"TIMESTAMP":"2022-12-17T18:19:44.740Z","BATT":1,"INTERVAL":600},{"modelID":"ba-d8-12-43-58-eb","modelType":"Wi-SHT10","DATAS":["Temperature","Humidity"],"Temperature":3.23,"Humidity":-959.04,"TIMESTAMP":"2022-12-17T18:10:15.194Z","BATT":1,"INTERVAL":600},{"modelID":"ba-d8-12-43-58-eb","modelType":"Wi-SHT10","DATAS":["Temperature","Humidity"],"Temperature":3,"Humidity":-959.04,"TIMESTAMP":"2022-12-17T17:59:43.784Z","BATT":1,"INTERVAL":600},{"modelID":"ba-d8-12-43-58-eb","modelType":"Wi-SHT10","DATAS":["Temperature","Humidity"],"Temperature":3.53,"Humidity":-959.04,"TIMESTAMP":"2022-12-17T17:50:15.260Z","BATT":1,"INTERVAL":600},{"modelID":"ba-d8-12-43-58-eb","modelType":"Wi-SHT10","DATAS":["Temperature","Humidity"],"Temperature":3,"Humidity":-959.04,"TIMESTAMP":"2022-12-17T17:40:24.241Z","BATT":1,"INTERVAL":600},{"modelID":"ba-d8-12-43-58-eb","modelType":"Wi-SHT10","DATAS":["Temperature","Humidity"],"Temperature":3.33,"Humidity":-959.04,"TIMESTAMP":"2022-12-17T17:30:07.297Z","BATT":1,"INTERVAL":600},{"modelID":"ba-d8-12-43-58-eb","modelType":"Wi-SHT10","DATAS":["Temperature","Humidity"],"Temperature":3.43,"Humidity":-959.04,"TIMESTAMP":"2022-12-17T17:19:59.118Z","BATT":1,"INTERVAL":600},{"modelID":"ba-d8-12-43-58-eb","modelType":"Wi-SHT10","DATAS":["Temperature","Humidity"],"Temperature":2.93,"Humidity":-959.04,"TIMESTAMP":"2022-12-17T17:10:05.393Z","BATT":1,"INTERVAL":600},{"modelID":"ba-d8-12-43-58-eb","modelType":"Wi-SHT10","DATAS":["Temperature","Humidity"],"Temperature":3.57,"Humidity":-959.04,"TIMESTAMP":"2022-12-17T16:59:45.066Z","BATT":1,"INTERVAL":600},{"modelID":"ba-d8-12-43-58-eb","modelType":"Wi-SHT10","DATAS":["Temperature","Humidity"],"Temperature":3.23,"Humidity":-959.04,"TIMESTAMP":"2022-12-17T16:49:30.950Z","BATT":1,"INTERVAL":600},{"modelID":"ba-d8-12-43-58-eb","modelType":"Wi-SHT10","DATAS":["Temperature","Humidity"],"Temperature":3.13,"Humidity":-959.04,"TIMESTAMP":"2022-12-17T16:40:09.287Z","BATT":1,"INTERVAL":600},{"modelID":"ba-d8-12-43-58-eb","modelType":"Wi-SHT10","DATAS":["Temperature","Humidity"],"Temperature":3.5,"Humidity":-959.04,"TIMESTAMP":"2022-12-17T16:30:15.770Z","BATT":1,"INTERVAL":600},{"modelID":"ba-d8-12-43-58-eb","modelType":"Wi-SHT10","DATAS":["Temperature","Humidity"],"Temperature":2.96,"Humidity":-959.04,"TIMESTAMP":"2022-12-17T16:20:09.064Z","BATT":1,"INTERVAL":600},{"modelID":"ba-d8-12-43-58-eb","modelType":"Wi-SHT10","DATAS":["Temperature","Humidity"],"Temperature":3.5,"Humidity":-959.04,"TIMESTAMP":"2022-12-17T16:10:09.719Z","BATT":1,"INTERVAL":600},{"modelID":"ba-d8-12-43-58-eb","modelType":"Wi-SHT10","DATAS":["Temperature","Humidity"],"Temperature":3.27,"Humidity":-959.04,"TIMESTAMP":"2022-12-17T16:00:15.955Z","BATT":1,"INTERVAL":600}],"DAYHOURS":["12","11","10","9","8","7","6","5","4","3","2","1","0"]}