{"SENSORNAME":"CHILLER B - CWR TEMP ","SENSORTYPE":"WTRTEMP(485)","DTUID":"205","SENSORID":"40","DATE0":"2022-12-18T03:28:25.049Z","DATE1":"2022-02-13T09:05:45.513Z","DAYDATA":[{"DTUID":"205","SENSORID":40,"FUNCID":3,"NDATA":2,"SENSORTYPE":"WATER-TEMP","RCV_BYTES":["0000","0118"],"DATAS":[0,280],"DATAS1":[],"DATAS2":[],"TIMESTAMP":"2022-12-18T03:28:25.049Z"},{"DTUID":"205","SENSORID":40,"FUNCID":3,"NDATA":2,"SENSORTYPE":"WATER-TEMP","RCV_BYTES":["0000","010F"],"DATAS":[0,271],"DATAS1":[],"DATAS2":[],"TIMESTAMP":"2022-12-18T01:27:55.387Z"},{"DTUID":"205","SENSORID":40,"FUNCID":3,"NDATA":2,"SENSORTYPE":"WATER-TEMP","RCV_BYTES":["0000","0119"],"DATAS":[0,281],"DATAS1":[],"DATAS2":[],"TIMESTAMP":"2022-12-17T20:27:34.221Z"},{"DTUID":"205","SENSORID":40,"FUNCID":3,"NDATA":2,"SENSORTYPE":"WATER-TEMP","RCV_BYTES":["0000","011D"],"DATAS":[0,285],"DATAS1":[],"DATAS2":[],"TIMESTAMP":"2022-12-17T17:27:21.700Z"}],"DAYHOURS":["11","9","4","1"]}