{"SENSORNAME":"SSB6-1","SENSORTYPE":"PWRMTR(485)","DTUID":"5","SENSORID":1,"PWRMTR0":"277","PWRMTR1":"4","DAYDATA":[{"DTUID":"5","SENSORID":1,"FUNCID":3,"NDATA":2,"SENSORTYPE":"PWR-METER-POWER","RCV_BYTES":["0000","6C39"],"DATAS":[0,27705],"DATAS1":[],"DATAS2":[],"TIMESTAMP":"2022-12-18T00:49:00.125Z"},{"DTUID":"5","SENSORID":1,"FUNCID":3,"NDATA":2,"SENSORTYPE":"PWR-METER-POWER","RCV_BYTES":["0000","6C35"],"DATAS":[0,27701],"DATAS1":[],"DATAS2":[],"TIMESTAMP":"2022-12-17T23:28:57.940Z"},{"DTUID":"5","SENSORID":1,"FUNCID":3,"NDATA":2,"SENSORTYPE":"PWR-METER-POWER","RCV_BYTES":["0000","6C32"],"DATAS":[0,27698],"DATAS1":[],"DATAS2":[],"TIMESTAMP":"2022-12-17T22:28:49.551Z"},{"DTUID":"5","SENSORID":1,"FUNCID":3,"NDATA":2,"SENSORTYPE":"PWR-METER-POWER","RCV_BYTES":["0000","6C30"],"DATAS":[0,27696],"DATAS1":[],"DATAS2":[],"TIMESTAMP":"2022-12-17T21:49:09.063Z"},{"DTUID":"5","SENSORID":1,"FUNCID":3,"NDATA":2,"SENSORTYPE":"PWR-METER-POWER","RCV_BYTES":["0000","6C2C"],"DATAS":[0,27692],"DATAS1":[],"DATAS2":[],"TIMESTAMP":"2022-12-17T20:28:41.322Z"},{"DTUID":"5","SENSORID":1,"FUNCID":3,"NDATA":2,"SENSORTYPE":"PWR-METER-POWER","RCV_BYTES":["0000","6C23"],"DATAS":[0,27683],"DATAS1":[],"DATAS2":[],"TIMESTAMP":"2022-12-17T17:28:31.842Z"}],"DAYHOURS":["8","7","6","5","4","1"],"MNTH-2022_12":"277","WK51":"277","WK50":"272","WK49":"264","MNTH-2022_11":"257","WK48":"256","WK47":"250","WK46":"241","WK45":"233","WK44":"226","MNTH-2022_10":"225","WK43":"218","WK42":"211","WK41":"203","WK40":"195","MNTH-2022_9":"190","WK39":"186","WK38":"177","WK37":"166","WK36":"159","MNTH-2022_8":"153","WK35":"152","WK34":"142","WK33":"133","WK32":"124","WK31":"115","MNTH-2022_7":"113","WK30":"106","WK29":"98","WK28":"89","WK27":"79","MNTH-2022_6":"72","WK26":"69","WK25":"58","WK24":"49","WK23":"41","MNTH-2022_5":"33","WK22":"33","WK21":"24","WK20":"16","WK19":"6"}