{"SENSORNAME":"PRECOOL FE","SENSORTYPE":"AIRFLW(485)","DTUID":"203","SENSORID":"60","DATE0":"2022-12-18T03:28:18.029Z","DATE1":"2022-02-13T09:06:09.653Z","DAYDATA":[{"DTUID":"203","SENSORID":60,"FUNCID":3,"NDATA":2,"SENSORTYPE":"AIRFLOW-VEL","RCV_BYTES":["0000","0000"],"DATAS":[0,0],"DATAS1":[],"DATAS2":[],"TIMESTAMP":"2022-12-18T03:28:18.029Z"},{"DTUID":"203","SENSORID":60,"FUNCID":3,"NDATA":2,"SENSORTYPE":"AIRFLOW-VEL","RCV_BYTES":["0000","0000"],"DATAS":[0,0],"DATAS1":[],"DATAS2":[],"TIMESTAMP":"2022-12-18T01:28:12.386Z"},{"DTUID":"203","SENSORID":60,"FUNCID":3,"NDATA":2,"SENSORTYPE":"AIRFLOW-VEL","RCV_BYTES":["0000","0000"],"DATAS":[0,0],"DATAS1":[],"DATAS2":[],"TIMESTAMP":"2022-12-18T00:48:04.863Z"},{"DTUID":"203","SENSORID":60,"FUNCID":3,"NDATA":2,"SENSORTYPE":"AIRFLOW-VEL","RCV_BYTES":["0000","0000"],"DATAS":[0,0],"DATAS1":[],"DATAS2":[],"TIMESTAMP":"2022-12-18T00:28:05.085Z"},{"DTUID":"203","SENSORID":60,"FUNCID":3,"NDATA":2,"SENSORTYPE":"AIRFLOW-VEL","RCV_BYTES":["0000","0000"],"DATAS":[0,0],"DATAS1":[],"DATAS2":[],"TIMESTAMP":"2022-12-17T23:28:39.241Z"},{"DTUID":"203","SENSORID":60,"FUNCID":3,"NDATA":2,"SENSORTYPE":"AIRFLOW-VEL","RCV_BYTES":["0002","02D0"],"DATAS":[2,720],"DATAS1":[],"DATAS2":[],"TIMESTAMP":"2022-12-17T22:27:52.291Z"},{"DTUID":"203","SENSORID":60,"FUNCID":3,"NDATA":2,"SENSORTYPE":"AIRFLOW-VEL","RCV_BYTES":["0000","0000"],"DATAS":[0,0],"DATAS1":[],"DATAS2":[],"TIMESTAMP":"2022-12-17T21:47:48.612Z"},{"DTUID":"203","SENSORID":60,"FUNCID":3,"NDATA":2,"SENSORTYPE":"AIRFLOW-VEL","RCV_BYTES":["0000","0000"],"DATAS":[0,0],"DATAS1":[],"DATAS2":[],"TIMESTAMP":"2022-12-17T21:27:49.244Z"},{"DTUID":"203","SENSORID":60,"FUNCID":3,"NDATA":2,"SENSORTYPE":"AIRFLOW-VEL","RCV_BYTES":["0000","0000"],"DATAS":[0,0],"DATAS1":[],"DATAS2":[],"TIMESTAMP":"2022-12-17T20:47:54.512Z"},{"DTUID":"203","SENSORID":60,"FUNCID":3,"NDATA":2,"SENSORTYPE":"AIRFLOW-VEL","RCV_BYTES":["0000","0000"],"DATAS":[0,0],"DATAS1":[],"DATAS2":[],"TIMESTAMP":"2022-12-17T20:27:51.413Z"},{"DTUID":"203","SENSORID":60,"FUNCID":3,"NDATA":2,"SENSORTYPE":"AIRFLOW-VEL","RCV_BYTES":["0000","0000"],"DATAS":[0,0],"DATAS1":[],"DATAS2":[],"TIMESTAMP":"2022-12-17T19:27:41.974Z"},{"DTUID":"203","SENSORID":60,"FUNCID":3,"NDATA":2,"SENSORTYPE":"AIRFLOW-VEL","RCV_BYTES":["0000","0000"],"DATAS":[0,0],"DATAS1":[],"DATAS2":[],"TIMESTAMP":"2022-12-17T18:27:36.823Z"},{"DTUID":"203","SENSORID":60,"FUNCID":3,"NDATA":2,"SENSORTYPE":"AIRFLOW-VEL","RCV_BYTES":["0000","0000"],"DATAS":[0,0],"DATAS1":[],"DATAS2":[],"TIMESTAMP":"2022-12-17T17:27:33.629Z"}],"DAYHOURS":["11","9","8","7","6","5","4","3","2","1"]}