{"SENSORNAME":"COMPRESSOR AIR DUCT","SENSORTYPE":"AIRFLW(485)","DTUID":"219","SENSORID":"61","DATE0":"2022-12-18T02:28:19.054Z","DATE1":"2022-02-13T09:06:11.633Z","DAYDATA":[{"DTUID":"219","SENSORID":61,"FUNCID":3,"NDATA":2,"SENSORTYPE":"AIRFLOW-VEL","RCV_BYTES":["0014","0048"],"DATAS":[20,72],"DATAS1":[],"DATAS2":[],"TIMESTAMP":"2022-12-18T02:28:19.054Z"},{"DTUID":"219","SENSORID":61,"FUNCID":3,"NDATA":2,"SENSORTYPE":"AIRFLOW-VEL","RCV_BYTES":["001A","005D"],"DATAS":[26,93],"DATAS1":[],"DATAS2":[],"TIMESTAMP":"2022-12-18T01:28:08.247Z"},{"DTUID":"219","SENSORID":61,"FUNCID":3,"NDATA":2,"SENSORTYPE":"AIRFLOW-VEL","RCV_BYTES":["0016","004F"],"DATAS":[22,79],"DATAS1":[],"DATAS2":[],"TIMESTAMP":"2022-12-18T00:48:06.046Z"},{"DTUID":"219","SENSORID":61,"FUNCID":3,"NDATA":2,"SENSORTYPE":"AIRFLOW-VEL","RCV_BYTES":["0013","0044"],"DATAS":[19,68],"DATAS1":[],"DATAS2":[],"TIMESTAMP":"2022-12-18T00:28:06.262Z"},{"DTUID":"219","SENSORID":61,"FUNCID":3,"NDATA":2,"SENSORTYPE":"AIRFLOW-VEL","RCV_BYTES":["0012","0040"],"DATAS":[18,64],"DATAS1":[],"DATAS2":[],"TIMESTAMP":"2022-12-17T23:28:03.781Z"},{"DTUID":"219","SENSORID":61,"FUNCID":3,"NDATA":2,"SENSORTYPE":"AIRFLOW-VEL","RCV_BYTES":["0012","0040"],"DATAS":[18,64],"DATAS1":[],"DATAS2":[],"TIMESTAMP":"2022-12-17T22:27:53.471Z"},{"DTUID":"219","SENSORID":61,"FUNCID":3,"NDATA":2,"SENSORTYPE":"AIRFLOW-VEL","RCV_BYTES":["0016","004F"],"DATAS":[22,79],"DATAS1":[],"DATAS2":[],"TIMESTAMP":"2022-12-17T21:47:49.784Z"},{"DTUID":"219","SENSORID":61,"FUNCID":3,"NDATA":2,"SENSORTYPE":"AIRFLOW-VEL","RCV_BYTES":["0013","0044"],"DATAS":[19,68],"DATAS1":[],"DATAS2":[],"TIMESTAMP":"2022-12-17T21:27:56.124Z"},{"DTUID":"219","SENSORID":61,"FUNCID":3,"NDATA":2,"SENSORTYPE":"AIRFLOW-VEL","RCV_BYTES":["0013","0044"],"DATAS":[19,68],"DATAS1":[],"DATAS2":[],"TIMESTAMP":"2022-12-17T20:47:48.472Z"},{"DTUID":"219","SENSORID":61,"FUNCID":3,"NDATA":2,"SENSORTYPE":"AIRFLOW-VEL","RCV_BYTES":["0016","004F"],"DATAS":[22,79],"DATAS1":[],"DATAS2":[],"TIMESTAMP":"2022-12-17T20:27:48.313Z"},{"DTUID":"219","SENSORID":61,"FUNCID":3,"NDATA":2,"SENSORTYPE":"AIRFLOW-VEL","RCV_BYTES":["0014","0048"],"DATAS":[20,72],"DATAS1":[],"DATAS2":[],"TIMESTAMP":"2022-12-17T19:27:43.154Z"},{"DTUID":"219","SENSORID":61,"FUNCID":3,"NDATA":2,"SENSORTYPE":"AIRFLOW-VEL","RCV_BYTES":["0013","0044"],"DATAS":[19,68],"DATAS1":[],"DATAS2":[],"TIMESTAMP":"2022-12-17T18:27:38.024Z"},{"DTUID":"219","SENSORID":61,"FUNCID":3,"NDATA":2,"SENSORTYPE":"AIRFLOW-VEL","RCV_BYTES":["0013","0044"],"DATAS":[19,68],"DATAS1":[],"DATAS2":[],"TIMESTAMP":"2022-12-17T17:27:34.801Z"}],"DAYHOURS":["10","9","8","7","6","5","4","3","2","1"]}