{"SENSORNAME":"SSB1-2","SENSORTYPE":"PWRMTR(485)","DTUID":"4","SENSORID":2,"PWRMTR0":"993847","PWRMTR1":"20378","DAYDATA":[{"DTUID":"4","SENSORID":2,"FUNCID":3,"NDATA":2,"SENSORTYPE":"PWR-METER-POWER","RCV_BYTES":["05EC","7D90"],"DATAS":[1516,32144],"DATAS1":[],"DATAS2":[],"TIMESTAMP":"2022-12-18T02:29:21.974Z"},{"DTUID":"4","SENSORID":2,"FUNCID":3,"NDATA":2,"SENSORTYPE":"PWR-METER-POWER","RCV_BYTES":["05EB","A8C0"],"DATAS":[1515,-22336],"DATAS1":[],"DATAS2":[],"TIMESTAMP":"2022-12-17T21:29:08.663Z"},{"DTUID":"4","SENSORID":2,"FUNCID":3,"NDATA":2,"SENSORTYPE":"PWR-METER-POWER","RCV_BYTES":["05EB","3DE0"],"DATAS":[1515,15840],"DATAS1":[],"DATAS2":[],"TIMESTAMP":"2022-12-17T19:28:52.161Z"}],"DAYHOURS":["10","5","3"],"MNTH-2022_12":"993847","WK51":"993847","WK50":"973126","WK49":"943380","MNTH-2022_11":"918605","WK48":"914244","WK47":"886901","WK46":"859474","WK45":"829133","WK44":"798869","MNTH-2022_10":"793306","WK43":"770558","WK42":"741545","WK41":"709558","WK40":"678168","MNTH-2022_9":"660631","WK39":"645257","WK38":"613692","WK37":"578592","WK36":"554822","MNTH-2022_8":"529346","WK35":"525259","WK34":"494359","WK33":"464820","WK32":"432362","WK31":"400229","MNTH-2022_7":"391034","WK30":"368148","WK29":"335923","WK28":"304354","WK27":"273547","MNTH-2022_6":"250692","WK26":"241970","WK25":"211565","WK24":"182522","WK23":"150468","MNTH-2022_5":"119494","WK22":"119494","WK21":"88145","WK20":"57144","WK19":"26647"}