{"SENSORNAME":"AIR COMPR C2","SENSORTYPE":"PWRMTR(485)","DTUID":"111","SENSORID":4,"PWRMTR0":"219769","PWRMTR1":"0","DAYDATA":[{"DTUID":"111","SENSORID":4,"FUNCID":3,"NDATA":2,"SENSORTYPE":"PWR-METER-POWER","RCV_BYTES":["014F","5730"],"DATAS":[335,22320],"DATAS1":[],"DATAS2":[],"TIMESTAMP":"2022-12-18T02:28:28.074Z"},{"DTUID":"111","SENSORID":4,"FUNCID":3,"NDATA":2,"SENSORTYPE":"PWR-METER-POWER","RCV_BYTES":["014F","4538"],"DATAS":[335,17720],"DATAS1":[],"DATAS2":[],"TIMESTAMP":"2022-12-18T00:48:20.664Z"},{"DTUID":"111","SENSORID":4,"FUNCID":3,"NDATA":2,"SENSORTYPE":"PWR-METER-POWER","RCV_BYTES":["014F","4178"],"DATAS":[335,16760],"DATAS1":[],"DATAS2":[],"TIMESTAMP":"2022-12-18T00:28:21.211Z"},{"DTUID":"111","SENSORID":4,"FUNCID":3,"NDATA":2,"SENSORTYPE":"PWR-METER-POWER","RCV_BYTES":["014F","21C0"],"DATAS":[335,8640],"DATAS1":[],"DATAS2":[],"TIMESTAMP":"2022-12-17T22:28:08.391Z"},{"DTUID":"111","SENSORID":4,"FUNCID":3,"NDATA":2,"SENSORTYPE":"PWR-METER-POWER","RCV_BYTES":["014F","1388"],"DATAS":[335,5000],"DATAS1":[],"DATAS2":[],"TIMESTAMP":"2022-12-17T21:48:04.844Z"},{"DTUID":"111","SENSORID":4,"FUNCID":3,"NDATA":2,"SENSORTYPE":"PWR-METER-POWER","RCV_BYTES":["014F","0C58"],"DATAS":[335,3160],"DATAS1":[],"DATAS2":[],"TIMESTAMP":"2022-12-17T21:28:05.152Z"},{"DTUID":"111","SENSORID":4,"FUNCID":3,"NDATA":2,"SENSORTYPE":"PWR-METER-POWER","RCV_BYTES":["014E","F678"],"DATAS":[334,-2440],"DATAS1":[],"DATAS2":[],"TIMESTAMP":"2022-12-17T20:28:02.453Z"},{"DTUID":"111","SENSORID":4,"FUNCID":3,"NDATA":2,"SENSORTYPE":"PWR-METER-POWER","RCV_BYTES":["014E","C8B0"],"DATAS":[334,-14160],"DATAS1":[],"DATAS2":[],"TIMESTAMP":"2022-12-17T18:27:53.023Z"},{"DTUID":"111","SENSORID":4,"FUNCID":3,"NDATA":2,"SENSORTYPE":"PWR-METER-POWER","RCV_BYTES":["014E","B140"],"DATAS":[334,-20160],"DATAS1":[],"DATAS2":[],"TIMESTAMP":"2022-12-17T17:27:49.721Z"}],"DAYHOURS":["10","8","6","5","4","2","1"],"MNTH-2022_12":"219769","WK51":"219769","WK50":"216960","WK49":"207632","MNTH-2022_11":"197496","WK48":"195405","WK47":"186036","WK46":"174681","WK45":"162194","WK44":"151121","MNTH-2022_10":"148900","WK43":"137478","WK42":"133247","WK41":"133247","WK40":"132926","MNTH-2022_9":"132926","WK39":"132926","WK38":"125054","WK37":"119690","WK36":"115011","MNTH-2022_8":"115011","WK35":"115011","WK34":"114970","WK33":"105110","WK32":"98026","WK31":"85934","MNTH-2022_7":"82561","WK30":"81126","WK29":"71317","WK28":"69976","WK27":"60043","MNTH-2022_6":"60042","WK26":"60042","WK25":"49301","WK24":"38374","WK23":"31253","MNTH-2022_5":"31253","WK22":"31253","WK21":"30292","WK20":"14480","WK19":"3012"}