{"SENSORNAME":"CHILLER A - CWS PRESS 1","SENSORTYPE":"WTRPRS(485)","DTUID":"207","SENSORID":"23","DATE0":"2022-12-18T03:27:45.117Z","DATE1":"2022-02-13T09:59:06.549Z","DAYDATA":[{"DTUID":"207","SENSORID":23,"FUNCID":3,"NDATA":2,"SENSORTYPE":"WATER-PRES","RCV_BYTES":["4335","CC8B"],"DATAS":[17205,-13173],"DATAS1":[],"DATAS2":[],"TIMESTAMP":"2022-12-18T03:27:45.117Z"},{"DTUID":"207","SENSORID":23,"FUNCID":3,"NDATA":2,"SENSORTYPE":"WATER-PRES","RCV_BYTES":["4337","02D1"],"DATAS":[17207,721],"DATAS1":[],"DATAS2":[],"TIMESTAMP":"2022-12-18T02:27:39.006Z"},{"DTUID":"207","SENSORID":23,"FUNCID":3,"NDATA":2,"SENSORTYPE":"WATER-PRES","RCV_BYTES":["433C","A6A8"],"DATAS":[17212,-22872],"DATAS1":[],"DATAS2":[],"TIMESTAMP":"2022-12-18T01:27:34.187Z"},{"DTUID":"207","SENSORID":23,"FUNCID":3,"NDATA":2,"SENSORTYPE":"WATER-PRES","RCV_BYTES":["431C","D22D"],"DATAS":[17180,-11731],"DATAS1":[],"DATAS2":[],"TIMESTAMP":"2022-12-18T00:47:31.965Z"},{"DTUID":"207","SENSORID":23,"FUNCID":3,"NDATA":2,"SENSORTYPE":"WATER-PRES","RCV_BYTES":["4329","82D1"],"DATAS":[17193,-32047],"DATAS1":[],"DATAS2":[],"TIMESTAMP":"2022-12-18T00:27:32.146Z"},{"DTUID":"207","SENSORID":23,"FUNCID":3,"NDATA":2,"SENSORTYPE":"WATER-PRES","RCV_BYTES":["4324","E106"],"DATAS":[17188,-7930],"DATAS1":[],"DATAS2":[],"TIMESTAMP":"2022-12-17T23:27:29.842Z"},{"DTUID":"207","SENSORID":23,"FUNCID":3,"NDATA":2,"SENSORTYPE":"WATER-PRES","RCV_BYTES":["4325","AF9E"],"DATAS":[17189,-20578],"DATAS1":[],"DATAS2":[],"TIMESTAMP":"2022-12-17T22:27:19.371Z"},{"DTUID":"207","SENSORID":23,"FUNCID":3,"NDATA":2,"SENSORTYPE":"WATER-PRES","RCV_BYTES":["4324","E106"],"DATAS":[17188,-7930],"DATAS1":[],"DATAS2":[],"TIMESTAMP":"2022-12-17T21:47:15.763Z"},{"DTUID":"207","SENSORID":23,"FUNCID":3,"NDATA":2,"SENSORTYPE":"WATER-PRES","RCV_BYTES":["4325","AF9E"],"DATAS":[17189,-20578],"DATAS1":[],"DATAS2":[],"TIMESTAMP":"2022-12-17T21:27:15.967Z"},{"DTUID":"207","SENSORID":23,"FUNCID":3,"NDATA":2,"SENSORTYPE":"WATER-PRES","RCV_BYTES":["4324","AD50"],"DATAS":[17188,-21168],"DATAS1":[],"DATAS2":[],"TIMESTAMP":"2022-12-17T20:27:13.233Z"},{"DTUID":"207","SENSORID":23,"FUNCID":3,"NDATA":2,"SENSORTYPE":"WATER-PRES","RCV_BYTES":["4324","AD50"],"DATAS":[17188,-21168],"DATAS1":[],"DATAS2":[],"TIMESTAMP":"2022-12-17T19:27:09.095Z"},{"DTUID":"207","SENSORID":23,"FUNCID":3,"NDATA":2,"SENSORTYPE":"WATER-PRES","RCV_BYTES":["4324","AD50"],"DATAS":[17188,-21168],"DATAS1":[],"DATAS2":[],"TIMESTAMP":"2022-12-17T18:27:03.923Z"}],"DAYHOURS":["11","10","9","8","7","6","5","4","3","2"]}