{"SENSORNAME":"C.TOWER B","SENSORTYPE":"PWRMTR(485)","DTUID":"100","SENSORID":17,"PWRMTR0":"4605","PWRMTR1":"333","DAYDATA":[{"DTUID":"100","SENSORID":17,"FUNCID":3,"NDATA":2,"SENSORTYPE":"PWR-METER-POWER","RCV_BYTES":["0007","06B0"],"DATAS":[7,1712],"DATAS1":[],"DATAS2":[],"TIMESTAMP":"2022-12-18T03:29:12.189Z"},{"DTUID":"100","SENSORID":17,"FUNCID":3,"NDATA":2,"SENSORTYPE":"PWR-METER-POWER","RCV_BYTES":["0007","0374"],"DATAS":[7,884],"DATAS1":[],"DATAS2":[],"TIMESTAMP":"2022-12-18T00:29:33.618Z"},{"DTUID":"100","SENSORID":17,"FUNCID":3,"NDATA":2,"SENSORTYPE":"PWR-METER-POWER","RCV_BYTES":["0007","02F2"],"DATAS":[7,754],"DATAS1":[],"DATAS2":[],"TIMESTAMP":"2022-12-17T23:29:24.622Z"},{"DTUID":"100","SENSORID":17,"FUNCID":3,"NDATA":2,"SENSORTYPE":"PWR-METER-POWER","RCV_BYTES":["0007","02F2"],"DATAS":[7,754],"DATAS1":[],"DATAS2":[],"TIMESTAMP":"2022-12-17T21:28:30.923Z"},{"DTUID":"100","SENSORID":17,"FUNCID":3,"NDATA":2,"SENSORTYPE":"PWR-METER-POWER","RCV_BYTES":["0007","02F2"],"DATAS":[7,754],"DATAS1":[],"DATAS2":[],"TIMESTAMP":"2022-12-17T20:48:29.593Z"},{"DTUID":"100","SENSORID":17,"FUNCID":3,"NDATA":2,"SENSORTYPE":"PWR-METER-POWER","RCV_BYTES":["0007","02F2"],"DATAS":[7,754],"DATAS1":[],"DATAS2":[],"TIMESTAMP":"2022-12-17T20:28:28.521Z"},{"DTUID":"100","SENSORID":17,"FUNCID":3,"NDATA":2,"SENSORTYPE":"PWR-METER-POWER","RCV_BYTES":["0007","02F2"],"DATAS":[7,754],"DATAS1":[],"DATAS2":[],"TIMESTAMP":"2022-12-17T18:28:18.823Z"},{"DTUID":"100","SENSORID":17,"FUNCID":3,"NDATA":2,"SENSORTYPE":"PWR-METER-POWER","RCV_BYTES":["0007","02F2"],"DATAS":[7,754],"DATAS1":[],"DATAS2":[],"TIMESTAMP":"2022-12-17T17:28:19.721Z"}],"DAYHOURS":["11","8","7","5","4","2","1"],"MNTH-2022_12":"4605","WK51":"4605","WK50":"4595","WK49":"4595","MNTH-2022_11":"4595","WK48":"4595","WK47":"4595","WK46":"4595","WK45":"4595","WK44":"4595","MNTH-2022_10":"4595","WK43":"4595","WK42":"4595","WK41":"4588","WK40":"4588","MNTH-2022_9":"4588","WK39":"4587","WK38":"4587","WK37":"4587","WK36":"4582","MNTH-2022_8":"4582","WK35":"4581","WK34":"4581","WK33":"4578","WK32":"4578","WK31":"4577","MNTH-2022_7":"4577","WK30":"4577","WK29":"4576","WK28":"4252","WK27":"3826","MNTH-2022_6":"3515","WK26":"3400","WK25":"2998","WK24":"2567","WK23":"2133","MNTH-2022_5":"1700","WK22":"1700","WK21":"1273","WK20":"848","WK19":"421"}