{"SENSORNAME":"WATER COOLING PACK UNIT A - CWR TEMP","SENSORTYPE":"WTRTEMP(485)","DTUID":"214","SENSORID":"32","DATE0":"2022-12-18T03:27:52.856Z","DATE1":"2022-02-13T09:05:19.479Z","DAYDATA":[{"DTUID":"214","SENSORID":32,"FUNCID":3,"NDATA":2,"SENSORTYPE":"WATER-TEMP","RCV_BYTES":["0000","0124"],"DATAS":[0,292],"DATAS1":[],"DATAS2":[],"TIMESTAMP":"2022-12-18T03:27:52.856Z"},{"DTUID":"214","SENSORID":32,"FUNCID":3,"NDATA":2,"SENSORTYPE":"WATER-TEMP","RCV_BYTES":["0000","011F"],"DATAS":[0,287],"DATAS1":[],"DATAS2":[],"TIMESTAMP":"2022-12-18T00:47:39.683Z"},{"DTUID":"214","SENSORID":32,"FUNCID":3,"NDATA":2,"SENSORTYPE":"WATER-TEMP","RCV_BYTES":["0000","0124"],"DATAS":[0,292],"DATAS1":[],"DATAS2":[],"TIMESTAMP":"2022-12-17T22:27:27.591Z"},{"DTUID":"214","SENSORID":32,"FUNCID":3,"NDATA":2,"SENSORTYPE":"WATER-TEMP","RCV_BYTES":["0000","0125"],"DATAS":[0,293],"DATAS1":[],"DATAS2":[],"TIMESTAMP":"2022-12-17T20:47:22.512Z"},{"DTUID":"214","SENSORID":32,"FUNCID":3,"NDATA":2,"SENSORTYPE":"WATER-TEMP","RCV_BYTES":["0000","0126"],"DATAS":[0,294],"DATAS1":[],"DATAS2":[],"TIMESTAMP":"2022-12-17T20:27:21.513Z"},{"DTUID":"214","SENSORID":32,"FUNCID":3,"NDATA":2,"SENSORTYPE":"WATER-TEMP","RCV_BYTES":["0000","0132"],"DATAS":[0,306],"DATAS1":[],"DATAS2":[],"TIMESTAMP":"2022-12-17T17:27:08.681Z"}],"DAYHOURS":["11","8","6","4","1"]}