{"SENSORNAME":"WCPU OVERALL","SENSORTYPE":"PWRMTR(485)","DTUID":"1","SENSORID":1,"PWRMTR0":"268246","PWRMTR1":"4916","DAYDATA":[{"DTUID":"1","SENSORID":1,"FUNCID":3,"NDATA":2,"SENSORTYPE":"PWR-METER-POWER","RCV_BYTES":["0199","4FC0"],"DATAS":[409,20416],"DATAS1":[],"DATAS2":[],"TIMESTAMP":"2022-12-18T03:29:09.077Z"},{"DTUID":"1","SENSORID":1,"FUNCID":3,"NDATA":2,"SENSORTYPE":"PWR-METER-POWER","RCV_BYTES":["0198","E120"],"DATAS":[408,-7904],"DATAS1":[],"DATAS2":[],"TIMESTAMP":"2022-12-17T22:28:43.551Z"},{"DTUID":"1","SENSORID":1,"FUNCID":3,"NDATA":2,"SENSORTYPE":"PWR-METER-POWER","RCV_BYTES":["0198","D310"],"DATAS":[408,-11504],"DATAS1":[],"DATAS2":[],"TIMESTAMP":"2022-12-17T21:49:17.823Z"},{"DTUID":"1","SENSORID":1,"FUNCID":3,"NDATA":2,"SENSORTYPE":"PWR-METER-POWER","RCV_BYTES":["0198","CBE0"],"DATAS":[408,-13344],"DATAS1":[],"DATAS2":[],"TIMESTAMP":"2022-12-17T21:28:39.904Z"},{"DTUID":"1","SENSORID":1,"FUNCID":3,"NDATA":2,"SENSORTYPE":"PWR-METER-POWER","RCV_BYTES":["0198","BDD0"],"DATAS":[408,-16944],"DATAS1":[],"DATAS2":[],"TIMESTAMP":"2022-12-17T20:48:38.722Z"},{"DTUID":"1","SENSORID":1,"FUNCID":3,"NDATA":2,"SENSORTYPE":"PWR-METER-POWER","RCV_BYTES":["0198","A2A0"],"DATAS":[408,-23904],"DATAS1":[],"DATAS2":[],"TIMESTAMP":"2022-12-17T19:28:33.115Z"}],"DAYHOURS":["11","6","5","4","3"],"MNTH-2022_12":"268246","WK51":"268246","WK50":"261886","WK49":"252075","MNTH-2022_11":"244007","WK48":"242515","WK47":"233602","WK46":"225355","WK45":"216335","WK44":"208598","MNTH-2022_10":"207591","WK43":"200058","WK42":"191458","WK41":"183214","WK40":"175322","MNTH-2022_9":"171332","WK39":"167453","WK38":"153818","WK37":"150609","WK36":"142499","MNTH-2022_8":"135658","WK35":"134585","WK34":"126183","WK33":"117738","WK32":"109252","WK31":"101057","MNTH-2022_7":"98730","WK30":"92708","WK29":"84290","WK28":"75654","WK27":"68074","MNTH-2022_6":"62376","WK26":"60119","WK25":"52207","WK24":"44148","WK23":"37285","MNTH-2022_5":"29475","WK22":"29475","WK21":"21445","WK20":"14062","WK19":"6485"}