{"SENSORNAME":"L5-Corridor 2 D0-17(inpatient)","SENSORTYPE":"WISENSOR","DTUID":"-1","SENSORID":"BA-61-FB-EC-D0-17","DATE0":"2022-12-18T04:07:15.889Z","DATE1":"2022-03-26T09:17:21.911Z","DAYDATA":[{"modelID":"ba-61-fb-ec-d0-17","modelType":"Wi-SHT10","DATAS":["Temperature","Humidity"],"Temperature":3.77,"Humidity":-959.04,"TIMESTAMP":"2022-12-18T04:07:15.889Z","BATT":1,"INTERVAL":300},{"modelID":"ba-61-fb-ec-d0-17","modelType":"Wi-SHT10","DATAS":["Temperature","Humidity"],"Temperature":3.5,"Humidity":-959.04,"TIMESTAMP":"2022-12-18T04:02:24.157Z","BATT":1,"INTERVAL":300},{"modelID":"ba-61-fb-ec-d0-17","modelType":"Wi-SHT10","DATAS":["Temperature","Humidity"],"Temperature":3.06,"Humidity":-959.04,"TIMESTAMP":"2022-12-18T03:57:24.046Z","BATT":1,"INTERVAL":300},{"modelID":"ba-61-fb-ec-d0-17","modelType":"Wi-SHT10","DATAS":["Temperature","Humidity"],"Temperature":3.43,"Humidity":-959.04,"TIMESTAMP":"2022-12-18T03:52:47.753Z","BATT":1,"INTERVAL":300},{"modelID":"ba-61-fb-ec-d0-17","modelType":"Wi-SHT10","DATAS":["Temperature","Humidity"],"Temperature":3.77,"Humidity":-959.04,"TIMESTAMP":"2022-12-18T03:47:25.024Z","BATT":1,"INTERVAL":300},{"modelID":"ba-61-fb-ec-d0-17","modelType":"Wi-SHT10","DATAS":["Temperature","Humidity"],"Temperature":3.4,"Humidity":-959.04,"TIMESTAMP":"2022-12-18T03:42:24.265Z","BATT":1,"INTERVAL":300},{"modelID":"ba-61-fb-ec-d0-17","modelType":"Wi-SHT10","DATAS":["Temperature","Humidity"],"Temperature":3.06,"Humidity":-959.04,"TIMESTAMP":"2022-12-18T03:37:13.853Z","BATT":1,"INTERVAL":300},{"modelID":"ba-61-fb-ec-d0-17","modelType":"Wi-SHT10","DATAS":["Temperature","Humidity"],"Temperature":3.5,"Humidity":-959.04,"TIMESTAMP":"2022-12-18T03:32:46.942Z","BATT":1,"INTERVAL":300},{"modelID":"ba-61-fb-ec-d0-17","modelType":"Wi-SHT10","DATAS":["Temperature","Humidity"],"Temperature":3.77,"Humidity":-959.04,"TIMESTAMP":"2022-12-18T03:27:40.430Z","BATT":1,"INTERVAL":300},{"modelID":"ba-61-fb-ec-d0-17","modelType":"Wi-SHT10","DATAS":["Temperature","Humidity"],"Temperature":3.17,"Humidity":-959.04,"TIMESTAMP":"2022-12-18T03:17:12.318Z","BATT":1,"INTERVAL":300},{"modelID":"ba-61-fb-ec-d0-17","modelType":"Wi-SHT10","DATAS":["Temperature","Humidity"],"Temperature":3.6,"Humidity":-959.04,"TIMESTAMP":"2022-12-18T03:12:30.905Z","BATT":1,"INTERVAL":300},{"modelID":"ba-61-fb-ec-d0-17","modelType":"Wi-SHT10","DATAS":["Temperature","Humidity"],"Temperature":3.8,"Humidity":-959.04,"TIMESTAMP":"2022-12-18T03:07:40.304Z","BATT":1,"INTERVAL":300},{"modelID":"ba-61-fb-ec-d0-17","modelType":"Wi-SHT10","DATAS":["Temperature","Humidity"],"Temperature":3.17,"Humidity":-959.04,"TIMESTAMP":"2022-12-18T02:58:10.187Z","BATT":1,"INTERVAL":300},{"modelID":"ba-61-fb-ec-d0-17","modelType":"Wi-SHT10","DATAS":["Temperature","Humidity"],"Temperature":3.74,"Humidity":-959.04,"TIMESTAMP":"2022-12-18T02:52:45.301Z","BATT":1,"INTERVAL":300},{"modelID":"ba-61-fb-ec-d0-17","modelType":"Wi-SHT10","DATAS":["Temperature","Humidity"],"Temperature":3.84,"Humidity":-959.04,"TIMESTAMP":"2022-12-18T02:47:26.227Z","BATT":1,"INTERVAL":300},{"modelID":"ba-61-fb-ec-d0-17","modelType":"Wi-SHT10","DATAS":["Temperature","Humidity"],"Temperature":3.43,"Humidity":-959.04,"TIMESTAMP":"2022-12-18T02:42:49.106Z","BATT":1,"INTERVAL":300},{"modelID":"ba-61-fb-ec-d0-17","modelType":"Wi-SHT10","DATAS":["Temperature","Humidity"],"Temperature":3.67,"Humidity":-959.04,"TIMESTAMP":"2022-12-18T02:37:20.756Z","BATT":1,"INTERVAL":300},{"modelID":"ba-61-fb-ec-d0-17","modelType":"Wi-SHT10","DATAS":["Temperature","Humidity"],"Temperature":4.44,"Humidity":-959.04,"TIMESTAMP":"2022-12-18T02:32:38.601Z","BATT":1,"INTERVAL":300},{"modelID":"ba-61-fb-ec-d0-17","modelType":"Wi-SHT10","DATAS":["Temperature","Humidity"],"Temperature":5.39,"Humidity":-959.04,"TIMESTAMP":"2022-12-18T02:27:27.256Z","BATT":1,"INTERVAL":300},{"modelID":"ba-61-fb-ec-d0-17","modelType":"Wi-SHT10","DATAS":["Temperature","Humidity"],"Temperature":5.92,"Humidity":-959.04,"TIMESTAMP":"2022-12-18T02:22:47.256Z","BATT":1,"INTERVAL":300},{"modelID":"ba-61-fb-ec-d0-17","modelType":"Wi-SHT10","DATAS":["Temperature","Humidity"],"Temperature":3.77,"Humidity":-959.04,"TIMESTAMP":"2022-12-18T02:17:24.496Z","BATT":1,"INTERVAL":300},{"modelID":"ba-61-fb-ec-d0-17","modelType":"Wi-SHT10","DATAS":["Temperature","Humidity"],"Temperature":3.43,"Humidity":-959.04,"TIMESTAMP":"2022-12-18T02:13:03.727Z","BATT":1,"INTERVAL":300},{"modelID":"ba-61-fb-ec-d0-17","modelType":"Wi-SHT10","DATAS":["Temperature","Humidity"],"Temperature":3.1,"Humidity":-959.04,"TIMESTAMP":"2022-12-18T02:07:24.413Z","BATT":1,"INTERVAL":300},{"modelID":"ba-61-fb-ec-d0-17","modelType":"Wi-SHT10","DATAS":["Temperature","Humidity"],"Temperature":3.54,"Humidity":-959.04,"TIMESTAMP":"2022-12-18T02:02:47.413Z","BATT":1,"INTERVAL":300},{"modelID":"ba-61-fb-ec-d0-17","modelType":"Wi-SHT10","DATAS":["Temperature","Humidity"],"Temperature":3.77,"Humidity":-959.04,"TIMESTAMP":"2022-12-18T01:57:37.390Z","BATT":1,"INTERVAL":300},{"modelID":"ba-61-fb-ec-d0-17","modelType":"Wi-SHT10","DATAS":["Temperature","Humidity"],"Temperature":3.33,"Humidity":-959.04,"TIMESTAMP":"2022-12-18T01:52:58.425Z","BATT":1,"INTERVAL":300},{"modelID":"ba-61-fb-ec-d0-17","modelType":"Wi-SHT10","DATAS":["Temperature","Humidity"],"Temperature":3.13,"Humidity":-959.04,"TIMESTAMP":"2022-12-18T01:47:22.986Z","BATT":1,"INTERVAL":300},{"modelID":"ba-61-fb-ec-d0-17","modelType":"Wi-SHT10","DATAS":["Temperature","Humidity"],"Temperature":3.54,"Humidity":-959.04,"TIMESTAMP":"2022-12-18T01:43:10.529Z","BATT":1,"INTERVAL":300},{"modelID":"ba-61-fb-ec-d0-17","modelType":"Wi-SHT10","DATAS":["Temperature","Humidity"],"Temperature":3.74,"Humidity":-959.04,"TIMESTAMP":"2022-12-18T01:37:44.130Z","BATT":1,"INTERVAL":300},{"modelID":"ba-61-fb-ec-d0-17","modelType":"Wi-SHT10","DATAS":["Temperature","Humidity"],"Temperature":3.27,"Humidity":-959.04,"TIMESTAMP":"2022-12-18T01:32:50.904Z","BATT":1,"INTERVAL":300},{"modelID":"ba-61-fb-ec-d0-17","modelType":"Wi-SHT10","DATAS":["Temperature","Humidity"],"Temperature":3.23,"Humidity":-959.04,"TIMESTAMP":"2022-12-18T01:27:16.829Z","BATT":1,"INTERVAL":300},{"modelID":"ba-61-fb-ec-d0-17","modelType":"Wi-SHT10","DATAS":["Temperature","Humidity"],"Temperature":3.77,"Humidity":-959.04,"TIMESTAMP":"2022-12-18T01:17:58.552Z","BATT":1,"INTERVAL":300},{"modelID":"ba-61-fb-ec-d0-17","modelType":"Wi-SHT10","DATAS":["Temperature","Humidity"],"Temperature":3.13,"Humidity":-959.04,"TIMESTAMP":"2022-12-18T01:12:44.134Z","BATT":1,"INTERVAL":300},{"modelID":"ba-61-fb-ec-d0-17","modelType":"Wi-SHT10","DATAS":["Temperature","Humidity"],"Temperature":3.27,"Humidity":-959.04,"TIMESTAMP":"2022-12-18T01:07:49.462Z","BATT":1,"INTERVAL":300},{"modelID":"ba-61-fb-ec-d0-17","modelType":"Wi-SHT10","DATAS":["Temperature","Humidity"],"Temperature":3.67,"Humidity":-959.04,"TIMESTAMP":"2022-12-18T01:02:49.556Z","BATT":1,"INTERVAL":300},{"modelID":"ba-61-fb-ec-d0-17","modelType":"Wi-SHT10","DATAS":["Temperature","Humidity"],"Temperature":3.67,"Humidity":-959.04,"TIMESTAMP":"2022-12-18T00:57:58.608Z","BATT":1,"INTERVAL":300},{"modelID":"ba-61-fb-ec-d0-17","modelType":"Wi-SHT10","DATAS":["Temperature","Humidity"],"Temperature":3.13,"Humidity":-959.04,"TIMESTAMP":"2022-12-18T00:52:53.218Z","BATT":1,"INTERVAL":300},{"modelID":"ba-61-fb-ec-d0-17","modelType":"Wi-SHT10","DATAS":["Temperature","Humidity"],"Temperature":3.37,"Humidity":-959.04,"TIMESTAMP":"2022-12-18T00:47:19.653Z","BATT":1,"INTERVAL":300},{"modelID":"ba-61-fb-ec-d0-17","modelType":"Wi-SHT10","DATAS":["Temperature","Humidity"],"Temperature":3.7,"Humidity":-959.04,"TIMESTAMP":"2022-12-18T00:42:49.607Z","BATT":1,"INTERVAL":300},{"modelID":"ba-61-fb-ec-d0-17","modelType":"Wi-SHT10","DATAS":["Temperature","Humidity"],"Temperature":3.67,"Humidity":-959.04,"TIMESTAMP":"2022-12-18T00:38:04.238Z","BATT":1,"INTERVAL":300},{"modelID":"ba-61-fb-ec-d0-17","modelType":"Wi-SHT10","DATAS":["Temperature","Humidity"],"Temperature":3.1,"Humidity":-959.04,"TIMESTAMP":"2022-12-18T00:32:21.959Z","BATT":1,"INTERVAL":300},{"modelID":"ba-61-fb-ec-d0-17","modelType":"Wi-SHT10","DATAS":["Temperature","Humidity"],"Temperature":3.4,"Humidity":-959.04,"TIMESTAMP":"2022-12-18T00:27:47.752Z","BATT":1,"INTERVAL":300},{"modelID":"ba-61-fb-ec-d0-17","modelType":"Wi-SHT10","DATAS":["Temperature","Humidity"],"Temperature":3.77,"Humidity":-959.04,"TIMESTAMP":"2022-12-18T00:02:22.169Z","BATT":1,"INTERVAL":300},{"modelID":"ba-61-fb-ec-d0-17","modelType":"Wi-SHT10","DATAS":["Temperature","Humidity"],"Temperature":3.4,"Humidity":-959.04,"TIMESTAMP":"2022-12-17T23:57:25.198Z","BATT":1,"INTERVAL":300},{"modelID":"ba-61-fb-ec-d0-17","modelType":"Wi-SHT10","DATAS":["Temperature","Humidity"],"Temperature":3.06,"Humidity":-959.04,"TIMESTAMP":"2022-12-17T23:52:14.938Z","BATT":1,"INTERVAL":300},{"modelID":"ba-61-fb-ec-d0-17","modelType":"Wi-SHT10","DATAS":["Temperature","Humidity"],"Temperature":3.5,"Humidity":-959.04,"TIMESTAMP":"2022-12-17T23:48:11.059Z","BATT":1,"INTERVAL":300},{"modelID":"ba-61-fb-ec-d0-17","modelType":"Wi-SHT10","DATAS":["Temperature","Humidity"],"Temperature":3.74,"Humidity":-959.04,"TIMESTAMP":"2022-12-17T23:42:37.810Z","BATT":1,"INTERVAL":300},{"modelID":"ba-61-fb-ec-d0-17","modelType":"Wi-SHT10","DATAS":["Temperature","Humidity"],"Temperature":3.17,"Humidity":-959.04,"TIMESTAMP":"2022-12-17T23:32:13.455Z","BATT":1,"INTERVAL":300},{"modelID":"ba-61-fb-ec-d0-17","modelType":"Wi-SHT10","DATAS":["Temperature","Humidity"],"Temperature":3.6,"Humidity":-959.04,"TIMESTAMP":"2022-12-17T23:27:31.974Z","BATT":1,"INTERVAL":300},{"modelID":"ba-61-fb-ec-d0-17","modelType":"Wi-SHT10","DATAS":["Temperature","Humidity"],"Temperature":3.8,"Humidity":-959.04,"TIMESTAMP":"2022-12-17T23:22:44.745Z","BATT":1,"INTERVAL":300},{"modelID":"ba-61-fb-ec-d0-17","modelType":"Wi-SHT10","DATAS":["Temperature","Humidity"],"Temperature":3.27,"Humidity":-959.04,"TIMESTAMP":"2022-12-17T23:17:59.174Z","BATT":1,"INTERVAL":300},{"modelID":"ba-61-fb-ec-d0-17","modelType":"Wi-SHT10","DATAS":["Temperature","Humidity"],"Temperature":3.13,"Humidity":-959.04,"TIMESTAMP":"2022-12-17T23:13:06.197Z","BATT":1,"INTERVAL":300},{"modelID":"ba-61-fb-ec-d0-17","modelType":"Wi-SHT10","DATAS":["Temperature","Humidity"],"Temperature":3.57,"Humidity":-959.04,"TIMESTAMP":"2022-12-17T23:08:11.245Z","BATT":1,"INTERVAL":300},{"modelID":"ba-61-fb-ec-d0-17","modelType":"Wi-SHT10","DATAS":["Temperature","Humidity"],"Temperature":3.17,"Humidity":-959.04,"TIMESTAMP":"2022-12-17T22:57:51.712Z","BATT":1,"INTERVAL":300},{"modelID":"ba-61-fb-ec-d0-17","modelType":"Wi-SHT10","DATAS":["Temperature","Humidity"],"Temperature":3.23,"Humidity":-959.04,"TIMESTAMP":"2022-12-17T22:52:50.162Z","BATT":1,"INTERVAL":300},{"modelID":"ba-61-fb-ec-d0-17","modelType":"Wi-SHT10","DATAS":["Temperature","Humidity"],"Temperature":3.67,"Humidity":-959.04,"TIMESTAMP":"2022-12-17T22:48:11.261Z","BATT":1,"INTERVAL":300},{"modelID":"ba-61-fb-ec-d0-17","modelType":"Wi-SHT10","DATAS":["Temperature","Humidity"],"Temperature":3.74,"Humidity":-959.04,"TIMESTAMP":"2022-12-17T22:43:04.788Z","BATT":1,"INTERVAL":300},{"modelID":"ba-61-fb-ec-d0-17","modelType":"Wi-SHT10","DATAS":["Temperature","Humidity"],"Temperature":3.1,"Humidity":-959.04,"TIMESTAMP":"2022-12-17T22:37:41.412Z","BATT":1,"INTERVAL":300},{"modelID":"ba-61-fb-ec-d0-17","modelType":"Wi-SHT10","DATAS":["Temperature","Humidity"],"Temperature":3.3,"Humidity":-959.04,"TIMESTAMP":"2022-12-17T22:33:11.403Z","BATT":1,"INTERVAL":300},{"modelID":"ba-61-fb-ec-d0-17","modelType":"Wi-SHT10","DATAS":["Temperature","Humidity"],"Temperature":3.74,"Humidity":-959.04,"TIMESTAMP":"2022-12-17T22:27:50.216Z","BATT":1,"INTERVAL":300},{"modelID":"ba-61-fb-ec-d0-17","modelType":"Wi-SHT10","DATAS":["Temperature","Humidity"],"Temperature":3.67,"Humidity":-959.04,"TIMESTAMP":"2022-12-17T22:23:04.787Z","BATT":1,"INTERVAL":300},{"modelID":"ba-61-fb-ec-d0-17","modelType":"Wi-SHT10","DATAS":["Temperature","Humidity"],"Temperature":3.1,"Humidity":-959.04,"TIMESTAMP":"2022-12-17T22:17:22.633Z","BATT":1,"INTERVAL":300},{"modelID":"ba-61-fb-ec-d0-17","modelType":"Wi-SHT10","DATAS":["Temperature","Humidity"],"Temperature":3.4,"Humidity":-959.04,"TIMESTAMP":"2022-12-17T22:12:48.325Z","BATT":1,"INTERVAL":300},{"modelID":"ba-61-fb-ec-d0-17","modelType":"Wi-SHT10","DATAS":["Temperature","Humidity"],"Temperature":3.77,"Humidity":-959.04,"TIMESTAMP":"2022-12-17T22:07:17.999Z","BATT":1,"INTERVAL":300},{"modelID":"ba-61-fb-ec-d0-17","modelType":"Wi-SHT10","DATAS":["Temperature","Humidity"],"Temperature":3.47,"Humidity":-959.04,"TIMESTAMP":"2022-12-17T22:02:25.823Z","BATT":1,"INTERVAL":300},{"modelID":"ba-61-fb-ec-d0-17","modelType":"Wi-SHT10","DATAS":["Temperature","Humidity"],"Temperature":3.06,"Humidity":-959.04,"TIMESTAMP":"2022-12-17T21:57:25.843Z","BATT":1,"INTERVAL":300},{"modelID":"ba-61-fb-ec-d0-17","modelType":"Wi-SHT10","DATAS":["Temperature","Humidity"],"Temperature":3.43,"Humidity":-959.04,"TIMESTAMP":"2022-12-17T21:52:48.503Z","BATT":1,"INTERVAL":300},{"modelID":"ba-61-fb-ec-d0-17","modelType":"Wi-SHT10","DATAS":["Temperature","Humidity"],"Temperature":3.77,"Humidity":-959.04,"TIMESTAMP":"2022-12-17T21:47:22.768Z","BATT":1,"INTERVAL":300},{"modelID":"ba-61-fb-ec-d0-17","modelType":"Wi-SHT10","DATAS":["Temperature","Humidity"],"Temperature":3.4,"Humidity":-959.04,"TIMESTAMP":"2022-12-17T21:42:25.926Z","BATT":1,"INTERVAL":300},{"modelID":"ba-61-fb-ec-d0-17","modelType":"Wi-SHT10","DATAS":["Temperature","Humidity"],"Temperature":3.06,"Humidity":-959.04,"TIMESTAMP":"2022-12-17T21:37:22.408Z","BATT":1,"INTERVAL":300},{"modelID":"ba-61-fb-ec-d0-17","modelType":"Wi-SHT10","DATAS":["Temperature","Humidity"],"Temperature":3.54,"Humidity":-959.04,"TIMESTAMP":"2022-12-17T21:32:48.551Z","BATT":1,"INTERVAL":300},{"modelID":"ba-61-fb-ec-d0-17","modelType":"Wi-SHT10","DATAS":["Temperature","Humidity"],"Temperature":3.77,"Humidity":-959.04,"TIMESTAMP":"2022-12-17T21:27:41.826Z","BATT":1,"INTERVAL":300},{"modelID":"ba-61-fb-ec-d0-17","modelType":"Wi-SHT10","DATAS":["Temperature","Humidity"],"Temperature":3.3,"Humidity":-959.04,"TIMESTAMP":"2022-12-17T21:22:26.029Z","BATT":1,"INTERVAL":300},{"modelID":"ba-61-fb-ec-d0-17","modelType":"Wi-SHT10","DATAS":["Temperature","Humidity"],"Temperature":3.06,"Humidity":-959.04,"TIMESTAMP":"2022-12-17T21:18:06.738Z","BATT":1,"INTERVAL":300},{"modelID":"ba-61-fb-ec-d0-17","modelType":"Wi-SHT10","DATAS":["Temperature","Humidity"],"Temperature":3.57,"Humidity":-959.04,"TIMESTAMP":"2022-12-17T21:12:48.594Z","BATT":1,"INTERVAL":300},{"modelID":"ba-61-fb-ec-d0-17","modelType":"Wi-SHT10","DATAS":["Temperature","Humidity"],"Temperature":3.77,"Humidity":-959.04,"TIMESTAMP":"2022-12-17T21:07:45.378Z","BATT":1,"INTERVAL":300},{"modelID":"ba-61-fb-ec-d0-17","modelType":"Wi-SHT10","DATAS":["Temperature","Humidity"],"Temperature":3.27,"Humidity":-959.04,"TIMESTAMP":"2022-12-17T21:03:02.314Z","BATT":1,"INTERVAL":300},{"modelID":"ba-61-fb-ec-d0-17","modelType":"Wi-SHT10","DATAS":["Temperature","Humidity"],"Temperature":3.2,"Humidity":-959.04,"TIMESTAMP":"2022-12-17T20:57:47.049Z","BATT":1,"INTERVAL":300},{"modelID":"ba-61-fb-ec-d0-17","modelType":"Wi-SHT10","DATAS":["Temperature","Humidity"],"Temperature":3.64,"Humidity":-959.04,"TIMESTAMP":"2022-12-17T20:52:48.711Z","BATT":1,"INTERVAL":300},{"modelID":"ba-61-fb-ec-d0-17","modelType":"Wi-SHT10","DATAS":["Temperature","Humidity"],"Temperature":3.77,"Humidity":-959.04,"TIMESTAMP":"2022-12-17T20:48:02.354Z","BATT":1,"INTERVAL":300},{"modelID":"ba-61-fb-ec-d0-17","modelType":"Wi-SHT10","DATAS":["Temperature","Humidity"],"Temperature":3.2,"Humidity":-959.04,"TIMESTAMP":"2022-12-17T20:42:52.184Z","BATT":1,"INTERVAL":300},{"modelID":"ba-61-fb-ec-d0-17","modelType":"Wi-SHT10","DATAS":["Temperature","Humidity"],"Temperature":3.23,"Humidity":-959.04,"TIMESTAMP":"2022-12-17T20:37:50.717Z","BATT":1,"INTERVAL":300},{"modelID":"ba-61-fb-ec-d0-17","modelType":"Wi-SHT10","DATAS":["Temperature","Humidity"],"Temperature":3.67,"Humidity":-959.04,"TIMESTAMP":"2022-12-17T20:33:11.933Z","BATT":1,"INTERVAL":300},{"modelID":"ba-61-fb-ec-d0-17","modelType":"Wi-SHT10","DATAS":["Temperature","Humidity"],"Temperature":3.74,"Humidity":-959.04,"TIMESTAMP":"2022-12-17T20:27:59.928Z","BATT":1,"INTERVAL":300},{"modelID":"ba-61-fb-ec-d0-17","modelType":"Wi-SHT10","DATAS":["Temperature","Humidity"],"Temperature":3.33,"Humidity":-959.04,"TIMESTAMP":"2022-12-17T20:17:18.725Z","BATT":1,"INTERVAL":300},{"modelID":"ba-61-fb-ec-d0-17","modelType":"Wi-SHT10","DATAS":["Temperature","Humidity"],"Temperature":3.7,"Humidity":-959.04,"TIMESTAMP":"2022-12-17T20:12:50.871Z","BATT":1,"INTERVAL":300},{"modelID":"ba-61-fb-ec-d0-17","modelType":"Wi-SHT10","DATAS":["Temperature","Humidity"],"Temperature":3.67,"Humidity":-959.04,"TIMESTAMP":"2022-12-17T20:08:05.433Z","BATT":1,"INTERVAL":300},{"modelID":"ba-61-fb-ec-d0-17","modelType":"Wi-SHT10","DATAS":["Temperature","Humidity"],"Temperature":3.1,"Humidity":-959.04,"TIMESTAMP":"2022-12-17T20:02:54.552Z","BATT":1,"INTERVAL":300},{"modelID":"ba-61-fb-ec-d0-17","modelType":"Wi-SHT10","DATAS":["Temperature","Humidity"],"Temperature":3.37,"Humidity":-959.04,"TIMESTAMP":"2022-12-17T19:57:48.962Z","BATT":1,"INTERVAL":300},{"modelID":"ba-61-fb-ec-d0-17","modelType":"Wi-SHT10","DATAS":["Temperature","Humidity"],"Temperature":3.77,"Humidity":-959.04,"TIMESTAMP":"2022-12-17T19:52:47.352Z","BATT":1,"INTERVAL":300},{"modelID":"ba-61-fb-ec-d0-17","modelType":"Wi-SHT10","DATAS":["Temperature","Humidity"],"Temperature":3.64,"Humidity":-959.04,"TIMESTAMP":"2022-12-17T19:48:05.519Z","BATT":1,"INTERVAL":300},{"modelID":"ba-61-fb-ec-d0-17","modelType":"Wi-SHT10","DATAS":["Temperature","Humidity"],"Temperature":3.1,"Humidity":-959.04,"TIMESTAMP":"2022-12-17T19:42:26.356Z","BATT":1,"INTERVAL":300},{"modelID":"ba-61-fb-ec-d0-17","modelType":"Wi-SHT10","DATAS":["Temperature","Humidity"],"Temperature":3.43,"Humidity":-959.04,"TIMESTAMP":"2022-12-17T19:37:49.054Z","BATT":1,"INTERVAL":300},{"modelID":"ba-61-fb-ec-d0-17","modelType":"Wi-SHT10","DATAS":["Temperature","Humidity"],"Temperature":3.77,"Humidity":-959.04,"TIMESTAMP":"2022-12-17T19:32:26.337Z","BATT":1,"INTERVAL":300},{"modelID":"ba-61-fb-ec-d0-17","modelType":"Wi-SHT10","DATAS":["Temperature","Humidity"],"Temperature":3.43,"Humidity":-959.04,"TIMESTAMP":"2022-12-17T19:27:26.470Z","BATT":1,"INTERVAL":300},{"modelID":"ba-61-fb-ec-d0-17","modelType":"Wi-SHT10","DATAS":["Temperature","Humidity"],"Temperature":3.06,"Humidity":-959.04,"TIMESTAMP":"2022-12-17T19:22:18.243Z","BATT":1,"INTERVAL":300},{"modelID":"ba-61-fb-ec-d0-17","modelType":"Wi-SHT10","DATAS":["Temperature","Humidity"],"Temperature":3.47,"Humidity":-959.04,"TIMESTAMP":"2022-12-17T19:17:49.132Z","BATT":1,"INTERVAL":300},{"modelID":"ba-61-fb-ec-d0-17","modelType":"Wi-SHT10","DATAS":["Temperature","Humidity"],"Temperature":3.77,"Humidity":-959.04,"TIMESTAMP":"2022-12-17T19:12:54.878Z","BATT":1,"INTERVAL":300},{"modelID":"ba-61-fb-ec-d0-17","modelType":"Wi-SHT10","DATAS":["Temperature","Humidity"],"Temperature":3.37,"Humidity":-959.04,"TIMESTAMP":"2022-12-17T19:07:26.673Z","BATT":1,"INTERVAL":300},{"modelID":"ba-61-fb-ec-d0-17","modelType":"Wi-SHT10","DATAS":["Temperature","Humidity"],"Temperature":3.06,"Humidity":-959.04,"TIMESTAMP":"2022-12-17T19:02:23.113Z","BATT":1,"INTERVAL":300},{"modelID":"ba-61-fb-ec-d0-17","modelType":"Wi-SHT10","DATAS":["Temperature","Humidity"],"Temperature":3.54,"Humidity":-959.04,"TIMESTAMP":"2022-12-17T18:57:49.242Z","BATT":1,"INTERVAL":300},{"modelID":"ba-61-fb-ec-d0-17","modelType":"Wi-SHT10","DATAS":["Temperature","Humidity"],"Temperature":3.77,"Humidity":-959.04,"TIMESTAMP":"2022-12-17T18:52:42.604Z","BATT":1,"INTERVAL":300},{"modelID":"ba-61-fb-ec-d0-17","modelType":"Wi-SHT10","DATAS":["Temperature","Humidity"],"Temperature":3.3,"Humidity":-959.04,"TIMESTAMP":"2022-12-17T18:47:26.740Z","BATT":1,"INTERVAL":300},{"modelID":"ba-61-fb-ec-d0-17","modelType":"Wi-SHT10","DATAS":["Temperature","Humidity"],"Temperature":3.06,"Humidity":-959.04,"TIMESTAMP":"2022-12-17T18:43:07.453Z","BATT":1,"INTERVAL":300},{"modelID":"ba-61-fb-ec-d0-17","modelType":"Wi-SHT10","DATAS":["Temperature","Humidity"],"Temperature":3.57,"Humidity":-959.04,"TIMESTAMP":"2022-12-17T18:37:49.492Z","BATT":1,"INTERVAL":300},{"modelID":"ba-61-fb-ec-d0-17","modelType":"Wi-SHT10","DATAS":["Temperature","Humidity"],"Temperature":3.77,"Humidity":-959.04,"TIMESTAMP":"2022-12-17T18:32:42.553Z","BATT":1,"INTERVAL":300},{"modelID":"ba-61-fb-ec-d0-17","modelType":"Wi-SHT10","DATAS":["Temperature","Humidity"],"Temperature":3.3,"Humidity":-959.04,"TIMESTAMP":"2022-12-17T18:28:00.492Z","BATT":1,"INTERVAL":300},{"modelID":"ba-61-fb-ec-d0-17","modelType":"Wi-SHT10","DATAS":["Temperature","Humidity"],"Temperature":3.13,"Humidity":-959.04,"TIMESTAMP":"2022-12-17T18:22:47.847Z","BATT":1,"INTERVAL":300},{"modelID":"ba-61-fb-ec-d0-17","modelType":"Wi-SHT10","DATAS":["Temperature","Humidity"],"Temperature":3.64,"Humidity":-959.04,"TIMESTAMP":"2022-12-17T18:17:49.433Z","BATT":1,"INTERVAL":300},{"modelID":"ba-61-fb-ec-d0-17","modelType":"Wi-SHT10","DATAS":["Temperature","Humidity"],"Temperature":3.77,"Humidity":-959.04,"TIMESTAMP":"2022-12-17T18:13:03.053Z","BATT":1,"INTERVAL":300},{"modelID":"ba-61-fb-ec-d0-17","modelType":"Wi-SHT10","DATAS":["Temperature","Humidity"],"Temperature":3.2,"Humidity":-959.04,"TIMESTAMP":"2022-12-17T18:07:42.726Z","BATT":1,"INTERVAL":300},{"modelID":"ba-61-fb-ec-d0-17","modelType":"Wi-SHT10","DATAS":["Temperature","Humidity"],"Temperature":3.3,"Humidity":-959.04,"TIMESTAMP":"2022-12-17T18:02:19.454Z","BATT":1,"INTERVAL":300},{"modelID":"ba-61-fb-ec-d0-17","modelType":"Wi-SHT10","DATAS":["Temperature","Humidity"],"Temperature":3.7,"Humidity":-959.04,"TIMESTAMP":"2022-12-17T17:57:19.468Z","BATT":1,"INTERVAL":300},{"modelID":"ba-61-fb-ec-d0-17","modelType":"Wi-SHT10","DATAS":["Temperature","Humidity"],"Temperature":3.17,"Humidity":-959.04,"TIMESTAMP":"2022-12-17T17:47:53.113Z","BATT":1,"INTERVAL":300},{"modelID":"ba-61-fb-ec-d0-17","modelType":"Wi-SHT10","DATAS":["Temperature","Humidity"],"Temperature":3.23,"Humidity":-959.04,"TIMESTAMP":"2022-12-17T17:43:12.661Z","BATT":1,"INTERVAL":300},{"modelID":"ba-61-fb-ec-d0-17","modelType":"Wi-SHT10","DATAS":["Temperature","Humidity"],"Temperature":3.74,"Humidity":-959.04,"TIMESTAMP":"2022-12-17T17:37:19.564Z","BATT":1,"INTERVAL":300},{"modelID":"ba-61-fb-ec-d0-17","modelType":"Wi-SHT10","DATAS":["Temperature","Humidity"],"Temperature":3.7,"Humidity":-959.04,"TIMESTAMP":"2022-12-17T17:33:00.693Z","BATT":1,"INTERVAL":300},{"modelID":"ba-61-fb-ec-d0-17","modelType":"Wi-SHT10","DATAS":["Temperature","Humidity"],"Temperature":3.13,"Humidity":-959.04,"TIMESTAMP":"2022-12-17T17:27:55.351Z","BATT":1,"INTERVAL":300},{"modelID":"ba-61-fb-ec-d0-17","modelType":"Wi-SHT10","DATAS":["Temperature","Humidity"],"Temperature":3.37,"Humidity":-959.04,"TIMESTAMP":"2022-12-17T17:22:19.631Z","BATT":1,"INTERVAL":300},{"modelID":"ba-61-fb-ec-d0-17","modelType":"Wi-SHT10","DATAS":["Temperature","Humidity"],"Temperature":3.7,"Humidity":-959.04,"TIMESTAMP":"2022-12-17T17:17:51.720Z","BATT":1,"INTERVAL":300},{"modelID":"ba-61-fb-ec-d0-17","modelType":"Wi-SHT10","DATAS":["Temperature","Humidity"],"Temperature":3.67,"Humidity":-959.04,"TIMESTAMP":"2022-12-17T17:13:06.232Z","BATT":1,"INTERVAL":300},{"modelID":"ba-61-fb-ec-d0-17","modelType":"Wi-SHT10","DATAS":["Temperature","Humidity"],"Temperature":3.1,"Humidity":-959.04,"TIMESTAMP":"2022-12-17T17:07:55.440Z","BATT":1,"INTERVAL":300},{"modelID":"ba-61-fb-ec-d0-17","modelType":"Wi-SHT10","DATAS":["Temperature","Humidity"],"Temperature":3.37,"Humidity":-959.04,"TIMESTAMP":"2022-12-17T17:02:49.866Z","BATT":1,"INTERVAL":300},{"modelID":"ba-61-fb-ec-d0-17","modelType":"Wi-SHT10","DATAS":["Temperature","Humidity"],"Temperature":3.77,"Humidity":-959.04,"TIMESTAMP":"2022-12-17T16:57:15.225Z","BATT":1,"INTERVAL":300},{"modelID":"ba-61-fb-ec-d0-17","modelType":"Wi-SHT10","DATAS":["Temperature","Humidity"],"Temperature":3.6,"Humidity":-959.04,"TIMESTAMP":"2022-12-17T16:53:04.258Z","BATT":1,"INTERVAL":300},{"modelID":"ba-61-fb-ec-d0-17","modelType":"Wi-SHT10","DATAS":["Temperature","Humidity"],"Temperature":3.03,"Humidity":-959.04,"TIMESTAMP":"2022-12-17T16:47:24.153Z","BATT":1,"INTERVAL":300},{"modelID":"ba-61-fb-ec-d0-17","modelType":"Wi-SHT10","DATAS":["Temperature","Humidity"],"Temperature":3.4,"Humidity":-959.04,"TIMESTAMP":"2022-12-17T16:42:49.951Z","BATT":1,"INTERVAL":300},{"modelID":"ba-61-fb-ec-d0-17","modelType":"Wi-SHT10","DATAS":["Temperature","Humidity"],"Temperature":3.77,"Humidity":-959.04,"TIMESTAMP":"2022-12-17T16:37:16.977Z","BATT":1,"INTERVAL":300},{"modelID":"ba-61-fb-ec-d0-17","modelType":"Wi-SHT10","DATAS":["Temperature","Humidity"],"Temperature":3.5,"Humidity":-959.04,"TIMESTAMP":"2022-12-17T16:33:04.376Z","BATT":1,"INTERVAL":300},{"modelID":"ba-61-fb-ec-d0-17","modelType":"Wi-SHT10","DATAS":["Temperature","Humidity"],"Temperature":3.03,"Humidity":-959.04,"TIMESTAMP":"2022-12-17T16:27:19.086Z","BATT":1,"INTERVAL":300},{"modelID":"ba-61-fb-ec-d0-17","modelType":"Wi-SHT10","DATAS":["Temperature","Humidity"],"Temperature":3.47,"Humidity":-959.04,"TIMESTAMP":"2022-12-17T16:22:50.072Z","BATT":1,"INTERVAL":300},{"modelID":"ba-61-fb-ec-d0-17","modelType":"Wi-SHT10","DATAS":["Temperature","Humidity"],"Temperature":3.77,"Humidity":-959.04,"TIMESTAMP":"2022-12-17T16:17:19.115Z","BATT":1,"INTERVAL":300},{"modelID":"ba-61-fb-ec-d0-17","modelType":"Wi-SHT10","DATAS":["Temperature","Humidity"],"Temperature":3.1,"Humidity":-959.04,"TIMESTAMP":"2022-12-17T16:07:23.991Z","BATT":1,"INTERVAL":300},{"modelID":"ba-61-fb-ec-d0-17","modelType":"Wi-SHT10","DATAS":["Temperature","Humidity"],"Temperature":3.54,"Humidity":-959.04,"TIMESTAMP":"2022-12-17T16:02:33.934Z","BATT":1,"INTERVAL":300}],"DAYHOURS":["12","11","10","9","8","7","6","5","4","3","2","1","0"]}