{"SENSORNAME":"TRANSFORMER ROOM","SENSORTYPE":"WISENSOR","DTUID":"-1","SENSORID":"B0-02-3D-DE-70-5D","DATE0":"2022-12-18T04:05:37.898Z","DATE1":"2022-05-14T03:45:34.109Z","DAYDATA":[{"modelID":"b0-02-3d-de-70-5d","modelType":"Wi-SHT10","DATAS":["Temperature","Humidity"],"Temperature":26.81,"Humidity":35.568,"TIMESTAMP":"2022-12-18T04:05:37.898Z","BATT":100,"INTERVAL":600},{"modelID":"b0-02-3d-de-70-5d","modelType":"Wi-SHT10","DATAS":["Temperature","Humidity"],"Temperature":26.79,"Humidity":35.2896,"TIMESTAMP":"2022-12-18T03:55:45.531Z","BATT":100,"INTERVAL":600},{"modelID":"b0-02-3d-de-70-5d","modelType":"Wi-SHT10","DATAS":["Temperature","Humidity"],"Temperature":26.77,"Humidity":35.0112,"TIMESTAMP":"2022-12-18T03:45:31.650Z","BATT":100,"INTERVAL":600},{"modelID":"b0-02-3d-de-70-5d","modelType":"Wi-SHT10","DATAS":["Temperature","Humidity"],"Temperature":26.8,"Humidity":35.087999999999994,"TIMESTAMP":"2022-12-18T03:35:52.330Z","BATT":100,"INTERVAL":600},{"modelID":"b0-02-3d-de-70-5d","modelType":"Wi-SHT10","DATAS":["Temperature","Humidity"],"Temperature":26.76,"Humidity":34.6656,"TIMESTAMP":"2022-12-18T03:25:58.909Z","BATT":100,"INTERVAL":600},{"modelID":"b0-02-3d-de-70-5d","modelType":"Wi-SHT10","DATAS":["Temperature","Humidity"],"Temperature":26.8,"Humidity":34.416000000000004,"TIMESTAMP":"2022-12-18T03:15:49.510Z","BATT":100,"INTERVAL":600},{"modelID":"b0-02-3d-de-70-5d","modelType":"Wi-SHT10","DATAS":["Temperature","Humidity"],"Temperature":26.79,"Humidity":34.3872,"TIMESTAMP":"2022-12-18T03:06:02.567Z","BATT":100,"INTERVAL":600},{"modelID":"b0-02-3d-de-70-5d","modelType":"Wi-SHT10","DATAS":["Temperature","Humidity"],"Temperature":26.8,"Humidity":34.8192,"TIMESTAMP":"2022-12-18T02:55:55.315Z","BATT":100,"INTERVAL":600},{"modelID":"b0-02-3d-de-70-5d","modelType":"Wi-SHT10","DATAS":["Temperature","Humidity"],"Temperature":26.77,"Humidity":34.464,"TIMESTAMP":"2022-12-18T02:45:54.122Z","BATT":100,"INTERVAL":600},{"modelID":"b0-02-3d-de-70-5d","modelType":"Wi-SHT10","DATAS":["Temperature","Humidity"],"Temperature":26.81,"Humidity":34.0512,"TIMESTAMP":"2022-12-18T02:35:57.465Z","BATT":100,"INTERVAL":600},{"modelID":"b0-02-3d-de-70-5d","modelType":"Wi-SHT10","DATAS":["Temperature","Humidity"],"Temperature":26.81,"Humidity":34.0032,"TIMESTAMP":"2022-12-18T02:25:46.747Z","BATT":100,"INTERVAL":600},{"modelID":"b0-02-3d-de-70-5d","modelType":"Wi-SHT10","DATAS":["Temperature","Humidity"],"Temperature":26.81,"Humidity":33.9552,"TIMESTAMP":"2022-12-18T02:15:51.627Z","BATT":100,"INTERVAL":600},{"modelID":"b0-02-3d-de-70-5d","modelType":"Wi-SHT10","DATAS":["Temperature","Humidity"],"Temperature":26.8,"Humidity":34.0416,"TIMESTAMP":"2022-12-18T02:05:53.189Z","BATT":100,"INTERVAL":600},{"modelID":"b0-02-3d-de-70-5d","modelType":"Wi-SHT10","DATAS":["Temperature","Humidity"],"Temperature":26.85,"Humidity":32.7744,"TIMESTAMP":"2022-12-18T01:55:33.768Z","BATT":100,"INTERVAL":600},{"modelID":"b0-02-3d-de-70-5d","modelType":"Wi-SHT10","DATAS":["Temperature","Humidity"],"Temperature":26.81,"Humidity":32.16,"TIMESTAMP":"2022-12-18T01:45:46.370Z","BATT":100,"INTERVAL":600},{"modelID":"b0-02-3d-de-70-5d","modelType":"Wi-SHT10","DATAS":["Temperature","Humidity"],"Temperature":26.8,"Humidity":31.843200000000003,"TIMESTAMP":"2022-12-18T01:35:53.129Z","BATT":100,"INTERVAL":600},{"modelID":"b0-02-3d-de-70-5d","modelType":"Wi-SHT10","DATAS":["Temperature","Humidity"],"Temperature":26.78,"Humidity":31.6608,"TIMESTAMP":"2022-12-18T01:25:33.727Z","BATT":100,"INTERVAL":600},{"modelID":"b0-02-3d-de-70-5d","modelType":"Wi-SHT10","DATAS":["Temperature","Humidity"],"Temperature":26.75,"Humidity":31.276799999999998,"TIMESTAMP":"2022-12-18T01:15:56.654Z","BATT":100,"INTERVAL":600},{"modelID":"b0-02-3d-de-70-5d","modelType":"Wi-SHT10","DATAS":["Temperature","Humidity"],"Temperature":26.81,"Humidity":30.6528,"TIMESTAMP":"2022-12-18T01:05:59.312Z","BATT":100,"INTERVAL":600},{"modelID":"b0-02-3d-de-70-5d","modelType":"Wi-SHT10","DATAS":["Temperature","Humidity"],"Temperature":26.82,"Humidity":30.268800000000002,"TIMESTAMP":"2022-12-18T00:55:42.168Z","BATT":100,"INTERVAL":600},{"modelID":"b0-02-3d-de-70-5d","modelType":"Wi-SHT10","DATAS":["Temperature","Humidity"],"Temperature":26.77,"Humidity":30.2496,"TIMESTAMP":"2022-12-18T00:45:53.898Z","BATT":100,"INTERVAL":600},{"modelID":"b0-02-3d-de-70-5d","modelType":"Wi-SHT10","DATAS":["Temperature","Humidity"],"Temperature":26.82,"Humidity":29.76,"TIMESTAMP":"2022-12-18T00:35:44.481Z","BATT":100,"INTERVAL":600},{"modelID":"b0-02-3d-de-70-5d","modelType":"Wi-SHT10","DATAS":["Temperature","Humidity"],"Temperature":26.88,"Humidity":29.328,"TIMESTAMP":"2022-12-18T00:25:38.476Z","BATT":100,"INTERVAL":600},{"modelID":"b0-02-3d-de-70-5d","modelType":"Wi-SHT10","DATAS":["Temperature","Humidity"],"Temperature":26.88,"Humidity":28.9536,"TIMESTAMP":"2022-12-18T00:15:50.652Z","BATT":100,"INTERVAL":600},{"modelID":"b0-02-3d-de-70-5d","modelType":"Wi-SHT10","DATAS":["Temperature","Humidity"],"Temperature":26.83,"Humidity":28.7616,"TIMESTAMP":"2022-12-18T00:05:37.080Z","BATT":100,"INTERVAL":600},{"modelID":"b0-02-3d-de-70-5d","modelType":"Wi-SHT10","DATAS":["Temperature","Humidity"],"Temperature":26.88,"Humidity":28.665599999999998,"TIMESTAMP":"2022-12-17T23:55:43.900Z","BATT":100,"INTERVAL":600},{"modelID":"b0-02-3d-de-70-5d","modelType":"Wi-SHT10","DATAS":["Temperature","Humidity"],"Temperature":26.88,"Humidity":28.627200000000002,"TIMESTAMP":"2022-12-17T23:45:42.122Z","BATT":100,"INTERVAL":600},{"modelID":"b0-02-3d-de-70-5d","modelType":"Wi-SHT10","DATAS":["Temperature","Humidity"],"Temperature":26.93,"Humidity":28.6848,"TIMESTAMP":"2022-12-17T23:36:02.101Z","BATT":100,"INTERVAL":600},{"modelID":"b0-02-3d-de-70-5d","modelType":"Wi-SHT10","DATAS":["Temperature","Humidity"],"Temperature":26.95,"Humidity":28.9536,"TIMESTAMP":"2022-12-17T23:25:59.603Z","BATT":100,"INTERVAL":600},{"modelID":"b0-02-3d-de-70-5d","modelType":"Wi-SHT10","DATAS":["Temperature","Humidity"],"Temperature":26.94,"Humidity":28.752,"TIMESTAMP":"2022-12-17T23:15:55.523Z","BATT":100,"INTERVAL":600},{"modelID":"b0-02-3d-de-70-5d","modelType":"Wi-SHT10","DATAS":["Temperature","Humidity"],"Temperature":26.98,"Humidity":28.588800000000003,"TIMESTAMP":"2022-12-17T23:06:02.772Z","BATT":100,"INTERVAL":600},{"modelID":"b0-02-3d-de-70-5d","modelType":"Wi-SHT10","DATAS":["Temperature","Humidity"],"Temperature":26.97,"Humidity":28.435200000000002,"TIMESTAMP":"2022-12-17T22:55:41.151Z","BATT":100,"INTERVAL":600},{"modelID":"b0-02-3d-de-70-5d","modelType":"Wi-SHT10","DATAS":["Temperature","Humidity"],"Temperature":27.03,"Humidity":28.627200000000002,"TIMESTAMP":"2022-12-17T22:45:57.351Z","BATT":100,"INTERVAL":600},{"modelID":"b0-02-3d-de-70-5d","modelType":"Wi-SHT10","DATAS":["Temperature","Humidity"],"Temperature":27.04,"Humidity":29.0016,"TIMESTAMP":"2022-12-17T22:35:46.832Z","BATT":100,"INTERVAL":600},{"modelID":"b0-02-3d-de-70-5d","modelType":"Wi-SHT10","DATAS":["Temperature","Humidity"],"Temperature":27.08,"Humidity":28.982400000000002,"TIMESTAMP":"2022-12-17T22:26:03.952Z","BATT":100,"INTERVAL":600},{"modelID":"b0-02-3d-de-70-5d","modelType":"Wi-SHT10","DATAS":["Temperature","Humidity"],"Temperature":27.05,"Humidity":28.4736,"TIMESTAMP":"2022-12-17T22:15:31.178Z","BATT":100,"INTERVAL":600},{"modelID":"b0-02-3d-de-70-5d","modelType":"Wi-SHT10","DATAS":["Temperature","Humidity"],"Temperature":27.09,"Humidity":28.416,"TIMESTAMP":"2022-12-17T22:05:49.987Z","BATT":100,"INTERVAL":600},{"modelID":"b0-02-3d-de-70-5d","modelType":"Wi-SHT10","DATAS":["Temperature","Humidity"],"Temperature":27.12,"Humidity":28.5312,"TIMESTAMP":"2022-12-17T21:55:58.253Z","BATT":100,"INTERVAL":600},{"modelID":"b0-02-3d-de-70-5d","modelType":"Wi-SHT10","DATAS":["Temperature","Humidity"],"Temperature":27.07,"Humidity":28.416,"TIMESTAMP":"2022-12-17T21:46:04.053Z","BATT":100,"INTERVAL":600},{"modelID":"b0-02-3d-de-70-5d","modelType":"Wi-SHT10","DATAS":["Temperature","Humidity"],"Temperature":27.16,"Humidity":28.5216,"TIMESTAMP":"2022-12-17T21:35:45.305Z","BATT":100,"INTERVAL":600},{"modelID":"b0-02-3d-de-70-5d","modelType":"Wi-SHT10","DATAS":["Temperature","Humidity"],"Temperature":27.16,"Humidity":28.703999999999997,"TIMESTAMP":"2022-12-17T21:25:46.243Z","BATT":100,"INTERVAL":600},{"modelID":"b0-02-3d-de-70-5d","modelType":"Wi-SHT10","DATAS":["Temperature","Humidity"],"Temperature":27.2,"Humidity":29.0016,"TIMESTAMP":"2022-12-17T21:15:37.237Z","BATT":100,"INTERVAL":600},{"modelID":"b0-02-3d-de-70-5d","modelType":"Wi-SHT10","DATAS":["Temperature","Humidity"],"Temperature":27.19,"Humidity":29.1264,"TIMESTAMP":"2022-12-17T21:05:46.873Z","BATT":100,"INTERVAL":600},{"modelID":"b0-02-3d-de-70-5d","modelType":"Wi-SHT10","DATAS":["Temperature","Humidity"],"Temperature":27.18,"Humidity":28.7712,"TIMESTAMP":"2022-12-17T20:55:36.254Z","BATT":100,"INTERVAL":600},{"modelID":"b0-02-3d-de-70-5d","modelType":"Wi-SHT10","DATAS":["Temperature","Humidity"],"Temperature":27.2,"Humidity":28.9728,"TIMESTAMP":"2022-12-17T20:45:40.093Z","BATT":100,"INTERVAL":600},{"modelID":"b0-02-3d-de-70-5d","modelType":"Wi-SHT10","DATAS":["Temperature","Humidity"],"Temperature":27.24,"Humidity":29.0304,"TIMESTAMP":"2022-12-17T20:35:38.797Z","BATT":100,"INTERVAL":600},{"modelID":"b0-02-3d-de-70-5d","modelType":"Wi-SHT10","DATAS":["Temperature","Humidity"],"Temperature":27.23,"Humidity":29.3088,"TIMESTAMP":"2022-12-17T20:25:36.683Z","BATT":100,"INTERVAL":600},{"modelID":"b0-02-3d-de-70-5d","modelType":"Wi-SHT10","DATAS":["Temperature","Humidity"],"Temperature":27.24,"Humidity":29.3568,"TIMESTAMP":"2022-12-17T20:15:44.353Z","BATT":100,"INTERVAL":600},{"modelID":"b0-02-3d-de-70-5d","modelType":"Wi-SHT10","DATAS":["Temperature","Humidity"],"Temperature":27.27,"Humidity":29.6064,"TIMESTAMP":"2022-12-17T20:05:36.596Z","BATT":100,"INTERVAL":600},{"modelID":"b0-02-3d-de-70-5d","modelType":"Wi-SHT10","DATAS":["Temperature","Humidity"],"Temperature":27.27,"Humidity":29.1552,"TIMESTAMP":"2022-12-17T19:55:57.616Z","BATT":100,"INTERVAL":600},{"modelID":"b0-02-3d-de-70-5d","modelType":"Wi-SHT10","DATAS":["Temperature","Humidity"],"Temperature":27.27,"Humidity":28.944,"TIMESTAMP":"2022-12-17T19:35:37.129Z","BATT":100,"INTERVAL":600},{"modelID":"b0-02-3d-de-70-5d","modelType":"Wi-SHT10","DATAS":["Temperature","Humidity"],"Temperature":27.35,"Humidity":29.0592,"TIMESTAMP":"2022-12-17T19:25:40.835Z","BATT":100,"INTERVAL":600},{"modelID":"b0-02-3d-de-70-5d","modelType":"Wi-SHT10","DATAS":["Temperature","Humidity"],"Temperature":27.34,"Humidity":29.0976,"TIMESTAMP":"2022-12-17T19:15:40.056Z","BATT":100,"INTERVAL":600},{"modelID":"b0-02-3d-de-70-5d","modelType":"Wi-SHT10","DATAS":["Temperature","Humidity"],"Temperature":27.31,"Humidity":29.2608,"TIMESTAMP":"2022-12-17T19:05:33.264Z","BATT":100,"INTERVAL":600},{"modelID":"b0-02-3d-de-70-5d","modelType":"Wi-SHT10","DATAS":["Temperature","Humidity"],"Temperature":27.24,"Humidity":29.6064,"TIMESTAMP":"2022-12-17T18:55:51.650Z","BATT":100,"INTERVAL":600},{"modelID":"b0-02-3d-de-70-5d","modelType":"Wi-SHT10","DATAS":["Temperature","Humidity"],"Temperature":27.27,"Humidity":29.616,"TIMESTAMP":"2022-12-17T18:45:40.998Z","BATT":100,"INTERVAL":600},{"modelID":"b0-02-3d-de-70-5d","modelType":"Wi-SHT10","DATAS":["Temperature","Humidity"],"Temperature":27.26,"Humidity":29.596799999999998,"TIMESTAMP":"2022-12-17T18:35:49.945Z","BATT":100,"INTERVAL":600},{"modelID":"b0-02-3d-de-70-5d","modelType":"Wi-SHT10","DATAS":["Temperature","Humidity"],"Temperature":27.38,"Humidity":29.471999999999998,"TIMESTAMP":"2022-12-17T18:26:01.585Z","BATT":100,"INTERVAL":600},{"modelID":"b0-02-3d-de-70-5d","modelType":"Wi-SHT10","DATAS":["Temperature","Humidity"],"Temperature":27.32,"Humidity":29.9136,"TIMESTAMP":"2022-12-17T18:16:01.604Z","BATT":100,"INTERVAL":600},{"modelID":"b0-02-3d-de-70-5d","modelType":"Wi-SHT10","DATAS":["Temperature","Humidity"],"Temperature":27.35,"Humidity":29.9136,"TIMESTAMP":"2022-12-17T18:06:03.483Z","BATT":100,"INTERVAL":600},{"modelID":"b0-02-3d-de-70-5d","modelType":"Wi-SHT10","DATAS":["Temperature","Humidity"],"Temperature":27.36,"Humidity":30.019199999999998,"TIMESTAMP":"2022-12-17T17:56:01.261Z","BATT":100,"INTERVAL":600},{"modelID":"b0-02-3d-de-70-5d","modelType":"Wi-SHT10","DATAS":["Temperature","Humidity"],"Temperature":27.38,"Humidity":29.6352,"TIMESTAMP":"2022-12-17T17:45:35.303Z","BATT":100,"INTERVAL":600},{"modelID":"b0-02-3d-de-70-5d","modelType":"Wi-SHT10","DATAS":["Temperature","Humidity"],"Temperature":27.41,"Humidity":29.9232,"TIMESTAMP":"2022-12-17T17:35:44.262Z","BATT":100,"INTERVAL":600},{"modelID":"b0-02-3d-de-70-5d","modelType":"Wi-SHT10","DATAS":["Temperature","Humidity"],"Temperature":27.36,"Humidity":30.1152,"TIMESTAMP":"2022-12-17T17:25:37.821Z","BATT":100,"INTERVAL":600},{"modelID":"b0-02-3d-de-70-5d","modelType":"Wi-SHT10","DATAS":["Temperature","Humidity"],"Temperature":27.36,"Humidity":29.990399999999998,"TIMESTAMP":"2022-12-17T17:15:49.742Z","BATT":100,"INTERVAL":600},{"modelID":"b0-02-3d-de-70-5d","modelType":"Wi-SHT10","DATAS":["Temperature","Humidity"],"Temperature":27.4,"Humidity":30.2016,"TIMESTAMP":"2022-12-17T17:06:02.001Z","BATT":100,"INTERVAL":600},{"modelID":"b0-02-3d-de-70-5d","modelType":"Wi-SHT10","DATAS":["Temperature","Humidity"],"Temperature":27.4,"Humidity":29.9712,"TIMESTAMP":"2022-12-17T16:55:45.301Z","BATT":100,"INTERVAL":600},{"modelID":"b0-02-3d-de-70-5d","modelType":"Wi-SHT10","DATAS":["Temperature","Humidity"],"Temperature":27.44,"Humidity":29.9232,"TIMESTAMP":"2022-12-17T16:45:54.281Z","BATT":100,"INTERVAL":600},{"modelID":"b0-02-3d-de-70-5d","modelType":"Wi-SHT10","DATAS":["Temperature","Humidity"],"Temperature":27.47,"Humidity":29.980800000000002,"TIMESTAMP":"2022-12-17T16:35:46.720Z","BATT":100,"INTERVAL":600},{"modelID":"b0-02-3d-de-70-5d","modelType":"Wi-SHT10","DATAS":["Temperature","Humidity"],"Temperature":27.48,"Humidity":30.3264,"TIMESTAMP":"2022-12-17T16:25:49.322Z","BATT":100,"INTERVAL":600},{"modelID":"b0-02-3d-de-70-5d","modelType":"Wi-SHT10","DATAS":["Temperature","Humidity"],"Temperature":27.48,"Humidity":30.528000000000002,"TIMESTAMP":"2022-12-17T16:16:01.721Z","BATT":100,"INTERVAL":600},{"modelID":"b0-02-3d-de-70-5d","modelType":"Wi-SHT10","DATAS":["Temperature","Humidity"],"Temperature":27.53,"Humidity":30.4512,"TIMESTAMP":"2022-12-17T16:05:55.462Z","BATT":100,"INTERVAL":600}],"DAYHOURS":["12","11","10","9","8","7","6","5","4","3","2","1","0"]}