{"SENSORNAME":"COOLING TOWER B CWS TEMP","SENSORTYPE":"WTRTEMP(485)","DTUID":"204","SENSORID":"10","DATE0":"2022-12-18T02:28:07.946Z","DATE1":"2022-02-13T09:06:01.922Z","DAYDATA":[{"DTUID":"204","SENSORID":10,"FUNCID":3,"NDATA":2,"SENSORTYPE":"WATER-TEMP","RCV_BYTES":["0000","011C"],"DATAS":[0,284],"DATAS1":[],"DATAS2":[],"TIMESTAMP":"2022-12-18T02:28:07.946Z"},{"DTUID":"204","SENSORID":10,"FUNCID":3,"NDATA":2,"SENSORTYPE":"WATER-TEMP","RCV_BYTES":["0000","0119"],"DATAS":[0,281],"DATAS1":[],"DATAS2":[],"TIMESTAMP":"2022-12-18T00:28:01.010Z"},{"DTUID":"204","SENSORID":10,"FUNCID":3,"NDATA":2,"SENSORTYPE":"WATER-TEMP","RCV_BYTES":["0000","0114"],"DATAS":[0,276],"DATAS1":[],"DATAS2":[],"TIMESTAMP":"2022-12-17T22:27:48.371Z"},{"DTUID":"204","SENSORID":10,"FUNCID":3,"NDATA":2,"SENSORTYPE":"WATER-TEMP","RCV_BYTES":["0000","011D"],"DATAS":[0,285],"DATAS1":[],"DATAS2":[],"TIMESTAMP":"2022-12-17T21:47:44.731Z"},{"DTUID":"204","SENSORID":10,"FUNCID":3,"NDATA":2,"SENSORTYPE":"WATER-TEMP","RCV_BYTES":["0000","011D"],"DATAS":[0,285],"DATAS1":[],"DATAS2":[],"TIMESTAMP":"2022-12-17T19:27:38.063Z"},{"DTUID":"204","SENSORID":10,"FUNCID":3,"NDATA":2,"SENSORTYPE":"WATER-TEMP","RCV_BYTES":["0000","0122"],"DATAS":[0,290],"DATAS1":[],"DATAS2":[],"TIMESTAMP":"2022-12-17T17:27:29.701Z"}],"DAYHOURS":["10","8","6","5","3","1"]}