{"SENSORNAME":"DH1 - FE/HVC/R&D","SENSORTYPE":"PWRMTR(485)","DTUID":"112","SENSORID":8,"PWRMTR0":"121865","PWRMTR1":"2247","DAYDATA":[{"DTUID":"112","SENSORID":8,"FUNCID":3,"NDATA":2,"SENSORTYPE":"PWR-METER-POWER","RCV_BYTES":["00B9","F3AC"],"DATAS":[185,-3156],"DATAS1":[],"DATAS2":[],"TIMESTAMP":"2022-12-18T02:28:37.107Z"},{"DTUID":"112","SENSORID":8,"FUNCID":3,"NDATA":2,"SENSORTYPE":"PWR-METER-POWER","RCV_BYTES":["00B9","ECA4"],"DATAS":[185,-4956],"DATAS1":[],"DATAS2":[],"TIMESTAMP":"2022-12-18T00:28:30.261Z"},{"DTUID":"112","SENSORID":8,"FUNCID":3,"NDATA":2,"SENSORTYPE":"PWR-METER-POWER","RCV_BYTES":["00B9","C33C"],"DATAS":[185,-15556],"DATAS1":[],"DATAS2":[],"TIMESTAMP":"2022-12-17T19:28:07.254Z"},{"DTUID":"112","SENSORID":8,"FUNCID":3,"NDATA":2,"SENSORTYPE":"PWR-METER-POWER","RCV_BYTES":["00B9","B144"],"DATAS":[185,-20156],"DATAS1":[],"DATAS2":[],"TIMESTAMP":"2022-12-17T17:27:58.841Z"}],"DAYHOURS":["10","8","3","1"],"MNTH-2022_12":"121865","WK51":"121865","WK50":"119497","WK49":"115787","MNTH-2022_11":"112567","WK48":"112033","WK47":"108406","WK46":"104735","WK45":"101037","MNTH-2022_10":"85107","WK41":"85107","WK40":"83047","MNTH-2022_8":"54895","WK33":"54895","WK32":"52451","WK31":"48635","MNTH-2022_7":"47526","WK30":"44837","WK29":"40985","WK28":"37234","WK27":"33397","MNTH-2022_6":"30602","WK26":"29534","WK25":"25790","WK24":"22100","MNTH-2022_5":"4845","WK20":"4845","WK19":"3007"}