{"SENSORNAME":"COOLING TOWER B CWR PRESS 2","SENSORTYPE":"WTRPRS(485)","DTUID":"204","SENSORID":"63","DATE0":"2022-12-18T02:27:55.086Z","DATE1":"2022-02-13T09:05:35.392Z","DAYDATA":[{"DTUID":"204","SENSORID":63,"FUNCID":3,"NDATA":2,"SENSORTYPE":"WATER-PRES","RCV_BYTES":["42CA","4831"],"DATAS":[17098,18481],"DATAS1":[],"DATAS2":[],"TIMESTAMP":"2022-12-18T02:27:55.086Z"},{"DTUID":"204","SENSORID":63,"FUNCID":3,"NDATA":2,"SENSORTYPE":"WATER-PRES","RCV_BYTES":["42C2","9810"],"DATAS":[17090,-26608],"DATAS1":[],"DATAS2":[],"TIMESTAMP":"2022-12-18T01:27:50.367Z"},{"DTUID":"204","SENSORID":63,"FUNCID":3,"NDATA":2,"SENSORTYPE":"WATER-PRES","RCV_BYTES":["42C9","10E5"],"DATAS":[17097,4325],"DATAS1":[],"DATAS2":[],"TIMESTAMP":"2022-12-18T00:27:48.293Z"},{"DTUID":"204","SENSORID":63,"FUNCID":3,"NDATA":2,"SENSORTYPE":"WATER-PRES","RCV_BYTES":["42CB","1581"],"DATAS":[17099,5505],"DATAS1":[],"DATAS2":[],"TIMESTAMP":"2022-12-17T23:27:45.981Z"},{"DTUID":"204","SENSORID":63,"FUNCID":3,"NDATA":2,"SENSORTYPE":"WATER-PRES","RCV_BYTES":["42CB","1581"],"DATAS":[17099,5505],"DATAS1":[],"DATAS2":[],"TIMESTAMP":"2022-12-17T22:27:35.231Z"},{"DTUID":"204","SENSORID":63,"FUNCID":3,"NDATA":2,"SENSORTYPE":"WATER-PRES","RCV_BYTES":["42CB","1581"],"DATAS":[17099,5505],"DATAS1":[],"DATAS2":[],"TIMESTAMP":"2022-12-17T21:47:31.863Z"},{"DTUID":"204","SENSORID":63,"FUNCID":3,"NDATA":2,"SENSORTYPE":"WATER-PRES","RCV_BYTES":["42CB","1581"],"DATAS":[17099,5505],"DATAS1":[],"DATAS2":[],"TIMESTAMP":"2022-12-17T20:27:29.234Z"},{"DTUID":"204","SENSORID":63,"FUNCID":3,"NDATA":2,"SENSORTYPE":"WATER-PRES","RCV_BYTES":["42CB","1581"],"DATAS":[17099,5505],"DATAS1":[],"DATAS2":[],"TIMESTAMP":"2022-12-17T19:27:25.242Z"},{"DTUID":"204","SENSORID":63,"FUNCID":3,"NDATA":2,"SENSORTYPE":"WATER-PRES","RCV_BYTES":["42CB","1581"],"DATAS":[17099,5505],"DATAS1":[],"DATAS2":[],"TIMESTAMP":"2022-12-17T18:27:27.745Z"}],"DAYHOURS":["10","9","8","7","6","5","4","3","2"]}