{"SENSORNAME":"WATER COOLING PACK UNIT A - CWS PRESS 2","SENSORTYPE":"WTRPRS(485)","DTUID":"214","SENSORID":"59","DATE0":"2022-12-18T02:27:45.074Z","DATE1":"2022-02-13T09:59:18.569Z","DAYDATA":[{"DTUID":"214","SENSORID":59,"FUNCID":3,"NDATA":2,"SENSORTYPE":"WATER-PRES","RCV_BYTES":["431F","2B02"],"DATAS":[17183,11010],"DATAS1":[],"DATAS2":[],"TIMESTAMP":"2022-12-18T02:27:45.074Z"},{"DTUID":"214","SENSORID":59,"FUNCID":3,"NDATA":2,"SENSORTYPE":"WATER-PRES","RCV_BYTES":["4320","FEB8"],"DATAS":[17184,-328],"DATAS1":[],"DATAS2":[],"TIMESTAMP":"2022-12-18T01:27:40.367Z"},{"DTUID":"214","SENSORID":59,"FUNCID":3,"NDATA":2,"SENSORTYPE":"WATER-PRES","RCV_BYTES":["4300","8D91"],"DATAS":[17152,-29295],"DATAS1":[],"DATAS2":[],"TIMESTAMP":"2022-12-18T00:27:38.286Z"},{"DTUID":"214","SENSORID":59,"FUNCID":3,"NDATA":2,"SENSORTYPE":"WATER-PRES","RCV_BYTES":["4316","3F3B"],"DATAS":[17174,16187],"DATAS1":[],"DATAS2":[],"TIMESTAMP":"2022-12-17T23:27:35.970Z"},{"DTUID":"214","SENSORID":59,"FUNCID":3,"NDATA":2,"SENSORTYPE":"WATER-PRES","RCV_BYTES":["4316","7333"],"DATAS":[17174,29491],"DATAS1":[],"DATAS2":[],"TIMESTAMP":"2022-12-17T22:27:25.295Z"},{"DTUID":"214","SENSORID":59,"FUNCID":3,"NDATA":2,"SENSORTYPE":"WATER-PRES","RCV_BYTES":["4316","3F3B"],"DATAS":[17174,16187],"DATAS1":[],"DATAS2":[],"TIMESTAMP":"2022-12-17T21:47:21.843Z"},{"DTUID":"214","SENSORID":59,"FUNCID":3,"NDATA":2,"SENSORTYPE":"WATER-PRES","RCV_BYTES":["4316","3F3B"],"DATAS":[17174,16187],"DATAS1":[],"DATAS2":[],"TIMESTAMP":"2022-12-17T20:27:19.233Z"},{"DTUID":"214","SENSORID":59,"FUNCID":3,"NDATA":2,"SENSORTYPE":"WATER-PRES","RCV_BYTES":["4316","3F3B"],"DATAS":[17174,16187],"DATAS1":[],"DATAS2":[],"TIMESTAMP":"2022-12-17T19:27:15.213Z"},{"DTUID":"214","SENSORID":59,"FUNCID":3,"NDATA":2,"SENSORTYPE":"WATER-PRES","RCV_BYTES":["4316","3F3B"],"DATAS":[17174,16187],"DATAS1":[],"DATAS2":[],"TIMESTAMP":"2022-12-17T18:27:09.884Z"}],"DAYHOURS":["10","9","8","7","6","5","4","3","2"]}