{"SENSORNAME":"COOLING TOWER A - CWR PRESS 2","SENSORTYPE":"WTRPRS(485)","DTUID":"201","SENSORID":"65","DATE0":"2022-12-18T03:27:58.149Z","DATE1":"2022-02-13T09:05:29.411Z","DAYDATA":[{"DTUID":"201","SENSORID":65,"FUNCID":3,"NDATA":2,"SENSORTYPE":"WATER-PRES","RCV_BYTES":["42C0","2042"],"DATAS":[17088,8258],"DATAS1":[],"DATAS2":[],"TIMESTAMP":"2022-12-18T03:27:58.149Z"},{"DTUID":"201","SENSORID":65,"FUNCID":3,"NDATA":2,"SENSORTYPE":"WATER-PRES","RCV_BYTES":["42C8","4000"],"DATAS":[17096,16384],"DATAS1":[],"DATAS2":[],"TIMESTAMP":"2022-12-18T00:47:44.858Z"},{"DTUID":"201","SENSORID":65,"FUNCID":3,"NDATA":2,"SENSORTYPE":"WATER-PRES","RCV_BYTES":["42C1","C106"],"DATAS":[17089,-16122],"DATAS1":[],"DATAS2":[],"TIMESTAMP":"2022-12-17T22:27:32.491Z"},{"DTUID":"201","SENSORID":65,"FUNCID":3,"NDATA":2,"SENSORTYPE":"WATER-PRES","RCV_BYTES":["42C1","C106"],"DATAS":[17089,-16122],"DATAS1":[],"DATAS2":[],"TIMESTAMP":"2022-12-17T21:27:29.244Z"},{"DTUID":"201","SENSORID":65,"FUNCID":3,"NDATA":2,"SENSORTYPE":"WATER-PRES","RCV_BYTES":["42C1","C106"],"DATAS":[17089,-16122],"DATAS1":[],"DATAS2":[],"TIMESTAMP":"2022-12-17T20:47:27.533Z"},{"DTUID":"201","SENSORID":65,"FUNCID":3,"NDATA":2,"SENSORTYPE":"WATER-PRES","RCV_BYTES":["42C1","C106"],"DATAS":[17089,-16122],"DATAS1":[],"DATAS2":[],"TIMESTAMP":"2022-12-17T20:27:26.501Z"}],"DAYHOURS":["11","8","6","5","4"]}