{"SENSORNAME":"L3-Corridor 2(Outpatient)","SENSORTYPE":"WISENSOR","DTUID":"-1","SENSORID":"BA-94-13-8A-F3-87","DATE0":"2022-12-18T04:03:08.920Z","DATE1":"2022-03-22T00:14:45.270Z","DAYDATA":[{"modelID":"ba-94-13-8a-f3-87","modelType":"Wi-SHT10A","DATAS":["Temperature","Humidity"],"Temperature":3.78,"Humidity":0,"TIMESTAMP":"2022-12-18T04:03:08.920Z","BATT":100,"INTERVAL":1200},{"modelID":"ba-94-13-8a-f3-87","modelType":"Wi-SHT10A","DATAS":["Temperature","Humidity"],"Temperature":3.71,"Humidity":0,"TIMESTAMP":"2022-12-18T03:42:52.660Z","BATT":100,"INTERVAL":1200},{"modelID":"ba-94-13-8a-f3-87","modelType":"Wi-SHT10A","DATAS":["Temperature","Humidity"],"Temperature":3.74,"Humidity":0,"TIMESTAMP":"2022-12-18T03:23:27.279Z","BATT":100,"INTERVAL":1200},{"modelID":"ba-94-13-8a-f3-87","modelType":"Wi-SHT10A","DATAS":["Temperature","Humidity"],"Temperature":3.54,"Humidity":0,"TIMESTAMP":"2022-12-18T03:03:01.628Z","BATT":100,"INTERVAL":1200},{"modelID":"ba-94-13-8a-f3-87","modelType":"Wi-SHT10A","DATAS":["Temperature","Humidity"],"Temperature":3.61,"Humidity":0,"TIMESTAMP":"2022-12-18T02:43:27.427Z","BATT":100,"INTERVAL":1200},{"modelID":"ba-94-13-8a-f3-87","modelType":"Wi-SHT10A","DATAS":["Temperature","Humidity"],"Temperature":3.54,"Humidity":0,"TIMESTAMP":"2022-12-18T02:23:21.627Z","BATT":100,"INTERVAL":1200},{"modelID":"ba-94-13-8a-f3-87","modelType":"Wi-SHT10A","DATAS":["Temperature","Humidity"],"Temperature":3.51,"Humidity":0,"TIMESTAMP":"2022-12-18T02:03:36.541Z","BATT":100,"INTERVAL":1200},{"modelID":"ba-94-13-8a-f3-87","modelType":"Wi-SHT10A","DATAS":["Temperature","Humidity"],"Temperature":3.47,"Humidity":0,"TIMESTAMP":"2022-12-18T01:43:21.728Z","BATT":100,"INTERVAL":1200},{"modelID":"ba-94-13-8a-f3-87","modelType":"Wi-SHT10A","DATAS":["Temperature","Humidity"],"Temperature":3.51,"Humidity":0,"TIMESTAMP":"2022-12-18T01:23:36.679Z","BATT":100,"INTERVAL":1200},{"modelID":"ba-94-13-8a-f3-87","modelType":"Wi-SHT10A","DATAS":["Temperature","Humidity"],"Temperature":3.47,"Humidity":0,"TIMESTAMP":"2022-12-18T01:03:34.320Z","BATT":100,"INTERVAL":1200},{"modelID":"ba-94-13-8a-f3-87","modelType":"Wi-SHT10A","DATAS":["Temperature","Humidity"],"Temperature":3.44,"Humidity":0,"TIMESTAMP":"2022-12-18T00:43:02.121Z","BATT":100,"INTERVAL":1200},{"modelID":"ba-94-13-8a-f3-87","modelType":"Wi-SHT10A","DATAS":["Temperature","Humidity"],"Temperature":3.61,"Humidity":0,"TIMESTAMP":"2022-12-18T00:22:58.751Z","BATT":100,"INTERVAL":1200},{"modelID":"ba-94-13-8a-f3-87","modelType":"Wi-SHT10A","DATAS":["Temperature","Humidity"],"Temperature":3.67,"Humidity":0,"TIMESTAMP":"2022-12-18T00:02:58.828Z","BATT":100,"INTERVAL":1200},{"modelID":"ba-94-13-8a-f3-87","modelType":"Wi-SHT10A","DATAS":["Temperature","Humidity"],"Temperature":3.67,"Humidity":0,"TIMESTAMP":"2022-12-17T23:42:58.894Z","BATT":100,"INTERVAL":1200},{"modelID":"ba-94-13-8a-f3-87","modelType":"Wi-SHT10A","DATAS":["Temperature","Humidity"],"Temperature":3.67,"Humidity":0,"TIMESTAMP":"2022-12-17T23:23:20.849Z","BATT":100,"INTERVAL":1200},{"modelID":"ba-94-13-8a-f3-87","modelType":"Wi-SHT10A","DATAS":["Temperature","Humidity"],"Temperature":3.84,"Humidity":0,"TIMESTAMP":"2022-12-17T23:02:52.046Z","BATT":100,"INTERVAL":1200},{"modelID":"ba-94-13-8a-f3-87","modelType":"Wi-SHT10A","DATAS":["Temperature","Humidity"],"Temperature":3.81,"Humidity":0,"TIMESTAMP":"2022-12-17T22:43:30.987Z","BATT":100,"INTERVAL":1200},{"modelID":"ba-94-13-8a-f3-87","modelType":"Wi-SHT10A","DATAS":["Temperature","Humidity"],"Temperature":3.88,"Humidity":0,"TIMESTAMP":"2022-12-17T22:23:17.835Z","BATT":100,"INTERVAL":1200},{"modelID":"ba-94-13-8a-f3-87","modelType":"Wi-SHT10A","DATAS":["Temperature","Humidity"],"Temperature":3.98,"Humidity":0,"TIMESTAMP":"2022-12-17T22:03:13.133Z","BATT":100,"INTERVAL":1200},{"modelID":"ba-94-13-8a-f3-87","modelType":"Wi-SHT10A","DATAS":["Temperature","Humidity"],"Temperature":4.01,"Humidity":0,"TIMESTAMP":"2022-12-17T21:43:08.431Z","BATT":100,"INTERVAL":1200},{"modelID":"ba-94-13-8a-f3-87","modelType":"Wi-SHT10A","DATAS":["Temperature","Humidity"],"Temperature":4.11,"Humidity":0,"TIMESTAMP":"2022-12-17T21:22:49.172Z","BATT":100,"INTERVAL":1200},{"modelID":"ba-94-13-8a-f3-87","modelType":"Wi-SHT10A","DATAS":["Temperature","Humidity"],"Temperature":4.15,"Humidity":0,"TIMESTAMP":"2022-12-17T21:02:49.239Z","BATT":100,"INTERVAL":1200},{"modelID":"ba-94-13-8a-f3-87","modelType":"Wi-SHT10A","DATAS":["Temperature","Humidity"],"Temperature":4.15,"Humidity":0,"TIMESTAMP":"2022-12-17T20:43:26.847Z","BATT":100,"INTERVAL":1200},{"modelID":"ba-94-13-8a-f3-87","modelType":"Wi-SHT10A","DATAS":["Temperature","Humidity"],"Temperature":4.18,"Humidity":0,"TIMESTAMP":"2022-12-17T20:23:14.246Z","BATT":100,"INTERVAL":1200},{"modelID":"ba-94-13-8a-f3-87","modelType":"Wi-SHT10A","DATAS":["Temperature","Humidity"],"Temperature":4.21,"Humidity":0,"TIMESTAMP":"2022-12-17T20:03:33.733Z","BATT":100,"INTERVAL":1200},{"modelID":"ba-94-13-8a-f3-87","modelType":"Wi-SHT10A","DATAS":["Temperature","Humidity"],"Temperature":4.25,"Humidity":0,"TIMESTAMP":"2022-12-17T19:42:55.098Z","BATT":100,"INTERVAL":1200},{"modelID":"ba-94-13-8a-f3-87","modelType":"Wi-SHT10A","DATAS":["Temperature","Humidity"],"Temperature":4.28,"Humidity":0,"TIMESTAMP":"2022-12-17T19:22:57.419Z","BATT":100,"INTERVAL":1200},{"modelID":"ba-94-13-8a-f3-87","modelType":"Wi-SHT10A","DATAS":["Temperature","Humidity"],"Temperature":4.31,"Humidity":0,"TIMESTAMP":"2022-12-17T19:02:57.483Z","BATT":100,"INTERVAL":1200},{"modelID":"ba-94-13-8a-f3-87","modelType":"Wi-SHT10A","DATAS":["Temperature","Humidity"],"Temperature":4.31,"Humidity":0,"TIMESTAMP":"2022-12-17T18:43:05.816Z","BATT":100,"INTERVAL":1200},{"modelID":"ba-94-13-8a-f3-87","modelType":"Wi-SHT10A","DATAS":["Temperature","Humidity"],"Temperature":4.35,"Humidity":0,"TIMESTAMP":"2022-12-17T18:22:57.617Z","BATT":100,"INTERVAL":1200},{"modelID":"ba-94-13-8a-f3-87","modelType":"Wi-SHT10A","DATAS":["Temperature","Humidity"],"Temperature":4.31,"Humidity":0,"TIMESTAMP":"2022-12-17T18:03:05.931Z","BATT":100,"INTERVAL":1200},{"modelID":"ba-94-13-8a-f3-87","modelType":"Wi-SHT10A","DATAS":["Temperature","Humidity"],"Temperature":4.35,"Humidity":0,"TIMESTAMP":"2022-12-17T17:42:57.778Z","BATT":100,"INTERVAL":1200},{"modelID":"ba-94-13-8a-f3-87","modelType":"Wi-SHT10A","DATAS":["Temperature","Humidity"],"Temperature":4.31,"Humidity":0,"TIMESTAMP":"2022-12-17T17:22:57.834Z","BATT":100,"INTERVAL":1200},{"modelID":"ba-94-13-8a-f3-87","modelType":"Wi-SHT10A","DATAS":["Temperature","Humidity"],"Temperature":4.31,"Humidity":0,"TIMESTAMP":"2022-12-17T17:02:57.913Z","BATT":100,"INTERVAL":1200},{"modelID":"ba-94-13-8a-f3-87","modelType":"Wi-SHT10A","DATAS":["Temperature","Humidity"],"Temperature":4.31,"Humidity":0,"TIMESTAMP":"2022-12-17T16:42:57.987Z","BATT":100,"INTERVAL":1200},{"modelID":"ba-94-13-8a-f3-87","modelType":"Wi-SHT10A","DATAS":["Temperature","Humidity"],"Temperature":4.31,"Humidity":0,"TIMESTAMP":"2022-12-17T16:22:58.046Z","BATT":100,"INTERVAL":1200},{"modelID":"ba-94-13-8a-f3-87","modelType":"Wi-SHT10A","DATAS":["Temperature","Humidity"],"Temperature":4.31,"Humidity":0,"TIMESTAMP":"2022-12-17T16:02:58.426Z","BATT":100,"INTERVAL":1200}],"DAYHOURS":["12","11","10","9","8","7","6","5","4","3","2","1","0"]}