{"SENSORNAME":"AHU CLEAN ROOM","SENSORTYPE":"AIRFLW(485)","DTUID":"206","SENSORID":"68","DATE0":"2022-12-18T01:28:20.368Z","DATE1":"2022-02-13T09:06:25.753Z","DAYDATA":[{"DTUID":"206","SENSORID":68,"FUNCID":3,"NDATA":2,"SENSORTYPE":"AIRFLOW-VEL","RCV_BYTES":["0000","0000"],"DATAS":[0,0],"DATAS1":[],"DATAS2":[],"TIMESTAMP":"2022-12-18T01:28:20.368Z"},{"DTUID":"206","SENSORID":68,"FUNCID":3,"NDATA":2,"SENSORTYPE":"AIRFLOW-VEL","RCV_BYTES":["0000","0000"],"DATAS":[0,0],"DATAS1":[],"DATAS2":[],"TIMESTAMP":"2022-12-18T00:48:32.952Z"},{"DTUID":"206","SENSORID":68,"FUNCID":3,"NDATA":2,"SENSORTYPE":"AIRFLOW-VEL","RCV_BYTES":["0000","0000"],"DATAS":[0,0],"DATAS1":[],"DATAS2":[],"TIMESTAMP":"2022-12-18T00:28:54.628Z"},{"DTUID":"206","SENSORID":68,"FUNCID":3,"NDATA":2,"SENSORTYPE":"AIRFLOW-VEL","RCV_BYTES":["0000","0000"],"DATAS":[0,0],"DATAS1":[],"DATAS2":[],"TIMESTAMP":"2022-12-17T23:28:12.940Z"},{"DTUID":"206","SENSORID":68,"FUNCID":3,"NDATA":2,"SENSORTYPE":"AIRFLOW-VEL","RCV_BYTES":["0000","0000"],"DATAS":[0,0],"DATAS1":[],"DATAS2":[],"TIMESTAMP":"2022-12-17T22:28:11.451Z"},{"DTUID":"206","SENSORID":68,"FUNCID":3,"NDATA":2,"SENSORTYPE":"AIRFLOW-VEL","RCV_BYTES":["0000","0000"],"DATAS":[0,0],"DATAS1":[],"DATAS2":[],"TIMESTAMP":"2022-12-17T21:47:56.603Z"},{"DTUID":"206","SENSORID":68,"FUNCID":3,"NDATA":2,"SENSORTYPE":"AIRFLOW-VEL","RCV_BYTES":["0000","0000"],"DATAS":[0,0],"DATAS1":[],"DATAS2":[],"TIMESTAMP":"2022-12-17T20:47:55.712Z"},{"DTUID":"206","SENSORID":68,"FUNCID":3,"NDATA":2,"SENSORTYPE":"AIRFLOW-VEL","RCV_BYTES":["0000","0000"],"DATAS":[0,0],"DATAS1":[],"DATAS2":[],"TIMESTAMP":"2022-12-17T20:27:58.333Z"},{"DTUID":"206","SENSORID":68,"FUNCID":3,"NDATA":2,"SENSORTYPE":"AIRFLOW-VEL","RCV_BYTES":["0000","0000"],"DATAS":[0,0],"DATAS1":[],"DATAS2":[],"TIMESTAMP":"2022-12-17T19:27:49.975Z"},{"DTUID":"206","SENSORID":68,"FUNCID":3,"NDATA":2,"SENSORTYPE":"AIRFLOW-VEL","RCV_BYTES":["0000","0000"],"DATAS":[0,0],"DATAS1":[],"DATAS2":[],"TIMESTAMP":"2022-12-17T18:27:45.024Z"},{"DTUID":"206","SENSORID":68,"FUNCID":3,"NDATA":2,"SENSORTYPE":"AIRFLOW-VEL","RCV_BYTES":["0000","0000"],"DATAS":[0,0],"DATAS1":[],"DATAS2":[],"TIMESTAMP":"2022-12-17T17:27:41.650Z"}],"DAYHOURS":["9","8","7","6","5","4","3","2","1"]}