{"SENSORNAME":"COOLING TOWER A - CWS PRESS","SENSORTYPE":"WTRPRS(485)","DTUID":"201","SENSORID":"49","DATE0":"2022-12-18T03:28:10.829Z","DATE1":"2022-02-13T09:05:55.533Z","DAYDATA":[{"DTUID":"201","SENSORID":49,"FUNCID":3,"NDATA":2,"SENSORTYPE":"WATER-PRES","RCV_BYTES":["4312","6A3D"],"DATAS":[17170,27197],"DATAS1":[],"DATAS2":[],"TIMESTAMP":"2022-12-18T03:28:10.829Z"},{"DTUID":"201","SENSORID":49,"FUNCID":3,"NDATA":2,"SENSORTYPE":"WATER-PRES","RCV_BYTES":["4310","CC4A"],"DATAS":[17168,-13238],"DATAS1":[],"DATAS2":[],"TIMESTAMP":"2022-12-18T01:28:00.367Z"},{"DTUID":"201","SENSORID":49,"FUNCID":3,"NDATA":2,"SENSORTYPE":"WATER-PRES","RCV_BYTES":["42F6","C937"],"DATAS":[17142,-14025],"DATAS1":[],"DATAS2":[],"TIMESTAMP":"2022-12-18T00:47:57.973Z"},{"DTUID":"201","SENSORID":49,"FUNCID":3,"NDATA":2,"SENSORTYPE":"WATER-PRES","RCV_BYTES":["42F9","353F"],"DATAS":[17145,13631],"DATAS1":[],"DATAS2":[],"TIMESTAMP":"2022-12-18T00:27:58.310Z"},{"DTUID":"201","SENSORID":49,"FUNCID":3,"NDATA":2,"SENSORTYPE":"WATER-PRES","RCV_BYTES":["42FF","AC8B"],"DATAS":[17151,-21365],"DATAS1":[],"DATAS2":[],"TIMESTAMP":"2022-12-17T23:27:55.970Z"},{"DTUID":"201","SENSORID":49,"FUNCID":3,"NDATA":2,"SENSORTYPE":"WATER-PRES","RCV_BYTES":["4300","09FC"],"DATAS":[17152,2556],"DATAS1":[],"DATAS2":[],"TIMESTAMP":"2022-12-17T21:27:42.024Z"},{"DTUID":"201","SENSORID":49,"FUNCID":3,"NDATA":2,"SENSORTYPE":"WATER-PRES","RCV_BYTES":["42FF","449C"],"DATAS":[17151,17564],"DATAS1":[],"DATAS2":[],"TIMESTAMP":"2022-12-17T20:47:40.392Z"},{"DTUID":"201","SENSORID":49,"FUNCID":3,"NDATA":2,"SENSORTYPE":"WATER-PRES","RCV_BYTES":["4300","09FC"],"DATAS":[17152,2556],"DATAS1":[],"DATAS2":[],"TIMESTAMP":"2022-12-17T20:27:39.241Z"}],"DAYHOURS":["11","9","8","7","5","4"]}