{"SENSORNAME":"DH3 - PASTE RM","SENSORTYPE":"PWRMTR(485)","DTUID":"107","SENSORID":2,"PWRMTR0":"38447","PWRMTR1":"881","DAYDATA":[{"DTUID":"107","SENSORID":2,"FUNCID":3,"NDATA":2,"SENSORTYPE":"PWR-METER-POWER","RCV_BYTES":["003A","AA5C"],"DATAS":[58,-21924],"DATAS1":[],"DATAS2":[],"TIMESTAMP":"2022-12-18T03:28:31.970Z"},{"DTUID":"107","SENSORID":2,"FUNCID":3,"NDATA":2,"SENSORTYPE":"PWR-METER-POWER","RCV_BYTES":["003A","A78C"],"DATAS":[58,-22644],"DATAS1":[],"DATAS2":[],"TIMESTAMP":"2022-12-18T02:28:25.787Z"},{"DTUID":"107","SENSORID":2,"FUNCID":3,"NDATA":2,"SENSORTYPE":"PWR-METER-POWER","RCV_BYTES":["003A","A2F0"],"DATAS":[58,-23824],"DATAS1":[],"DATAS2":[],"TIMESTAMP":"2022-12-18T00:48:19.246Z"},{"DTUID":"107","SENSORID":2,"FUNCID":3,"NDATA":2,"SENSORTYPE":"PWR-METER-POWER","RCV_BYTES":["003A","9F1C"],"DATAS":[58,-24804],"DATAS1":[],"DATAS2":[],"TIMESTAMP":"2022-12-17T23:28:16.940Z"},{"DTUID":"107","SENSORID":2,"FUNCID":3,"NDATA":2,"SENSORTYPE":"PWR-METER-POWER","RCV_BYTES":["003A","9A6C"],"DATAS":[58,-26004],"DATAS1":[],"DATAS2":[],"TIMESTAMP":"2022-12-17T21:48:02.572Z"},{"DTUID":"107","SENSORID":2,"FUNCID":3,"NDATA":2,"SENSORTYPE":"PWR-METER-POWER","RCV_BYTES":["003A","997C"],"DATAS":[58,-26244],"DATAS1":[],"DATAS2":[],"TIMESTAMP":"2022-12-17T21:28:02.864Z"},{"DTUID":"107","SENSORID":2,"FUNCID":3,"NDATA":2,"SENSORTYPE":"PWR-METER-POWER","RCV_BYTES":["003A","96AC"],"DATAS":[58,-26964],"DATAS1":[],"DATAS2":[],"TIMESTAMP":"2022-12-17T20:28:00.614Z"},{"DTUID":"107","SENSORID":2,"FUNCID":3,"NDATA":2,"SENSORTYPE":"PWR-METER-POWER","RCV_BYTES":["003A","910C"],"DATAS":[58,-28404],"DATAS1":[],"DATAS2":[],"TIMESTAMP":"2022-12-17T18:27:50.744Z"}],"DAYHOURS":["11","10","8","7","5","4","2"],"MNTH-2022_12":"38447","WK51":"38447","WK50":"37667","WK49":"36496","MNTH-2022_11":"35479","WK48":"35301","WK47":"34110","WK46":"32938","WK45":"31760","WK44":"30546","MNTH-2022_10":"30373","WK43":"29381","WK42":"28213","WK41":"27030","WK40":"25852","MNTH-2022_9":"25186","WK39":"24654","WK38":"23430","WK37":"22241","WK36":"21157","MNTH-2022_8":"20150","WK35":"19981","WK34":"18802","WK33":"17626","WK32":"16459","WK31":"15285","MNTH-2022_7":"14947","WK30":"14109","WK29":"12931","WK28":"11778","WK27":"10602","MNTH-2022_6":"9744","WK26":"9423","WK25":"8199","WK24":"7051","WK23":"5870","MNTH-2022_5":"4704","WK22":"4704","WK21":"3512","WK20":"2339","WK19":"1156"}