{"SENSORNAME":"WATER COOLING PACK UNIT B - CWR PRESS 2","SENSORTYPE":"WTRPRS(485)","DTUID":"215","SENSORID":"31","DATE0":"2022-12-18T03:27:54.010Z","DATE1":"2022-02-13T09:05:21.172Z","DAYDATA":[{"DTUID":"215","SENSORID":31,"FUNCID":3,"NDATA":2,"SENSORTYPE":"WATER-PRES","RCV_BYTES":["434E","6FDF"],"DATAS":[17230,28639],"DATAS1":[],"DATAS2":[],"TIMESTAMP":"2022-12-18T03:27:54.010Z"},{"DTUID":"215","SENSORID":31,"FUNCID":3,"NDATA":2,"SENSORTYPE":"WATER-PRES","RCV_BYTES":["4327","CFDF"],"DATAS":[17191,-12321],"DATAS1":[],"DATAS2":[],"TIMESTAMP":"2022-12-18T02:27:47.794Z"},{"DTUID":"215","SENSORID":31,"FUNCID":3,"NDATA":2,"SENSORTYPE":"WATER-PRES","RCV_BYTES":["42FD","8B44"],"DATAS":[17149,-29884],"DATAS1":[],"DATAS2":[],"TIMESTAMP":"2022-12-18T00:47:40.824Z"},{"DTUID":"215","SENSORID":31,"FUNCID":3,"NDATA":2,"SENSORTYPE":"WATER-PRES","RCV_BYTES":["42B8","5581"],"DATAS":[17080,21889],"DATAS1":[],"DATAS2":[],"TIMESTAMP":"2022-12-18T00:27:41.030Z"},{"DTUID":"215","SENSORID":31,"FUNCID":3,"NDATA":2,"SENSORTYPE":"WATER-PRES","RCV_BYTES":["42A6","A24E"],"DATAS":[17062,-23986],"DATAS1":[],"DATAS2":[],"TIMESTAMP":"2022-12-17T23:27:38.697Z"},{"DTUID":"215","SENSORID":31,"FUNCID":3,"NDATA":2,"SENSORTYPE":"WATER-PRES","RCV_BYTES":["42A6","A24E"],"DATAS":[17062,-23986],"DATAS1":[],"DATAS2":[],"TIMESTAMP":"2022-12-17T21:47:24.583Z"},{"DTUID":"215","SENSORID":31,"FUNCID":3,"NDATA":2,"SENSORTYPE":"WATER-PRES","RCV_BYTES":["42A6","A24E"],"DATAS":[17062,-23986],"DATAS1":[],"DATAS2":[],"TIMESTAMP":"2022-12-17T20:47:23.632Z"},{"DTUID":"215","SENSORID":31,"FUNCID":3,"NDATA":2,"SENSORTYPE":"WATER-PRES","RCV_BYTES":["42A6","A24E"],"DATAS":[17062,-23986],"DATAS1":[],"DATAS2":[],"TIMESTAMP":"2022-12-17T19:27:17.913Z"},{"DTUID":"215","SENSORID":31,"FUNCID":3,"NDATA":2,"SENSORTYPE":"WATER-PRES","RCV_BYTES":["42A6","A24E"],"DATAS":[17062,-23986],"DATAS1":[],"DATAS2":[],"TIMESTAMP":"2022-12-17T18:27:12.624Z"},{"DTUID":"215","SENSORID":31,"FUNCID":3,"NDATA":2,"SENSORTYPE":"WATER-PRES","RCV_BYTES":["439F","8C8B"],"DATAS":[17311,-29557],"DATAS1":[],"DATAS2":[],"TIMESTAMP":"2022-12-17T17:27:09.821Z"}],"DAYHOURS":["11","10","8","7","5","4","3","2","1"]}