{"SENSORNAME":"COOLING TOWER B CWR PRESS 1","SENSORTYPE":"WTRPRS(485)","DTUID":"204","SENSORID":"51","DATE0":"2022-12-18T02:27:53.966Z","DATE1":"2022-02-13T09:05:33.412Z","DAYDATA":[{"DTUID":"204","SENSORID":51,"FUNCID":3,"NDATA":2,"SENSORTYPE":"WATER-PRES","RCV_BYTES":["42C9","10E5"],"DATAS":[17097,4325],"DATAS1":[],"DATAS2":[],"TIMESTAMP":"2022-12-18T02:27:53.966Z"},{"DTUID":"204","SENSORID":51,"FUNCID":3,"NDATA":2,"SENSORTYPE":"WATER-PRES","RCV_BYTES":["42BB","B3B6"],"DATAS":[17083,-19530],"DATAS1":[],"DATAS2":[],"TIMESTAMP":"2022-12-18T01:27:49.207Z"},{"DTUID":"204","SENSORID":51,"FUNCID":3,"NDATA":2,"SENSORTYPE":"WATER-PRES","RCV_BYTES":["42C7","DA1D"],"DATAS":[17095,-9699],"DATAS1":[],"DATAS2":[],"TIMESTAMP":"2022-12-18T00:27:47.138Z"},{"DTUID":"204","SENSORID":51,"FUNCID":3,"NDATA":2,"SENSORTYPE":"WATER-PRES","RCV_BYTES":["42C9","78D5"],"DATAS":[17097,30933],"DATAS1":[],"DATAS2":[],"TIMESTAMP":"2022-12-17T23:27:44.821Z"},{"DTUID":"204","SENSORID":51,"FUNCID":3,"NDATA":2,"SENSORTYPE":"WATER-PRES","RCV_BYTES":["42C9","78D5"],"DATAS":[17097,30933],"DATAS1":[],"DATAS2":[],"TIMESTAMP":"2022-12-17T21:47:30.703Z"},{"DTUID":"204","SENSORID":51,"FUNCID":3,"NDATA":2,"SENSORTYPE":"WATER-PRES","RCV_BYTES":["42C9","78D5"],"DATAS":[17097,30933],"DATAS1":[],"DATAS2":[],"TIMESTAMP":"2022-12-17T19:27:24.081Z"},{"DTUID":"204","SENSORID":51,"FUNCID":3,"NDATA":2,"SENSORTYPE":"WATER-PRES","RCV_BYTES":["42C9","78D5"],"DATAS":[17097,30933],"DATAS1":[],"DATAS2":[],"TIMESTAMP":"2022-12-17T18:27:25.944Z"}],"DAYHOURS":["10","9","8","7","5","3","2"]}