{"SENSORNAME":"CHILLER B - CWS TEMP","SENSORTYPE":"WTRTEMP(485)","DTUID":"205","SENSORID":"8","DATE0":"2022-12-18T03:28:06.109Z","DATE1":"2022-02-13T09:59:16.556Z","DAYDATA":[{"DTUID":"205","SENSORID":8,"FUNCID":3,"NDATA":2,"SENSORTYPE":"WATER-TEMP","RCV_BYTES":["0000","0128"],"DATAS":[0,296],"DATAS1":[],"DATAS2":[],"TIMESTAMP":"2022-12-18T03:28:06.109Z"},{"DTUID":"205","SENSORID":8,"FUNCID":3,"NDATA":2,"SENSORTYPE":"WATER-TEMP","RCV_BYTES":["0000","0120"],"DATAS":[0,288],"DATAS1":[],"DATAS2":[],"TIMESTAMP":"2022-12-18T02:27:43.906Z"},{"DTUID":"205","SENSORID":8,"FUNCID":3,"NDATA":2,"SENSORTYPE":"WATER-TEMP","RCV_BYTES":["0000","0111"],"DATAS":[0,273],"DATAS1":[],"DATAS2":[],"TIMESTAMP":"2022-12-18T01:27:39.209Z"},{"DTUID":"205","SENSORID":8,"FUNCID":3,"NDATA":2,"SENSORTYPE":"WATER-TEMP","RCV_BYTES":["0000","0114"],"DATAS":[0,276],"DATAS1":[],"DATAS2":[],"TIMESTAMP":"2022-12-18T00:47:36.948Z"},{"DTUID":"205","SENSORID":8,"FUNCID":3,"NDATA":2,"SENSORTYPE":"WATER-TEMP","RCV_BYTES":["0000","0111"],"DATAS":[0,273],"DATAS1":[],"DATAS2":[],"TIMESTAMP":"2022-12-18T00:27:37.166Z"},{"DTUID":"205","SENSORID":8,"FUNCID":3,"NDATA":2,"SENSORTYPE":"WATER-TEMP","RCV_BYTES":["0000","0110"],"DATAS":[0,272],"DATAS1":[],"DATAS2":[],"TIMESTAMP":"2022-12-17T23:27:34.822Z"},{"DTUID":"205","SENSORID":8,"FUNCID":3,"NDATA":2,"SENSORTYPE":"WATER-TEMP","RCV_BYTES":["0000","0111"],"DATAS":[0,273],"DATAS1":[],"DATAS2":[],"TIMESTAMP":"2022-12-17T21:47:20.702Z"},{"DTUID":"205","SENSORID":8,"FUNCID":3,"NDATA":2,"SENSORTYPE":"WATER-TEMP","RCV_BYTES":["0000","0111"],"DATAS":[0,273],"DATAS1":[],"DATAS2":[],"TIMESTAMP":"2022-12-17T21:27:20.871Z"},{"DTUID":"205","SENSORID":8,"FUNCID":3,"NDATA":2,"SENSORTYPE":"WATER-TEMP","RCV_BYTES":["0000","0116"],"DATAS":[0,278],"DATAS1":[],"DATAS2":[],"TIMESTAMP":"2022-12-17T19:27:14.074Z"},{"DTUID":"205","SENSORID":8,"FUNCID":3,"NDATA":2,"SENSORTYPE":"WATER-TEMP","RCV_BYTES":["0000","0117"],"DATAS":[0,279],"DATAS1":[],"DATAS2":[],"TIMESTAMP":"2022-12-17T18:27:08.743Z"}],"DAYHOURS":["11","10","9","8","7","5","3","2"]}