{"SENSORNAME":"HEAT EXCHANGER - CHWR TEMP","SENSORTYPE":"WTRTEMP(485)","DTUID":"202","SENSORID":"52","DATE0":"2022-12-17T20:47:10.264Z","DATE1":"2022-02-13T09:58:58.508Z","DAYDATA":[{"DTUID":"202","SENSORID":52,"FUNCID":3,"NDATA":2,"SENSORTYPE":"WATER-TEMP","RCV_BYTES":["0000","0101"],"DATAS":[0,257],"DATAS1":[],"DATAS2":[],"TIMESTAMP":"2022-12-17T20:47:10.264Z"},{"DTUID":"202","SENSORID":52,"FUNCID":3,"NDATA":2,"SENSORTYPE":"WATER-TEMP","RCV_BYTES":["0000","00FE"],"DATAS":[0,254],"DATAS1":[],"DATAS2":[],"TIMESTAMP":"2022-12-17T17:26:56.455Z"}],"DAYHOURS":["4","1"]}