{"SENSORNAME":"WCPU OVERALL AIR DUCT","SENSORTYPE":"AIRRH(485)","DTUID":"203","SENSORID":"22","DATE0":"2022-12-18T03:28:35.029Z","DATE1":"2022-02-13T09:06:33.793Z","DAYDATA":[{"DTUID":"203","SENSORID":22,"FUNCID":3,"NDATA":2,"SENSORTYPE":"AIRFLOW-TEMP","RCV_BYTES":["0387","008C"],"DATAS":[903,140],"DATAS1":[],"DATAS2":[],"TIMESTAMP":"2022-12-18T03:28:35.029Z"},{"DTUID":"203","SENSORID":22,"FUNCID":3,"NDATA":2,"SENSORTYPE":"AIRFLOW-TEMP","RCV_BYTES":["025A","011B"],"DATAS":[602,283],"DATAS1":[],"DATAS2":[],"TIMESTAMP":"2022-12-18T01:28:39.581Z"},{"DTUID":"203","SENSORID":22,"FUNCID":3,"NDATA":2,"SENSORTYPE":"AIRFLOW-TEMP","RCV_BYTES":["02D2","00EA"],"DATAS":[722,234],"DATAS1":[],"DATAS2":[],"TIMESTAMP":"2022-12-18T00:48:30.937Z"},{"DTUID":"203","SENSORID":22,"FUNCID":3,"NDATA":2,"SENSORTYPE":"AIRFLOW-TEMP","RCV_BYTES":["0311","00C0"],"DATAS":[785,192],"DATAS1":[],"DATAS2":[],"TIMESTAMP":"2022-12-18T00:28:17.173Z"},{"DTUID":"203","SENSORID":22,"FUNCID":3,"NDATA":2,"SENSORTYPE":"AIRFLOW-TEMP","RCV_BYTES":["02ED","008C"],"DATAS":[749,140],"DATAS1":[],"DATAS2":[],"TIMESTAMP":"2022-12-17T23:29:31.930Z"},{"DTUID":"203","SENSORID":22,"FUNCID":3,"NDATA":2,"SENSORTYPE":"AIRFLOW-TEMP","RCV_BYTES":["02EA","008D"],"DATAS":[746,141],"DATAS1":[],"DATAS2":[],"TIMESTAMP":"2022-12-17T22:28:04.391Z"},{"DTUID":"203","SENSORID":22,"FUNCID":3,"NDATA":2,"SENSORTYPE":"AIRFLOW-TEMP","RCV_BYTES":["02F0","008D"],"DATAS":[752,141],"DATAS1":[],"DATAS2":[],"TIMESTAMP":"2022-12-17T20:28:06.537Z"},{"DTUID":"203","SENSORID":22,"FUNCID":3,"NDATA":2,"SENSORTYPE":"AIRFLOW-TEMP","RCV_BYTES":["02F4","008E"],"DATAS":[756,142],"DATAS1":[],"DATAS2":[],"TIMESTAMP":"2022-12-17T19:27:54.222Z"},{"DTUID":"203","SENSORID":22,"FUNCID":3,"NDATA":2,"SENSORTYPE":"AIRFLOW-TEMP","RCV_BYTES":["02F1","008E"],"DATAS":[753,142],"DATAS1":[],"DATAS2":[],"TIMESTAMP":"2022-12-17T17:27:45.860Z"}],"DAYHOURS":["11","9","8","7","6","4","3","1"]}