{"SENSORNAME":"HVC HIGH TESTER ROOM","SENSORTYPE":"WISENSOR","DTUID":"-1","SENSORID":"B0-C1-B8-8F-C8-A6","DATE0":"2022-12-18T04:02:47.132Z","DATE1":"2021-12-20T22:08:35.158Z","DAYDATA":[{"modelID":"b0-c1-b8-8f-c8-a6","modelType":"Wi-SHT10","DATAS":["Temperature","Humidity"],"Temperature":26.29,"Humidity":52.204800000000006,"TIMESTAMP":"2022-12-18T04:02:47.132Z","BATT":100,"INTERVAL":600},{"modelID":"b0-c1-b8-8f-c8-a6","modelType":"Wi-SHT10","DATAS":["Temperature","Humidity"],"Temperature":26.3,"Humidity":51.2352,"TIMESTAMP":"2022-12-18T03:52:46.712Z","BATT":100,"INTERVAL":600},{"modelID":"b0-c1-b8-8f-c8-a6","modelType":"Wi-SHT10","DATAS":["Temperature","Humidity"],"Temperature":26.36,"Humidity":51.024,"TIMESTAMP":"2022-12-18T03:42:49.110Z","BATT":100,"INTERVAL":600},{"modelID":"b0-c1-b8-8f-c8-a6","modelType":"Wi-SHT10","DATAS":["Temperature","Humidity"],"Temperature":26.37,"Humidity":51.2256,"TIMESTAMP":"2022-12-18T03:32:38.850Z","BATT":100,"INTERVAL":600},{"modelID":"b0-c1-b8-8f-c8-a6","modelType":"Wi-SHT10","DATAS":["Temperature","Humidity"],"Temperature":26.38,"Humidity":50.832,"TIMESTAMP":"2022-12-18T03:22:27.333Z","BATT":100,"INTERVAL":600},{"modelID":"b0-c1-b8-8f-c8-a6","modelType":"Wi-SHT10","DATAS":["Temperature","Humidity"],"Temperature":26.38,"Humidity":50.3616,"TIMESTAMP":"2022-12-18T03:12:25.338Z","BATT":100,"INTERVAL":600},{"modelID":"b0-c1-b8-8f-c8-a6","modelType":"Wi-SHT10","DATAS":["Temperature","Humidity"],"Temperature":26.45,"Humidity":49.9968,"TIMESTAMP":"2022-12-18T03:02:17.967Z","BATT":100,"INTERVAL":600},{"modelID":"b0-c1-b8-8f-c8-a6","modelType":"Wi-SHT10","DATAS":["Temperature","Humidity"],"Temperature":26.45,"Humidity":50.236799999999995,"TIMESTAMP":"2022-12-18T02:52:39.955Z","BATT":100,"INTERVAL":600},{"modelID":"b0-c1-b8-8f-c8-a6","modelType":"Wi-SHT10","DATAS":["Temperature","Humidity"],"Temperature":26.52,"Humidity":50.5152,"TIMESTAMP":"2022-12-18T02:42:36.006Z","BATT":100,"INTERVAL":600},{"modelID":"b0-c1-b8-8f-c8-a6","modelType":"Wi-SHT10","DATAS":["Temperature","Humidity"],"Temperature":26.62,"Humidity":51.321600000000004,"TIMESTAMP":"2022-12-18T02:32:35.266Z","BATT":100,"INTERVAL":600},{"modelID":"b0-c1-b8-8f-c8-a6","modelType":"Wi-SHT10","DATAS":["Temperature","Humidity"],"Temperature":26.65,"Humidity":52.8192,"TIMESTAMP":"2022-12-18T02:22:29.995Z","BATT":100,"INTERVAL":600},{"modelID":"b0-c1-b8-8f-c8-a6","modelType":"Wi-SHT10","DATAS":["Temperature","Humidity"],"Temperature":26.75,"Humidity":54.0768,"TIMESTAMP":"2022-12-18T02:12:33.167Z","BATT":100,"INTERVAL":600},{"modelID":"b0-c1-b8-8f-c8-a6","modelType":"Wi-SHT10","DATAS":["Temperature","Humidity"],"Temperature":26.84,"Humidity":57.5904,"TIMESTAMP":"2022-12-18T02:02:47.947Z","BATT":100,"INTERVAL":600},{"modelID":"b0-c1-b8-8f-c8-a6","modelType":"Wi-SHT10","DATAS":["Temperature","Humidity"],"Temperature":26.86,"Humidity":61.3056,"TIMESTAMP":"2022-12-18T01:52:40.964Z","BATT":100,"INTERVAL":600},{"modelID":"b0-c1-b8-8f-c8-a6","modelType":"Wi-SHT10","DATAS":["Temperature","Humidity"],"Temperature":26.68,"Humidity":61.3824,"TIMESTAMP":"2022-12-18T01:42:21.524Z","BATT":100,"INTERVAL":600},{"modelID":"b0-c1-b8-8f-c8-a6","modelType":"Wi-SHT10","DATAS":["Temperature","Humidity"],"Temperature":26.44,"Humidity":61.0848,"TIMESTAMP":"2022-12-18T01:32:45.568Z","BATT":100,"INTERVAL":600},{"modelID":"b0-c1-b8-8f-c8-a6","modelType":"Wi-SHT10","DATAS":["Temperature","Humidity"],"Temperature":26.24,"Humidity":60.2208,"TIMESTAMP":"2022-12-18T01:22:33.488Z","BATT":100,"INTERVAL":600},{"modelID":"b0-c1-b8-8f-c8-a6","modelType":"Wi-SHT10","DATAS":["Temperature","Humidity"],"Temperature":26.18,"Humidity":59.2224,"TIMESTAMP":"2022-12-18T01:12:46.828Z","BATT":100,"INTERVAL":600},{"modelID":"b0-c1-b8-8f-c8-a6","modelType":"Wi-SHT10","DATAS":["Temperature","Humidity"],"Temperature":26.01,"Humidity":58.0608,"TIMESTAMP":"2022-12-18T01:02:40.108Z","BATT":100,"INTERVAL":600},{"modelID":"b0-c1-b8-8f-c8-a6","modelType":"Wi-SHT10","DATAS":["Temperature","Humidity"],"Temperature":25.89,"Humidity":55.8816,"TIMESTAMP":"2022-12-18T00:52:38.176Z","BATT":100,"INTERVAL":600},{"modelID":"b0-c1-b8-8f-c8-a6","modelType":"Wi-SHT10","DATAS":["Temperature","Humidity"],"Temperature":25.83,"Humidity":52.790400000000005,"TIMESTAMP":"2022-12-18T00:42:38.415Z","BATT":100,"INTERVAL":600},{"modelID":"b0-c1-b8-8f-c8-a6","modelType":"Wi-SHT10","DATAS":["Temperature","Humidity"],"Temperature":25.73,"Humidity":50.0736,"TIMESTAMP":"2022-12-18T00:32:20.656Z","BATT":100,"INTERVAL":600},{"modelID":"b0-c1-b8-8f-c8-a6","modelType":"Wi-SHT10","DATAS":["Temperature","Humidity"],"Temperature":25.7,"Humidity":48.0576,"TIMESTAMP":"2022-12-18T00:22:22.613Z","BATT":100,"INTERVAL":600},{"modelID":"b0-c1-b8-8f-c8-a6","modelType":"Wi-SHT10","DATAS":["Temperature","Humidity"],"Temperature":25.72,"Humidity":47.2224,"TIMESTAMP":"2022-12-18T00:12:18.161Z","BATT":100,"INTERVAL":600},{"modelID":"b0-c1-b8-8f-c8-a6","modelType":"Wi-SHT10","DATAS":["Temperature","Humidity"],"Temperature":25.78,"Humidity":45.782399999999996,"TIMESTAMP":"2022-12-18T00:02:31.263Z","BATT":100,"INTERVAL":600},{"modelID":"b0-c1-b8-8f-c8-a6","modelType":"Wi-SHT10","DATAS":["Temperature","Humidity"],"Temperature":25.76,"Humidity":45.2928,"TIMESTAMP":"2022-12-17T23:52:43.822Z","BATT":100,"INTERVAL":600},{"modelID":"b0-c1-b8-8f-c8-a6","modelType":"Wi-SHT10","DATAS":["Temperature","Humidity"],"Temperature":25.82,"Humidity":45.4752,"TIMESTAMP":"2022-12-17T23:42:22.801Z","BATT":100,"INTERVAL":600},{"modelID":"b0-c1-b8-8f-c8-a6","modelType":"Wi-SHT10","DATAS":["Temperature","Humidity"],"Temperature":25.77,"Humidity":44.208,"TIMESTAMP":"2022-12-17T23:32:36.542Z","BATT":100,"INTERVAL":600},{"modelID":"b0-c1-b8-8f-c8-a6","modelType":"Wi-SHT10","DATAS":["Temperature","Humidity"],"Temperature":25.82,"Humidity":43.3344,"TIMESTAMP":"2022-12-17T23:22:25.222Z","BATT":100,"INTERVAL":600},{"modelID":"b0-c1-b8-8f-c8-a6","modelType":"Wi-SHT10","DATAS":["Temperature","Humidity"],"Temperature":25.83,"Humidity":42.6816,"TIMESTAMP":"2022-12-17T23:12:25.481Z","BATT":100,"INTERVAL":600},{"modelID":"b0-c1-b8-8f-c8-a6","modelType":"Wi-SHT10","DATAS":["Temperature","Humidity"],"Temperature":25.9,"Humidity":42.432,"TIMESTAMP":"2022-12-17T23:02:17.892Z","BATT":100,"INTERVAL":600},{"modelID":"b0-c1-b8-8f-c8-a6","modelType":"Wi-SHT10","DATAS":["Temperature","Humidity"],"Temperature":25.92,"Humidity":42.7584,"TIMESTAMP":"2022-12-17T22:52:38.294Z","BATT":100,"INTERVAL":600},{"modelID":"b0-c1-b8-8f-c8-a6","modelType":"Wi-SHT10","DATAS":["Temperature","Humidity"],"Temperature":25.98,"Humidity":42.422399999999996,"TIMESTAMP":"2022-12-17T22:42:36.891Z","BATT":100,"INTERVAL":600},{"modelID":"b0-c1-b8-8f-c8-a6","modelType":"Wi-SHT10","DATAS":["Temperature","Humidity"],"Temperature":26.07,"Humidity":42.3744,"TIMESTAMP":"2022-12-17T22:32:36.351Z","BATT":100,"INTERVAL":600},{"modelID":"b0-c1-b8-8f-c8-a6","modelType":"Wi-SHT10","DATAS":["Temperature","Humidity"],"Temperature":26.07,"Humidity":42.470400000000005,"TIMESTAMP":"2022-12-17T22:22:37.098Z","BATT":100,"INTERVAL":600},{"modelID":"b0-c1-b8-8f-c8-a6","modelType":"Wi-SHT10","DATAS":["Temperature","Humidity"],"Temperature":26.13,"Humidity":42.547200000000004,"TIMESTAMP":"2022-12-17T22:12:24.378Z","BATT":100,"INTERVAL":600},{"modelID":"b0-c1-b8-8f-c8-a6","modelType":"Wi-SHT10","DATAS":["Temperature","Humidity"],"Temperature":26.15,"Humidity":42.6912,"TIMESTAMP":"2022-12-17T22:02:16.929Z","BATT":100,"INTERVAL":600},{"modelID":"b0-c1-b8-8f-c8-a6","modelType":"Wi-SHT10","DATAS":["Temperature","Humidity"],"Temperature":26.17,"Humidity":42.4992,"TIMESTAMP":"2022-12-17T21:52:48.285Z","BATT":100,"INTERVAL":600},{"modelID":"b0-c1-b8-8f-c8-a6","modelType":"Wi-SHT10","DATAS":["Temperature","Humidity"],"Temperature":26.23,"Humidity":42.355199999999996,"TIMESTAMP":"2022-12-17T21:42:26.004Z","BATT":100,"INTERVAL":600},{"modelID":"b0-c1-b8-8f-c8-a6","modelType":"Wi-SHT10","DATAS":["Temperature","Humidity"],"Temperature":26.32,"Humidity":42.086400000000005,"TIMESTAMP":"2022-12-17T21:32:22.289Z","BATT":100,"INTERVAL":600},{"modelID":"b0-c1-b8-8f-c8-a6","modelType":"Wi-SHT10","DATAS":["Temperature","Humidity"],"Temperature":26.37,"Humidity":41.8176,"TIMESTAMP":"2022-12-17T21:22:37.148Z","BATT":100,"INTERVAL":600},{"modelID":"b0-c1-b8-8f-c8-a6","modelType":"Wi-SHT10","DATAS":["Temperature","Humidity"],"Temperature":26.38,"Humidity":41.6928,"TIMESTAMP":"2022-12-17T21:12:27.944Z","BATT":100,"INTERVAL":600},{"modelID":"b0-c1-b8-8f-c8-a6","modelType":"Wi-SHT10","DATAS":["Temperature","Humidity"],"Temperature":26.42,"Humidity":41.3376,"TIMESTAMP":"2022-12-17T21:02:42.795Z","BATT":100,"INTERVAL":600},{"modelID":"b0-c1-b8-8f-c8-a6","modelType":"Wi-SHT10","DATAS":["Temperature","Humidity"],"Temperature":26.48,"Humidity":41.424,"TIMESTAMP":"2022-12-17T20:52:23.994Z","BATT":100,"INTERVAL":600},{"modelID":"b0-c1-b8-8f-c8-a6","modelType":"Wi-SHT10","DATAS":["Temperature","Humidity"],"Temperature":26.6,"Humidity":41.4144,"TIMESTAMP":"2022-12-17T20:42:37.373Z","BATT":100,"INTERVAL":600},{"modelID":"b0-c1-b8-8f-c8-a6","modelType":"Wi-SHT10","DATAS":["Temperature","Humidity"],"Temperature":26.65,"Humidity":41.9232,"TIMESTAMP":"2022-12-17T20:32:34.735Z","BATT":100,"INTERVAL":600},{"modelID":"b0-c1-b8-8f-c8-a6","modelType":"Wi-SHT10","DATAS":["Temperature","Humidity"],"Temperature":26.71,"Humidity":43.392,"TIMESTAMP":"2022-12-17T20:22:27.574Z","BATT":100,"INTERVAL":600},{"modelID":"b0-c1-b8-8f-c8-a6","modelType":"Wi-SHT10","DATAS":["Temperature","Humidity"],"Temperature":26.73,"Humidity":44.1216,"TIMESTAMP":"2022-12-17T20:12:23.533Z","BATT":100,"INTERVAL":600},{"modelID":"b0-c1-b8-8f-c8-a6","modelType":"Wi-SHT10","DATAS":["Temperature","Humidity"],"Temperature":26.8,"Humidity":44.7648,"TIMESTAMP":"2022-12-17T20:02:48.055Z","BATT":100,"INTERVAL":600},{"modelID":"b0-c1-b8-8f-c8-a6","modelType":"Wi-SHT10","DATAS":["Temperature","Humidity"],"Temperature":26.84,"Humidity":44.217600000000004,"TIMESTAMP":"2022-12-17T19:52:34.974Z","BATT":100,"INTERVAL":600},{"modelID":"b0-c1-b8-8f-c8-a6","modelType":"Wi-SHT10","DATAS":["Temperature","Humidity"],"Temperature":26.91,"Humidity":44.064,"TIMESTAMP":"2022-12-17T19:42:28.074Z","BATT":100,"INTERVAL":600},{"modelID":"b0-c1-b8-8f-c8-a6","modelType":"Wi-SHT10","DATAS":["Temperature","Humidity"],"Temperature":26.93,"Humidity":44.208,"TIMESTAMP":"2022-12-17T19:32:46.017Z","BATT":100,"INTERVAL":600},{"modelID":"b0-c1-b8-8f-c8-a6","modelType":"Wi-SHT10","DATAS":["Temperature","Humidity"],"Temperature":26.96,"Humidity":43.68,"TIMESTAMP":"2022-12-17T19:22:46.995Z","BATT":100,"INTERVAL":600},{"modelID":"b0-c1-b8-8f-c8-a6","modelType":"Wi-SHT10","DATAS":["Temperature","Humidity"],"Temperature":27.1,"Humidity":43.3536,"TIMESTAMP":"2022-12-17T19:12:40.042Z","BATT":100,"INTERVAL":600},{"modelID":"b0-c1-b8-8f-c8-a6","modelType":"Wi-SHT10","DATAS":["Temperature","Humidity"],"Temperature":27.13,"Humidity":44.1312,"TIMESTAMP":"2022-12-17T19:02:44.964Z","BATT":100,"INTERVAL":600},{"modelID":"b0-c1-b8-8f-c8-a6","modelType":"Wi-SHT10","DATAS":["Temperature","Humidity"],"Temperature":27.18,"Humidity":44.4,"TIMESTAMP":"2022-12-17T18:52:24.287Z","BATT":100,"INTERVAL":600},{"modelID":"b0-c1-b8-8f-c8-a6","modelType":"Wi-SHT10","DATAS":["Temperature","Humidity"],"Temperature":27.26,"Humidity":44.4,"TIMESTAMP":"2022-12-17T18:42:26.905Z","BATT":100,"INTERVAL":600},{"modelID":"b0-c1-b8-8f-c8-a6","modelType":"Wi-SHT10","DATAS":["Temperature","Humidity"],"Temperature":27.33,"Humidity":43.68,"TIMESTAMP":"2022-12-17T18:32:36.525Z","BATT":100,"INTERVAL":600},{"modelID":"b0-c1-b8-8f-c8-a6","modelType":"Wi-SHT10","DATAS":["Temperature","Humidity"],"Temperature":27.35,"Humidity":43.209599999999995,"TIMESTAMP":"2022-12-17T18:22:38.622Z","BATT":100,"INTERVAL":600},{"modelID":"b0-c1-b8-8f-c8-a6","modelType":"Wi-SHT10","DATAS":["Temperature","Humidity"],"Temperature":27.42,"Humidity":43.007999999999996,"TIMESTAMP":"2022-12-17T18:12:47.125Z","BATT":100,"INTERVAL":600},{"modelID":"b0-c1-b8-8f-c8-a6","modelType":"Wi-SHT10","DATAS":["Temperature","Humidity"],"Temperature":27.46,"Humidity":43.209599999999995,"TIMESTAMP":"2022-12-17T18:02:47.103Z","BATT":100,"INTERVAL":600},{"modelID":"b0-c1-b8-8f-c8-a6","modelType":"Wi-SHT10","DATAS":["Temperature","Humidity"],"Temperature":27.53,"Humidity":43.392,"TIMESTAMP":"2022-12-17T17:52:17.129Z","BATT":100,"INTERVAL":600},{"modelID":"b0-c1-b8-8f-c8-a6","modelType":"Wi-SHT10","DATAS":["Temperature","Humidity"],"Temperature":27.59,"Humidity":43.4208,"TIMESTAMP":"2022-12-17T17:42:46.580Z","BATT":100,"INTERVAL":600},{"modelID":"b0-c1-b8-8f-c8-a6","modelType":"Wi-SHT10","DATAS":["Temperature","Humidity"],"Temperature":27.72,"Humidity":42.8832,"TIMESTAMP":"2022-12-17T17:32:34.782Z","BATT":100,"INTERVAL":600},{"modelID":"b0-c1-b8-8f-c8-a6","modelType":"Wi-SHT10","DATAS":["Temperature","Humidity"],"Temperature":27.74,"Humidity":43.5744,"TIMESTAMP":"2022-12-17T17:22:38.381Z","BATT":100,"INTERVAL":600},{"modelID":"b0-c1-b8-8f-c8-a6","modelType":"Wi-SHT10","DATAS":["Temperature","Humidity"],"Temperature":27.77,"Humidity":42.489599999999996,"TIMESTAMP":"2022-12-17T17:12:34.602Z","BATT":100,"INTERVAL":600},{"modelID":"b0-c1-b8-8f-c8-a6","modelType":"Wi-SHT10","DATAS":["Temperature","Humidity"],"Temperature":27.86,"Humidity":41.7984,"TIMESTAMP":"2022-12-17T17:02:34.162Z","BATT":100,"INTERVAL":600},{"modelID":"b0-c1-b8-8f-c8-a6","modelType":"Wi-SHT10","DATAS":["Temperature","Humidity"],"Temperature":27.91,"Humidity":42.1344,"TIMESTAMP":"2022-12-17T16:52:41.180Z","BATT":100,"INTERVAL":600},{"modelID":"b0-c1-b8-8f-c8-a6","modelType":"Wi-SHT10","DATAS":["Temperature","Humidity"],"Temperature":27.96,"Humidity":42.6528,"TIMESTAMP":"2022-12-17T16:42:44.841Z","BATT":100,"INTERVAL":600},{"modelID":"b0-c1-b8-8f-c8-a6","modelType":"Wi-SHT10","DATAS":["Temperature","Humidity"],"Temperature":28.02,"Humidity":41.903999999999996,"TIMESTAMP":"2022-12-17T16:32:20.982Z","BATT":100,"INTERVAL":600},{"modelID":"b0-c1-b8-8f-c8-a6","modelType":"Wi-SHT10","DATAS":["Temperature","Humidity"],"Temperature":28.14,"Humidity":41.2224,"TIMESTAMP":"2022-12-17T16:22:36.793Z","BATT":100,"INTERVAL":600},{"modelID":"b0-c1-b8-8f-c8-a6","modelType":"Wi-SHT10","DATAS":["Temperature","Humidity"],"Temperature":28.21,"Humidity":41.8656,"TIMESTAMP":"2022-12-17T16:12:37.121Z","BATT":100,"INTERVAL":600},{"modelID":"b0-c1-b8-8f-c8-a6","modelType":"Wi-SHT10","DATAS":["Temperature","Humidity"],"Temperature":28.37,"Humidity":41.664,"TIMESTAMP":"2022-12-17T16:02:25.527Z","BATT":100,"INTERVAL":600}],"DAYHOURS":["12","11","10","9","8","7","6","5","4","3","2","1","0"]}