{"SENSORNAME":"L5-Corridor 2 4D-3D(Inpatient)","SENSORTYPE":"WISENSOR","DTUID":"-1","SENSORID":"BA-35-49-CE-4D-3D","DATE0":"2022-12-18T04:10:04.864Z","DATE1":"2022-03-22T00:14:05.350Z","DAYDATA":[{"modelID":"ba-35-49-ce-4d-3d","modelType":"Wi-SHT10A","DATAS":["Temperature","Humidity"],"Temperature":4.18,"Humidity":0,"TIMESTAMP":"2022-12-18T04:10:04.864Z","BATT":100,"INTERVAL":600},{"modelID":"ba-35-49-ce-4d-3d","modelType":"Wi-SHT10A","DATAS":["Temperature","Humidity"],"Temperature":4.95,"Humidity":0,"TIMESTAMP":"2022-12-18T04:00:02.455Z","BATT":100,"INTERVAL":600},{"modelID":"ba-35-49-ce-4d-3d","modelType":"Wi-SHT10A","DATAS":["Temperature","Humidity"],"Temperature":3.94,"Humidity":0,"TIMESTAMP":"2022-12-18T03:50:01.689Z","BATT":100,"INTERVAL":600},{"modelID":"ba-35-49-ce-4d-3d","modelType":"Wi-SHT10A","DATAS":["Temperature","Humidity"],"Temperature":3.47,"Humidity":0,"TIMESTAMP":"2022-12-18T03:40:04.930Z","BATT":100,"INTERVAL":600},{"modelID":"ba-35-49-ce-4d-3d","modelType":"Wi-SHT10A","DATAS":["Temperature","Humidity"],"Temperature":4.95,"Humidity":0,"TIMESTAMP":"2022-12-18T03:29:36.459Z","BATT":100,"INTERVAL":600},{"modelID":"ba-35-49-ce-4d-3d","modelType":"Wi-SHT10A","DATAS":["Temperature","Humidity"],"Temperature":4.55,"Humidity":0,"TIMESTAMP":"2022-12-18T03:20:06.875Z","BATT":100,"INTERVAL":600},{"modelID":"ba-35-49-ce-4d-3d","modelType":"Wi-SHT10A","DATAS":["Temperature","Humidity"],"Temperature":3.34,"Humidity":0,"TIMESTAMP":"2022-12-18T03:09:57.815Z","BATT":100,"INTERVAL":600},{"modelID":"ba-35-49-ce-4d-3d","modelType":"Wi-SHT10A","DATAS":["Temperature","Humidity"],"Temperature":4.25,"Humidity":0,"TIMESTAMP":"2022-12-18T03:00:08.833Z","BATT":100,"INTERVAL":600},{"modelID":"ba-35-49-ce-4d-3d","modelType":"Wi-SHT10A","DATAS":["Temperature","Humidity"],"Temperature":5.02,"Humidity":0,"TIMESTAMP":"2022-12-18T02:49:51.153Z","BATT":100,"INTERVAL":600},{"modelID":"ba-35-49-ce-4d-3d","modelType":"Wi-SHT10A","DATAS":["Temperature","Humidity"],"Temperature":4.18,"Humidity":0,"TIMESTAMP":"2022-12-18T02:39:23.342Z","BATT":100,"INTERVAL":600},{"modelID":"ba-35-49-ce-4d-3d","modelType":"Wi-SHT10A","DATAS":["Temperature","Humidity"],"Temperature":3.37,"Humidity":0,"TIMESTAMP":"2022-12-18T02:29:32.610Z","BATT":100,"INTERVAL":600},{"modelID":"ba-35-49-ce-4d-3d","modelType":"Wi-SHT10A","DATAS":["Temperature","Humidity"],"Temperature":4.72,"Humidity":0,"TIMESTAMP":"2022-12-18T02:19:32.665Z","BATT":100,"INTERVAL":600},{"modelID":"ba-35-49-ce-4d-3d","modelType":"Wi-SHT10A","DATAS":["Temperature","Humidity"],"Temperature":4.72,"Humidity":0,"TIMESTAMP":"2022-12-18T02:09:45.948Z","BATT":100,"INTERVAL":600},{"modelID":"ba-35-49-ce-4d-3d","modelType":"Wi-SHT10A","DATAS":["Temperature","Humidity"],"Temperature":3.84,"Humidity":0,"TIMESTAMP":"2022-12-18T01:59:17.004Z","BATT":100,"INTERVAL":600},{"modelID":"ba-35-49-ce-4d-3d","modelType":"Wi-SHT10A","DATAS":["Temperature","Humidity"],"Temperature":3.81,"Humidity":0,"TIMESTAMP":"2022-12-18T01:50:05.009Z","BATT":100,"INTERVAL":600},{"modelID":"ba-35-49-ce-4d-3d","modelType":"Wi-SHT10A","DATAS":["Temperature","Humidity"],"Temperature":5.12,"Humidity":0,"TIMESTAMP":"2022-12-18T01:40:12.115Z","BATT":100,"INTERVAL":600},{"modelID":"ba-35-49-ce-4d-3d","modelType":"Wi-SHT10A","DATAS":["Temperature","Humidity"],"Temperature":4.52,"Humidity":0,"TIMESTAMP":"2022-12-18T01:29:33.030Z","BATT":100,"INTERVAL":600},{"modelID":"ba-35-49-ce-4d-3d","modelType":"Wi-SHT10A","DATAS":["Temperature","Humidity"],"Temperature":3.41,"Humidity":0,"TIMESTAMP":"2022-12-18T01:19:40.173Z","BATT":100,"INTERVAL":600},{"modelID":"ba-35-49-ce-4d-3d","modelType":"Wi-SHT10A","DATAS":["Temperature","Humidity"],"Temperature":3.91,"Humidity":0,"TIMESTAMP":"2022-12-18T01:09:16.470Z","BATT":100,"INTERVAL":600},{"modelID":"ba-35-49-ce-4d-3d","modelType":"Wi-SHT10A","DATAS":["Temperature","Humidity"],"Temperature":5.05,"Humidity":0,"TIMESTAMP":"2022-12-18T00:59:38.958Z","BATT":100,"INTERVAL":600},{"modelID":"ba-35-49-ce-4d-3d","modelType":"Wi-SHT10A","DATAS":["Temperature","Humidity"],"Temperature":4.21,"Humidity":0,"TIMESTAMP":"2022-12-18T00:49:23.909Z","BATT":100,"INTERVAL":600},{"modelID":"ba-35-49-ce-4d-3d","modelType":"Wi-SHT10A","DATAS":["Temperature","Humidity"],"Temperature":3.37,"Humidity":0,"TIMESTAMP":"2022-12-18T00:39:51.867Z","BATT":100,"INTERVAL":600},{"modelID":"ba-35-49-ce-4d-3d","modelType":"Wi-SHT10A","DATAS":["Temperature","Humidity"],"Temperature":4.78,"Humidity":0,"TIMESTAMP":"2022-12-18T00:29:33.206Z","BATT":100,"INTERVAL":600},{"modelID":"ba-35-49-ce-4d-3d","modelType":"Wi-SHT10A","DATAS":["Temperature","Humidity"],"Temperature":4.72,"Humidity":0,"TIMESTAMP":"2022-12-18T00:19:47.893Z","BATT":100,"INTERVAL":600},{"modelID":"ba-35-49-ce-4d-3d","modelType":"Wi-SHT10A","DATAS":["Temperature","Humidity"],"Temperature":3.51,"Humidity":0,"TIMESTAMP":"2022-12-18T00:10:03.535Z","BATT":100,"INTERVAL":600},{"modelID":"ba-35-49-ce-4d-3d","modelType":"Wi-SHT10A","DATAS":["Temperature","Humidity"],"Temperature":3.94,"Humidity":0,"TIMESTAMP":"2022-12-18T00:00:14.019Z","BATT":100,"INTERVAL":600},{"modelID":"ba-35-49-ce-4d-3d","modelType":"Wi-SHT10A","DATAS":["Temperature","Humidity"],"Temperature":5.15,"Humidity":0,"TIMESTAMP":"2022-12-17T23:49:22.331Z","BATT":100,"INTERVAL":600},{"modelID":"ba-35-49-ce-4d-3d","modelType":"Wi-SHT10A","DATAS":["Temperature","Humidity"],"Temperature":4.31,"Humidity":0,"TIMESTAMP":"2022-12-17T23:40:07.954Z","BATT":100,"INTERVAL":600},{"modelID":"ba-35-49-ce-4d-3d","modelType":"Wi-SHT10A","DATAS":["Temperature","Humidity"],"Temperature":3.34,"Humidity":0,"TIMESTAMP":"2022-12-17T23:29:58.892Z","BATT":100,"INTERVAL":600},{"modelID":"ba-35-49-ce-4d-3d","modelType":"Wi-SHT10A","DATAS":["Temperature","Humidity"],"Temperature":4.25,"Humidity":0,"TIMESTAMP":"2022-12-17T23:19:48.025Z","BATT":100,"INTERVAL":600},{"modelID":"ba-35-49-ce-4d-3d","modelType":"Wi-SHT10A","DATAS":["Temperature","Humidity"],"Temperature":4.92,"Humidity":0,"TIMESTAMP":"2022-12-17T23:10:03.848Z","BATT":100,"INTERVAL":600},{"modelID":"ba-35-49-ce-4d-3d","modelType":"Wi-SHT10A","DATAS":["Temperature","Humidity"],"Temperature":3.94,"Humidity":0,"TIMESTAMP":"2022-12-17T23:00:08.182Z","BATT":100,"INTERVAL":600},{"modelID":"ba-35-49-ce-4d-3d","modelType":"Wi-SHT10A","DATAS":["Temperature","Humidity"],"Temperature":3.34,"Humidity":0,"TIMESTAMP":"2022-12-17T22:49:17.202Z","BATT":100,"INTERVAL":600},{"modelID":"ba-35-49-ce-4d-3d","modelType":"Wi-SHT10A","DATAS":["Temperature","Humidity"],"Temperature":5.05,"Humidity":0,"TIMESTAMP":"2022-12-17T22:39:57.856Z","BATT":100,"INTERVAL":600},{"modelID":"ba-35-49-ce-4d-3d","modelType":"Wi-SHT10A","DATAS":["Temperature","Humidity"],"Temperature":4.68,"Humidity":0,"TIMESTAMP":"2022-12-17T22:29:50.402Z","BATT":100,"INTERVAL":600},{"modelID":"ba-35-49-ce-4d-3d","modelType":"Wi-SHT10A","DATAS":["Temperature","Humidity"],"Temperature":3.64,"Humidity":0,"TIMESTAMP":"2022-12-17T22:19:36.097Z","BATT":100,"INTERVAL":600},{"modelID":"ba-35-49-ce-4d-3d","modelType":"Wi-SHT10A","DATAS":["Temperature","Humidity"],"Temperature":3.71,"Humidity":0,"TIMESTAMP":"2022-12-17T22:09:30.592Z","BATT":100,"INTERVAL":600},{"modelID":"ba-35-49-ce-4d-3d","modelType":"Wi-SHT10A","DATAS":["Temperature","Humidity"],"Temperature":4.15,"Humidity":0,"TIMESTAMP":"2022-12-17T21:50:08.618Z","BATT":100,"INTERVAL":600},{"modelID":"ba-35-49-ce-4d-3d","modelType":"Wi-SHT10A","DATAS":["Temperature","Humidity"],"Temperature":3.34,"Humidity":0,"TIMESTAMP":"2022-12-17T21:39:52.877Z","BATT":100,"INTERVAL":600},{"modelID":"ba-35-49-ce-4d-3d","modelType":"Wi-SHT10A","DATAS":["Temperature","Humidity"],"Temperature":4.65,"Humidity":0,"TIMESTAMP":"2022-12-17T21:29:48.567Z","BATT":100,"INTERVAL":600},{"modelID":"ba-35-49-ce-4d-3d","modelType":"Wi-SHT10A","DATAS":["Temperature","Humidity"],"Temperature":4.92,"Humidity":0,"TIMESTAMP":"2022-12-17T21:19:20.075Z","BATT":100,"INTERVAL":600},{"modelID":"ba-35-49-ce-4d-3d","modelType":"Wi-SHT10A","DATAS":["Temperature","Humidity"],"Temperature":3.74,"Humidity":0,"TIMESTAMP":"2022-12-17T21:09:54.752Z","BATT":100,"INTERVAL":600},{"modelID":"ba-35-49-ce-4d-3d","modelType":"Wi-SHT10A","DATAS":["Temperature","Humidity"],"Temperature":3.54,"Humidity":0,"TIMESTAMP":"2022-12-17T20:59:30.919Z","BATT":100,"INTERVAL":600},{"modelID":"ba-35-49-ce-4d-3d","modelType":"Wi-SHT10A","DATAS":["Temperature","Humidity"],"Temperature":4.38,"Humidity":0,"TIMESTAMP":"2022-12-17T20:40:03.785Z","BATT":100,"INTERVAL":600},{"modelID":"ba-35-49-ce-4d-3d","modelType":"Wi-SHT10A","DATAS":["Temperature","Humidity"],"Temperature":3.47,"Humidity":0,"TIMESTAMP":"2022-12-17T20:29:20.066Z","BATT":100,"INTERVAL":600},{"modelID":"ba-35-49-ce-4d-3d","modelType":"Wi-SHT10A","DATAS":["Temperature","Humidity"],"Temperature":4.41,"Humidity":0,"TIMESTAMP":"2022-12-17T20:20:10.967Z","BATT":100,"INTERVAL":600},{"modelID":"ba-35-49-ce-4d-3d","modelType":"Wi-SHT10A","DATAS":["Temperature","Humidity"],"Temperature":5.02,"Humidity":0,"TIMESTAMP":"2022-12-17T20:09:41.776Z","BATT":100,"INTERVAL":600},{"modelID":"ba-35-49-ce-4d-3d","modelType":"Wi-SHT10A","DATAS":["Temperature","Humidity"],"Temperature":3.91,"Humidity":0,"TIMESTAMP":"2022-12-17T20:00:03.969Z","BATT":100,"INTERVAL":600},{"modelID":"ba-35-49-ce-4d-3d","modelType":"Wi-SHT10A","DATAS":["Temperature","Humidity"],"Temperature":3.47,"Humidity":0,"TIMESTAMP":"2022-12-17T19:50:07.384Z","BATT":100,"INTERVAL":600},{"modelID":"ba-35-49-ce-4d-3d","modelType":"Wi-SHT10A","DATAS":["Temperature","Humidity"],"Temperature":4.95,"Humidity":0,"TIMESTAMP":"2022-12-17T19:39:34.740Z","BATT":100,"INTERVAL":600},{"modelID":"ba-35-49-ce-4d-3d","modelType":"Wi-SHT10A","DATAS":["Temperature","Humidity"],"Temperature":4.72,"Humidity":0,"TIMESTAMP":"2022-12-17T19:29:29.403Z","BATT":100,"INTERVAL":600},{"modelID":"ba-35-49-ce-4d-3d","modelType":"Wi-SHT10A","DATAS":["Temperature","Humidity"],"Temperature":3.61,"Humidity":0,"TIMESTAMP":"2022-12-17T19:19:17.983Z","BATT":100,"INTERVAL":600},{"modelID":"ba-35-49-ce-4d-3d","modelType":"Wi-SHT10A","DATAS":["Temperature","Humidity"],"Temperature":4.08,"Humidity":0,"TIMESTAMP":"2022-12-17T19:10:07.111Z","BATT":100,"INTERVAL":600},{"modelID":"ba-35-49-ce-4d-3d","modelType":"Wi-SHT10A","DATAS":["Temperature","Humidity"],"Temperature":5.12,"Humidity":0,"TIMESTAMP":"2022-12-17T18:59:35.311Z","BATT":100,"INTERVAL":600},{"modelID":"ba-35-49-ce-4d-3d","modelType":"Wi-SHT10A","DATAS":["Temperature","Humidity"],"Temperature":4.11,"Humidity":0,"TIMESTAMP":"2022-12-17T18:49:59.363Z","BATT":100,"INTERVAL":600},{"modelID":"ba-35-49-ce-4d-3d","modelType":"Wi-SHT10A","DATAS":["Temperature","Humidity"],"Temperature":3.31,"Humidity":0,"TIMESTAMP":"2022-12-17T18:39:36.865Z","BATT":100,"INTERVAL":600},{"modelID":"ba-35-49-ce-4d-3d","modelType":"Wi-SHT10A","DATAS":["Temperature","Humidity"],"Temperature":4.82,"Humidity":0,"TIMESTAMP":"2022-12-17T18:29:53.613Z","BATT":100,"INTERVAL":600},{"modelID":"ba-35-49-ce-4d-3d","modelType":"Wi-SHT10A","DATAS":["Temperature","Humidity"],"Temperature":4.78,"Humidity":0,"TIMESTAMP":"2022-12-17T18:19:37.372Z","BATT":100,"INTERVAL":600},{"modelID":"ba-35-49-ce-4d-3d","modelType":"Wi-SHT10A","DATAS":["Temperature","Humidity"],"Temperature":3.71,"Humidity":0,"TIMESTAMP":"2022-12-17T18:09:42.414Z","BATT":100,"INTERVAL":600},{"modelID":"ba-35-49-ce-4d-3d","modelType":"Wi-SHT10A","DATAS":["Temperature","Humidity"],"Temperature":3.91,"Humidity":0,"TIMESTAMP":"2022-12-17T18:00:15.818Z","BATT":100,"INTERVAL":600},{"modelID":"ba-35-49-ce-4d-3d","modelType":"Wi-SHT10A","DATAS":["Temperature","Humidity"],"Temperature":5.15,"Humidity":0,"TIMESTAMP":"2022-12-17T17:50:00.599Z","BATT":100,"INTERVAL":600},{"modelID":"ba-35-49-ce-4d-3d","modelType":"Wi-SHT10A","DATAS":["Temperature","Humidity"],"Temperature":4.25,"Humidity":0,"TIMESTAMP":"2022-12-17T17:40:09.849Z","BATT":100,"INTERVAL":600},{"modelID":"ba-35-49-ce-4d-3d","modelType":"Wi-SHT10A","DATAS":["Temperature","Humidity"],"Temperature":3.34,"Humidity":0,"TIMESTAMP":"2022-12-17T17:29:20.882Z","BATT":100,"INTERVAL":600},{"modelID":"ba-35-49-ce-4d-3d","modelType":"Wi-SHT10A","DATAS":["Temperature","Humidity"],"Temperature":4.41,"Humidity":0,"TIMESTAMP":"2022-12-17T17:19:49.726Z","BATT":100,"INTERVAL":600},{"modelID":"ba-35-49-ce-4d-3d","modelType":"Wi-SHT10A","DATAS":["Temperature","Humidity"],"Temperature":4.92,"Humidity":0,"TIMESTAMP":"2022-12-17T17:09:42.684Z","BATT":100,"INTERVAL":600},{"modelID":"ba-35-49-ce-4d-3d","modelType":"Wi-SHT10A","DATAS":["Temperature","Humidity"],"Temperature":3.91,"Humidity":0,"TIMESTAMP":"2022-12-17T16:59:35.573Z","BATT":100,"INTERVAL":600},{"modelID":"ba-35-49-ce-4d-3d","modelType":"Wi-SHT10A","DATAS":["Temperature","Humidity"],"Temperature":3.41,"Humidity":0,"TIMESTAMP":"2022-12-17T16:49:18.366Z","BATT":100,"INTERVAL":600},{"modelID":"ba-35-49-ce-4d-3d","modelType":"Wi-SHT10A","DATAS":["Temperature","Humidity"],"Temperature":5.19,"Humidity":0,"TIMESTAMP":"2022-12-17T16:39:50.687Z","BATT":100,"INTERVAL":600},{"modelID":"ba-35-49-ce-4d-3d","modelType":"Wi-SHT10A","DATAS":["Temperature","Humidity"],"Temperature":4.38,"Humidity":0,"TIMESTAMP":"2022-12-17T16:30:02.709Z","BATT":100,"INTERVAL":600},{"modelID":"ba-35-49-ce-4d-3d","modelType":"Wi-SHT10A","DATAS":["Temperature","Humidity"],"Temperature":3.44,"Humidity":0,"TIMESTAMP":"2022-12-17T16:19:21.277Z","BATT":100,"INTERVAL":600},{"modelID":"ba-35-49-ce-4d-3d","modelType":"Wi-SHT10A","DATAS":["Temperature","Humidity"],"Temperature":4.41,"Humidity":0,"TIMESTAMP":"2022-12-17T16:10:08.490Z","BATT":100,"INTERVAL":600}],"DAYHOURS":["12","11","10","9","8","7","6","5","4","3","2","1","0"]}