{"SENSORNAME":"DEHUMIDIFER (PASTE ROOM)","SENSORTYPE":"AIRFLW(485)","DTUID":"215","SENSORID":"69","DATE0":"2022-12-18T03:28:26.829Z","DATE1":"2022-02-13T09:06:27.812Z","DAYDATA":[{"DTUID":"215","SENSORID":69,"FUNCID":3,"NDATA":2,"SENSORTYPE":"AIRFLOW-VEL","RCV_BYTES":["0032","4650"],"DATAS":[50,18000],"DATAS1":[],"DATAS2":[],"TIMESTAMP":"2022-12-18T03:28:26.829Z"},{"DTUID":"215","SENSORID":69,"FUNCID":3,"NDATA":2,"SENSORTYPE":"AIRFLOW-VEL","RCV_BYTES":["0030","4380"],"DATAS":[48,17280],"DATAS1":[],"DATAS2":[],"TIMESTAMP":"2022-12-18T02:28:20.844Z"},{"DTUID":"215","SENSORID":69,"FUNCID":3,"NDATA":2,"SENSORTYPE":"AIRFLOW-VEL","RCV_BYTES":["0034","4920"],"DATAS":[52,18720],"DATAS1":[],"DATAS2":[],"TIMESTAMP":"2022-12-18T01:28:50.138Z"},{"DTUID":"215","SENSORID":69,"FUNCID":3,"NDATA":2,"SENSORTYPE":"AIRFLOW-VEL","RCV_BYTES":["0036","4BF0"],"DATAS":[54,19440],"DATAS1":[],"DATAS2":[],"TIMESTAMP":"2022-12-18T00:48:13.726Z"},{"DTUID":"215","SENSORID":69,"FUNCID":3,"NDATA":2,"SENSORTYPE":"AIRFLOW-VEL","RCV_BYTES":["0034","4920"],"DATAS":[52,18720],"DATAS1":[],"DATAS2":[],"TIMESTAMP":"2022-12-18T00:28:14.127Z"},{"DTUID":"215","SENSORID":69,"FUNCID":3,"NDATA":2,"SENSORTYPE":"AIRFLOW-VEL","RCV_BYTES":["002E","40B0"],"DATAS":[46,16560],"DATAS1":[],"DATAS2":[],"TIMESTAMP":"2022-12-17T22:28:01.519Z"},{"DTUID":"215","SENSORID":69,"FUNCID":3,"NDATA":2,"SENSORTYPE":"AIRFLOW-VEL","RCV_BYTES":["0032","4650"],"DATAS":[50,18000],"DATAS1":[],"DATAS2":[],"TIMESTAMP":"2022-12-17T21:47:57.803Z"},{"DTUID":"215","SENSORID":69,"FUNCID":3,"NDATA":2,"SENSORTYPE":"AIRFLOW-VEL","RCV_BYTES":["0031","44E8"],"DATAS":[49,17640],"DATAS1":[],"DATAS2":[],"TIMESTAMP":"2022-12-17T21:27:57.924Z"},{"DTUID":"215","SENSORID":69,"FUNCID":3,"NDATA":2,"SENSORTYPE":"AIRFLOW-VEL","RCV_BYTES":["0032","4650"],"DATAS":[50,18000],"DATAS1":[],"DATAS2":[],"TIMESTAMP":"2022-12-17T20:48:20.601Z"},{"DTUID":"215","SENSORID":69,"FUNCID":3,"NDATA":2,"SENSORTYPE":"AIRFLOW-VEL","RCV_BYTES":["0031","44E8"],"DATAS":[49,17640],"DATAS1":[],"DATAS2":[],"TIMESTAMP":"2022-12-17T20:28:04.533Z"},{"DTUID":"215","SENSORID":69,"FUNCID":3,"NDATA":2,"SENSORTYPE":"AIRFLOW-VEL","RCV_BYTES":["0031","44E8"],"DATAS":[49,17640],"DATAS1":[],"DATAS2":[],"TIMESTAMP":"2022-12-17T19:27:51.160Z"},{"DTUID":"215","SENSORID":69,"FUNCID":3,"NDATA":2,"SENSORTYPE":"AIRFLOW-VEL","RCV_BYTES":["0033","47B8"],"DATAS":[51,18360],"DATAS1":[],"DATAS2":[],"TIMESTAMP":"2022-12-17T18:27:47.684Z"},{"DTUID":"215","SENSORID":69,"FUNCID":3,"NDATA":2,"SENSORTYPE":"AIRFLOW-VEL","RCV_BYTES":["002E","40B0"],"DATAS":[46,16560],"DATAS1":[],"DATAS2":[],"TIMESTAMP":"2022-12-17T17:27:42.820Z"}],"DAYHOURS":["11","10","9","8","6","5","4","3","2","1"]}