{"SENSORNAME":"L5-Screening CB-67(Inpatient)","SENSORTYPE":"WISENSOR","DTUID":"-1","SENSORID":"BA-BF-DE-57-CB-67","DATE0":"2022-12-18T04:08:10.749Z","DATE1":"2022-03-22T00:14:34.390Z","DAYDATA":[{"modelID":"ba-bf-de-57-cb-67","modelType":"Wi-SHT10","DATAS":["Temperature","Humidity"],"Temperature":4.49,"Humidity":-959.04,"TIMESTAMP":"2022-12-18T04:08:10.749Z","BATT":100,"INTERVAL":300},{"modelID":"ba-bf-de-57-cb-67","modelType":"Wi-SHT10","DATAS":["Temperature","Humidity"],"Temperature":4.32,"Humidity":-959.04,"TIMESTAMP":"2022-12-18T04:03:54.381Z","BATT":100,"INTERVAL":300},{"modelID":"ba-bf-de-57-cb-67","modelType":"Wi-SHT10","DATAS":["Temperature","Humidity"],"Temperature":4.59,"Humidity":-959.04,"TIMESTAMP":"2022-12-18T03:58:28.720Z","BATT":100,"INTERVAL":300},{"modelID":"ba-bf-de-57-cb-67","modelType":"Wi-SHT10","DATAS":["Temperature","Humidity"],"Temperature":4.73,"Humidity":-959.04,"TIMESTAMP":"2022-12-18T03:53:54.995Z","BATT":100,"INTERVAL":300},{"modelID":"ba-bf-de-57-cb-67","modelType":"Wi-SHT10","DATAS":["Temperature","Humidity"],"Temperature":4.49,"Humidity":-959.04,"TIMESTAMP":"2022-12-18T03:48:10.892Z","BATT":100,"INTERVAL":300},{"modelID":"ba-bf-de-57-cb-67","modelType":"Wi-SHT10","DATAS":["Temperature","Humidity"],"Temperature":4.32,"Humidity":-959.04,"TIMESTAMP":"2022-12-18T03:43:54.146Z","BATT":100,"INTERVAL":300},{"modelID":"ba-bf-de-57-cb-67","modelType":"Wi-SHT10","DATAS":["Temperature","Humidity"],"Temperature":4.59,"Humidity":-959.04,"TIMESTAMP":"2022-12-18T03:38:28.828Z","BATT":100,"INTERVAL":300},{"modelID":"ba-bf-de-57-cb-67","modelType":"Wi-SHT10","DATAS":["Temperature","Humidity"],"Temperature":4.53,"Humidity":-959.04,"TIMESTAMP":"2022-12-18T03:28:55.921Z","BATT":100,"INTERVAL":300},{"modelID":"ba-bf-de-57-cb-67","modelType":"Wi-SHT10","DATAS":["Temperature","Humidity"],"Temperature":4.26,"Humidity":-959.04,"TIMESTAMP":"2022-12-18T03:24:04.877Z","BATT":100,"INTERVAL":300},{"modelID":"ba-bf-de-57-cb-67","modelType":"Wi-SHT10","DATAS":["Temperature","Humidity"],"Temperature":4.56,"Humidity":-959.04,"TIMESTAMP":"2022-12-18T03:18:28.825Z","BATT":100,"INTERVAL":300},{"modelID":"ba-bf-de-57-cb-67","modelType":"Wi-SHT10","DATAS":["Temperature","Humidity"],"Temperature":4.73,"Humidity":-959.04,"TIMESTAMP":"2022-12-18T03:14:05.399Z","BATT":100,"INTERVAL":300},{"modelID":"ba-bf-de-57-cb-67","modelType":"Wi-SHT10","DATAS":["Temperature","Humidity"],"Temperature":4.46,"Humidity":-959.04,"TIMESTAMP":"2022-12-18T03:08:12.024Z","BATT":100,"INTERVAL":300},{"modelID":"ba-bf-de-57-cb-67","modelType":"Wi-SHT10","DATAS":["Temperature","Humidity"],"Temperature":4.32,"Humidity":-959.04,"TIMESTAMP":"2022-12-18T03:03:55.227Z","BATT":100,"INTERVAL":300},{"modelID":"ba-bf-de-57-cb-67","modelType":"Wi-SHT10","DATAS":["Temperature","Humidity"],"Temperature":4.59,"Humidity":-959.04,"TIMESTAMP":"2022-12-18T02:58:29.007Z","BATT":100,"INTERVAL":300},{"modelID":"ba-bf-de-57-cb-67","modelType":"Wi-SHT10","DATAS":["Temperature","Humidity"],"Temperature":4.73,"Humidity":-959.04,"TIMESTAMP":"2022-12-18T02:53:54.284Z","BATT":100,"INTERVAL":300},{"modelID":"ba-bf-de-57-cb-67","modelType":"Wi-SHT10","DATAS":["Temperature","Humidity"],"Temperature":4.49,"Humidity":-959.04,"TIMESTAMP":"2022-12-18T02:48:49.921Z","BATT":100,"INTERVAL":300},{"modelID":"ba-bf-de-57-cb-67","modelType":"Wi-SHT10","DATAS":["Temperature","Humidity"],"Temperature":4.36,"Humidity":-959.04,"TIMESTAMP":"2022-12-18T02:43:52.513Z","BATT":100,"INTERVAL":300},{"modelID":"ba-bf-de-57-cb-67","modelType":"Wi-SHT10","DATAS":["Temperature","Humidity"],"Temperature":4.63,"Humidity":-959.04,"TIMESTAMP":"2022-12-18T02:38:29.033Z","BATT":100,"INTERVAL":300},{"modelID":"ba-bf-de-57-cb-67","modelType":"Wi-SHT10","DATAS":["Temperature","Humidity"],"Temperature":4.73,"Humidity":-959.04,"TIMESTAMP":"2022-12-18T02:34:05.538Z","BATT":100,"INTERVAL":300},{"modelID":"ba-bf-de-57-cb-67","modelType":"Wi-SHT10","DATAS":["Temperature","Humidity"],"Temperature":4.46,"Humidity":-959.04,"TIMESTAMP":"2022-12-18T02:28:42.661Z","BATT":100,"INTERVAL":300},{"modelID":"ba-bf-de-57-cb-67","modelType":"Wi-SHT10","DATAS":["Temperature","Humidity"],"Temperature":4.29,"Humidity":-959.04,"TIMESTAMP":"2022-12-18T02:23:55.524Z","BATT":100,"INTERVAL":300},{"modelID":"ba-bf-de-57-cb-67","modelType":"Wi-SHT10","DATAS":["Temperature","Humidity"],"Temperature":4.59,"Humidity":-959.04,"TIMESTAMP":"2022-12-18T02:18:55.542Z","BATT":100,"INTERVAL":300},{"modelID":"ba-bf-de-57-cb-67","modelType":"Wi-SHT10","DATAS":["Temperature","Humidity"],"Temperature":4.32,"Humidity":-959.04,"TIMESTAMP":"2022-12-18T02:03:52.707Z","BATT":100,"INTERVAL":300},{"modelID":"ba-bf-de-57-cb-67","modelType":"Wi-SHT10","DATAS":["Temperature","Humidity"],"Temperature":4.63,"Humidity":-959.04,"TIMESTAMP":"2022-12-18T01:58:30.177Z","BATT":100,"INTERVAL":300},{"modelID":"ba-bf-de-57-cb-67","modelType":"Wi-SHT10","DATAS":["Temperature","Humidity"],"Temperature":4.73,"Humidity":-959.04,"TIMESTAMP":"2022-12-18T01:53:22.803Z","BATT":100,"INTERVAL":300},{"modelID":"ba-bf-de-57-cb-67","modelType":"Wi-SHT10","DATAS":["Temperature","Humidity"],"Temperature":4.42,"Humidity":-959.04,"TIMESTAMP":"2022-12-18T01:48:42.797Z","BATT":100,"INTERVAL":300},{"modelID":"ba-bf-de-57-cb-67","modelType":"Wi-SHT10","DATAS":["Temperature","Humidity"],"Temperature":4.59,"Humidity":-959.04,"TIMESTAMP":"2022-12-18T01:38:56.688Z","BATT":100,"INTERVAL":300},{"modelID":"ba-bf-de-57-cb-67","modelType":"Wi-SHT10","DATAS":["Temperature","Humidity"],"Temperature":4.76,"Humidity":-959.04,"TIMESTAMP":"2022-12-18T01:34:06.824Z","BATT":100,"INTERVAL":300},{"modelID":"ba-bf-de-57-cb-67","modelType":"Wi-SHT10","DATAS":["Temperature","Humidity"],"Temperature":4.46,"Humidity":-959.04,"TIMESTAMP":"2022-12-18T01:28:49.933Z","BATT":100,"INTERVAL":300},{"modelID":"ba-bf-de-57-cb-67","modelType":"Wi-SHT10","DATAS":["Temperature","Humidity"],"Temperature":4.36,"Humidity":-959.04,"TIMESTAMP":"2022-12-18T01:23:30.679Z","BATT":100,"INTERVAL":300},{"modelID":"ba-bf-de-57-cb-67","modelType":"Wi-SHT10","DATAS":["Temperature","Humidity"],"Temperature":4.66,"Humidity":-959.04,"TIMESTAMP":"2022-12-18T01:18:30.404Z","BATT":100,"INTERVAL":300},{"modelID":"ba-bf-de-57-cb-67","modelType":"Wi-SHT10","DATAS":["Temperature","Humidity"],"Temperature":4.73,"Humidity":-959.04,"TIMESTAMP":"2022-12-18T01:13:22.984Z","BATT":100,"INTERVAL":300},{"modelID":"ba-bf-de-57-cb-67","modelType":"Wi-SHT10","DATAS":["Temperature","Humidity"],"Temperature":4.42,"Humidity":-959.04,"TIMESTAMP":"2022-12-18T01:08:59.508Z","BATT":100,"INTERVAL":300},{"modelID":"ba-bf-de-57-cb-67","modelType":"Wi-SHT10","DATAS":["Temperature","Humidity"],"Temperature":4.39,"Humidity":-959.04,"TIMESTAMP":"2022-12-18T01:03:53.994Z","BATT":100,"INTERVAL":300},{"modelID":"ba-bf-de-57-cb-67","modelType":"Wi-SHT10","DATAS":["Temperature","Humidity"],"Temperature":4.63,"Humidity":-959.04,"TIMESTAMP":"2022-12-18T00:58:56.909Z","BATT":100,"INTERVAL":300},{"modelID":"ba-bf-de-57-cb-67","modelType":"Wi-SHT10","DATAS":["Temperature","Humidity"],"Temperature":4.46,"Humidity":-959.04,"TIMESTAMP":"2022-12-18T00:49:07.039Z","BATT":100,"INTERVAL":300},{"modelID":"ba-bf-de-57-cb-67","modelType":"Wi-SHT10","DATAS":["Temperature","Humidity"],"Temperature":4.46,"Humidity":-959.04,"TIMESTAMP":"2022-12-18T00:43:30.572Z","BATT":100,"INTERVAL":300},{"modelID":"ba-bf-de-57-cb-67","modelType":"Wi-SHT10","DATAS":["Temperature","Humidity"],"Temperature":4.73,"Humidity":-959.04,"TIMESTAMP":"2022-12-18T00:38:56.082Z","BATT":100,"INTERVAL":300},{"modelID":"ba-bf-de-57-cb-67","modelType":"Wi-SHT10","DATAS":["Temperature","Humidity"],"Temperature":4.76,"Humidity":-959.04,"TIMESTAMP":"2022-12-18T00:33:22.261Z","BATT":100,"INTERVAL":300},{"modelID":"ba-bf-de-57-cb-67","modelType":"Wi-SHT10","DATAS":["Temperature","Humidity"],"Temperature":4.42,"Humidity":-959.04,"TIMESTAMP":"2022-12-18T00:29:03.379Z","BATT":100,"INTERVAL":300},{"modelID":"ba-bf-de-57-cb-67","modelType":"Wi-SHT10","DATAS":["Temperature","Humidity"],"Temperature":4.49,"Humidity":-959.04,"TIMESTAMP":"2022-12-18T00:03:29.772Z","BATT":100,"INTERVAL":300},{"modelID":"ba-bf-de-57-cb-67","modelType":"Wi-SHT10","DATAS":["Temperature","Humidity"],"Temperature":4.73,"Humidity":-959.04,"TIMESTAMP":"2022-12-17T23:58:29.795Z","BATT":100,"INTERVAL":300},{"modelID":"ba-bf-de-57-cb-67","modelType":"Wi-SHT10","DATAS":["Temperature","Humidity"],"Temperature":4.73,"Humidity":-959.04,"TIMESTAMP":"2022-12-17T23:53:59.854Z","BATT":100,"INTERVAL":300},{"modelID":"ba-bf-de-57-cb-67","modelType":"Wi-SHT10","DATAS":["Temperature","Humidity"],"Temperature":4.39,"Humidity":-959.04,"TIMESTAMP":"2022-12-17T23:49:02.567Z","BATT":100,"INTERVAL":300},{"modelID":"ba-bf-de-57-cb-67","modelType":"Wi-SHT10","DATAS":["Temperature","Humidity"],"Temperature":4.53,"Humidity":-959.04,"TIMESTAMP":"2022-12-17T23:43:56.282Z","BATT":100,"INTERVAL":300},{"modelID":"ba-bf-de-57-cb-67","modelType":"Wi-SHT10","DATAS":["Temperature","Humidity"],"Temperature":4.76,"Humidity":-959.04,"TIMESTAMP":"2022-12-17T23:38:54.293Z","BATT":100,"INTERVAL":300},{"modelID":"ba-bf-de-57-cb-67","modelType":"Wi-SHT10","DATAS":["Temperature","Humidity"],"Temperature":4.63,"Humidity":-959.04,"TIMESTAMP":"2022-12-17T23:33:12.144Z","BATT":100,"INTERVAL":300},{"modelID":"ba-bf-de-57-cb-67","modelType":"Wi-SHT10","DATAS":["Temperature","Humidity"],"Temperature":4.32,"Humidity":-959.04,"TIMESTAMP":"2022-12-17T23:28:55.215Z","BATT":100,"INTERVAL":300},{"modelID":"ba-bf-de-57-cb-67","modelType":"Wi-SHT10","DATAS":["Temperature","Humidity"],"Temperature":4.49,"Humidity":-959.04,"TIMESTAMP":"2022-12-17T23:23:56.382Z","BATT":100,"INTERVAL":300},{"modelID":"ba-bf-de-57-cb-67","modelType":"Wi-SHT10","DATAS":["Temperature","Humidity"],"Temperature":4.76,"Humidity":-959.04,"TIMESTAMP":"2022-12-17T23:18:54.403Z","BATT":100,"INTERVAL":300},{"modelID":"ba-bf-de-57-cb-67","modelType":"Wi-SHT10","DATAS":["Temperature","Humidity"],"Temperature":4.63,"Humidity":-959.04,"TIMESTAMP":"2022-12-17T23:13:12.236Z","BATT":100,"INTERVAL":300},{"modelID":"ba-bf-de-57-cb-67","modelType":"Wi-SHT10","DATAS":["Temperature","Humidity"],"Temperature":4.32,"Humidity":-959.04,"TIMESTAMP":"2022-12-17T23:09:02.729Z","BATT":100,"INTERVAL":300},{"modelID":"ba-bf-de-57-cb-67","modelType":"Wi-SHT10","DATAS":["Temperature","Humidity"],"Temperature":4.53,"Humidity":-959.04,"TIMESTAMP":"2022-12-17T23:03:56.483Z","BATT":100,"INTERVAL":300},{"modelID":"ba-bf-de-57-cb-67","modelType":"Wi-SHT10","DATAS":["Temperature","Humidity"],"Temperature":4.76,"Humidity":-959.04,"TIMESTAMP":"2022-12-17T22:58:53.545Z","BATT":100,"INTERVAL":300},{"modelID":"ba-bf-de-57-cb-67","modelType":"Wi-SHT10","DATAS":["Temperature","Humidity"],"Temperature":4.63,"Humidity":-959.04,"TIMESTAMP":"2022-12-17T22:53:13.279Z","BATT":100,"INTERVAL":300},{"modelID":"ba-bf-de-57-cb-67","modelType":"Wi-SHT10","DATAS":["Temperature","Humidity"],"Temperature":4.32,"Humidity":-959.04,"TIMESTAMP":"2022-12-17T22:49:05.191Z","BATT":100,"INTERVAL":300},{"modelID":"ba-bf-de-57-cb-67","modelType":"Wi-SHT10","DATAS":["Temperature","Humidity"],"Temperature":4.56,"Humidity":-959.04,"TIMESTAMP":"2022-12-17T22:43:20.206Z","BATT":100,"INTERVAL":300},{"modelID":"ba-bf-de-57-cb-67","modelType":"Wi-SHT10","DATAS":["Temperature","Humidity"],"Temperature":4.79,"Humidity":-959.04,"TIMESTAMP":"2022-12-17T22:38:30.595Z","BATT":100,"INTERVAL":300},{"modelID":"ba-bf-de-57-cb-67","modelType":"Wi-SHT10","DATAS":["Temperature","Humidity"],"Temperature":4.66,"Humidity":-959.04,"TIMESTAMP":"2022-12-17T22:33:50.746Z","BATT":100,"INTERVAL":300},{"modelID":"ba-bf-de-57-cb-67","modelType":"Wi-SHT10","DATAS":["Temperature","Humidity"],"Temperature":4.36,"Humidity":-959.04,"TIMESTAMP":"2022-12-17T22:29:06.233Z","BATT":100,"INTERVAL":300},{"modelID":"ba-bf-de-57-cb-67","modelType":"Wi-SHT10","DATAS":["Temperature","Humidity"],"Temperature":4.56,"Humidity":-959.04,"TIMESTAMP":"2022-12-17T22:23:57.805Z","BATT":100,"INTERVAL":300},{"modelID":"ba-bf-de-57-cb-67","modelType":"Wi-SHT10","DATAS":["Temperature","Humidity"],"Temperature":4.76,"Humidity":-959.04,"TIMESTAMP":"2022-12-17T22:18:31.684Z","BATT":100,"INTERVAL":300},{"modelID":"ba-bf-de-57-cb-67","modelType":"Wi-SHT10","DATAS":["Temperature","Humidity"],"Temperature":4.66,"Humidity":-959.04,"TIMESTAMP":"2022-12-17T22:13:51.833Z","BATT":100,"INTERVAL":300},{"modelID":"ba-bf-de-57-cb-67","modelType":"Wi-SHT10","DATAS":["Temperature","Humidity"],"Temperature":4.36,"Humidity":-959.04,"TIMESTAMP":"2022-12-17T22:08:56.223Z","BATT":100,"INTERVAL":300},{"modelID":"ba-bf-de-57-cb-67","modelType":"Wi-SHT10","DATAS":["Temperature","Humidity"],"Temperature":4.59,"Humidity":-959.04,"TIMESTAMP":"2022-12-17T22:03:21.512Z","BATT":100,"INTERVAL":300},{"modelID":"ba-bf-de-57-cb-67","modelType":"Wi-SHT10","DATAS":["Temperature","Humidity"],"Temperature":4.79,"Humidity":-959.04,"TIMESTAMP":"2022-12-17T21:58:18.562Z","BATT":100,"INTERVAL":300},{"modelID":"ba-bf-de-57-cb-67","modelType":"Wi-SHT10","DATAS":["Temperature","Humidity"],"Temperature":4.69,"Humidity":-959.04,"TIMESTAMP":"2022-12-17T21:53:51.921Z","BATT":100,"INTERVAL":300},{"modelID":"ba-bf-de-57-cb-67","modelType":"Wi-SHT10","DATAS":["Temperature","Humidity"],"Temperature":4.36,"Humidity":-959.04,"TIMESTAMP":"2022-12-17T21:48:56.765Z","BATT":100,"INTERVAL":300},{"modelID":"ba-bf-de-57-cb-67","modelType":"Wi-SHT10","DATAS":["Temperature","Humidity"],"Temperature":4.59,"Humidity":-959.04,"TIMESTAMP":"2022-12-17T21:43:57.838Z","BATT":100,"INTERVAL":300},{"modelID":"ba-bf-de-57-cb-67","modelType":"Wi-SHT10","DATAS":["Temperature","Humidity"],"Temperature":4.76,"Humidity":-959.04,"TIMESTAMP":"2022-12-17T21:38:56.770Z","BATT":100,"INTERVAL":300},{"modelID":"ba-bf-de-57-cb-67","modelType":"Wi-SHT10","DATAS":["Temperature","Humidity"],"Temperature":4.59,"Humidity":-959.04,"TIMESTAMP":"2022-12-17T21:33:13.708Z","BATT":100,"INTERVAL":300},{"modelID":"ba-bf-de-57-cb-67","modelType":"Wi-SHT10","DATAS":["Temperature","Humidity"],"Temperature":4.32,"Humidity":-959.04,"TIMESTAMP":"2022-12-17T21:29:06.607Z","BATT":100,"INTERVAL":300},{"modelID":"ba-bf-de-57-cb-67","modelType":"Wi-SHT10","DATAS":["Temperature","Humidity"],"Temperature":4.56,"Humidity":-959.04,"TIMESTAMP":"2022-12-17T21:23:58.020Z","BATT":100,"INTERVAL":300},{"modelID":"ba-bf-de-57-cb-67","modelType":"Wi-SHT10","DATAS":["Temperature","Humidity"],"Temperature":4.76,"Humidity":-959.04,"TIMESTAMP":"2022-12-17T21:19:06.617Z","BATT":100,"INTERVAL":300},{"modelID":"ba-bf-de-57-cb-67","modelType":"Wi-SHT10","DATAS":["Temperature","Humidity"],"Temperature":4.56,"Humidity":-959.04,"TIMESTAMP":"2022-12-17T21:13:14.180Z","BATT":100,"INTERVAL":300},{"modelID":"ba-bf-de-57-cb-67","modelType":"Wi-SHT10","DATAS":["Temperature","Humidity"],"Temperature":4.32,"Humidity":-959.04,"TIMESTAMP":"2022-12-17T21:09:04.398Z","BATT":100,"INTERVAL":300},{"modelID":"ba-bf-de-57-cb-67","modelType":"Wi-SHT10","DATAS":["Temperature","Humidity"],"Temperature":4.53,"Humidity":-959.04,"TIMESTAMP":"2022-12-17T21:03:58.105Z","BATT":100,"INTERVAL":300},{"modelID":"ba-bf-de-57-cb-67","modelType":"Wi-SHT10","DATAS":["Temperature","Humidity"],"Temperature":4.76,"Humidity":-959.04,"TIMESTAMP":"2022-12-17T20:58:55.158Z","BATT":100,"INTERVAL":300},{"modelID":"ba-bf-de-57-cb-67","modelType":"Wi-SHT10","DATAS":["Temperature","Humidity"],"Temperature":4.63,"Humidity":-959.04,"TIMESTAMP":"2022-12-17T20:53:51.206Z","BATT":100,"INTERVAL":300},{"modelID":"ba-bf-de-57-cb-67","modelType":"Wi-SHT10","DATAS":["Temperature","Humidity"],"Temperature":4.36,"Humidity":-959.04,"TIMESTAMP":"2022-12-17T20:48:31.992Z","BATT":100,"INTERVAL":300},{"modelID":"ba-bf-de-57-cb-67","modelType":"Wi-SHT10","DATAS":["Temperature","Humidity"],"Temperature":4.66,"Humidity":-959.04,"TIMESTAMP":"2022-12-17T20:43:21.693Z","BATT":100,"INTERVAL":300},{"modelID":"ba-bf-de-57-cb-67","modelType":"Wi-SHT10","DATAS":["Temperature","Humidity"],"Temperature":4.79,"Humidity":-959.04,"TIMESTAMP":"2022-12-17T20:38:55.259Z","BATT":100,"INTERVAL":300},{"modelID":"ba-bf-de-57-cb-67","modelType":"Wi-SHT10","DATAS":["Temperature","Humidity"],"Temperature":4.63,"Humidity":-959.04,"TIMESTAMP":"2022-12-17T20:33:52.754Z","BATT":100,"INTERVAL":300},{"modelID":"ba-bf-de-57-cb-67","modelType":"Wi-SHT10","DATAS":["Temperature","Humidity"],"Temperature":4.36,"Humidity":-959.04,"TIMESTAMP":"2022-12-17T20:28:57.148Z","BATT":100,"INTERVAL":300},{"modelID":"ba-bf-de-57-cb-67","modelType":"Wi-SHT10","DATAS":["Temperature","Humidity"],"Temperature":4.59,"Humidity":-959.04,"TIMESTAMP":"2022-12-17T20:24:01.868Z","BATT":100,"INTERVAL":300},{"modelID":"ba-bf-de-57-cb-67","modelType":"Wi-SHT10","DATAS":["Temperature","Humidity"],"Temperature":4.83,"Humidity":-959.04,"TIMESTAMP":"2022-12-17T20:18:57.319Z","BATT":100,"INTERVAL":300},{"modelID":"ba-bf-de-57-cb-67","modelType":"Wi-SHT10","DATAS":["Temperature","Humidity"],"Temperature":4.59,"Humidity":-959.04,"TIMESTAMP":"2022-12-17T20:14:00.964Z","BATT":100,"INTERVAL":300},{"modelID":"ba-bf-de-57-cb-67","modelType":"Wi-SHT10","DATAS":["Temperature","Humidity"],"Temperature":4.39,"Humidity":-959.04,"TIMESTAMP":"2022-12-17T20:08:31.293Z","BATT":100,"INTERVAL":300},{"modelID":"ba-bf-de-57-cb-67","modelType":"Wi-SHT10","DATAS":["Temperature","Humidity"],"Temperature":4.66,"Humidity":-959.04,"TIMESTAMP":"2022-12-17T20:04:01.949Z","BATT":100,"INTERVAL":300},{"modelID":"ba-bf-de-57-cb-67","modelType":"Wi-SHT10","DATAS":["Temperature","Humidity"],"Temperature":4.83,"Humidity":-959.04,"TIMESTAMP":"2022-12-17T19:59:04.640Z","BATT":100,"INTERVAL":300},{"modelID":"ba-bf-de-57-cb-67","modelType":"Wi-SHT10","DATAS":["Temperature","Humidity"],"Temperature":4.53,"Humidity":-959.04,"TIMESTAMP":"2022-12-17T19:53:23.603Z","BATT":100,"INTERVAL":300},{"modelID":"ba-bf-de-57-cb-67","modelType":"Wi-SHT10","DATAS":["Temperature","Humidity"],"Temperature":4.42,"Humidity":-959.04,"TIMESTAMP":"2022-12-17T19:48:18.078Z","BATT":100,"INTERVAL":300},{"modelID":"ba-bf-de-57-cb-67","modelType":"Wi-SHT10","DATAS":["Temperature","Humidity"],"Temperature":4.69,"Humidity":-959.04,"TIMESTAMP":"2022-12-17T19:43:22.053Z","BATT":100,"INTERVAL":300},{"modelID":"ba-bf-de-57-cb-67","modelType":"Wi-SHT10","DATAS":["Temperature","Humidity"],"Temperature":4.79,"Humidity":-959.04,"TIMESTAMP":"2022-12-17T19:39:07.107Z","BATT":100,"INTERVAL":300},{"modelID":"ba-bf-de-57-cb-67","modelType":"Wi-SHT10","DATAS":["Temperature","Humidity"],"Temperature":4.56,"Humidity":-959.04,"TIMESTAMP":"2022-12-17T19:34:07.591Z","BATT":100,"INTERVAL":300},{"modelID":"ba-bf-de-57-cb-67","modelType":"Wi-SHT10","DATAS":["Temperature","Humidity"],"Temperature":4.46,"Humidity":-959.04,"TIMESTAMP":"2022-12-17T19:28:31.158Z","BATT":100,"INTERVAL":300},{"modelID":"ba-bf-de-57-cb-67","modelType":"Wi-SHT10","DATAS":["Temperature","Humidity"],"Temperature":4.73,"Humidity":-959.04,"TIMESTAMP":"2022-12-17T19:23:22.089Z","BATT":100,"INTERVAL":300},{"modelID":"ba-bf-de-57-cb-67","modelType":"Wi-SHT10","DATAS":["Temperature","Humidity"],"Temperature":4.79,"Humidity":-959.04,"TIMESTAMP":"2022-12-17T19:18:57.463Z","BATT":100,"INTERVAL":300},{"modelID":"ba-bf-de-57-cb-67","modelType":"Wi-SHT10","DATAS":["Temperature","Humidity"],"Temperature":4.49,"Humidity":-959.04,"TIMESTAMP":"2022-12-17T19:13:57.502Z","BATT":100,"INTERVAL":300},{"modelID":"ba-bf-de-57-cb-67","modelType":"Wi-SHT10","DATAS":["Temperature","Humidity"],"Temperature":4.49,"Humidity":-959.04,"TIMESTAMP":"2022-12-17T19:08:19.273Z","BATT":100,"INTERVAL":300},{"modelID":"ba-bf-de-57-cb-67","modelType":"Wi-SHT10","DATAS":["Temperature","Humidity"],"Temperature":4.69,"Humidity":-959.04,"TIMESTAMP":"2022-12-17T19:03:58.759Z","BATT":100,"INTERVAL":300},{"modelID":"ba-bf-de-57-cb-67","modelType":"Wi-SHT10","DATAS":["Temperature","Humidity"],"Temperature":4.76,"Humidity":-959.04,"TIMESTAMP":"2022-12-17T18:58:24.873Z","BATT":100,"INTERVAL":300},{"modelID":"ba-bf-de-57-cb-67","modelType":"Wi-SHT10","DATAS":["Temperature","Humidity"],"Temperature":4.42,"Humidity":-959.04,"TIMESTAMP":"2022-12-17T18:53:24.901Z","BATT":100,"INTERVAL":300},{"modelID":"ba-bf-de-57-cb-67","modelType":"Wi-SHT10","DATAS":["Temperature","Humidity"],"Temperature":4.42,"Humidity":-959.04,"TIMESTAMP":"2022-12-17T18:48:32.238Z","BATT":100,"INTERVAL":300},{"modelID":"ba-bf-de-57-cb-67","modelType":"Wi-SHT10","DATAS":["Temperature","Humidity"],"Temperature":4.73,"Humidity":-959.04,"TIMESTAMP":"2022-12-17T18:43:22.355Z","BATT":100,"INTERVAL":300},{"modelID":"ba-bf-de-57-cb-67","modelType":"Wi-SHT10","DATAS":["Temperature","Humidity"],"Temperature":4.79,"Humidity":-959.04,"TIMESTAMP":"2022-12-17T18:39:08.882Z","BATT":100,"INTERVAL":300},{"modelID":"ba-bf-de-57-cb-67","modelType":"Wi-SHT10","DATAS":["Temperature","Humidity"],"Temperature":4.53,"Humidity":-959.04,"TIMESTAMP":"2022-12-17T18:28:22.401Z","BATT":100,"INTERVAL":300},{"modelID":"ba-bf-de-57-cb-67","modelType":"Wi-SHT10","DATAS":["Temperature","Humidity"],"Temperature":4.79,"Humidity":-959.04,"TIMESTAMP":"2022-12-17T18:23:22.368Z","BATT":100,"INTERVAL":300},{"modelID":"ba-bf-de-57-cb-67","modelType":"Wi-SHT10","DATAS":["Temperature","Humidity"],"Temperature":4.79,"Humidity":-959.04,"TIMESTAMP":"2022-12-17T18:19:08.886Z","BATT":100,"INTERVAL":300},{"modelID":"ba-bf-de-57-cb-67","modelType":"Wi-SHT10","DATAS":["Temperature","Humidity"],"Temperature":4.46,"Humidity":-959.04,"TIMESTAMP":"2022-12-17T18:13:57.789Z","BATT":100,"INTERVAL":300},{"modelID":"ba-bf-de-57-cb-67","modelType":"Wi-SHT10","DATAS":["Temperature","Humidity"],"Temperature":4.49,"Humidity":-959.04,"TIMESTAMP":"2022-12-17T18:08:32.474Z","BATT":100,"INTERVAL":300},{"modelID":"ba-bf-de-57-cb-67","modelType":"Wi-SHT10","DATAS":["Temperature","Humidity"],"Temperature":4.73,"Humidity":-959.04,"TIMESTAMP":"2022-12-17T18:03:32.557Z","BATT":100,"INTERVAL":300},{"modelID":"ba-bf-de-57-cb-67","modelType":"Wi-SHT10","DATAS":["Temperature","Humidity"],"Temperature":4.73,"Humidity":-959.04,"TIMESTAMP":"2022-12-17T17:59:01.618Z","BATT":100,"INTERVAL":300},{"modelID":"ba-bf-de-57-cb-67","modelType":"Wi-SHT10","DATAS":["Temperature","Humidity"],"Temperature":4.39,"Humidity":-959.04,"TIMESTAMP":"2022-12-17T17:53:57.878Z","BATT":100,"INTERVAL":300},{"modelID":"ba-bf-de-57-cb-67","modelType":"Wi-SHT10","DATAS":["Temperature","Humidity"],"Temperature":4.49,"Humidity":-959.04,"TIMESTAMP":"2022-12-17T17:48:18.658Z","BATT":100,"INTERVAL":300},{"modelID":"ba-bf-de-57-cb-67","modelType":"Wi-SHT10","DATAS":["Temperature","Humidity"],"Temperature":4.69,"Humidity":-959.04,"TIMESTAMP":"2022-12-17T17:43:59.067Z","BATT":100,"INTERVAL":300},{"modelID":"ba-bf-de-57-cb-67","modelType":"Wi-SHT10","DATAS":["Temperature","Humidity"],"Temperature":4.76,"Humidity":-959.04,"TIMESTAMP":"2022-12-17T17:39:08.204Z","BATT":100,"INTERVAL":300},{"modelID":"ba-bf-de-57-cb-67","modelType":"Wi-SHT10","DATAS":["Temperature","Humidity"],"Temperature":4.46,"Humidity":-959.04,"TIMESTAMP":"2022-12-17T17:34:09.196Z","BATT":100,"INTERVAL":300},{"modelID":"ba-bf-de-57-cb-67","modelType":"Wi-SHT10","DATAS":["Temperature","Humidity"],"Temperature":4.46,"Humidity":-959.04,"TIMESTAMP":"2022-12-17T17:28:59.069Z","BATT":100,"INTERVAL":300},{"modelID":"ba-bf-de-57-cb-67","modelType":"Wi-SHT10","DATAS":["Temperature","Humidity"],"Temperature":4.76,"Humidity":-959.04,"TIMESTAMP":"2022-12-17T17:23:32.744Z","BATT":100,"INTERVAL":300},{"modelID":"ba-bf-de-57-cb-67","modelType":"Wi-SHT10","DATAS":["Temperature","Humidity"],"Temperature":4.73,"Humidity":-959.04,"TIMESTAMP":"2022-12-17T17:18:25.273Z","BATT":100,"INTERVAL":300},{"modelID":"ba-bf-de-57-cb-67","modelType":"Wi-SHT10","DATAS":["Temperature","Humidity"],"Temperature":4.42,"Humidity":-959.04,"TIMESTAMP":"2022-12-17T17:14:09.215Z","BATT":100,"INTERVAL":300},{"modelID":"ba-bf-de-57-cb-67","modelType":"Wi-SHT10","DATAS":["Temperature","Humidity"],"Temperature":4.46,"Humidity":-959.04,"TIMESTAMP":"2022-12-17T17:08:59.238Z","BATT":100,"INTERVAL":300},{"modelID":"ba-bf-de-57-cb-67","modelType":"Wi-SHT10","DATAS":["Temperature","Humidity"],"Temperature":4.76,"Humidity":-959.04,"TIMESTAMP":"2022-12-17T17:03:18.873Z","BATT":100,"INTERVAL":300},{"modelID":"ba-bf-de-57-cb-67","modelType":"Wi-SHT10","DATAS":["Temperature","Humidity"],"Temperature":4.69,"Humidity":-959.04,"TIMESTAMP":"2022-12-17T16:58:25.480Z","BATT":100,"INTERVAL":300},{"modelID":"ba-bf-de-57-cb-67","modelType":"Wi-SHT10","DATAS":["Temperature","Humidity"],"Temperature":4.42,"Humidity":-959.04,"TIMESTAMP":"2022-12-17T16:54:06.881Z","BATT":100,"INTERVAL":300},{"modelID":"ba-bf-de-57-cb-67","modelType":"Wi-SHT10","DATAS":["Temperature","Humidity"],"Temperature":4.56,"Humidity":-959.04,"TIMESTAMP":"2022-12-17T16:48:21.917Z","BATT":100,"INTERVAL":300},{"modelID":"ba-bf-de-57-cb-67","modelType":"Wi-SHT10","DATAS":["Temperature","Humidity"],"Temperature":4.79,"Humidity":-959.04,"TIMESTAMP":"2022-12-17T16:43:59.412Z","BATT":100,"INTERVAL":300},{"modelID":"ba-bf-de-57-cb-67","modelType":"Wi-SHT10","DATAS":["Temperature","Humidity"],"Temperature":4.76,"Humidity":-959.04,"TIMESTAMP":"2022-12-17T16:39:02.015Z","BATT":100,"INTERVAL":300},{"modelID":"ba-bf-de-57-cb-67","modelType":"Wi-SHT10","DATAS":["Temperature","Humidity"],"Temperature":4.39,"Humidity":-959.04,"TIMESTAMP":"2022-12-17T16:34:05.628Z","BATT":100,"INTERVAL":300},{"modelID":"ba-bf-de-57-cb-67","modelType":"Wi-SHT10","DATAS":["Temperature","Humidity"],"Temperature":4.53,"Humidity":-959.04,"TIMESTAMP":"2022-12-17T16:28:59.363Z","BATT":100,"INTERVAL":300},{"modelID":"ba-bf-de-57-cb-67","modelType":"Wi-SHT10","DATAS":["Temperature","Humidity"],"Temperature":4.76,"Humidity":-959.04,"TIMESTAMP":"2022-12-17T16:23:58.398Z","BATT":100,"INTERVAL":300},{"modelID":"ba-bf-de-57-cb-67","modelType":"Wi-SHT10","DATAS":["Temperature","Humidity"],"Temperature":4.76,"Humidity":-959.04,"TIMESTAMP":"2022-12-17T16:19:02.119Z","BATT":100,"INTERVAL":300},{"modelID":"ba-bf-de-57-cb-67","modelType":"Wi-SHT10","DATAS":["Temperature","Humidity"],"Temperature":4.39,"Humidity":-959.04,"TIMESTAMP":"2022-12-17T16:13:58.286Z","BATT":100,"INTERVAL":300},{"modelID":"ba-bf-de-57-cb-67","modelType":"Wi-SHT10","DATAS":["Temperature","Humidity"],"Temperature":4.49,"Humidity":-959.04,"TIMESTAMP":"2022-12-17T16:08:59.565Z","BATT":100,"INTERVAL":300},{"modelID":"ba-bf-de-57-cb-67","modelType":"Wi-SHT10","DATAS":["Temperature","Humidity"],"Temperature":4.76,"Humidity":-959.04,"TIMESTAMP":"2022-12-17T16:03:32.203Z","BATT":100,"INTERVAL":300}],"DAYHOURS":["12","11","10","9","8","7","6","5","4","3","2","1","0"]}