{"SENSORNAME":"ELECTRODE","SENSORTYPE":"WISENSOR","DTUID":"-1","SENSORID":"B0-66-72-ED-8C-51","DATE0":"2022-12-18T04:09:33.742Z","DATE1":"2021-04-19T16:30:28.610Z","DAYDATA":[{"modelID":"b0-66-72-ed-8c-51","modelType":"Wi-SHT10","DATAS":["Temperature","Humidity"],"Temperature":27.92,"Humidity":61.1616,"TIMESTAMP":"2022-12-18T04:09:33.742Z","BATT":100,"INTERVAL":600},{"modelID":"b0-66-72-ed-8c-51","modelType":"Wi-SHT10","DATAS":["Temperature","Humidity"],"Temperature":27.85,"Humidity":61.3344,"TIMESTAMP":"2022-12-18T03:59:00.750Z","BATT":100,"INTERVAL":600},{"modelID":"b0-66-72-ed-8c-51","modelType":"Wi-SHT10","DATAS":["Temperature","Humidity"],"Temperature":27.8,"Humidity":61.8336,"TIMESTAMP":"2022-12-18T03:49:35.769Z","BATT":100,"INTERVAL":600},{"modelID":"b0-66-72-ed-8c-51","modelType":"Wi-SHT10","DATAS":["Temperature","Humidity"],"Temperature":27.75,"Humidity":62.006400000000006,"TIMESTAMP":"2022-12-18T03:38:55.770Z","BATT":100,"INTERVAL":600},{"modelID":"b0-66-72-ed-8c-51","modelType":"Wi-SHT10","DATAS":["Temperature","Humidity"],"Temperature":27.66,"Humidity":62.64960000000001,"TIMESTAMP":"2022-12-18T03:29:18.741Z","BATT":100,"INTERVAL":600},{"modelID":"b0-66-72-ed-8c-51","modelType":"Wi-SHT10","DATAS":["Temperature","Humidity"],"Temperature":27.68,"Humidity":63.02400000000001,"TIMESTAMP":"2022-12-18T03:19:03.830Z","BATT":100,"INTERVAL":600},{"modelID":"b0-66-72-ed-8c-51","modelType":"Wi-SHT10","DATAS":["Temperature","Humidity"],"Temperature":27.59,"Humidity":63.4752,"TIMESTAMP":"2022-12-18T03:08:51.858Z","BATT":100,"INTERVAL":600},{"modelID":"b0-66-72-ed-8c-51","modelType":"Wi-SHT10","DATAS":["Temperature","Humidity"],"Temperature":27.7,"Humidity":65.2992,"TIMESTAMP":"2022-12-18T02:39:27.887Z","BATT":100,"INTERVAL":600},{"modelID":"b0-66-72-ed-8c-51","modelType":"Wi-SHT10","DATAS":["Temperature","Humidity"],"Temperature":27.65,"Humidity":66.0864,"TIMESTAMP":"2022-12-18T02:29:34.206Z","BATT":100,"INTERVAL":600},{"modelID":"b0-66-72-ed-8c-51","modelType":"Wi-SHT10","DATAS":["Temperature","Humidity"],"Temperature":27.59,"Humidity":66.17280000000001,"TIMESTAMP":"2022-12-18T02:19:08.935Z","BATT":100,"INTERVAL":600},{"modelID":"b0-66-72-ed-8c-51","modelType":"Wi-SHT10","DATAS":["Temperature","Humidity"],"Temperature":27.51,"Humidity":66.576,"TIMESTAMP":"2022-12-18T02:09:34.927Z","BATT":100,"INTERVAL":600},{"modelID":"b0-66-72-ed-8c-51","modelType":"Wi-SHT10","DATAS":["Temperature","Humidity"],"Temperature":27.42,"Humidity":66.7392,"TIMESTAMP":"2022-12-18T01:59:30.948Z","BATT":100,"INTERVAL":600},{"modelID":"b0-66-72-ed-8c-51","modelType":"Wi-SHT10","DATAS":["Temperature","Humidity"],"Temperature":27.27,"Humidity":67.29599999999999,"TIMESTAMP":"2022-12-18T01:49:11.967Z","BATT":100,"INTERVAL":600},{"modelID":"b0-66-72-ed-8c-51","modelType":"Wi-SHT10","DATAS":["Temperature","Humidity"],"Temperature":26.98,"Humidity":67.2192,"TIMESTAMP":"2022-12-18T01:29:32.475Z","BATT":100,"INTERVAL":600},{"modelID":"b0-66-72-ed-8c-51","modelType":"Wi-SHT10","DATAS":["Temperature","Humidity"],"Temperature":26.9,"Humidity":67.6896,"TIMESTAMP":"2022-12-18T01:19:31.036Z","BATT":100,"INTERVAL":600},{"modelID":"b0-66-72-ed-8c-51","modelType":"Wi-SHT10","DATAS":["Temperature","Humidity"],"Temperature":26.55,"Humidity":67.61280000000001,"TIMESTAMP":"2022-12-18T00:59:19.077Z","BATT":100,"INTERVAL":600},{"modelID":"b0-66-72-ed-8c-51","modelType":"Wi-SHT10","DATAS":["Temperature","Humidity"],"Temperature":26.11,"Humidity":66.96,"TIMESTAMP":"2022-12-18T00:39:02.106Z","BATT":100,"INTERVAL":600},{"modelID":"b0-66-72-ed-8c-51","modelType":"Wi-SHT10","DATAS":["Temperature","Humidity"],"Temperature":25.94,"Humidity":66.3648,"TIMESTAMP":"2022-12-18T00:29:29.598Z","BATT":100,"INTERVAL":600},{"modelID":"b0-66-72-ed-8c-51","modelType":"Wi-SHT10","DATAS":["Temperature","Humidity"],"Temperature":25.65,"Humidity":66.9696,"TIMESTAMP":"2022-12-18T00:19:31.133Z","BATT":100,"INTERVAL":600},{"modelID":"b0-66-72-ed-8c-51","modelType":"Wi-SHT10","DATAS":["Temperature","Humidity"],"Temperature":25.47,"Humidity":66.2784,"TIMESTAMP":"2022-12-18T00:08:53.154Z","BATT":100,"INTERVAL":600},{"modelID":"b0-66-72-ed-8c-51","modelType":"Wi-SHT10","DATAS":["Temperature","Humidity"],"Temperature":25.31,"Humidity":65.94239999999999,"TIMESTAMP":"2022-12-17T23:59:10.162Z","BATT":100,"INTERVAL":600},{"modelID":"b0-66-72-ed-8c-51","modelType":"Wi-SHT10","DATAS":["Temperature","Humidity"],"Temperature":24.99,"Humidity":64.8672,"TIMESTAMP":"2022-12-17T23:49:21.180Z","BATT":100,"INTERVAL":600},{"modelID":"b0-66-72-ed-8c-51","modelType":"Wi-SHT10","DATAS":["Temperature","Humidity"],"Temperature":24.91,"Humidity":63.724799999999995,"TIMESTAMP":"2022-12-17T23:39:16.206Z","BATT":100,"INTERVAL":600},{"modelID":"b0-66-72-ed-8c-51","modelType":"Wi-SHT10","DATAS":["Temperature","Humidity"],"Temperature":24.47,"Humidity":62.0544,"TIMESTAMP":"2022-12-17T23:28:52.401Z","BATT":100,"INTERVAL":600},{"modelID":"b0-66-72-ed-8c-51","modelType":"Wi-SHT10","DATAS":["Temperature","Humidity"],"Temperature":24.63,"Humidity":61.123200000000004,"TIMESTAMP":"2022-12-17T23:19:01.222Z","BATT":100,"INTERVAL":600},{"modelID":"b0-66-72-ed-8c-51","modelType":"Wi-SHT10","DATAS":["Temperature","Humidity"],"Temperature":24.54,"Humidity":57.6384,"TIMESTAMP":"2022-12-17T23:09:11.256Z","BATT":100,"INTERVAL":600},{"modelID":"b0-66-72-ed-8c-51","modelType":"Wi-SHT10","DATAS":["Temperature","Humidity"],"Temperature":24.86,"Humidity":58.8384,"TIMESTAMP":"2022-12-17T22:59:10.270Z","BATT":100,"INTERVAL":600},{"modelID":"b0-66-72-ed-8c-51","modelType":"Wi-SHT10","DATAS":["Temperature","Humidity"],"Temperature":25,"Humidity":62.687999999999995,"TIMESTAMP":"2022-12-17T22:49:38.298Z","BATT":100,"INTERVAL":600},{"modelID":"b0-66-72-ed-8c-51","modelType":"Wi-SHT10","DATAS":["Temperature","Humidity"],"Temperature":25.03,"Humidity":63.2256,"TIMESTAMP":"2022-12-17T22:39:30.311Z","BATT":100,"INTERVAL":600},{"modelID":"b0-66-72-ed-8c-51","modelType":"Wi-SHT10","DATAS":["Temperature","Humidity"],"Temperature":24.74,"Humidity":63.455999999999996,"TIMESTAMP":"2022-12-17T22:19:19.337Z","BATT":100,"INTERVAL":600},{"modelID":"b0-66-72-ed-8c-51","modelType":"Wi-SHT10","DATAS":["Temperature","Humidity"],"Temperature":24.56,"Humidity":64.32,"TIMESTAMP":"2022-12-17T22:09:12.359Z","BATT":100,"INTERVAL":600},{"modelID":"b0-66-72-ed-8c-51","modelType":"Wi-SHT10","DATAS":["Temperature","Humidity"],"Temperature":24.28,"Humidity":64.416,"TIMESTAMP":"2022-12-17T21:59:13.365Z","BATT":100,"INTERVAL":600},{"modelID":"b0-66-72-ed-8c-51","modelType":"Wi-SHT10","DATAS":["Temperature","Humidity"],"Temperature":23.99,"Humidity":61.92960000000001,"TIMESTAMP":"2022-12-17T21:49:32.411Z","BATT":100,"INTERVAL":600},{"modelID":"b0-66-72-ed-8c-51","modelType":"Wi-SHT10","DATAS":["Temperature","Humidity"],"Temperature":24.28,"Humidity":60.5664,"TIMESTAMP":"2022-12-17T21:39:36.405Z","BATT":100,"INTERVAL":600},{"modelID":"b0-66-72-ed-8c-51","modelType":"Wi-SHT10","DATAS":["Temperature","Humidity"],"Temperature":24.41,"Humidity":59.8752,"TIMESTAMP":"2022-12-17T21:29:27.424Z","BATT":100,"INTERVAL":600},{"modelID":"b0-66-72-ed-8c-51","modelType":"Wi-SHT10","DATAS":["Temperature","Humidity"],"Temperature":24.5,"Humidity":62.43840000000001,"TIMESTAMP":"2022-12-17T21:19:34.444Z","BATT":100,"INTERVAL":600},{"modelID":"b0-66-72-ed-8c-51","modelType":"Wi-SHT10","DATAS":["Temperature","Humidity"],"Temperature":24.53,"Humidity":64.3104,"TIMESTAMP":"2022-12-17T21:09:32.464Z","BATT":100,"INTERVAL":600},{"modelID":"b0-66-72-ed-8c-51","modelType":"Wi-SHT10","DATAS":["Temperature","Humidity"],"Temperature":24.3,"Humidity":64.20479999999999,"TIMESTAMP":"2022-12-17T20:59:26.476Z","BATT":100,"INTERVAL":600},{"modelID":"b0-66-72-ed-8c-51","modelType":"Wi-SHT10","DATAS":["Temperature","Humidity"],"Temperature":23.73,"Humidity":62.0544,"TIMESTAMP":"2022-12-17T20:39:13.513Z","BATT":100,"INTERVAL":600},{"modelID":"b0-66-72-ed-8c-51","modelType":"Wi-SHT10","DATAS":["Temperature","Humidity"],"Temperature":22.66,"Humidity":57.5712,"TIMESTAMP":"2022-12-17T20:29:23.548Z","BATT":100,"INTERVAL":600},{"modelID":"b0-66-72-ed-8c-51","modelType":"Wi-SHT10","DATAS":["Temperature","Humidity"],"Temperature":22.76,"Humidity":55.8528,"TIMESTAMP":"2022-12-17T20:19:32.993Z","BATT":100,"INTERVAL":600},{"modelID":"b0-66-72-ed-8c-51","modelType":"Wi-SHT10","DATAS":["Temperature","Humidity"],"Temperature":23.35,"Humidity":57.1584,"TIMESTAMP":"2022-12-17T20:09:16.574Z","BATT":100,"INTERVAL":600},{"modelID":"b0-66-72-ed-8c-51","modelType":"Wi-SHT10","DATAS":["Temperature","Humidity"],"Temperature":23.77,"Humidity":58.896,"TIMESTAMP":"2022-12-17T19:59:29.596Z","BATT":100,"INTERVAL":600},{"modelID":"b0-66-72-ed-8c-51","modelType":"Wi-SHT10","DATAS":["Temperature","Humidity"],"Temperature":23.82,"Humidity":61.296,"TIMESTAMP":"2022-12-17T19:49:32.617Z","BATT":100,"INTERVAL":600},{"modelID":"b0-66-72-ed-8c-51","modelType":"Wi-SHT10","DATAS":["Temperature","Humidity"],"Temperature":23.49,"Humidity":61.68,"TIMESTAMP":"2022-12-17T19:39:14.616Z","BATT":100,"INTERVAL":600},{"modelID":"b0-66-72-ed-8c-51","modelType":"Wi-SHT10","DATAS":["Temperature","Humidity"],"Temperature":23.16,"Humidity":61.824000000000005,"TIMESTAMP":"2022-12-17T19:29:36.634Z","BATT":100,"INTERVAL":600},{"modelID":"b0-66-72-ed-8c-51","modelType":"Wi-SHT10","DATAS":["Temperature","Humidity"],"Temperature":22.79,"Humidity":60.115199999999994,"TIMESTAMP":"2022-12-17T19:19:10.657Z","BATT":100,"INTERVAL":600},{"modelID":"b0-66-72-ed-8c-51","modelType":"Wi-SHT10","DATAS":["Temperature","Humidity"],"Temperature":22.44,"Humidity":54.0096,"TIMESTAMP":"2022-12-17T19:09:36.675Z","BATT":100,"INTERVAL":600},{"modelID":"b0-66-72-ed-8c-51","modelType":"Wi-SHT10","DATAS":["Temperature","Humidity"],"Temperature":22.79,"Humidity":54.768,"TIMESTAMP":"2022-12-17T18:59:13.904Z","BATT":100,"INTERVAL":600},{"modelID":"b0-66-72-ed-8c-51","modelType":"Wi-SHT10","DATAS":["Temperature","Humidity"],"Temperature":23.52,"Humidity":57.0336,"TIMESTAMP":"2022-12-17T18:49:16.703Z","BATT":100,"INTERVAL":600},{"modelID":"b0-66-72-ed-8c-51","modelType":"Wi-SHT10","DATAS":["Temperature","Humidity"],"Temperature":24.02,"Humidity":60.7104,"TIMESTAMP":"2022-12-17T18:39:12.723Z","BATT":100,"INTERVAL":600},{"modelID":"b0-66-72-ed-8c-51","modelType":"Wi-SHT10","DATAS":["Temperature","Humidity"],"Temperature":23.78,"Humidity":60.470400000000005,"TIMESTAMP":"2022-12-17T18:29:20.744Z","BATT":100,"INTERVAL":600},{"modelID":"b0-66-72-ed-8c-51","modelType":"Wi-SHT10","DATAS":["Temperature","Humidity"],"Temperature":23.4,"Humidity":60.5088,"TIMESTAMP":"2022-12-17T18:19:14.764Z","BATT":100,"INTERVAL":600},{"modelID":"b0-66-72-ed-8c-51","modelType":"Wi-SHT10","DATAS":["Temperature","Humidity"],"Temperature":22.89,"Humidity":60.086400000000005,"TIMESTAMP":"2022-12-17T18:09:01.785Z","BATT":100,"INTERVAL":600},{"modelID":"b0-66-72-ed-8c-51","modelType":"Wi-SHT10","DATAS":["Temperature","Humidity"],"Temperature":22.38,"Humidity":55.8816,"TIMESTAMP":"2022-12-17T17:59:11.781Z","BATT":100,"INTERVAL":600},{"modelID":"b0-66-72-ed-8c-51","modelType":"Wi-SHT10","DATAS":["Temperature","Humidity"],"Temperature":22.46,"Humidity":54.547200000000004,"TIMESTAMP":"2022-12-17T17:49:28.822Z","BATT":100,"INTERVAL":600},{"modelID":"b0-66-72-ed-8c-51","modelType":"Wi-SHT10","DATAS":["Temperature","Humidity"],"Temperature":22.57,"Humidity":54.2976,"TIMESTAMP":"2022-12-17T17:39:31.822Z","BATT":100,"INTERVAL":600},{"modelID":"b0-66-72-ed-8c-51","modelType":"Wi-SHT10","DATAS":["Temperature","Humidity"],"Temperature":22.88,"Humidity":55.257600000000004,"TIMESTAMP":"2022-12-17T17:29:16.853Z","BATT":100,"INTERVAL":600},{"modelID":"b0-66-72-ed-8c-51","modelType":"Wi-SHT10","DATAS":["Temperature","Humidity"],"Temperature":23.47,"Humidity":57.6768,"TIMESTAMP":"2022-12-17T17:19:12.862Z","BATT":100,"INTERVAL":600},{"modelID":"b0-66-72-ed-8c-51","modelType":"Wi-SHT10","DATAS":["Temperature","Humidity"],"Temperature":23.78,"Humidity":61.104,"TIMESTAMP":"2022-12-17T17:09:35.922Z","BATT":100,"INTERVAL":600},{"modelID":"b0-66-72-ed-8c-51","modelType":"Wi-SHT10","DATAS":["Temperature","Humidity"],"Temperature":23.27,"Humidity":60.816,"TIMESTAMP":"2022-12-17T16:58:49.903Z","BATT":100,"INTERVAL":600},{"modelID":"b0-66-72-ed-8c-51","modelType":"Wi-SHT10","DATAS":["Temperature","Humidity"],"Temperature":22.72,"Humidity":59.1456,"TIMESTAMP":"2022-12-17T16:49:12.918Z","BATT":100,"INTERVAL":600},{"modelID":"b0-66-72-ed-8c-51","modelType":"Wi-SHT10","DATAS":["Temperature","Humidity"],"Temperature":22.35,"Humidity":53.8464,"TIMESTAMP":"2022-12-17T16:39:12.921Z","BATT":100,"INTERVAL":600},{"modelID":"b0-66-72-ed-8c-51","modelType":"Wi-SHT10","DATAS":["Temperature","Humidity"],"Temperature":22.56,"Humidity":54.4416,"TIMESTAMP":"2022-12-17T16:29:30.964Z","BATT":100,"INTERVAL":600},{"modelID":"b0-66-72-ed-8c-51","modelType":"Wi-SHT10","DATAS":["Temperature","Humidity"],"Temperature":22.79,"Humidity":55.4592,"TIMESTAMP":"2022-12-17T16:19:23.981Z","BATT":100,"INTERVAL":600},{"modelID":"b0-66-72-ed-8c-51","modelType":"Wi-SHT10","DATAS":["Temperature","Humidity"],"Temperature":23.07,"Humidity":56.3328,"TIMESTAMP":"2022-12-17T16:09:15.982Z","BATT":100,"INTERVAL":600}],"DAYHOURS":["12","11","10","9","8","7","6","5","4","3","2","1","0"]}