{"SENSORNAME":"PASTE PREPARATION ROOM","SENSORTYPE":"WISENSOR","DTUID":"-1","SENSORID":"B0-01-A1-1A-65-55","DATE0":"2022-12-18T04:07:41.820Z","DATE1":"2021-12-20T22:17:16.736Z","DAYDATA":[{"modelID":"b0-01-a1-1a-65-55","modelType":"Wi-SHT10","DATAS":["Temperature","Humidity"],"Temperature":24.69,"Humidity":34.406400000000005,"TIMESTAMP":"2022-12-18T04:07:41.820Z","BATT":100,"INTERVAL":600},{"modelID":"b0-01-a1-1a-65-55","modelType":"Wi-SHT10","DATAS":["Temperature","Humidity"],"Temperature":24.4,"Humidity":33.1008,"TIMESTAMP":"2022-12-18T03:57:43.530Z","BATT":100,"INTERVAL":600},{"modelID":"b0-01-a1-1a-65-55","modelType":"Wi-SHT10","DATAS":["Temperature","Humidity"],"Temperature":24.55,"Humidity":33.12,"TIMESTAMP":"2022-12-18T03:48:05.050Z","BATT":100,"INTERVAL":600},{"modelID":"b0-01-a1-1a-65-55","modelType":"Wi-SHT10","DATAS":["Temperature","Humidity"],"Temperature":24.59,"Humidity":32.208,"TIMESTAMP":"2022-12-18T03:37:38.370Z","BATT":100,"INTERVAL":600},{"modelID":"b0-01-a1-1a-65-55","modelType":"Wi-SHT10","DATAS":["Temperature","Humidity"],"Temperature":24.56,"Humidity":33.6672,"TIMESTAMP":"2022-12-18T03:27:50.528Z","BATT":100,"INTERVAL":600},{"modelID":"b0-01-a1-1a-65-55","modelType":"Wi-SHT10","DATAS":["Temperature","Humidity"],"Temperature":24.58,"Humidity":34.233599999999996,"TIMESTAMP":"2022-12-18T03:17:38.226Z","BATT":100,"INTERVAL":600},{"modelID":"b0-01-a1-1a-65-55","modelType":"Wi-SHT10","DATAS":["Temperature","Humidity"],"Temperature":24.63,"Humidity":34.502399999999994,"TIMESTAMP":"2022-12-18T03:08:03.559Z","BATT":100,"INTERVAL":600},{"modelID":"b0-01-a1-1a-65-55","modelType":"Wi-SHT10","DATAS":["Temperature","Humidity"],"Temperature":24.79,"Humidity":33.993599999999994,"TIMESTAMP":"2022-12-18T02:57:45.407Z","BATT":100,"INTERVAL":600},{"modelID":"b0-01-a1-1a-65-55","modelType":"Wi-SHT10","DATAS":["Temperature","Humidity"],"Temperature":24.85,"Humidity":34.406400000000005,"TIMESTAMP":"2022-12-18T02:47:54.368Z","BATT":100,"INTERVAL":600},{"modelID":"b0-01-a1-1a-65-55","modelType":"Wi-SHT10","DATAS":["Temperature","Humidity"],"Temperature":25.01,"Humidity":35.6352,"TIMESTAMP":"2022-12-18T02:37:53.667Z","BATT":100,"INTERVAL":600},{"modelID":"b0-01-a1-1a-65-55","modelType":"Wi-SHT10","DATAS":["Temperature","Humidity"],"Temperature":25.19,"Humidity":34.7136,"TIMESTAMP":"2022-12-18T02:28:02.887Z","BATT":100,"INTERVAL":600},{"modelID":"b0-01-a1-1a-65-55","modelType":"Wi-SHT10","DATAS":["Temperature","Humidity"],"Temperature":25.53,"Humidity":34.4544,"TIMESTAMP":"2022-12-18T02:18:05.545Z","BATT":100,"INTERVAL":600},{"modelID":"b0-01-a1-1a-65-55","modelType":"Wi-SHT10","DATAS":["Temperature","Humidity"],"Temperature":25.95,"Humidity":34.435199999999995,"TIMESTAMP":"2022-12-18T02:07:55.018Z","BATT":100,"INTERVAL":600},{"modelID":"b0-01-a1-1a-65-55","modelType":"Wi-SHT10","DATAS":["Temperature","Humidity"],"Temperature":26.63,"Humidity":36.1536,"TIMESTAMP":"2022-12-18T01:57:58.688Z","BATT":100,"INTERVAL":600},{"modelID":"b0-01-a1-1a-65-55","modelType":"Wi-SHT10","DATAS":["Temperature","Humidity"],"Temperature":26.91,"Humidity":40.9824,"TIMESTAMP":"2022-12-18T01:47:45.022Z","BATT":100,"INTERVAL":600},{"modelID":"b0-01-a1-1a-65-55","modelType":"Wi-SHT10","DATAS":["Temperature","Humidity"],"Temperature":26.53,"Humidity":41.4048,"TIMESTAMP":"2022-12-18T01:38:02.829Z","BATT":100,"INTERVAL":600},{"modelID":"b0-01-a1-1a-65-55","modelType":"Wi-SHT10","DATAS":["Temperature","Humidity"],"Temperature":26.11,"Humidity":41.0304,"TIMESTAMP":"2022-12-18T01:28:09.947Z","BATT":100,"INTERVAL":600},{"modelID":"b0-01-a1-1a-65-55","modelType":"Wi-SHT10","DATAS":["Temperature","Humidity"],"Temperature":25.67,"Humidity":40.6176,"TIMESTAMP":"2022-12-18T01:17:48.919Z","BATT":100,"INTERVAL":600},{"modelID":"b0-01-a1-1a-65-55","modelType":"Wi-SHT10","DATAS":["Temperature","Humidity"],"Temperature":25.33,"Humidity":40.4928,"TIMESTAMP":"2022-12-18T01:08:07.049Z","BATT":100,"INTERVAL":600},{"modelID":"b0-01-a1-1a-65-55","modelType":"Wi-SHT10","DATAS":["Temperature","Humidity"],"Temperature":24.86,"Humidity":39.964800000000004,"TIMESTAMP":"2022-12-18T00:57:49.078Z","BATT":100,"INTERVAL":600},{"modelID":"b0-01-a1-1a-65-55","modelType":"Wi-SHT10","DATAS":["Temperature","Humidity"],"Temperature":23.83,"Humidity":35.67359999999999,"TIMESTAMP":"2022-12-18T00:38:01.599Z","BATT":100,"INTERVAL":600},{"modelID":"b0-01-a1-1a-65-55","modelType":"Wi-SHT10","DATAS":["Temperature","Humidity"],"Temperature":23.4,"Humidity":32.4768,"TIMESTAMP":"2022-12-18T00:28:08.776Z","BATT":100,"INTERVAL":600},{"modelID":"b0-01-a1-1a-65-55","modelType":"Wi-SHT10","DATAS":["Temperature","Humidity"],"Temperature":23.24,"Humidity":29.856,"TIMESTAMP":"2022-12-18T00:17:38.092Z","BATT":100,"INTERVAL":600},{"modelID":"b0-01-a1-1a-65-55","modelType":"Wi-SHT10","DATAS":["Temperature","Humidity"],"Temperature":23.13,"Humidity":29.2224,"TIMESTAMP":"2022-12-18T00:07:40.023Z","BATT":100,"INTERVAL":600},{"modelID":"b0-01-a1-1a-65-55","modelType":"Wi-SHT10","DATAS":["Temperature","Humidity"],"Temperature":23.08,"Humidity":28.3872,"TIMESTAMP":"2022-12-17T23:57:51.060Z","BATT":100,"INTERVAL":600},{"modelID":"b0-01-a1-1a-65-55","modelType":"Wi-SHT10","DATAS":["Temperature","Humidity"],"Temperature":23.11,"Humidity":28.224,"TIMESTAMP":"2022-12-17T23:47:46.283Z","BATT":100,"INTERVAL":600},{"modelID":"b0-01-a1-1a-65-55","modelType":"Wi-SHT10","DATAS":["Temperature","Humidity"],"Temperature":23.16,"Humidity":28.4256,"TIMESTAMP":"2022-12-17T23:37:59.461Z","BATT":100,"INTERVAL":600},{"modelID":"b0-01-a1-1a-65-55","modelType":"Wi-SHT10","DATAS":["Temperature","Humidity"],"Temperature":23.16,"Humidity":27.849600000000002,"TIMESTAMP":"2022-12-17T23:27:52.507Z","BATT":100,"INTERVAL":600},{"modelID":"b0-01-a1-1a-65-55","modelType":"Wi-SHT10","DATAS":["Temperature","Humidity"],"Temperature":23.16,"Humidity":27.897599999999997,"TIMESTAMP":"2022-12-17T23:18:05.340Z","BATT":100,"INTERVAL":600},{"modelID":"b0-01-a1-1a-65-55","modelType":"Wi-SHT10","DATAS":["Temperature","Humidity"],"Temperature":23.14,"Humidity":28.003200000000003,"TIMESTAMP":"2022-12-17T23:08:05.061Z","BATT":100,"INTERVAL":600},{"modelID":"b0-01-a1-1a-65-55","modelType":"Wi-SHT10","DATAS":["Temperature","Humidity"],"Temperature":23.13,"Humidity":28.041600000000003,"TIMESTAMP":"2022-12-17T22:58:10.211Z","BATT":100,"INTERVAL":600},{"modelID":"b0-01-a1-1a-65-55","modelType":"Wi-SHT10","DATAS":["Temperature","Humidity"],"Temperature":23.14,"Humidity":27.8016,"TIMESTAMP":"2022-12-17T22:48:01.534Z","BATT":100,"INTERVAL":600},{"modelID":"b0-01-a1-1a-65-55","modelType":"Wi-SHT10","DATAS":["Temperature","Humidity"],"Temperature":23.14,"Humidity":27.8688,"TIMESTAMP":"2022-12-17T22:38:09.192Z","BATT":100,"INTERVAL":600},{"modelID":"b0-01-a1-1a-65-55","modelType":"Wi-SHT10","DATAS":["Temperature","Humidity"],"Temperature":23.08,"Humidity":27.9168,"TIMESTAMP":"2022-12-17T22:27:38.591Z","BATT":100,"INTERVAL":600},{"modelID":"b0-01-a1-1a-65-55","modelType":"Wi-SHT10","DATAS":["Temperature","Humidity"],"Temperature":23.12,"Humidity":27.9168,"TIMESTAMP":"2022-12-17T22:17:46.539Z","BATT":100,"INTERVAL":600},{"modelID":"b0-01-a1-1a-65-55","modelType":"Wi-SHT10","DATAS":["Temperature","Humidity"],"Temperature":23.15,"Humidity":28.1664,"TIMESTAMP":"2022-12-17T22:07:40.018Z","BATT":100,"INTERVAL":600},{"modelID":"b0-01-a1-1a-65-55","modelType":"Wi-SHT10","DATAS":["Temperature","Humidity"],"Temperature":23.21,"Humidity":28.118399999999998,"TIMESTAMP":"2022-12-17T21:58:09.746Z","BATT":100,"INTERVAL":600},{"modelID":"b0-01-a1-1a-65-55","modelType":"Wi-SHT10","DATAS":["Temperature","Humidity"],"Temperature":23.15,"Humidity":28.272,"TIMESTAMP":"2022-12-17T21:47:59.432Z","BATT":100,"INTERVAL":600},{"modelID":"b0-01-a1-1a-65-55","modelType":"Wi-SHT10","DATAS":["Temperature","Humidity"],"Temperature":23.19,"Humidity":28.051199999999998,"TIMESTAMP":"2022-12-17T21:38:03.844Z","BATT":100,"INTERVAL":600},{"modelID":"b0-01-a1-1a-65-55","modelType":"Wi-SHT10","DATAS":["Temperature","Humidity"],"Temperature":23.19,"Humidity":28.156799999999997,"TIMESTAMP":"2022-12-17T21:27:44.803Z","BATT":100,"INTERVAL":600},{"modelID":"b0-01-a1-1a-65-55","modelType":"Wi-SHT10","DATAS":["Temperature","Humidity"],"Temperature":23.16,"Humidity":28.272,"TIMESTAMP":"2022-12-17T21:18:02.194Z","BATT":100,"INTERVAL":600},{"modelID":"b0-01-a1-1a-65-55","modelType":"Wi-SHT10","DATAS":["Temperature","Humidity"],"Temperature":23.2,"Humidity":28.1952,"TIMESTAMP":"2022-12-17T21:07:43.285Z","BATT":100,"INTERVAL":600},{"modelID":"b0-01-a1-1a-65-55","modelType":"Wi-SHT10","DATAS":["Temperature","Humidity"],"Temperature":23.2,"Humidity":28.2432,"TIMESTAMP":"2022-12-17T20:58:03.333Z","BATT":100,"INTERVAL":600},{"modelID":"b0-01-a1-1a-65-55","modelType":"Wi-SHT10","DATAS":["Temperature","Humidity"],"Temperature":23.3,"Humidity":28.435200000000002,"TIMESTAMP":"2022-12-17T20:38:01.142Z","BATT":100,"INTERVAL":600},{"modelID":"b0-01-a1-1a-65-55","modelType":"Wi-SHT10","DATAS":["Temperature","Humidity"],"Temperature":23.3,"Humidity":28.2624,"TIMESTAMP":"2022-12-17T20:27:47.774Z","BATT":100,"INTERVAL":600},{"modelID":"b0-01-a1-1a-65-55","modelType":"Wi-SHT10","DATAS":["Temperature","Humidity"],"Temperature":23.32,"Humidity":28.377599999999997,"TIMESTAMP":"2022-12-17T20:18:10.578Z","BATT":100,"INTERVAL":600},{"modelID":"b0-01-a1-1a-65-55","modelType":"Wi-SHT10","DATAS":["Temperature","Humidity"],"Temperature":23.3,"Humidity":28.627200000000002,"TIMESTAMP":"2022-12-17T20:07:51.156Z","BATT":100,"INTERVAL":600},{"modelID":"b0-01-a1-1a-65-55","modelType":"Wi-SHT10","DATAS":["Temperature","Humidity"],"Temperature":23.28,"Humidity":28.636799999999997,"TIMESTAMP":"2022-12-17T19:57:48.684Z","BATT":100,"INTERVAL":600},{"modelID":"b0-01-a1-1a-65-55","modelType":"Wi-SHT10","DATAS":["Temperature","Humidity"],"Temperature":23.26,"Humidity":28.6944,"TIMESTAMP":"2022-12-17T19:48:07.123Z","BATT":100,"INTERVAL":600},{"modelID":"b0-01-a1-1a-65-55","modelType":"Wi-SHT10","DATAS":["Temperature","Humidity"],"Temperature":23.3,"Humidity":28.588800000000003,"TIMESTAMP":"2022-12-17T19:37:48.316Z","BATT":100,"INTERVAL":600},{"modelID":"b0-01-a1-1a-65-55","modelType":"Wi-SHT10","DATAS":["Temperature","Humidity"],"Temperature":23.34,"Humidity":28.7328,"TIMESTAMP":"2022-12-17T19:27:55.294Z","BATT":100,"INTERVAL":600},{"modelID":"b0-01-a1-1a-65-55","modelType":"Wi-SHT10","DATAS":["Temperature","Humidity"],"Temperature":23.34,"Humidity":28.3008,"TIMESTAMP":"2022-12-17T19:17:57.616Z","BATT":100,"INTERVAL":600},{"modelID":"b0-01-a1-1a-65-55","modelType":"Wi-SHT10","DATAS":["Temperature","Humidity"],"Temperature":23.36,"Humidity":28.5408,"TIMESTAMP":"2022-12-17T19:07:59.216Z","BATT":100,"INTERVAL":600},{"modelID":"b0-01-a1-1a-65-55","modelType":"Wi-SHT10","DATAS":["Temperature","Humidity"],"Temperature":23.36,"Humidity":28.512,"TIMESTAMP":"2022-12-17T18:57:41.044Z","BATT":100,"INTERVAL":600},{"modelID":"b0-01-a1-1a-65-55","modelType":"Wi-SHT10","DATAS":["Temperature","Humidity"],"Temperature":23.34,"Humidity":28.627200000000002,"TIMESTAMP":"2022-12-17T18:48:07.097Z","BATT":100,"INTERVAL":600},{"modelID":"b0-01-a1-1a-65-55","modelType":"Wi-SHT10","DATAS":["Temperature","Humidity"],"Temperature":23.3,"Humidity":28.4736,"TIMESTAMP":"2022-12-17T18:38:01.097Z","BATT":100,"INTERVAL":600},{"modelID":"b0-01-a1-1a-65-55","modelType":"Wi-SHT10","DATAS":["Temperature","Humidity"],"Temperature":23.27,"Humidity":28.5696,"TIMESTAMP":"2022-12-17T18:27:54.383Z","BATT":100,"INTERVAL":600},{"modelID":"b0-01-a1-1a-65-55","modelType":"Wi-SHT10","DATAS":["Temperature","Humidity"],"Temperature":23.33,"Humidity":28.5792,"TIMESTAMP":"2022-12-17T18:17:52.703Z","BATT":100,"INTERVAL":600},{"modelID":"b0-01-a1-1a-65-55","modelType":"Wi-SHT10","DATAS":["Temperature","Humidity"],"Temperature":23.37,"Humidity":28.08,"TIMESTAMP":"2022-12-17T18:07:55.966Z","BATT":100,"INTERVAL":600},{"modelID":"b0-01-a1-1a-65-55","modelType":"Wi-SHT10","DATAS":["Temperature","Humidity"],"Temperature":23.38,"Humidity":28.4832,"TIMESTAMP":"2022-12-17T17:58:08.941Z","BATT":100,"INTERVAL":600},{"modelID":"b0-01-a1-1a-65-55","modelType":"Wi-SHT10","DATAS":["Temperature","Humidity"],"Temperature":23.3,"Humidity":28.665599999999998,"TIMESTAMP":"2022-12-17T17:48:08.621Z","BATT":100,"INTERVAL":600},{"modelID":"b0-01-a1-1a-65-55","modelType":"Wi-SHT10","DATAS":["Temperature","Humidity"],"Temperature":23.32,"Humidity":28.2624,"TIMESTAMP":"2022-12-17T17:37:46.881Z","BATT":100,"INTERVAL":600},{"modelID":"b0-01-a1-1a-65-55","modelType":"Wi-SHT10","DATAS":["Temperature","Humidity"],"Temperature":23.38,"Humidity":28.377599999999997,"TIMESTAMP":"2022-12-17T17:27:53.331Z","BATT":100,"INTERVAL":600},{"modelID":"b0-01-a1-1a-65-55","modelType":"Wi-SHT10","DATAS":["Temperature","Humidity"],"Temperature":23.4,"Humidity":27.9264,"TIMESTAMP":"2022-12-17T17:17:56.000Z","BATT":100,"INTERVAL":600},{"modelID":"b0-01-a1-1a-65-55","modelType":"Wi-SHT10","DATAS":["Temperature","Humidity"],"Temperature":23.44,"Humidity":28.2336,"TIMESTAMP":"2022-12-17T17:07:58.782Z","BATT":100,"INTERVAL":600},{"modelID":"b0-01-a1-1a-65-55","modelType":"Wi-SHT10","DATAS":["Temperature","Humidity"],"Temperature":23.36,"Humidity":28.3008,"TIMESTAMP":"2022-12-17T16:58:08.028Z","BATT":100,"INTERVAL":600},{"modelID":"b0-01-a1-1a-65-55","modelType":"Wi-SHT10","DATAS":["Temperature","Humidity"],"Temperature":23.33,"Humidity":28.108800000000002,"TIMESTAMP":"2022-12-17T16:47:56.143Z","BATT":100,"INTERVAL":600},{"modelID":"b0-01-a1-1a-65-55","modelType":"Wi-SHT10","DATAS":["Temperature","Humidity"],"Temperature":23.44,"Humidity":28.3488,"TIMESTAMP":"2022-12-17T16:38:00.023Z","BATT":100,"INTERVAL":600},{"modelID":"b0-01-a1-1a-65-55","modelType":"Wi-SHT10","DATAS":["Temperature","Humidity"],"Temperature":23.44,"Humidity":28.003200000000003,"TIMESTAMP":"2022-12-17T16:27:40.021Z","BATT":100,"INTERVAL":600},{"modelID":"b0-01-a1-1a-65-55","modelType":"Wi-SHT10","DATAS":["Temperature","Humidity"],"Temperature":23.44,"Humidity":28.368000000000002,"TIMESTAMP":"2022-12-17T16:18:03.746Z","BATT":100,"INTERVAL":600},{"modelID":"b0-01-a1-1a-65-55","modelType":"Wi-SHT10","DATAS":["Temperature","Humidity"],"Temperature":23.45,"Humidity":28.329600000000003,"TIMESTAMP":"2022-12-17T16:08:02.621Z","BATT":100,"INTERVAL":600}],"DAYHOURS":["12","11","10","9","8","7","6","5","4","3","2","1","0"]}