{"SENSORNAME":"CWP1","SENSORTYPE":"PWRMTR(485)","DTUID":"100","SENSORID":19,"PWRMTR0":"3511","PWRMTR1":"0","DAYDATA":[{"DTUID":"100","SENSORID":19,"FUNCID":3,"NDATA":2,"SENSORTYPE":"PWR-METER-POWER","RCV_BYTES":["0005","5B81"],"DATAS":[5,23425],"DATAS1":[],"DATAS2":[],"TIMESTAMP":"2022-12-18T03:29:13.329Z"},{"DTUID":"100","SENSORID":19,"FUNCID":3,"NDATA":2,"SENSORTYPE":"PWR-METER-POWER","RCV_BYTES":["0005","5B81"],"DATAS":[5,23425],"DATAS1":[],"DATAS2":[],"TIMESTAMP":"2022-12-18T00:49:28.052Z"},{"DTUID":"100","SENSORID":19,"FUNCID":3,"NDATA":2,"SENSORTYPE":"PWR-METER-POWER","RCV_BYTES":["0005","5B81"],"DATAS":[5,23425],"DATAS1":[],"DATAS2":[],"TIMESTAMP":"2022-12-18T00:29:34.778Z"},{"DTUID":"100","SENSORID":19,"FUNCID":3,"NDATA":2,"SENSORTYPE":"PWR-METER-POWER","RCV_BYTES":["0005","5B81"],"DATAS":[5,23425],"DATAS1":[],"DATAS2":[],"TIMESTAMP":"2022-12-17T23:29:25.781Z"},{"DTUID":"100","SENSORID":19,"FUNCID":3,"NDATA":2,"SENSORTYPE":"PWR-METER-POWER","RCV_BYTES":["0005","5B81"],"DATAS":[5,23425],"DATAS1":[],"DATAS2":[],"TIMESTAMP":"2022-12-17T21:28:33.183Z"},{"DTUID":"100","SENSORID":19,"FUNCID":3,"NDATA":2,"SENSORTYPE":"PWR-METER-POWER","RCV_BYTES":["0005","5B81"],"DATAS":[5,23425],"DATAS1":[],"DATAS2":[],"TIMESTAMP":"2022-12-17T19:28:25.935Z"}],"DAYHOURS":["11","8","7","5","3"],"MNTH-2022_12":"3511","WK51":"3511","WK50":"3511","WK49":"3511","MNTH-2022_11":"3511","WK48":"3511","WK47":"3511","WK46":"3511","WK45":"3511","WK44":"3511","MNTH-2022_10":"3511","WK43":"3511","WK42":"3511","WK41":"3511","WK40":"3511","MNTH-2022_9":"3511","WK39":"3511","WK38":"3511","WK37":"3511","WK36":"3511","MNTH-2022_8":"3511","WK35":"3511","WK34":"3511","WK33":"3511","WK32":"3511","WK31":"3511","MNTH-2022_7":"3511","WK30":"3511","WK29":"3511","WK28":"3511","WK27":"3511","MNTH-2022_6":"3511","WK26":"3511","WK25":"2598","WK24":"0","WK23":"0","MNTH-2022_5":"0","WK22":"0","WK21":"0","WK20":"0","WK19":"0"}