{"SENSORNAME":"WATER COOLING PACK UNIT B - CWS PRESS","SENSORTYPE":"WTRPRS(485)","DTUID":"215","SENSORID":"43","DATE0":"2022-12-18T00:47:55.677Z","DATE1":"2022-02-13T09:05:51.540Z","DAYDATA":[{"DTUID":"215","SENSORID":43,"FUNCID":3,"NDATA":2,"SENSORTYPE":"WATER-PRES","RCV_BYTES":["42F4","AF9E"],"DATAS":[17140,-20578],"DATAS1":[],"DATAS2":[],"TIMESTAMP":"2022-12-18T00:47:55.677Z"},{"DTUID":"215","SENSORID":43,"FUNCID":3,"NDATA":2,"SENSORTYPE":"WATER-PRES","RCV_BYTES":["436C","D0E5"],"DATAS":[17260,-12059],"DATAS1":[],"DATAS2":[],"TIMESTAMP":"2022-12-17T22:27:43.471Z"},{"DTUID":"215","SENSORID":43,"FUNCID":3,"NDATA":2,"SENSORTYPE":"WATER-PRES","RCV_BYTES":["436D","049C"],"DATAS":[17261,1180],"DATAS1":[],"DATAS2":[],"TIMESTAMP":"2022-12-17T21:47:39.703Z"},{"DTUID":"215","SENSORID":43,"FUNCID":3,"NDATA":2,"SENSORTYPE":"WATER-PRES","RCV_BYTES":["436C","9CEE"],"DATAS":[17260,-25362],"DATAS1":[],"DATAS2":[],"TIMESTAMP":"2022-12-17T20:47:38.673Z"},{"DTUID":"215","SENSORID":43,"FUNCID":3,"NDATA":2,"SENSORTYPE":"WATER-PRES","RCV_BYTES":["436C","6A3D"],"DATAS":[17260,27197],"DATAS1":[],"DATAS2":[],"TIMESTAMP":"2022-12-17T19:27:33.074Z"}],"DAYHOURS":["8","6","5","4","3"]}