{"SENSORNAME":"CHILLER A - CWS PRESS 2","SENSORTYPE":"WTRPRS(485)","DTUID":"207","SENSORID":"25","DATE0":"2022-12-18T02:27:40.174Z","DATE1":"2022-02-13T09:59:08.528Z","DAYDATA":[{"DTUID":"207","SENSORID":25,"FUNCID":3,"NDATA":2,"SENSORTYPE":"WATER-PRES","RCV_BYTES":["432E","8B02"],"DATAS":[17198,-29950],"DATAS1":[],"DATAS2":[],"TIMESTAMP":"2022-12-18T02:27:40.174Z"},{"DTUID":"207","SENSORID":25,"FUNCID":3,"NDATA":2,"SENSORTYPE":"WATER-PRES","RCV_BYTES":["4335","69BA"],"DATAS":[17205,27066],"DATAS1":[],"DATAS2":[],"TIMESTAMP":"2022-12-18T01:27:35.347Z"},{"DTUID":"207","SENSORID":25,"FUNCID":3,"NDATA":2,"SENSORTYPE":"WATER-PRES","RCV_BYTES":["4332","FCAC"],"DATAS":[17202,-852],"DATAS1":[],"DATAS2":[],"TIMESTAMP":"2022-12-18T00:27:33.302Z"},{"DTUID":"207","SENSORID":25,"FUNCID":3,"NDATA":2,"SENSORTYPE":"WATER-PRES","RCV_BYTES":["431D","9333"],"DATAS":[17181,-27853],"DATAS1":[],"DATAS2":[],"TIMESTAMP":"2022-12-17T23:27:31.002Z"},{"DTUID":"207","SENSORID":25,"FUNCID":3,"NDATA":2,"SENSORTYPE":"WATER-PRES","RCV_BYTES":["431D","6042"],"DATAS":[17181,24642],"DATAS1":[],"DATAS2":[],"TIMESTAMP":"2022-12-17T22:27:20.511Z"},{"DTUID":"207","SENSORID":25,"FUNCID":3,"NDATA":2,"SENSORTYPE":"WATER-PRES","RCV_BYTES":["431D","6042"],"DATAS":[17181,24642],"DATAS1":[],"DATAS2":[],"TIMESTAMP":"2022-12-17T21:47:16.910Z"},{"DTUID":"207","SENSORID":25,"FUNCID":3,"NDATA":2,"SENSORTYPE":"WATER-PRES","RCV_BYTES":["431D","C6E9"],"DATAS":[17181,-14615],"DATAS1":[],"DATAS2":[],"TIMESTAMP":"2022-12-17T21:27:17.123Z"},{"DTUID":"207","SENSORID":25,"FUNCID":3,"NDATA":2,"SENSORTYPE":"WATER-PRES","RCV_BYTES":["431D","9333"],"DATAS":[17181,-27853],"DATAS1":[],"DATAS2":[],"TIMESTAMP":"2022-12-17T20:27:14.353Z"},{"DTUID":"207","SENSORID":25,"FUNCID":3,"NDATA":2,"SENSORTYPE":"WATER-PRES","RCV_BYTES":["431C","F893"],"DATAS":[17180,-1901],"DATAS1":[],"DATAS2":[],"TIMESTAMP":"2022-12-17T19:27:10.242Z"}],"DAYHOURS":["10","9","8","7","6","5","4","3"]}