{"SENSORNAME":"L3-Liquid\\Extemp Prep(Outpatient)","SENSORTYPE":"WISENSOR","DTUID":"-1","SENSORID":"BA-C4-CD-9A-45-C5","DATE0":"2022-12-18T03:52:47.220Z","DATE1":"2022-03-22T00:15:06.794Z","DAYDATA":[{"modelID":"ba-c4-cd-9a-45-c5","modelType":"Wi-SHT10A","DATAS":["Temperature","Humidity"],"Temperature":4.62,"Humidity":0,"TIMESTAMP":"2022-12-18T03:52:47.220Z","BATT":100,"INTERVAL":1200},{"modelID":"ba-c4-cd-9a-45-c5","modelType":"Wi-SHT10A","DATAS":["Temperature","Humidity"],"Temperature":4.78,"Humidity":0,"TIMESTAMP":"2022-12-18T03:32:47.318Z","BATT":100,"INTERVAL":1200},{"modelID":"ba-c4-cd-9a-45-c5","modelType":"Wi-SHT10A","DATAS":["Temperature","Humidity"],"Temperature":4.78,"Humidity":0,"TIMESTAMP":"2022-12-18T03:12:28.848Z","BATT":100,"INTERVAL":1200},{"modelID":"ba-c4-cd-9a-45-c5","modelType":"Wi-SHT10A","DATAS":["Temperature","Humidity"],"Temperature":4.72,"Humidity":0,"TIMESTAMP":"2022-12-18T02:52:47.467Z","BATT":100,"INTERVAL":1200},{"modelID":"ba-c4-cd-9a-45-c5","modelType":"Wi-SHT10A","DATAS":["Temperature","Humidity"],"Temperature":4.18,"Humidity":0,"TIMESTAMP":"2022-12-18T02:32:58.086Z","BATT":100,"INTERVAL":1200},{"modelID":"ba-c4-cd-9a-45-c5","modelType":"Wi-SHT10A","DATAS":["Temperature","Humidity"],"Temperature":3.57,"Humidity":0,"TIMESTAMP":"2022-12-18T02:12:49.268Z","BATT":100,"INTERVAL":1200},{"modelID":"ba-c4-cd-9a-45-c5","modelType":"Wi-SHT10A","DATAS":["Temperature","Humidity"],"Temperature":3.24,"Humidity":0,"TIMESTAMP":"2022-12-18T01:53:03.690Z","BATT":100,"INTERVAL":1200},{"modelID":"ba-c4-cd-9a-45-c5","modelType":"Wi-SHT10A","DATAS":["Temperature","Humidity"],"Temperature":3.34,"Humidity":0,"TIMESTAMP":"2022-12-18T01:32:42.418Z","BATT":100,"INTERVAL":1200},{"modelID":"ba-c4-cd-9a-45-c5","modelType":"Wi-SHT10A","DATAS":["Temperature","Humidity"],"Temperature":4.04,"Humidity":0,"TIMESTAMP":"2022-12-18T00:52:44.601Z","BATT":100,"INTERVAL":1200},{"modelID":"ba-c4-cd-9a-45-c5","modelType":"Wi-SHT10A","DATAS":["Temperature","Humidity"],"Temperature":4.38,"Humidity":0,"TIMESTAMP":"2022-12-18T00:32:53.580Z","BATT":100,"INTERVAL":1200},{"modelID":"ba-c4-cd-9a-45-c5","modelType":"Wi-SHT10A","DATAS":["Temperature","Humidity"],"Temperature":4.68,"Humidity":0,"TIMESTAMP":"2022-12-18T00:12:31.460Z","BATT":100,"INTERVAL":1200},{"modelID":"ba-c4-cd-9a-45-c5","modelType":"Wi-SHT10A","DATAS":["Temperature","Humidity"],"Temperature":4.82,"Humidity":0,"TIMESTAMP":"2022-12-17T23:52:29.730Z","BATT":100,"INTERVAL":1200},{"modelID":"ba-c4-cd-9a-45-c5","modelType":"Wi-SHT10A","DATAS":["Temperature","Humidity"],"Temperature":4.72,"Humidity":0,"TIMESTAMP":"2022-12-17T23:32:48.367Z","BATT":100,"INTERVAL":1200},{"modelID":"ba-c4-cd-9a-45-c5","modelType":"Wi-SHT10A","DATAS":["Temperature","Humidity"],"Temperature":4.18,"Humidity":0,"TIMESTAMP":"2022-12-17T23:12:32.152Z","BATT":100,"INTERVAL":1200},{"modelID":"ba-c4-cd-9a-45-c5","modelType":"Wi-SHT10A","DATAS":["Temperature","Humidity"],"Temperature":3.71,"Humidity":0,"TIMESTAMP":"2022-12-17T22:52:54.449Z","BATT":100,"INTERVAL":1200},{"modelID":"ba-c4-cd-9a-45-c5","modelType":"Wi-SHT10A","DATAS":["Temperature","Humidity"],"Temperature":3.31,"Humidity":0,"TIMESTAMP":"2022-12-17T22:32:55.938Z","BATT":100,"INTERVAL":1200},{"modelID":"ba-c4-cd-9a-45-c5","modelType":"Wi-SHT10A","DATAS":["Temperature","Humidity"],"Temperature":3.2,"Humidity":0,"TIMESTAMP":"2022-12-17T22:12:59.246Z","BATT":100,"INTERVAL":1200},{"modelID":"ba-c4-cd-9a-45-c5","modelType":"Wi-SHT10A","DATAS":["Temperature","Humidity"],"Temperature":3.57,"Humidity":0,"TIMESTAMP":"2022-12-17T21:52:43.418Z","BATT":100,"INTERVAL":1200},{"modelID":"ba-c4-cd-9a-45-c5","modelType":"Wi-SHT10A","DATAS":["Temperature","Humidity"],"Temperature":3.84,"Humidity":0,"TIMESTAMP":"2022-12-17T21:32:48.912Z","BATT":100,"INTERVAL":1200},{"modelID":"ba-c4-cd-9a-45-c5","modelType":"Wi-SHT10A","DATAS":["Temperature","Humidity"],"Temperature":4.18,"Humidity":0,"TIMESTAMP":"2022-12-17T21:12:35.515Z","BATT":100,"INTERVAL":1200},{"modelID":"ba-c4-cd-9a-45-c5","modelType":"Wi-SHT10A","DATAS":["Temperature","Humidity"],"Temperature":4.45,"Humidity":0,"TIMESTAMP":"2022-12-17T20:52:45.240Z","BATT":100,"INTERVAL":1200},{"modelID":"ba-c4-cd-9a-45-c5","modelType":"Wi-SHT10A","DATAS":["Temperature","Humidity"],"Temperature":4.62,"Humidity":0,"TIMESTAMP":"2022-12-17T20:32:49.218Z","BATT":100,"INTERVAL":1200},{"modelID":"ba-c4-cd-9a-45-c5","modelType":"Wi-SHT10A","DATAS":["Temperature","Humidity"],"Temperature":4.78,"Humidity":0,"TIMESTAMP":"2022-12-17T20:12:32.538Z","BATT":100,"INTERVAL":1200},{"modelID":"ba-c4-cd-9a-45-c5","modelType":"Wi-SHT10A","DATAS":["Temperature","Humidity"],"Temperature":4.82,"Humidity":0,"TIMESTAMP":"2022-12-17T19:52:34.991Z","BATT":100,"INTERVAL":1200},{"modelID":"ba-c4-cd-9a-45-c5","modelType":"Wi-SHT10A","DATAS":["Temperature","Humidity"],"Temperature":4.55,"Humidity":0,"TIMESTAMP":"2022-12-17T19:32:31.280Z","BATT":100,"INTERVAL":1200},{"modelID":"ba-c4-cd-9a-45-c5","modelType":"Wi-SHT10A","DATAS":["Temperature","Humidity"],"Temperature":4.11,"Humidity":0,"TIMESTAMP":"2022-12-17T19:13:00.067Z","BATT":100,"INTERVAL":1200},{"modelID":"ba-c4-cd-9a-45-c5","modelType":"Wi-SHT10A","DATAS":["Temperature","Humidity"],"Temperature":3.57,"Humidity":0,"TIMESTAMP":"2022-12-17T18:52:58.136Z","BATT":100,"INTERVAL":1200},{"modelID":"ba-c4-cd-9a-45-c5","modelType":"Wi-SHT10A","DATAS":["Temperature","Humidity"],"Temperature":3.17,"Humidity":0,"TIMESTAMP":"2022-12-17T18:32:31.217Z","BATT":100,"INTERVAL":1200},{"modelID":"ba-c4-cd-9a-45-c5","modelType":"Wi-SHT10A","DATAS":["Temperature","Humidity"],"Temperature":3.41,"Humidity":0,"TIMESTAMP":"2022-12-17T18:12:17.158Z","BATT":100,"INTERVAL":1200},{"modelID":"ba-c4-cd-9a-45-c5","modelType":"Wi-SHT10A","DATAS":["Temperature","Humidity"],"Temperature":4.04,"Humidity":0,"TIMESTAMP":"2022-12-17T17:32:18.034Z","BATT":100,"INTERVAL":1200},{"modelID":"ba-c4-cd-9a-45-c5","modelType":"Wi-SHT10A","DATAS":["Temperature","Humidity"],"Temperature":4.28,"Humidity":0,"TIMESTAMP":"2022-12-17T17:12:17.114Z","BATT":100,"INTERVAL":1200},{"modelID":"ba-c4-cd-9a-45-c5","modelType":"Wi-SHT10A","DATAS":["Temperature","Humidity"],"Temperature":4.41,"Humidity":0,"TIMESTAMP":"2022-12-17T16:52:46.325Z","BATT":100,"INTERVAL":1200},{"modelID":"ba-c4-cd-9a-45-c5","modelType":"Wi-SHT10A","DATAS":["Temperature","Humidity"],"Temperature":4.62,"Humidity":0,"TIMESTAMP":"2022-12-17T16:32:31.726Z","BATT":100,"INTERVAL":1200},{"modelID":"ba-c4-cd-9a-45-c5","modelType":"Wi-SHT10A","DATAS":["Temperature","Humidity"],"Temperature":4.72,"Humidity":0,"TIMESTAMP":"2022-12-17T16:12:50.386Z","BATT":100,"INTERVAL":1200}],"DAYHOURS":["11","10","9","8","7","6","5","4","3","2","1","0"]}