{"SENSORNAME":"SSB4","SENSORTYPE":"PWRMTR(485)","DTUID":"2","SENSORID":1,"PWRMTR0":"677890","PWRMTR1":"13376","DAYDATA":[{"DTUID":"2","SENSORID":1,"FUNCID":3,"NDATA":2,"SENSORTYPE":"PWR-METER-POWER","RCV_BYTES":["040A","60A0"],"DATAS":[1034,24736],"DATAS1":[],"DATAS2":[],"TIMESTAMP":"2022-12-18T03:29:10.809Z"},{"DTUID":"2","SENSORID":1,"FUNCID":3,"NDATA":2,"SENSORTYPE":"PWR-METER-POWER","RCV_BYTES":["040A","5010"],"DATAS":[1034,20496],"DATAS1":[],"DATAS2":[],"TIMESTAMP":"2022-12-18T02:29:04.987Z"},{"DTUID":"2","SENSORID":1,"FUNCID":3,"NDATA":2,"SENSORTYPE":"PWR-METER-POWER","RCV_BYTES":["040A","3530"],"DATAS":[1034,13616],"DATAS1":[],"DATAS2":[],"TIMESTAMP":"2022-12-18T00:48:58.972Z"},{"DTUID":"2","SENSORID":1,"FUNCID":3,"NDATA":2,"SENSORTYPE":"PWR-METER-POWER","RCV_BYTES":["0409","C550"],"DATAS":[1033,-15024],"DATAS1":[],"DATAS2":[],"TIMESTAMP":"2022-12-17T20:48:40.441Z"},{"DTUID":"2","SENSORID":1,"FUNCID":3,"NDATA":2,"SENSORTYPE":"PWR-METER-POWER","RCV_BYTES":["0409","BCE0"],"DATAS":[1033,-17184],"DATAS1":[],"DATAS2":[],"TIMESTAMP":"2022-12-17T20:28:39.593Z"},{"DTUID":"2","SENSORID":1,"FUNCID":3,"NDATA":2,"SENSORTYPE":"PWR-METER-POWER","RCV_BYTES":["0409","9A30"],"DATAS":[1033,-26064],"DATAS1":[],"DATAS2":[],"TIMESTAMP":"2022-12-17T19:28:34.914Z"},{"DTUID":"2","SENSORID":1,"FUNCID":3,"NDATA":2,"SENSORTYPE":"PWR-METER-POWER","RCV_BYTES":["0409","75F0"],"DATAS":[1033,30192],"DATAS1":[],"DATAS2":[],"TIMESTAMP":"2022-12-17T18:28:29.662Z"},{"DTUID":"2","SENSORID":1,"FUNCID":3,"NDATA":2,"SENSORTYPE":"PWR-METER-POWER","RCV_BYTES":["0409","53E0"],"DATAS":[1033,21472],"DATAS1":[],"DATAS2":[],"TIMESTAMP":"2022-12-17T17:28:26.940Z"}],"DAYHOURS":["11","10","8","4","3","2","1"],"MNTH-2022_12":"677890","WK51":"677890","WK50":"665618","WK49":"645819","MNTH-2022_11":"627914","WK48":"625089","WK47":"605862","WK46":"586662","WK45":"567010","WK44":"547774","MNTH-2022_10":"544550","WK43":"527643","WK42":"506802","WK41":"486046","WK40":"465053","MNTH-2022_9":"454010","WK39":"442442","WK38":"408044","WK37":"390798","WK36":"375092","MNTH-2022_8":"359022","WK35":"356493","WK34":"336852","WK33":"318018","WK32":"294697","WK31":"269862","MNTH-2022_7":"263695","WK30":"247860","WK29":"225078","WK28":"204430","WK27":"184400","MNTH-2022_6":"169591","WK26":"164053","WK25":"145150","WK24":"123889","WK23":"103090","MNTH-2022_5":"81447","WK22":"81447","WK21":"59146","WK20":"38750","WK19":"18757"}