{"SENSORNAME":"AHU FE","SENSORTYPE":"PWRMTR(485)","DTUID":"112","SENSORID":7,"PWRMTR0":"43133","PWRMTR1":"981","DAYDATA":[{"DTUID":"112","SENSORID":7,"FUNCID":3,"NDATA":2,"SENSORTYPE":"PWR-METER-POWER","RCV_BYTES":["0041","D0C0"],"DATAS":[65,-12096],"DATAS1":[],"DATAS2":[],"TIMESTAMP":"2022-12-18T02:28:35.974Z"},{"DTUID":"112","SENSORID":7,"FUNCID":3,"NDATA":2,"SENSORTYPE":"PWR-METER-POWER","RCV_BYTES":["0041","CB84"],"DATAS":[65,-13436],"DATAS1":[],"DATAS2":[],"TIMESTAMP":"2022-12-18T00:48:29.012Z"},{"DTUID":"112","SENSORID":7,"FUNCID":3,"NDATA":2,"SENSORTYPE":"PWR-METER-POWER","RCV_BYTES":["0041","CA80"],"DATAS":[65,-13696],"DATAS1":[],"DATAS2":[],"TIMESTAMP":"2022-12-18T00:28:29.130Z"},{"DTUID":"112","SENSORID":7,"FUNCID":3,"NDATA":2,"SENSORTYPE":"PWR-METER-POWER","RCV_BYTES":["0041","C74C"],"DATAS":[65,-14516],"DATAS1":[],"DATAS2":[],"TIMESTAMP":"2022-12-17T23:28:27.009Z"},{"DTUID":"112","SENSORID":7,"FUNCID":3,"NDATA":2,"SENSORTYPE":"PWR-METER-POWER","RCV_BYTES":["0041","BACC"],"DATAS":[65,-17716],"DATAS1":[],"DATAS2":[],"TIMESTAMP":"2022-12-17T19:28:06.115Z"},{"DTUID":"112","SENSORID":7,"FUNCID":3,"NDATA":2,"SENSORTYPE":"PWR-METER-POWER","RCV_BYTES":["0041","B48C"],"DATAS":[65,-19316],"DATAS1":[],"DATAS2":[],"TIMESTAMP":"2022-12-17T17:27:57.700Z"}],"DAYHOURS":["10","8","7","3","1"],"MNTH-2022_12":"43133","WK51":"43133","WK50":"42252","WK49":"40896","MNTH-2022_11":"39722","WK48":"39524","WK47":"38168","WK46":"36805","WK45":"35473","MNTH-2022_10":"29644","WK41":"29644","WK40":"28951","MNTH-2022_8":"19500","WK33":"19500","WK32":"18637","WK31":"17335","MNTH-2022_7":"16945","WK30":"16009","WK29":"14664","WK28":"13337","WK27":"11992","MNTH-2022_6":"11011","WK26":"10645","WK25":"9338","WK24":"8036","MNTH-2022_5":"1974","WK20":"1974","WK19":"1292"}