{"SENSORNAME":"L1 - CYTOTOXIC FRIDGE","SENSORTYPE":"WISENSOR","DTUID":"-1","SENSORID":"B0-2F-E0-3F-DC-9B","DATE0":"2022-12-18T03:53:32.749Z","DATE1":"2021-11-03T03:43:57.798Z","DAYDATA":[{"modelID":"b0-2f-e0-3f-dc-9b","modelType":"Wi-SHT10","DATAS":["Temperature","Humidity"],"Temperature":3.85,"Humidity":-959.04,"TIMESTAMP":"2022-12-18T03:53:32.749Z","BATT":100,"INTERVAL":1200},{"modelID":"b0-2f-e0-3f-dc-9b","modelType":"Wi-SHT10","DATAS":["Temperature","Humidity"],"Temperature":3.88,"Humidity":-959.04,"TIMESTAMP":"2022-12-18T03:33:24.220Z","BATT":100,"INTERVAL":1200},{"modelID":"b0-2f-e0-3f-dc-9b","modelType":"Wi-SHT10","DATAS":["Temperature","Humidity"],"Temperature":4.62,"Humidity":-959.04,"TIMESTAMP":"2022-12-18T03:13:27.893Z","BATT":100,"INTERVAL":1200},{"modelID":"b0-2f-e0-3f-dc-9b","modelType":"Wi-SHT10","DATAS":["Temperature","Humidity"],"Temperature":4.79,"Humidity":-959.04,"TIMESTAMP":"2022-12-18T02:53:00.444Z","BATT":100,"INTERVAL":1200},{"modelID":"b0-2f-e0-3f-dc-9b","modelType":"Wi-SHT10","DATAS":["Temperature","Humidity"],"Temperature":3.68,"Humidity":-959.04,"TIMESTAMP":"2022-12-18T02:33:13.924Z","BATT":100,"INTERVAL":1200},{"modelID":"b0-2f-e0-3f-dc-9b","modelType":"Wi-SHT10","DATAS":["Temperature","Humidity"],"Temperature":4.02,"Humidity":-959.04,"TIMESTAMP":"2022-12-18T02:13:27.548Z","BATT":100,"INTERVAL":1200},{"modelID":"b0-2f-e0-3f-dc-9b","modelType":"Wi-SHT10","DATAS":["Temperature","Humidity"],"Temperature":4.79,"Humidity":-959.04,"TIMESTAMP":"2022-12-18T01:53:24.085Z","BATT":100,"INTERVAL":1200},{"modelID":"b0-2f-e0-3f-dc-9b","modelType":"Wi-SHT10","DATAS":["Temperature","Humidity"],"Temperature":4.62,"Humidity":-959.04,"TIMESTAMP":"2022-12-18T01:33:29.038Z","BATT":100,"INTERVAL":1200},{"modelID":"b0-2f-e0-3f-dc-9b","modelType":"Wi-SHT10","DATAS":["Temperature","Humidity"],"Temperature":3.55,"Humidity":-959.04,"TIMESTAMP":"2022-12-18T01:13:27.044Z","BATT":100,"INTERVAL":1200},{"modelID":"b0-2f-e0-3f-dc-9b","modelType":"Wi-SHT10","DATAS":["Temperature","Humidity"],"Temperature":4.18,"Humidity":-959.04,"TIMESTAMP":"2022-12-18T00:53:44.822Z","BATT":100,"INTERVAL":1200},{"modelID":"b0-2f-e0-3f-dc-9b","modelType":"Wi-SHT10","DATAS":["Temperature","Humidity"],"Temperature":5.02,"Humidity":-959.04,"TIMESTAMP":"2022-12-18T00:32:49.227Z","BATT":100,"INTERVAL":1200},{"modelID":"b0-2f-e0-3f-dc-9b","modelType":"Wi-SHT10","DATAS":["Temperature","Humidity"],"Temperature":3.71,"Humidity":-959.04,"TIMESTAMP":"2022-12-17T23:53:13.040Z","BATT":100,"INTERVAL":1200},{"modelID":"b0-2f-e0-3f-dc-9b","modelType":"Wi-SHT10","DATAS":["Temperature","Humidity"],"Temperature":4.45,"Humidity":-959.04,"TIMESTAMP":"2022-12-17T23:33:21.761Z","BATT":100,"INTERVAL":1200},{"modelID":"b0-2f-e0-3f-dc-9b","modelType":"Wi-SHT10","DATAS":["Temperature","Humidity"],"Temperature":3.78,"Humidity":-959.04,"TIMESTAMP":"2022-12-17T22:52:52.163Z","BATT":100,"INTERVAL":1200},{"modelID":"b0-2f-e0-3f-dc-9b","modelType":"Wi-SHT10","DATAS":["Temperature","Humidity"],"Temperature":3.81,"Humidity":-959.04,"TIMESTAMP":"2022-12-17T22:33:26.114Z","BATT":100,"INTERVAL":1200},{"modelID":"b0-2f-e0-3f-dc-9b","modelType":"Wi-SHT10","DATAS":["Temperature","Humidity"],"Temperature":4.65,"Humidity":-959.04,"TIMESTAMP":"2022-12-17T22:12:50.570Z","BATT":100,"INTERVAL":1200},{"modelID":"b0-2f-e0-3f-dc-9b","modelType":"Wi-SHT10","DATAS":["Temperature","Humidity"],"Temperature":5.06,"Humidity":-959.04,"TIMESTAMP":"2022-12-17T21:53:30.234Z","BATT":100,"INTERVAL":1200},{"modelID":"b0-2f-e0-3f-dc-9b","modelType":"Wi-SHT10","DATAS":["Temperature","Humidity"],"Temperature":3.88,"Humidity":-959.04,"TIMESTAMP":"2022-12-17T21:33:30.147Z","BATT":100,"INTERVAL":1200},{"modelID":"b0-2f-e0-3f-dc-9b","modelType":"Wi-SHT10","DATAS":["Temperature","Humidity"],"Temperature":3.88,"Humidity":-959.04,"TIMESTAMP":"2022-12-17T21:13:21.468Z","BATT":100,"INTERVAL":1200},{"modelID":"b0-2f-e0-3f-dc-9b","modelType":"Wi-SHT10","DATAS":["Temperature","Humidity"],"Temperature":4.62,"Humidity":-959.04,"TIMESTAMP":"2022-12-17T20:53:40.846Z","BATT":100,"INTERVAL":1200},{"modelID":"b0-2f-e0-3f-dc-9b","modelType":"Wi-SHT10","DATAS":["Temperature","Humidity"],"Temperature":4.76,"Humidity":-959.04,"TIMESTAMP":"2022-12-17T20:32:57.779Z","BATT":100,"INTERVAL":1200},{"modelID":"b0-2f-e0-3f-dc-9b","modelType":"Wi-SHT10","DATAS":["Temperature","Humidity"],"Temperature":3.68,"Humidity":-959.04,"TIMESTAMP":"2022-12-17T20:13:16.266Z","BATT":100,"INTERVAL":1200},{"modelID":"b0-2f-e0-3f-dc-9b","modelType":"Wi-SHT10","DATAS":["Temperature","Humidity"],"Temperature":3.98,"Humidity":-959.04,"TIMESTAMP":"2022-12-17T19:53:40.499Z","BATT":100,"INTERVAL":1200},{"modelID":"b0-2f-e0-3f-dc-9b","modelType":"Wi-SHT10","DATAS":["Temperature","Humidity"],"Temperature":4.76,"Humidity":-959.04,"TIMESTAMP":"2022-12-17T19:33:30.163Z","BATT":100,"INTERVAL":1200},{"modelID":"b0-2f-e0-3f-dc-9b","modelType":"Wi-SHT10","DATAS":["Temperature","Humidity"],"Temperature":4.69,"Humidity":-959.04,"TIMESTAMP":"2022-12-17T19:13:20.490Z","BATT":100,"INTERVAL":1200},{"modelID":"b0-2f-e0-3f-dc-9b","modelType":"Wi-SHT10","DATAS":["Temperature","Humidity"],"Temperature":3.51,"Humidity":-959.04,"TIMESTAMP":"2022-12-17T18:52:52.544Z","BATT":100,"INTERVAL":1200},{"modelID":"b0-2f-e0-3f-dc-9b","modelType":"Wi-SHT10","DATAS":["Temperature","Humidity"],"Temperature":4.89,"Humidity":-959.04,"TIMESTAMP":"2022-12-17T18:13:30.895Z","BATT":100,"INTERVAL":1200},{"modelID":"b0-2f-e0-3f-dc-9b","modelType":"Wi-SHT10","DATAS":["Temperature","Humidity"],"Temperature":4.25,"Humidity":-959.04,"TIMESTAMP":"2022-12-17T17:53:21.945Z","BATT":100,"INTERVAL":1200},{"modelID":"b0-2f-e0-3f-dc-9b","modelType":"Wi-SHT10","DATAS":["Temperature","Humidity"],"Temperature":3.65,"Humidity":-959.04,"TIMESTAMP":"2022-12-17T17:33:20.425Z","BATT":100,"INTERVAL":1200},{"modelID":"b0-2f-e0-3f-dc-9b","modelType":"Wi-SHT10","DATAS":["Temperature","Humidity"],"Temperature":4.39,"Humidity":-959.04,"TIMESTAMP":"2022-12-17T17:13:19.170Z","BATT":100,"INTERVAL":1200},{"modelID":"b0-2f-e0-3f-dc-9b","modelType":"Wi-SHT10","DATAS":["Temperature","Humidity"],"Temperature":5.09,"Humidity":-959.04,"TIMESTAMP":"2022-12-17T16:53:35.263Z","BATT":100,"INTERVAL":1200},{"modelID":"b0-2f-e0-3f-dc-9b","modelType":"Wi-SHT10","DATAS":["Temperature","Humidity"],"Temperature":3.95,"Humidity":-959.04,"TIMESTAMP":"2022-12-17T16:33:28.048Z","BATT":100,"INTERVAL":1200},{"modelID":"b0-2f-e0-3f-dc-9b","modelType":"Wi-SHT10","DATAS":["Temperature","Humidity"],"Temperature":3.88,"Humidity":-959.04,"TIMESTAMP":"2022-12-17T16:13:04.737Z","BATT":100,"INTERVAL":1200}],"DAYHOURS":["11","10","9","8","7","6","5","4","3","2","1","0"]}