{"SENSORNAME":"SSB2-2","SENSORTYPE":"PWRMTR(485)","DTUID":"3","SENSORID":2,"PWRMTR0":"292293","PWRMTR1":"5862","DAYDATA":[{"DTUID":"3","SENSORID":2,"FUNCID":3,"NDATA":2,"SENSORTYPE":"PWR-METER-POWER","RCV_BYTES":["01BE","00E0"],"DATAS":[446,224],"DATAS1":[],"DATAS2":[],"TIMESTAMP":"2022-12-18T00:29:13.239Z"},{"DTUID":"3","SENSORID":2,"FUNCID":3,"NDATA":2,"SENSORTYPE":"PWR-METER-POWER","RCV_BYTES":["01BD","E880"],"DATAS":[445,-6016],"DATAS1":[],"DATAS2":[],"TIMESTAMP":"2022-12-17T22:29:00.551Z"},{"DTUID":"3","SENSORID":2,"FUNCID":3,"NDATA":2,"SENSORTYPE":"PWR-METER-POWER","RCV_BYTES":["01BD","E060"],"DATAS":[445,-8096],"DATAS1":[],"DATAS2":[],"TIMESTAMP":"2022-12-17T21:48:56.778Z"},{"DTUID":"3","SENSORID":2,"FUNCID":3,"NDATA":2,"SENSORTYPE":"PWR-METER-POWER","RCV_BYTES":["01BD","DC00"],"DATAS":[445,-9216],"DATAS1":[],"DATAS2":[],"TIMESTAMP":"2022-12-17T21:28:57.171Z"},{"DTUID":"3","SENSORID":2,"FUNCID":3,"NDATA":2,"SENSORTYPE":"PWR-METER-POWER","RCV_BYTES":["01BD","D3E0"],"DATAS":[445,-11296],"DATAS1":[],"DATAS2":[],"TIMESTAMP":"2022-12-17T20:48:55.793Z"},{"DTUID":"3","SENSORID":2,"FUNCID":3,"NDATA":2,"SENSORTYPE":"PWR-METER-POWER","RCV_BYTES":["01BD","AC80"],"DATAS":[445,-21376],"DATAS1":[],"DATAS2":[],"TIMESTAMP":"2022-12-17T17:28:41.920Z"}],"DAYHOURS":["8","6","5","4","1"],"MNTH-2022_12":"292293","WK51":"292293","WK50":"286976","WK49":"278965","MNTH-2022_11":"271589","WK48":"270189","WK47":"261942","WK46":"252549","WK45":"244138","WK44":"235349","MNTH-2022_10":"233795","WK43":"225822","WK42":"216869","WK41":"206984","WK40":"197642","MNTH-2022_9":"192928","WK39":"188478","WK38":"178542","WK37":"170155","WK36":"161051","MNTH-2022_8":"152974","WK35":"151682","WK34":"141685","WK33":"131950","WK32":"122058","WK31":"113285","MNTH-2022_7":"110747","WK30":"104707","WK29":"96053","WK28":"87221","WK27":"79022","MNTH-2022_6":"72342","WK26":"69522","WK25":"59818","WK24":"51717","WK23":"43538","MNTH-2022_5":"34869","WK22":"34869","WK21":"26483","WK20":"17706","WK19":"8264"}