{"SENSORNAME":"COOLING TOWER B CWS PRESS","SENSORTYPE":"WTRPRS(485)","DTUID":"204","SENSORID":"15","DATE0":"2022-12-18T03:28:13.109Z","DATE1":"2022-02-13T09:05:59.573Z","DAYDATA":[{"DTUID":"204","SENSORID":15,"FUNCID":3,"NDATA":2,"SENSORTYPE":"WATER-PRES","RCV_BYTES":["42F8","4F5C"],"DATAS":[17144,20316],"DATAS1":[],"DATAS2":[],"TIMESTAMP":"2022-12-18T03:28:13.109Z"},{"DTUID":"204","SENSORID":15,"FUNCID":3,"NDATA":2,"SENSORTYPE":"WATER-PRES","RCV_BYTES":["42F9","8625"],"DATAS":[17145,-31195],"DATAS1":[],"DATAS2":[],"TIMESTAMP":"2022-12-18T02:28:06.786Z"},{"DTUID":"204","SENSORID":15,"FUNCID":3,"NDATA":2,"SENSORTYPE":"WATER-PRES","RCV_BYTES":["42FD","92F2"],"DATAS":[17149,-27918],"DATAS1":[],"DATAS2":[],"TIMESTAMP":"2022-12-17T22:27:47.211Z"},{"DTUID":"204","SENSORID":15,"FUNCID":3,"NDATA":2,"SENSORTYPE":"WATER-PRES","RCV_BYTES":["42FE","C9BA"],"DATAS":[17150,-13894],"DATAS1":[],"DATAS2":[],"TIMESTAMP":"2022-12-17T21:47:43.583Z"},{"DTUID":"204","SENSORID":15,"FUNCID":3,"NDATA":2,"SENSORTYPE":"WATER-PRES","RCV_BYTES":["42FE","624E"],"DATAS":[17150,25166],"DATAS1":[],"DATAS2":[],"TIMESTAMP":"2022-12-17T21:27:45.464Z"},{"DTUID":"204","SENSORID":15,"FUNCID":3,"NDATA":2,"SENSORTYPE":"WATER-PRES","RCV_BYTES":["42FF","31AA"],"DATAS":[17151,12714],"DATAS1":[],"DATAS2":[],"TIMESTAMP":"2022-12-17T20:47:42.692Z"},{"DTUID":"204","SENSORID":15,"FUNCID":3,"NDATA":2,"SENSORTYPE":"WATER-PRES","RCV_BYTES":["42FE","624E"],"DATAS":[17150,25166],"DATAS1":[],"DATAS2":[],"TIMESTAMP":"2022-12-17T20:27:41.521Z"},{"DTUID":"204","SENSORID":15,"FUNCID":3,"NDATA":2,"SENSORTYPE":"WATER-PRES","RCV_BYTES":["42FE","C9BA"],"DATAS":[17150,-13894],"DATAS1":[],"DATAS2":[],"TIMESTAMP":"2022-12-17T19:27:37.104Z"},{"DTUID":"204","SENSORID":15,"FUNCID":3,"NDATA":2,"SENSORTYPE":"WATER-PRES","RCV_BYTES":["42FE","624E"],"DATAS":[17150,25166],"DATAS1":[],"DATAS2":[],"TIMESTAMP":"2022-12-17T18:27:31.833Z"},{"DTUID":"204","SENSORID":15,"FUNCID":3,"NDATA":2,"SENSORTYPE":"WATER-PRES","RCV_BYTES":["42FE","C9BA"],"DATAS":[17150,-13894],"DATAS1":[],"DATAS2":[],"TIMESTAMP":"2022-12-17T17:27:28.560Z"}],"DAYHOURS":["11","10","6","5","4","3","2","1"]}