{"SENSORNAME":"CHILLER B","SENSORTYPE":"PWRMTR(485)","DTUID":"110","SENSORID":16,"PWRMTR0":"5050","PWRMTR1":"0","DAYDATA":[{"DTUID":"110","SENSORID":16,"FUNCID":3,"NDATA":2,"SENSORTYPE":"PWR-METER-POWER","RCV_BYTES":["0007","B480"],"DATAS":[7,-19328],"DATAS1":[],"DATAS2":[],"TIMESTAMP":"2022-12-18T01:28:49.014Z"},{"DTUID":"110","SENSORID":16,"FUNCID":3,"NDATA":2,"SENSORTYPE":"PWR-METER-POWER","RCV_BYTES":["0007","AE2C"],"DATAS":[7,-20948],"DATAS1":[],"DATAS2":[],"TIMESTAMP":"2022-12-18T00:48:48.525Z"},{"DTUID":"110","SENSORID":16,"FUNCID":3,"NDATA":2,"SENSORTYPE":"PWR-METER-POWER","RCV_BYTES":["0007","A760"],"DATAS":[7,-22688],"DATAS1":[],"DATAS2":[],"TIMESTAMP":"2022-12-17T23:29:40.762Z"},{"DTUID":"110","SENSORID":16,"FUNCID":3,"NDATA":2,"SENSORTYPE":"PWR-METER-POWER","RCV_BYTES":["0007","A760"],"DATAS":[7,-22688],"DATAS1":[],"DATAS2":[],"TIMESTAMP":"2022-12-17T21:48:30.744Z"},{"DTUID":"110","SENSORID":16,"FUNCID":3,"NDATA":2,"SENSORTYPE":"PWR-METER-POWER","RCV_BYTES":["0007","A760"],"DATAS":[7,-22688],"DATAS1":[],"DATAS2":[],"TIMESTAMP":"2022-12-17T21:28:38.034Z"},{"DTUID":"110","SENSORID":16,"FUNCID":3,"NDATA":2,"SENSORTYPE":"PWR-METER-POWER","RCV_BYTES":["0007","A760"],"DATAS":[7,-22688],"DATAS1":[],"DATAS2":[],"TIMESTAMP":"2022-12-17T20:48:41.793Z"},{"DTUID":"110","SENSORID":16,"FUNCID":3,"NDATA":2,"SENSORTYPE":"PWR-METER-POWER","RCV_BYTES":["0007","A760"],"DATAS":[7,-22688],"DATAS1":[],"DATAS2":[],"TIMESTAMP":"2022-12-17T20:29:16.993Z"}],"DAYHOURS":["9","8","7","5","4"],"MNTH-2022_12":"5050","WK51":"5050","WK50":"5016","WK49":"5016","MNTH-2022_11":"5016","WK48":"5016","WK47":"5016","WK46":"5016","WK45":"5016","WK44":"5016","MNTH-2022_10":"5016","WK43":"5016","WK42":"5016","WK41":"4997","WK40":"4997","MNTH-2022_9":"4997","WK39":"4997","WK38":"4997","WK37":"4978","WK36":"4978","MNTH-2022_8":"4978","WK35":"4978","WK34":"4963","WK33":"4952","WK32":"4940","WK31":"4940","MNTH-2022_7":"4940","WK30":"4940","WK29":"4128","WK28":"2735","WK27":"2735","MNTH-2022_6":"2605","WK26":"2605","WK25":"2605","WK24":"2605","WK23":"2605","MNTH-2022_5":"2605","WK22":"2605","WK21":"2605","WK20":"1049","WK19":"0"}