{"SENSORNAME":"MULTIMATIC","SENSORTYPE":"WISENSOR","DTUID":"-1","SENSORID":"B0-17-03-A8-FB-4B","DATE0":"2022-12-18T04:09:32.472Z","DATE1":"2021-04-19T16:32:54.203Z","DAYDATA":[{"modelID":"b0-17-03-a8-fb-4b","modelType":"Wi-SHT10","DATAS":["Temperature","Humidity"],"Temperature":36.29,"Humidity":42.547200000000004,"TIMESTAMP":"2022-12-18T04:09:32.472Z","BATT":100,"INTERVAL":600},{"modelID":"b0-17-03-a8-fb-4b","modelType":"Wi-SHT10","DATAS":["Temperature","Humidity"],"Temperature":36.22,"Humidity":42.7584,"TIMESTAMP":"2022-12-18T03:59:33.465Z","BATT":100,"INTERVAL":600},{"modelID":"b0-17-03-a8-fb-4b","modelType":"Wi-SHT10","DATAS":["Temperature","Humidity"],"Temperature":36.06,"Humidity":43.3152,"TIMESTAMP":"2022-12-18T03:50:08.490Z","BATT":100,"INTERVAL":600},{"modelID":"b0-17-03-a8-fb-4b","modelType":"Wi-SHT10","DATAS":["Temperature","Humidity"],"Temperature":35.86,"Humidity":43.795199999999994,"TIMESTAMP":"2022-12-18T03:40:00.489Z","BATT":100,"INTERVAL":600},{"modelID":"b0-17-03-a8-fb-4b","modelType":"Wi-SHT10","DATAS":["Temperature","Humidity"],"Temperature":35.69,"Humidity":44.1984,"TIMESTAMP":"2022-12-18T03:29:47.997Z","BATT":100,"INTERVAL":600},{"modelID":"b0-17-03-a8-fb-4b","modelType":"Wi-SHT10","DATAS":["Temperature","Humidity"],"Temperature":35.65,"Humidity":44.553599999999996,"TIMESTAMP":"2022-12-18T03:20:03.511Z","BATT":100,"INTERVAL":600},{"modelID":"b0-17-03-a8-fb-4b","modelType":"Wi-SHT10","DATAS":["Temperature","Humidity"],"Temperature":35.58,"Humidity":45.2256,"TIMESTAMP":"2022-12-18T03:09:54.511Z","BATT":100,"INTERVAL":600},{"modelID":"b0-17-03-a8-fb-4b","modelType":"Wi-SHT10","DATAS":["Temperature","Humidity"],"Temperature":35.4,"Humidity":45.830400000000004,"TIMESTAMP":"2022-12-18T02:59:34.107Z","BATT":100,"INTERVAL":600},{"modelID":"b0-17-03-a8-fb-4b","modelType":"Wi-SHT10","DATAS":["Temperature","Humidity"],"Temperature":35.17,"Humidity":47.1648,"TIMESTAMP":"2022-12-18T02:50:10.548Z","BATT":100,"INTERVAL":600},{"modelID":"b0-17-03-a8-fb-4b","modelType":"Wi-SHT10","DATAS":["Temperature","Humidity"],"Temperature":34.93,"Humidity":48.537600000000005,"TIMESTAMP":"2022-12-18T02:40:13.547Z","BATT":100,"INTERVAL":600},{"modelID":"b0-17-03-a8-fb-4b","modelType":"Wi-SHT10","DATAS":["Temperature","Humidity"],"Temperature":34.8,"Humidity":49.392,"TIMESTAMP":"2022-12-18T02:30:10.576Z","BATT":100,"INTERVAL":600},{"modelID":"b0-17-03-a8-fb-4b","modelType":"Wi-SHT10","DATAS":["Temperature","Humidity"],"Temperature":34.63,"Humidity":50.1888,"TIMESTAMP":"2022-12-18T02:19:49.567Z","BATT":100,"INTERVAL":600},{"modelID":"b0-17-03-a8-fb-4b","modelType":"Wi-SHT10","DATAS":["Temperature","Humidity"],"Temperature":34.25,"Humidity":50.9184,"TIMESTAMP":"2022-12-18T02:10:04.566Z","BATT":100,"INTERVAL":600},{"modelID":"b0-17-03-a8-fb-4b","modelType":"Wi-SHT10","DATAS":["Temperature","Humidity"],"Temperature":34.39,"Humidity":50.2944,"TIMESTAMP":"2022-12-18T01:59:39.589Z","BATT":100,"INTERVAL":600},{"modelID":"b0-17-03-a8-fb-4b","modelType":"Wi-SHT10","DATAS":["Temperature","Humidity"],"Temperature":33.99,"Humidity":51.888,"TIMESTAMP":"2022-12-18T01:49:49.608Z","BATT":100,"INTERVAL":600},{"modelID":"b0-17-03-a8-fb-4b","modelType":"Wi-SHT10","DATAS":["Temperature","Humidity"],"Temperature":33.74,"Humidity":52.1088,"TIMESTAMP":"2022-12-18T01:40:14.607Z","BATT":100,"INTERVAL":600},{"modelID":"b0-17-03-a8-fb-4b","modelType":"Wi-SHT10","DATAS":["Temperature","Humidity"],"Temperature":33.69,"Humidity":51.993599999999994,"TIMESTAMP":"2022-12-18T01:30:00.629Z","BATT":100,"INTERVAL":600},{"modelID":"b0-17-03-a8-fb-4b","modelType":"Wi-SHT10","DATAS":["Temperature","Humidity"],"Temperature":33.36,"Humidity":53.0496,"TIMESTAMP":"2022-12-18T01:19:51.622Z","BATT":100,"INTERVAL":600},{"modelID":"b0-17-03-a8-fb-4b","modelType":"Wi-SHT10","DATAS":["Temperature","Humidity"],"Temperature":33.14,"Humidity":53.3856,"TIMESTAMP":"2022-12-18T01:10:09.636Z","BATT":100,"INTERVAL":600},{"modelID":"b0-17-03-a8-fb-4b","modelType":"Wi-SHT10","DATAS":["Temperature","Humidity"],"Temperature":33.18,"Humidity":52.5408,"TIMESTAMP":"2022-12-18T00:59:41.649Z","BATT":100,"INTERVAL":600},{"modelID":"b0-17-03-a8-fb-4b","modelType":"Wi-SHT10","DATAS":["Temperature","Humidity"],"Temperature":33.09,"Humidity":51.936,"TIMESTAMP":"2022-12-18T00:50:14.660Z","BATT":100,"INTERVAL":600},{"modelID":"b0-17-03-a8-fb-4b","modelType":"Wi-SHT10","DATAS":["Temperature","Humidity"],"Temperature":33.01,"Humidity":52.339200000000005,"TIMESTAMP":"2022-12-18T00:39:47.168Z","BATT":100,"INTERVAL":600},{"modelID":"b0-17-03-a8-fb-4b","modelType":"Wi-SHT10","DATAS":["Temperature","Humidity"],"Temperature":33.38,"Humidity":49.632000000000005,"TIMESTAMP":"2022-12-18T00:30:03.664Z","BATT":100,"INTERVAL":600},{"modelID":"b0-17-03-a8-fb-4b","modelType":"Wi-SHT10","DATAS":["Temperature","Humidity"],"Temperature":32.96,"Humidity":51.12,"TIMESTAMP":"2022-12-18T00:20:05.694Z","BATT":100,"INTERVAL":600},{"modelID":"b0-17-03-a8-fb-4b","modelType":"Wi-SHT10","DATAS":["Temperature","Humidity"],"Temperature":32.87,"Humidity":51.0336,"TIMESTAMP":"2022-12-18T00:10:09.698Z","BATT":100,"INTERVAL":600},{"modelID":"b0-17-03-a8-fb-4b","modelType":"Wi-SHT10","DATAS":["Temperature","Humidity"],"Temperature":32.92,"Humidity":50.1984,"TIMESTAMP":"2022-12-17T23:59:28.701Z","BATT":100,"INTERVAL":600},{"modelID":"b0-17-03-a8-fb-4b","modelType":"Wi-SHT10","DATAS":["Temperature","Humidity"],"Temperature":32.83,"Humidity":49.795199999999994,"TIMESTAMP":"2022-12-17T23:50:03.722Z","BATT":100,"INTERVAL":600},{"modelID":"b0-17-03-a8-fb-4b","modelType":"Wi-SHT10","DATAS":["Temperature","Humidity"],"Temperature":32.41,"Humidity":50.9856,"TIMESTAMP":"2022-12-17T23:39:33.612Z","BATT":100,"INTERVAL":600},{"modelID":"b0-17-03-a8-fb-4b","modelType":"Wi-SHT10","DATAS":["Temperature","Humidity"],"Temperature":32.36,"Humidity":51.0144,"TIMESTAMP":"2022-12-17T23:29:36.962Z","BATT":100,"INTERVAL":600},{"modelID":"b0-17-03-a8-fb-4b","modelType":"Wi-SHT10","DATAS":["Temperature","Humidity"],"Temperature":31.83,"Humidity":53.3376,"TIMESTAMP":"2022-12-17T23:20:02.741Z","BATT":100,"INTERVAL":600},{"modelID":"b0-17-03-a8-fb-4b","modelType":"Wi-SHT10","DATAS":["Temperature","Humidity"],"Temperature":32.45,"Humidity":48.9216,"TIMESTAMP":"2022-12-17T23:10:05.762Z","BATT":100,"INTERVAL":600},{"modelID":"b0-17-03-a8-fb-4b","modelType":"Wi-SHT10","DATAS":["Temperature","Humidity"],"Temperature":32.44,"Humidity":49.6032,"TIMESTAMP":"2022-12-17T22:59:37.771Z","BATT":100,"INTERVAL":600},{"modelID":"b0-17-03-a8-fb-4b","modelType":"Wi-SHT10","DATAS":["Temperature","Humidity"],"Temperature":32.74,"Humidity":49.2768,"TIMESTAMP":"2022-12-17T22:49:33.570Z","BATT":100,"INTERVAL":600},{"modelID":"b0-17-03-a8-fb-4b","modelType":"Wi-SHT10","DATAS":["Temperature","Humidity"],"Temperature":32.57,"Humidity":50.6016,"TIMESTAMP":"2022-12-17T22:39:56.791Z","BATT":100,"INTERVAL":600},{"modelID":"b0-17-03-a8-fb-4b","modelType":"Wi-SHT10","DATAS":["Temperature","Humidity"],"Temperature":32.17,"Humidity":51.763200000000005,"TIMESTAMP":"2022-12-17T22:29:27.793Z","BATT":100,"INTERVAL":600},{"modelID":"b0-17-03-a8-fb-4b","modelType":"Wi-SHT10","DATAS":["Temperature","Humidity"],"Temperature":32.56,"Humidity":50.419200000000004,"TIMESTAMP":"2022-12-17T22:19:38.818Z","BATT":100,"INTERVAL":600},{"modelID":"b0-17-03-a8-fb-4b","modelType":"Wi-SHT10","DATAS":["Temperature","Humidity"],"Temperature":32.56,"Humidity":50.3328,"TIMESTAMP":"2022-12-17T22:09:49.828Z","BATT":100,"INTERVAL":600},{"modelID":"b0-17-03-a8-fb-4b","modelType":"Wi-SHT10","DATAS":["Temperature","Humidity"],"Temperature":32.64,"Humidity":49.8816,"TIMESTAMP":"2022-12-17T22:00:05.827Z","BATT":100,"INTERVAL":600},{"modelID":"b0-17-03-a8-fb-4b","modelType":"Wi-SHT10","DATAS":["Temperature","Humidity"],"Temperature":33.32,"Humidity":47.7696,"TIMESTAMP":"2022-12-17T21:49:40.846Z","BATT":100,"INTERVAL":600},{"modelID":"b0-17-03-a8-fb-4b","modelType":"Wi-SHT10","DATAS":["Temperature","Humidity"],"Temperature":33.4,"Humidity":46.339200000000005,"TIMESTAMP":"2022-12-17T21:39:58.844Z","BATT":100,"INTERVAL":600},{"modelID":"b0-17-03-a8-fb-4b","modelType":"Wi-SHT10","DATAS":["Temperature","Humidity"],"Temperature":33.22,"Humidity":47.5872,"TIMESTAMP":"2022-12-17T21:29:39.873Z","BATT":100,"INTERVAL":600},{"modelID":"b0-17-03-a8-fb-4b","modelType":"Wi-SHT10","DATAS":["Temperature","Humidity"],"Temperature":33.53,"Humidity":47.462399999999995,"TIMESTAMP":"2022-12-17T21:20:05.871Z","BATT":100,"INTERVAL":600},{"modelID":"b0-17-03-a8-fb-4b","modelType":"Wi-SHT10","DATAS":["Temperature","Humidity"],"Temperature":33.32,"Humidity":48.9312,"TIMESTAMP":"2022-12-17T21:10:06.885Z","BATT":100,"INTERVAL":600},{"modelID":"b0-17-03-a8-fb-4b","modelType":"Wi-SHT10","DATAS":["Temperature","Humidity"],"Temperature":33.72,"Humidity":45.993599999999994,"TIMESTAMP":"2022-12-17T20:59:28.894Z","BATT":100,"INTERVAL":600},{"modelID":"b0-17-03-a8-fb-4b","modelType":"Wi-SHT10","DATAS":["Temperature","Humidity"],"Temperature":33.55,"Humidity":47.136,"TIMESTAMP":"2022-12-17T20:49:34.895Z","BATT":100,"INTERVAL":600},{"modelID":"b0-17-03-a8-fb-4b","modelType":"Wi-SHT10","DATAS":["Temperature","Humidity"],"Temperature":33.5,"Humidity":46.8,"TIMESTAMP":"2022-12-17T20:39:57.894Z","BATT":100,"INTERVAL":600},{"modelID":"b0-17-03-a8-fb-4b","modelType":"Wi-SHT10","DATAS":["Temperature","Humidity"],"Temperature":33.39,"Humidity":42.2976,"TIMESTAMP":"2022-12-17T20:29:56.913Z","BATT":100,"INTERVAL":600},{"modelID":"b0-17-03-a8-fb-4b","modelType":"Wi-SHT10","DATAS":["Temperature","Humidity"],"Temperature":33.78,"Humidity":43.497600000000006,"TIMESTAMP":"2022-12-17T20:19:31.912Z","BATT":100,"INTERVAL":600},{"modelID":"b0-17-03-a8-fb-4b","modelType":"Wi-SHT10","DATAS":["Temperature","Humidity"],"Temperature":33.87,"Humidity":43.3344,"TIMESTAMP":"2022-12-17T20:10:11.934Z","BATT":100,"INTERVAL":600},{"modelID":"b0-17-03-a8-fb-4b","modelType":"Wi-SHT10","DATAS":["Temperature","Humidity"],"Temperature":34.2,"Humidity":43.9392,"TIMESTAMP":"2022-12-17T20:00:13.957Z","BATT":100,"INTERVAL":600},{"modelID":"b0-17-03-a8-fb-4b","modelType":"Wi-SHT10","DATAS":["Temperature","Humidity"],"Temperature":34.44,"Humidity":44.4096,"TIMESTAMP":"2022-12-17T19:50:07.952Z","BATT":100,"INTERVAL":600},{"modelID":"b0-17-03-a8-fb-4b","modelType":"Wi-SHT10","DATAS":["Temperature","Humidity"],"Temperature":34.18,"Humidity":44.217600000000004,"TIMESTAMP":"2022-12-17T19:40:11.956Z","BATT":100,"INTERVAL":600},{"modelID":"b0-17-03-a8-fb-4b","modelType":"Wi-SHT10","DATAS":["Temperature","Humidity"],"Temperature":34.14,"Humidity":44.3232,"TIMESTAMP":"2022-12-17T19:30:07.983Z","BATT":100,"INTERVAL":600},{"modelID":"b0-17-03-a8-fb-4b","modelType":"Wi-SHT10","DATAS":["Temperature","Humidity"],"Temperature":34.11,"Humidity":44.16,"TIMESTAMP":"2022-12-17T19:19:27.995Z","BATT":100,"INTERVAL":600},{"modelID":"b0-17-03-a8-fb-4b","modelType":"Wi-SHT10","DATAS":["Temperature","Humidity"],"Temperature":34.04,"Humidity":43.2,"TIMESTAMP":"2022-12-17T19:09:54.002Z","BATT":100,"INTERVAL":600},{"modelID":"b0-17-03-a8-fb-4b","modelType":"Wi-SHT10","DATAS":["Temperature","Humidity"],"Temperature":34.26,"Humidity":42.576,"TIMESTAMP":"2022-12-17T18:59:40.004Z","BATT":100,"INTERVAL":600},{"modelID":"b0-17-03-a8-fb-4b","modelType":"Wi-SHT10","DATAS":["Temperature","Humidity"],"Temperature":34.45,"Humidity":42.979200000000006,"TIMESTAMP":"2022-12-17T18:49:50.023Z","BATT":100,"INTERVAL":600},{"modelID":"b0-17-03-a8-fb-4b","modelType":"Wi-SHT10","DATAS":["Temperature","Humidity"],"Temperature":34.39,"Humidity":44.4672,"TIMESTAMP":"2022-12-17T18:40:02.025Z","BATT":100,"INTERVAL":600},{"modelID":"b0-17-03-a8-fb-4b","modelType":"Wi-SHT10","DATAS":["Temperature","Humidity"],"Temperature":34.4,"Humidity":44.2464,"TIMESTAMP":"2022-12-17T18:30:06.026Z","BATT":100,"INTERVAL":600},{"modelID":"b0-17-03-a8-fb-4b","modelType":"Wi-SHT10","DATAS":["Temperature","Humidity"],"Temperature":34.17,"Humidity":43.5456,"TIMESTAMP":"2022-12-17T18:19:35.044Z","BATT":100,"INTERVAL":600},{"modelID":"b0-17-03-a8-fb-4b","modelType":"Wi-SHT10","DATAS":["Temperature","Humidity"],"Temperature":34.22,"Humidity":43.8048,"TIMESTAMP":"2022-12-17T18:10:05.045Z","BATT":100,"INTERVAL":600},{"modelID":"b0-17-03-a8-fb-4b","modelType":"Wi-SHT10","DATAS":["Temperature","Humidity"],"Temperature":34.38,"Humidity":42.0576,"TIMESTAMP":"2022-12-17T17:59:44.060Z","BATT":100,"INTERVAL":600},{"modelID":"b0-17-03-a8-fb-4b","modelType":"Wi-SHT10","DATAS":["Temperature","Humidity"],"Temperature":34.12,"Humidity":42.604800000000004,"TIMESTAMP":"2022-12-17T17:49:40.430Z","BATT":100,"INTERVAL":600},{"modelID":"b0-17-03-a8-fb-4b","modelType":"Wi-SHT10","DATAS":["Temperature","Humidity"],"Temperature":34.45,"Humidity":41.8368,"TIMESTAMP":"2022-12-17T17:39:56.082Z","BATT":100,"INTERVAL":600},{"modelID":"b0-17-03-a8-fb-4b","modelType":"Wi-SHT10","DATAS":["Temperature","Humidity"],"Temperature":34.55,"Humidity":42.038399999999996,"TIMESTAMP":"2022-12-17T17:29:53.100Z","BATT":100,"INTERVAL":600},{"modelID":"b0-17-03-a8-fb-4b","modelType":"Wi-SHT10","DATAS":["Temperature","Humidity"],"Temperature":34.6,"Humidity":42.5184,"TIMESTAMP":"2022-12-17T17:20:11.101Z","BATT":100,"INTERVAL":600},{"modelID":"b0-17-03-a8-fb-4b","modelType":"Wi-SHT10","DATAS":["Temperature","Humidity"],"Temperature":34.63,"Humidity":43.727999999999994,"TIMESTAMP":"2022-12-17T17:09:31.101Z","BATT":100,"INTERVAL":600},{"modelID":"b0-17-03-a8-fb-4b","modelType":"Wi-SHT10","DATAS":["Temperature","Humidity"],"Temperature":34.58,"Humidity":43.497600000000006,"TIMESTAMP":"2022-12-17T16:59:50.022Z","BATT":100,"INTERVAL":600},{"modelID":"b0-17-03-a8-fb-4b","modelType":"Wi-SHT10","DATAS":["Temperature","Humidity"],"Temperature":34.44,"Humidity":42.8928,"TIMESTAMP":"2022-12-17T16:49:40.129Z","BATT":100,"INTERVAL":600},{"modelID":"b0-17-03-a8-fb-4b","modelType":"Wi-SHT10","DATAS":["Temperature","Humidity"],"Temperature":34.49,"Humidity":41.3376,"TIMESTAMP":"2022-12-17T16:39:59.122Z","BATT":100,"INTERVAL":600},{"modelID":"b0-17-03-a8-fb-4b","modelType":"Wi-SHT10","DATAS":["Temperature","Humidity"],"Temperature":34.41,"Humidity":41.5488,"TIMESTAMP":"2022-12-17T16:30:12.141Z","BATT":100,"INTERVAL":600},{"modelID":"b0-17-03-a8-fb-4b","modelType":"Wi-SHT10","DATAS":["Temperature","Humidity"],"Temperature":34.57,"Humidity":41.7312,"TIMESTAMP":"2022-12-17T16:19:31.158Z","BATT":100,"INTERVAL":600},{"modelID":"b0-17-03-a8-fb-4b","modelType":"Wi-SHT10","DATAS":["Temperature","Humidity"],"Temperature":34.59,"Humidity":42.3072,"TIMESTAMP":"2022-12-17T16:09:40.171Z","BATT":100,"INTERVAL":600},{"modelID":"b0-17-03-a8-fb-4b","modelType":"Wi-SHT10","DATAS":["Temperature","Humidity"],"Temperature":34.71,"Humidity":42.816,"TIMESTAMP":"2022-12-17T16:00:09.161Z","BATT":100,"INTERVAL":600}],"DAYHOURS":["12","11","10","9","8","7","6","5","4","3","2","1","0"]}