{"SENSORNAME":"WATER COOLING PACK UNIT B - CWR TEMP","SENSORTYPE":"WTRTEMP(485)","DTUID":"215","SENSORID":"22","DATE0":"2022-12-18T02:27:50.066Z","DATE1":"2022-02-13T09:05:25.420Z","DAYDATA":[{"DTUID":"215","SENSORID":22,"FUNCID":3,"NDATA":2,"SENSORTYPE":"WATER-TEMP","RCV_BYTES":["0000","0117"],"DATAS":[0,279],"DATAS1":[],"DATAS2":[],"TIMESTAMP":"2022-12-18T02:27:50.066Z"},{"DTUID":"215","SENSORID":22,"FUNCID":3,"NDATA":2,"SENSORTYPE":"WATER-TEMP","RCV_BYTES":["0000","010F"],"DATAS":[0,271],"DATAS1":[],"DATAS2":[],"TIMESTAMP":"2022-12-18T01:27:45.347Z"},{"DTUID":"215","SENSORID":22,"FUNCID":3,"NDATA":2,"SENSORTYPE":"WATER-TEMP","RCV_BYTES":["0000","0108"],"DATAS":[0,264],"DATAS1":[],"DATAS2":[],"TIMESTAMP":"2022-12-18T00:27:43.290Z"},{"DTUID":"215","SENSORID":22,"FUNCID":3,"NDATA":2,"SENSORTYPE":"WATER-TEMP","RCV_BYTES":["0000","010F"],"DATAS":[0,271],"DATAS1":[],"DATAS2":[],"TIMESTAMP":"2022-12-17T23:27:41.002Z"},{"DTUID":"215","SENSORID":22,"FUNCID":3,"NDATA":2,"SENSORTYPE":"WATER-TEMP","RCV_BYTES":["0000","010E"],"DATAS":[0,270],"DATAS1":[],"DATAS2":[],"TIMESTAMP":"2022-12-17T22:27:30.211Z"},{"DTUID":"215","SENSORID":22,"FUNCID":3,"NDATA":2,"SENSORTYPE":"WATER-TEMP","RCV_BYTES":["0000","0114"],"DATAS":[0,276],"DATAS1":[],"DATAS2":[],"TIMESTAMP":"2022-12-17T21:47:26.883Z"},{"DTUID":"215","SENSORID":22,"FUNCID":3,"NDATA":2,"SENSORTYPE":"WATER-TEMP","RCV_BYTES":["0000","0125"],"DATAS":[0,293],"DATAS1":[],"DATAS2":[],"TIMESTAMP":"2022-12-17T20:27:24.194Z"},{"DTUID":"215","SENSORID":22,"FUNCID":3,"NDATA":2,"SENSORTYPE":"WATER-TEMP","RCV_BYTES":["0000","0113"],"DATAS":[0,275],"DATAS1":[],"DATAS2":[],"TIMESTAMP":"2022-12-17T19:27:20.194Z"},{"DTUID":"215","SENSORID":22,"FUNCID":3,"NDATA":2,"SENSORTYPE":"WATER-TEMP","RCV_BYTES":["0000","0113"],"DATAS":[0,275],"DATAS1":[],"DATAS2":[],"TIMESTAMP":"2022-12-17T18:27:14.904Z"}],"DAYHOURS":["10","9","8","7","6","5","4","3","2"]}