{"SENSORNAME":"COOLING TOWER A - CWR PRESS 1","SENSORTYPE":"WTRPRS(485)","DTUID":"201","SENSORID":"5","DATE0":"2022-12-18T03:27:57.010Z","DATE1":"2022-02-13T09:05:27.433Z","DAYDATA":[{"DTUID":"201","SENSORID":5,"FUNCID":3,"NDATA":2,"SENSORTYPE":"WATER-PRES","RCV_BYTES":["42B8","5168"],"DATAS":[17080,20840],"DATAS1":[],"DATAS2":[],"TIMESTAMP":"2022-12-18T03:27:57.010Z"},{"DTUID":"201","SENSORID":5,"FUNCID":3,"NDATA":2,"SENSORTYPE":"WATER-PRES","RCV_BYTES":["42B1","C937"],"DATAS":[17073,-14025],"DATAS1":[],"DATAS2":[],"TIMESTAMP":"2022-12-18T01:27:46.487Z"},{"DTUID":"201","SENSORID":5,"FUNCID":3,"NDATA":2,"SENSORTYPE":"WATER-PRES","RCV_BYTES":["42BD","9F3B"],"DATAS":[17085,-24773],"DATAS1":[],"DATAS2":[],"TIMESTAMP":"2022-12-18T00:47:43.699Z"},{"DTUID":"201","SENSORID":5,"FUNCID":3,"NDATA":2,"SENSORTYPE":"WATER-PRES","RCV_BYTES":["42BC","6666"],"DATAS":[17084,26214],"DATAS1":[],"DATAS2":[],"TIMESTAMP":"2022-12-17T22:27:31.339Z"},{"DTUID":"201","SENSORID":5,"FUNCID":3,"NDATA":2,"SENSORTYPE":"WATER-PRES","RCV_BYTES":["42BB","94FE"],"DATAS":[17083,-27394],"DATAS1":[],"DATAS2":[],"TIMESTAMP":"2022-12-17T21:27:28.104Z"},{"DTUID":"201","SENSORID":5,"FUNCID":3,"NDATA":2,"SENSORTYPE":"WATER-PRES","RCV_BYTES":["42BB","2B85"],"DATAS":[17083,11141],"DATAS1":[],"DATAS2":[],"TIMESTAMP":"2022-12-17T20:47:26.372Z"},{"DTUID":"201","SENSORID":5,"FUNCID":3,"NDATA":2,"SENSORTYPE":"WATER-PRES","RCV_BYTES":["42BB","FC6A"],"DATAS":[17083,-918],"DATAS1":[],"DATAS2":[],"TIMESTAMP":"2022-12-17T20:27:25.354Z"},{"DTUID":"201","SENSORID":5,"FUNCID":3,"NDATA":2,"SENSORTYPE":"WATER-PRES","RCV_BYTES":["42BC","6666"],"DATAS":[17084,26214],"DATAS1":[],"DATAS2":[],"TIMESTAMP":"2022-12-17T17:27:14.740Z"}],"DAYHOURS":["11","9","8","6","5","4","1"]}