{"SENSORNAME":"DLA MOUNTING ROOM 1","SENSORTYPE":"WISENSOR","DTUID":"-1","SENSORID":"B0-59-52-90-F0-DF","DATE0":"2022-12-18T03:57:08.930Z","DATE1":"2021-12-20T22:09:35.424Z","DAYDATA":[{"modelID":"b0-59-52-90-f0-df","modelType":"Wi-SHT10","DATAS":["Temperature","Humidity"],"Temperature":23.11,"Humidity":50.8128,"TIMESTAMP":"2022-12-18T03:57:08.930Z","BATT":100,"INTERVAL":600},{"modelID":"b0-59-52-90-f0-df","modelType":"Wi-SHT10","DATAS":["Temperature","Humidity"],"Temperature":23.12,"Humidity":50.8512,"TIMESTAMP":"2022-12-18T03:47:21.644Z","BATT":100,"INTERVAL":600},{"modelID":"b0-59-52-90-f0-df","modelType":"Wi-SHT10","DATAS":["Temperature","Humidity"],"Temperature":23.14,"Humidity":50.832,"TIMESTAMP":"2022-12-18T03:37:08.671Z","BATT":100,"INTERVAL":600},{"modelID":"b0-59-52-90-f0-df","modelType":"Wi-SHT10","DATAS":["Temperature","Humidity"],"Temperature":23.18,"Humidity":50.7648,"TIMESTAMP":"2022-12-18T03:16:52.269Z","BATT":100,"INTERVAL":600},{"modelID":"b0-59-52-90-f0-df","modelType":"Wi-SHT10","DATAS":["Temperature","Humidity"],"Temperature":23.27,"Humidity":50.726400000000005,"TIMESTAMP":"2022-12-18T02:57:08.187Z","BATT":100,"INTERVAL":600},{"modelID":"b0-59-52-90-f0-df","modelType":"Wi-SHT10","DATAS":["Temperature","Humidity"],"Temperature":23.47,"Humidity":51.0912,"TIMESTAMP":"2022-12-18T02:37:00.008Z","BATT":100,"INTERVAL":600},{"modelID":"b0-59-52-90-f0-df","modelType":"Wi-SHT10","DATAS":["Temperature","Humidity"],"Temperature":23.81,"Humidity":52.943999999999996,"TIMESTAMP":"2022-12-18T02:17:05.107Z","BATT":100,"INTERVAL":600},{"modelID":"b0-59-52-90-f0-df","modelType":"Wi-SHT10","DATAS":["Temperature","Humidity"],"Temperature":24.04,"Humidity":56.64,"TIMESTAMP":"2022-12-18T02:06:46.816Z","BATT":100,"INTERVAL":600},{"modelID":"b0-59-52-90-f0-df","modelType":"Wi-SHT10","DATAS":["Temperature","Humidity"],"Temperature":24.31,"Humidity":64.3776,"TIMESTAMP":"2022-12-18T01:57:18.568Z","BATT":100,"INTERVAL":600},{"modelID":"b0-59-52-90-f0-df","modelType":"Wi-SHT10","DATAS":["Temperature","Humidity"],"Temperature":24.32,"Humidity":69.9552,"TIMESTAMP":"2022-12-18T01:46:55.791Z","BATT":100,"INTERVAL":600},{"modelID":"b0-59-52-90-f0-df","modelType":"Wi-SHT10","DATAS":["Temperature","Humidity"],"Temperature":23.9,"Humidity":71.6352,"TIMESTAMP":"2022-12-18T01:37:14.948Z","BATT":100,"INTERVAL":600},{"modelID":"b0-59-52-90-f0-df","modelType":"Wi-SHT10","DATAS":["Temperature","Humidity"],"Temperature":22.96,"Humidity":73.4112,"TIMESTAMP":"2022-12-18T01:17:16.467Z","BATT":100,"INTERVAL":600},{"modelID":"b0-59-52-90-f0-df","modelType":"Wi-SHT10","DATAS":["Temperature","Humidity"],"Temperature":22.22,"Humidity":70.32,"TIMESTAMP":"2022-12-18T00:57:02.046Z","BATT":100,"INTERVAL":600},{"modelID":"b0-59-52-90-f0-df","modelType":"Wi-SHT10","DATAS":["Temperature","Humidity"],"Temperature":21.77,"Humidity":60.0768,"TIMESTAMP":"2022-12-18T00:36:57.700Z","BATT":100,"INTERVAL":600},{"modelID":"b0-59-52-90-f0-df","modelType":"Wi-SHT10","DATAS":["Temperature","Humidity"],"Temperature":21.57,"Humidity":49.824,"TIMESTAMP":"2022-12-18T00:17:03.012Z","BATT":100,"INTERVAL":600},{"modelID":"b0-59-52-90-f0-df","modelType":"Wi-SHT10","DATAS":["Temperature","Humidity"],"Temperature":21.47,"Humidity":46.9152,"TIMESTAMP":"2022-12-17T23:57:07.442Z","BATT":100,"INTERVAL":600},{"modelID":"b0-59-52-90-f0-df","modelType":"Wi-SHT10","DATAS":["Temperature","Humidity"],"Temperature":21.48,"Humidity":46.464,"TIMESTAMP":"2022-12-17T23:47:16.350Z","BATT":100,"INTERVAL":600},{"modelID":"b0-59-52-90-f0-df","modelType":"Wi-SHT10","DATAS":["Temperature","Humidity"],"Temperature":21.46,"Humidity":46.233599999999996,"TIMESTAMP":"2022-12-17T23:36:49.181Z","BATT":100,"INTERVAL":600},{"modelID":"b0-59-52-90-f0-df","modelType":"Wi-SHT10","DATAS":["Temperature","Humidity"],"Temperature":21.49,"Humidity":45.984,"TIMESTAMP":"2022-12-17T23:16:50.802Z","BATT":100,"INTERVAL":600},{"modelID":"b0-59-52-90-f0-df","modelType":"Wi-SHT10","DATAS":["Temperature","Humidity"],"Temperature":21.48,"Humidity":45.916799999999995,"TIMESTAMP":"2022-12-17T23:07:15.903Z","BATT":100,"INTERVAL":600},{"modelID":"b0-59-52-90-f0-df","modelType":"Wi-SHT10","DATAS":["Temperature","Humidity"],"Temperature":21.48,"Humidity":45.936,"TIMESTAMP":"2022-12-17T22:57:01.771Z","BATT":100,"INTERVAL":600},{"modelID":"b0-59-52-90-f0-df","modelType":"Wi-SHT10","DATAS":["Temperature","Humidity"],"Temperature":21.45,"Humidity":45.9456,"TIMESTAMP":"2022-12-17T22:47:06.022Z","BATT":100,"INTERVAL":600},{"modelID":"b0-59-52-90-f0-df","modelType":"Wi-SHT10","DATAS":["Temperature","Humidity"],"Temperature":21.45,"Humidity":46.0128,"TIMESTAMP":"2022-12-17T22:37:13.233Z","BATT":100,"INTERVAL":600},{"modelID":"b0-59-52-90-f0-df","modelType":"Wi-SHT10","DATAS":["Temperature","Humidity"],"Temperature":21.39,"Humidity":46.0416,"TIMESTAMP":"2022-12-17T22:17:11.638Z","BATT":100,"INTERVAL":600},{"modelID":"b0-59-52-90-f0-df","modelType":"Wi-SHT10","DATAS":["Temperature","Humidity"],"Temperature":21.37,"Humidity":46.0512,"TIMESTAMP":"2022-12-17T21:57:04.124Z","BATT":100,"INTERVAL":600},{"modelID":"b0-59-52-90-f0-df","modelType":"Wi-SHT10","DATAS":["Temperature","Humidity"],"Temperature":21.48,"Humidity":46.128,"TIMESTAMP":"2022-12-17T21:37:10.764Z","BATT":100,"INTERVAL":600},{"modelID":"b0-59-52-90-f0-df","modelType":"Wi-SHT10","DATAS":["Temperature","Humidity"],"Temperature":21.62,"Humidity":45.9744,"TIMESTAMP":"2022-12-17T21:27:38.584Z","BATT":100,"INTERVAL":600},{"modelID":"b0-59-52-90-f0-df","modelType":"Wi-SHT10","DATAS":["Temperature","Humidity"],"Temperature":21.46,"Humidity":46.2528,"TIMESTAMP":"2022-12-17T21:17:08.945Z","BATT":100,"INTERVAL":600},{"modelID":"b0-59-52-90-f0-df","modelType":"Wi-SHT10","DATAS":["Temperature","Humidity"],"Temperature":21.45,"Humidity":46.348800000000004,"TIMESTAMP":"2022-12-17T21:07:05.722Z","BATT":100,"INTERVAL":600},{"modelID":"b0-59-52-90-f0-df","modelType":"Wi-SHT10","DATAS":["Temperature","Humidity"],"Temperature":21.44,"Humidity":46.4256,"TIMESTAMP":"2022-12-17T20:56:53.993Z","BATT":100,"INTERVAL":600},{"modelID":"b0-59-52-90-f0-df","modelType":"Wi-SHT10","DATAS":["Temperature","Humidity"],"Temperature":21.4,"Humidity":46.5888,"TIMESTAMP":"2022-12-17T20:46:51.545Z","BATT":100,"INTERVAL":600},{"modelID":"b0-59-52-90-f0-df","modelType":"Wi-SHT10","DATAS":["Temperature","Humidity"],"Temperature":21.34,"Humidity":46.7328,"TIMESTAMP":"2022-12-17T20:37:15.914Z","BATT":100,"INTERVAL":600},{"modelID":"b0-59-52-90-f0-df","modelType":"Wi-SHT10","DATAS":["Temperature","Humidity"],"Temperature":21.38,"Humidity":46.924800000000005,"TIMESTAMP":"2022-12-17T20:17:03.774Z","BATT":100,"INTERVAL":600},{"modelID":"b0-59-52-90-f0-df","modelType":"Wi-SHT10","DATAS":["Temperature","Humidity"],"Temperature":21.4,"Humidity":47.04,"TIMESTAMP":"2022-12-17T19:56:49.643Z","BATT":100,"INTERVAL":600},{"modelID":"b0-59-52-90-f0-df","modelType":"Wi-SHT10","DATAS":["Temperature","Humidity"],"Temperature":21.36,"Humidity":47.0784,"TIMESTAMP":"2022-12-17T19:47:06.636Z","BATT":100,"INTERVAL":600},{"modelID":"b0-59-52-90-f0-df","modelType":"Wi-SHT10","DATAS":["Temperature","Humidity"],"Temperature":21.38,"Humidity":47.1456,"TIMESTAMP":"2022-12-17T19:37:11.995Z","BATT":100,"INTERVAL":600},{"modelID":"b0-59-52-90-f0-df","modelType":"Wi-SHT10","DATAS":["Temperature","Humidity"],"Temperature":21.35,"Humidity":47.0784,"TIMESTAMP":"2022-12-17T19:17:18.016Z","BATT":100,"INTERVAL":600},{"modelID":"b0-59-52-90-f0-df","modelType":"Wi-SHT10","DATAS":["Temperature","Humidity"],"Temperature":21.37,"Humidity":47.059200000000004,"TIMESTAMP":"2022-12-17T19:07:18.379Z","BATT":100,"INTERVAL":600},{"modelID":"b0-59-52-90-f0-df","modelType":"Wi-SHT10","DATAS":["Temperature","Humidity"],"Temperature":21.35,"Humidity":47.1072,"TIMESTAMP":"2022-12-17T18:57:17.105Z","BATT":100,"INTERVAL":600},{"modelID":"b0-59-52-90-f0-df","modelType":"Wi-SHT10","DATAS":["Temperature","Humidity"],"Temperature":21.34,"Humidity":47.136,"TIMESTAMP":"2022-12-17T18:46:55.208Z","BATT":100,"INTERVAL":600},{"modelID":"b0-59-52-90-f0-df","modelType":"Wi-SHT10","DATAS":["Temperature","Humidity"],"Temperature":21.33,"Humidity":47.2128,"TIMESTAMP":"2022-12-17T18:37:01.744Z","BATT":100,"INTERVAL":600},{"modelID":"b0-59-52-90-f0-df","modelType":"Wi-SHT10","DATAS":["Temperature","Humidity"],"Temperature":21.31,"Humidity":47.2128,"TIMESTAMP":"2022-12-17T18:27:19.284Z","BATT":100,"INTERVAL":600},{"modelID":"b0-59-52-90-f0-df","modelType":"Wi-SHT10","DATAS":["Temperature","Humidity"],"Temperature":21.29,"Humidity":47.232,"TIMESTAMP":"2022-12-17T18:17:07.467Z","INTERVAL":600},{"modelID":"b0-59-52-90-f0-df","modelType":"Wi-SHT10","DATAS":["Temperature","Humidity"],"Temperature":21.3,"Humidity":47.193599999999996,"TIMESTAMP":"2022-12-17T18:06:53.313Z","BATT":100,"INTERVAL":600},{"modelID":"b0-59-52-90-f0-df","modelType":"Wi-SHT10","DATAS":["Temperature","Humidity"],"Temperature":21.33,"Humidity":47.1456,"TIMESTAMP":"2022-12-17T17:57:07.791Z","BATT":100,"INTERVAL":600},{"modelID":"b0-59-52-90-f0-df","modelType":"Wi-SHT10","DATAS":["Temperature","Humidity"],"Temperature":21.36,"Humidity":47.0688,"TIMESTAMP":"2022-12-17T17:47:11.264Z","BATT":100,"INTERVAL":600},{"modelID":"b0-59-52-90-f0-df","modelType":"Wi-SHT10","DATAS":["Temperature","Humidity"],"Temperature":21.37,"Humidity":47.04,"TIMESTAMP":"2022-12-17T17:36:51.681Z","BATT":100,"INTERVAL":600},{"modelID":"b0-59-52-90-f0-df","modelType":"Wi-SHT10","DATAS":["Temperature","Humidity"],"Temperature":21.36,"Humidity":46.9728,"TIMESTAMP":"2022-12-17T17:27:14.129Z","BATT":100,"INTERVAL":600},{"modelID":"b0-59-52-90-f0-df","modelType":"Wi-SHT10","DATAS":["Temperature","Humidity"],"Temperature":21.38,"Humidity":46.9152,"TIMESTAMP":"2022-12-17T17:16:48.841Z","BATT":100,"INTERVAL":600},{"modelID":"b0-59-52-90-f0-df","modelType":"Wi-SHT10","DATAS":["Temperature","Humidity"],"Temperature":21.32,"Humidity":46.8672,"TIMESTAMP":"2022-12-17T17:06:55.056Z","BATT":100,"INTERVAL":600},{"modelID":"b0-59-52-90-f0-df","modelType":"Wi-SHT10","DATAS":["Temperature","Humidity"],"Temperature":21.38,"Humidity":46.809599999999996,"TIMESTAMP":"2022-12-17T16:57:01.902Z","BATT":100,"INTERVAL":600},{"modelID":"b0-59-52-90-f0-df","modelType":"Wi-SHT10","DATAS":["Temperature","Humidity"],"Temperature":21.36,"Humidity":46.809599999999996,"TIMESTAMP":"2022-12-17T16:47:16.301Z","BATT":100,"INTERVAL":600},{"modelID":"b0-59-52-90-f0-df","modelType":"Wi-SHT10","DATAS":["Temperature","Humidity"],"Temperature":21.43,"Humidity":46.7616,"TIMESTAMP":"2022-12-17T16:37:02.882Z","BATT":100,"INTERVAL":600},{"modelID":"b0-59-52-90-f0-df","modelType":"Wi-SHT10","DATAS":["Temperature","Humidity"],"Temperature":21.44,"Humidity":46.7616,"TIMESTAMP":"2022-12-17T16:26:45.966Z","BATT":100,"INTERVAL":600},{"modelID":"b0-59-52-90-f0-df","modelType":"Wi-SHT10","DATAS":["Temperature","Humidity"],"Temperature":21.48,"Humidity":46.7712,"TIMESTAMP":"2022-12-17T16:16:51.405Z","BATT":100,"INTERVAL":600},{"modelID":"b0-59-52-90-f0-df","modelType":"Wi-SHT10","DATAS":["Temperature","Humidity"],"Temperature":21.51,"Humidity":46.8192,"TIMESTAMP":"2022-12-17T16:07:18.162Z","BATT":100,"INTERVAL":600}],"DAYHOURS":["11","10","9","8","7","6","5","4","3","2","1","0"]}