{"SENSORNAME":"DLA PASTING ROOM 1","SENSORTYPE":"WISENSOR","DTUID":"-1","SENSORID":"B0-33-3C-85-AC-53","DATE0":"2022-12-18T04:09:39.305Z","DATE1":"2021-12-20T22:11:31.148Z","DAYDATA":[{"modelID":"b0-33-3c-85-ac-53","modelType":"Wi-SHT10","DATAS":["Temperature","Humidity"],"Temperature":23.35,"Humidity":48.086400000000005,"TIMESTAMP":"2022-12-18T04:09:39.305Z","BATT":100,"INTERVAL":600},{"modelID":"b0-33-3c-85-ac-53","modelType":"Wi-SHT10","DATAS":["Temperature","Humidity"],"Temperature":23.32,"Humidity":47.6064,"TIMESTAMP":"2022-12-18T03:59:31.789Z","BATT":100,"INTERVAL":600},{"modelID":"b0-33-3c-85-ac-53","modelType":"Wi-SHT10","DATAS":["Temperature","Humidity"],"Temperature":23.34,"Humidity":47.6256,"TIMESTAMP":"2022-12-18T03:49:36.930Z","BATT":100,"INTERVAL":600},{"modelID":"b0-33-3c-85-ac-53","modelType":"Wi-SHT10","DATAS":["Temperature","Humidity"],"Temperature":23.36,"Humidity":47.6544,"TIMESTAMP":"2022-12-18T03:39:21.790Z","BATT":100,"INTERVAL":600},{"modelID":"b0-33-3c-85-ac-53","modelType":"Wi-SHT10","DATAS":["Temperature","Humidity"],"Temperature":23.36,"Humidity":47.6064,"TIMESTAMP":"2022-12-18T03:29:35.562Z","BATT":100,"INTERVAL":600},{"modelID":"b0-33-3c-85-ac-53","modelType":"Wi-SHT10","DATAS":["Temperature","Humidity"],"Temperature":23.4,"Humidity":47.6928,"TIMESTAMP":"2022-12-18T03:19:32.465Z","BATT":100,"INTERVAL":600},{"modelID":"b0-33-3c-85-ac-53","modelType":"Wi-SHT10","DATAS":["Temperature","Humidity"],"Temperature":23.47,"Humidity":47.76,"TIMESTAMP":"2022-12-18T03:09:30.747Z","BATT":100,"INTERVAL":600},{"modelID":"b0-33-3c-85-ac-53","modelType":"Wi-SHT10","DATAS":["Temperature","Humidity"],"Temperature":23.55,"Humidity":47.7888,"TIMESTAMP":"2022-12-18T02:59:46.386Z","BATT":100,"INTERVAL":600},{"modelID":"b0-33-3c-85-ac-53","modelType":"Wi-SHT10","DATAS":["Temperature","Humidity"],"Temperature":23.61,"Humidity":47.8464,"TIMESTAMP":"2022-12-18T02:49:22.533Z","BATT":100,"INTERVAL":600},{"modelID":"b0-33-3c-85-ac-53","modelType":"Wi-SHT10","DATAS":["Temperature","Humidity"],"Temperature":23.66,"Humidity":48.0096,"TIMESTAMP":"2022-12-18T02:39:29.966Z","BATT":100,"INTERVAL":600},{"modelID":"b0-33-3c-85-ac-53","modelType":"Wi-SHT10","DATAS":["Temperature","Humidity"],"Temperature":23.81,"Humidity":48.0672,"TIMESTAMP":"2022-12-18T02:29:41.446Z","BATT":100,"INTERVAL":600},{"modelID":"b0-33-3c-85-ac-53","modelType":"Wi-SHT10","DATAS":["Temperature","Humidity"],"Temperature":23.71,"Humidity":48.2976,"TIMESTAMP":"2022-12-18T02:29:31.994Z","BATT":100,"INTERVAL":600},{"modelID":"b0-33-3c-85-ac-53","modelType":"Wi-SHT10","DATAS":["Temperature","Humidity"],"Temperature":23.75,"Humidity":48.4992,"TIMESTAMP":"2022-12-18T02:19:34.126Z","BATT":100,"INTERVAL":600},{"modelID":"b0-33-3c-85-ac-53","modelType":"Wi-SHT10","DATAS":["Temperature","Humidity"],"Temperature":23.77,"Humidity":48.3744,"TIMESTAMP":"2022-12-18T02:09:51.961Z","BATT":100,"INTERVAL":600},{"modelID":"b0-33-3c-85-ac-53","modelType":"Wi-SHT10","DATAS":["Temperature","Humidity"],"Temperature":23.65,"Humidity":47.6832,"TIMESTAMP":"2022-12-18T01:59:51.109Z","BATT":100,"INTERVAL":600},{"modelID":"b0-33-3c-85-ac-53","modelType":"Wi-SHT10","DATAS":["Temperature","Humidity"],"Temperature":23.36,"Humidity":47.3568,"TIMESTAMP":"2022-12-18T01:49:54.187Z","BATT":100,"INTERVAL":600},{"modelID":"b0-33-3c-85-ac-53","modelType":"Wi-SHT10","DATAS":["Temperature","Humidity"],"Temperature":23.11,"Humidity":46.8,"TIMESTAMP":"2022-12-18T01:39:22.828Z","BATT":100,"INTERVAL":600},{"modelID":"b0-33-3c-85-ac-53","modelType":"Wi-SHT10","DATAS":["Temperature","Humidity"],"Temperature":22.88,"Humidity":46.1856,"TIMESTAMP":"2022-12-18T01:29:38.248Z","BATT":100,"INTERVAL":600},{"modelID":"b0-33-3c-85-ac-53","modelType":"Wi-SHT10","DATAS":["Temperature","Humidity"],"Temperature":22.69,"Humidity":45.7728,"TIMESTAMP":"2022-12-18T01:19:54.218Z","BATT":100,"INTERVAL":600},{"modelID":"b0-33-3c-85-ac-53","modelType":"Wi-SHT10","DATAS":["Temperature","Humidity"],"Temperature":22.4,"Humidity":45.647999999999996,"TIMESTAMP":"2022-12-18T01:09:35.148Z","BATT":100,"INTERVAL":600},{"modelID":"b0-33-3c-85-ac-53","modelType":"Wi-SHT10","DATAS":["Temperature","Humidity"],"Temperature":22.26,"Humidity":45.9744,"TIMESTAMP":"2022-12-18T00:59:28.869Z","BATT":100,"INTERVAL":600},{"modelID":"b0-33-3c-85-ac-53","modelType":"Wi-SHT10","DATAS":["Temperature","Humidity"],"Temperature":22.09,"Humidity":47.0304,"TIMESTAMP":"2022-12-18T00:49:37.372Z","BATT":100,"INTERVAL":600},{"modelID":"b0-33-3c-85-ac-53","modelType":"Wi-SHT10","DATAS":["Temperature","Humidity"],"Temperature":21.94,"Humidity":47.0304,"TIMESTAMP":"2022-12-18T00:39:44.252Z","BATT":100,"INTERVAL":600},{"modelID":"b0-33-3c-85-ac-53","modelType":"Wi-SHT10","DATAS":["Temperature","Humidity"],"Temperature":21.83,"Humidity":45.964800000000004,"TIMESTAMP":"2022-12-18T00:29:27.499Z","BATT":100,"INTERVAL":600},{"modelID":"b0-33-3c-85-ac-53","modelType":"Wi-SHT10","DATAS":["Temperature","Humidity"],"Temperature":21.77,"Humidity":44.9376,"TIMESTAMP":"2022-12-18T00:19:43.174Z","BATT":100,"INTERVAL":600},{"modelID":"b0-33-3c-85-ac-53","modelType":"Wi-SHT10","DATAS":["Temperature","Humidity"],"Temperature":21.7,"Humidity":44.352000000000004,"TIMESTAMP":"2022-12-18T00:09:41.151Z","BATT":100,"INTERVAL":600},{"modelID":"b0-33-3c-85-ac-53","modelType":"Wi-SHT10","DATAS":["Temperature","Humidity"],"Temperature":21.65,"Humidity":43.7568,"TIMESTAMP":"2022-12-17T23:59:43.721Z","BATT":100,"INTERVAL":600},{"modelID":"b0-33-3c-85-ac-53","modelType":"Wi-SHT10","DATAS":["Temperature","Humidity"],"Temperature":21.62,"Humidity":43.5456,"TIMESTAMP":"2022-12-17T23:49:25.440Z","BATT":100,"INTERVAL":600},{"modelID":"b0-33-3c-85-ac-53","modelType":"Wi-SHT10","DATAS":["Temperature","Humidity"],"Temperature":21.69,"Humidity":43.392,"TIMESTAMP":"2022-12-17T23:39:32.241Z","BATT":100,"INTERVAL":600},{"modelID":"b0-33-3c-85-ac-53","modelType":"Wi-SHT10","DATAS":["Temperature","Humidity"],"Temperature":21.64,"Humidity":43.392,"TIMESTAMP":"2022-12-17T23:29:50.504Z","BATT":100,"INTERVAL":600},{"modelID":"b0-33-3c-85-ac-53","modelType":"Wi-SHT10","DATAS":["Temperature","Humidity"],"Temperature":21.66,"Humidity":43.3536,"TIMESTAMP":"2022-12-17T23:09:52.223Z","BATT":100,"INTERVAL":600},{"modelID":"b0-33-3c-85-ac-53","modelType":"Wi-SHT10","DATAS":["Temperature","Humidity"],"Temperature":21.69,"Humidity":43.3152,"TIMESTAMP":"2022-12-17T22:59:20.511Z","BATT":100,"INTERVAL":600},{"modelID":"b0-33-3c-85-ac-53","modelType":"Wi-SHT10","DATAS":["Temperature","Humidity"],"Temperature":21.62,"Humidity":43.2672,"TIMESTAMP":"2022-12-17T22:49:32.269Z","BATT":100,"INTERVAL":600},{"modelID":"b0-33-3c-85-ac-53","modelType":"Wi-SHT10","DATAS":["Temperature","Humidity"],"Temperature":21.65,"Humidity":43.3632,"TIMESTAMP":"2022-12-17T22:39:49.912Z","BATT":100,"INTERVAL":600},{"modelID":"b0-33-3c-85-ac-53","modelType":"Wi-SHT10","DATAS":["Temperature","Humidity"],"Temperature":21.64,"Humidity":43.2864,"TIMESTAMP":"2022-12-17T22:29:21.110Z","BATT":100,"INTERVAL":600},{"modelID":"b0-33-3c-85-ac-53","modelType":"Wi-SHT10","DATAS":["Temperature","Humidity"],"Temperature":21.62,"Humidity":43.3344,"TIMESTAMP":"2022-12-17T22:19:42.977Z","BATT":100,"INTERVAL":600},{"modelID":"b0-33-3c-85-ac-53","modelType":"Wi-SHT10","DATAS":["Temperature","Humidity"],"Temperature":21.63,"Humidity":43.3344,"TIMESTAMP":"2022-12-17T22:09:36.580Z","BATT":100,"INTERVAL":600},{"modelID":"b0-33-3c-85-ac-53","modelType":"Wi-SHT10","DATAS":["Temperature","Humidity"],"Temperature":21.62,"Humidity":43.3632,"TIMESTAMP":"2022-12-17T21:59:23.285Z","BATT":100,"INTERVAL":600},{"modelID":"b0-33-3c-85-ac-53","modelType":"Wi-SHT10","DATAS":["Temperature","Humidity"],"Temperature":21.62,"Humidity":43.4784,"TIMESTAMP":"2022-12-17T21:49:46.243Z","BATT":100,"INTERVAL":600},{"modelID":"b0-33-3c-85-ac-53","modelType":"Wi-SHT10","DATAS":["Temperature","Humidity"],"Temperature":21.64,"Humidity":43.4496,"TIMESTAMP":"2022-12-17T21:39:43.406Z","BATT":100,"INTERVAL":600},{"modelID":"b0-33-3c-85-ac-53","modelType":"Wi-SHT10","DATAS":["Temperature","Humidity"],"Temperature":21.73,"Humidity":43.497600000000006,"TIMESTAMP":"2022-12-17T21:29:31.212Z","BATT":100,"INTERVAL":600},{"modelID":"b0-33-3c-85-ac-53","modelType":"Wi-SHT10","DATAS":["Temperature","Humidity"],"Temperature":21.7,"Humidity":43.4784,"TIMESTAMP":"2022-12-17T21:19:53.503Z","BATT":100,"INTERVAL":600},{"modelID":"b0-33-3c-85-ac-53","modelType":"Wi-SHT10","DATAS":["Temperature","Humidity"],"Temperature":21.67,"Humidity":43.5744,"TIMESTAMP":"2022-12-17T21:09:41.894Z","BATT":100,"INTERVAL":600},{"modelID":"b0-33-3c-85-ac-53","modelType":"Wi-SHT10","DATAS":["Temperature","Humidity"],"Temperature":21.63,"Humidity":43.593599999999995,"TIMESTAMP":"2022-12-17T20:59:43.943Z","BATT":100,"INTERVAL":600},{"modelID":"b0-33-3c-85-ac-53","modelType":"Wi-SHT10","DATAS":["Temperature","Humidity"],"Temperature":21.61,"Humidity":43.7376,"TIMESTAMP":"2022-12-17T20:49:49.833Z","BATT":100,"INTERVAL":600},{"modelID":"b0-33-3c-85-ac-53","modelType":"Wi-SHT10","DATAS":["Temperature","Humidity"],"Temperature":21.61,"Humidity":43.8144,"TIMESTAMP":"2022-12-17T20:39:52.401Z","BATT":100,"INTERVAL":600},{"modelID":"b0-33-3c-85-ac-53","modelType":"Wi-SHT10","DATAS":["Temperature","Humidity"],"Temperature":21.61,"Humidity":43.8432,"TIMESTAMP":"2022-12-17T20:29:48.422Z","BATT":100,"INTERVAL":600},{"modelID":"b0-33-3c-85-ac-53","modelType":"Wi-SHT10","DATAS":["Temperature","Humidity"],"Temperature":21.6,"Humidity":43.824,"TIMESTAMP":"2022-12-17T20:19:53.173Z","BATT":100,"INTERVAL":600},{"modelID":"b0-33-3c-85-ac-53","modelType":"Wi-SHT10","DATAS":["Temperature","Humidity"],"Temperature":21.62,"Humidity":43.795199999999994,"TIMESTAMP":"2022-12-17T20:09:41.173Z","BATT":100,"INTERVAL":600},{"modelID":"b0-33-3c-85-ac-53","modelType":"Wi-SHT10","DATAS":["Temperature","Humidity"],"Temperature":21.62,"Humidity":43.795199999999994,"TIMESTAMP":"2022-12-17T19:59:52.881Z","BATT":100,"INTERVAL":600},{"modelID":"b0-33-3c-85-ac-53","modelType":"Wi-SHT10","DATAS":["Temperature","Humidity"],"Temperature":21.59,"Humidity":43.8048,"TIMESTAMP":"2022-12-17T19:49:52.576Z","BATT":100,"INTERVAL":600},{"modelID":"b0-33-3c-85-ac-53","modelType":"Wi-SHT10","DATAS":["Temperature","Humidity"],"Temperature":21.58,"Humidity":43.8432,"TIMESTAMP":"2022-12-17T19:39:41.094Z","BATT":100,"INTERVAL":600},{"modelID":"b0-33-3c-85-ac-53","modelType":"Wi-SHT10","DATAS":["Temperature","Humidity"],"Temperature":21.58,"Humidity":43.8144,"TIMESTAMP":"2022-12-17T19:29:45.174Z","BATT":100,"INTERVAL":600},{"modelID":"b0-33-3c-85-ac-53","modelType":"Wi-SHT10","DATAS":["Temperature","Humidity"],"Temperature":21.59,"Humidity":43.8336,"TIMESTAMP":"2022-12-17T19:19:29.055Z","BATT":100,"INTERVAL":600},{"modelID":"b0-33-3c-85-ac-53","modelType":"Wi-SHT10","DATAS":["Temperature","Humidity"],"Temperature":21.61,"Humidity":43.8336,"TIMESTAMP":"2022-12-17T19:09:47.058Z","BATT":100,"INTERVAL":600},{"modelID":"b0-33-3c-85-ac-53","modelType":"Wi-SHT10","DATAS":["Temperature","Humidity"],"Temperature":21.63,"Humidity":43.8336,"TIMESTAMP":"2022-12-17T18:59:49.712Z","BATT":100,"INTERVAL":600},{"modelID":"b0-33-3c-85-ac-53","modelType":"Wi-SHT10","DATAS":["Temperature","Humidity"],"Temperature":21.62,"Humidity":43.766400000000004,"TIMESTAMP":"2022-12-17T18:49:22.963Z","BATT":100,"INTERVAL":600},{"modelID":"b0-33-3c-85-ac-53","modelType":"Wi-SHT10","DATAS":["Temperature","Humidity"],"Temperature":21.6,"Humidity":43.776,"TIMESTAMP":"2022-12-17T18:39:49.663Z","BATT":100,"INTERVAL":600},{"modelID":"b0-33-3c-85-ac-53","modelType":"Wi-SHT10","DATAS":["Temperature","Humidity"],"Temperature":21.6,"Humidity":43.766400000000004,"TIMESTAMP":"2022-12-17T18:29:33.445Z","BATT":100,"INTERVAL":600},{"modelID":"b0-33-3c-85-ac-53","modelType":"Wi-SHT10","DATAS":["Temperature","Humidity"],"Temperature":21.6,"Humidity":43.8624,"TIMESTAMP":"2022-12-17T18:19:30.824Z","BATT":100,"INTERVAL":600},{"modelID":"b0-33-3c-85-ac-53","modelType":"Wi-SHT10","DATAS":["Temperature","Humidity"],"Temperature":21.56,"Humidity":43.8048,"TIMESTAMP":"2022-12-17T18:09:22.024Z","BATT":100,"INTERVAL":600},{"modelID":"b0-33-3c-85-ac-53","modelType":"Wi-SHT10","DATAS":["Temperature","Humidity"],"Temperature":21.56,"Humidity":43.7856,"TIMESTAMP":"2022-12-17T17:59:33.942Z","BATT":100,"INTERVAL":600},{"modelID":"b0-33-3c-85-ac-53","modelType":"Wi-SHT10","DATAS":["Temperature","Humidity"],"Temperature":21.63,"Humidity":43.7472,"TIMESTAMP":"2022-12-17T17:49:39.102Z","BATT":100,"INTERVAL":600},{"modelID":"b0-33-3c-85-ac-53","modelType":"Wi-SHT10","DATAS":["Temperature","Humidity"],"Temperature":21.63,"Humidity":43.660799999999995,"TIMESTAMP":"2022-12-17T17:39:43.562Z","BATT":100,"INTERVAL":600},{"modelID":"b0-33-3c-85-ac-53","modelType":"Wi-SHT10","DATAS":["Temperature","Humidity"],"Temperature":21.66,"Humidity":43.6896,"TIMESTAMP":"2022-12-17T17:29:31.102Z","BATT":100,"INTERVAL":600},{"modelID":"b0-33-3c-85-ac-53","modelType":"Wi-SHT10","DATAS":["Temperature","Humidity"],"Temperature":21.64,"Humidity":43.6032,"TIMESTAMP":"2022-12-17T17:19:34.642Z","BATT":100,"INTERVAL":600},{"modelID":"b0-33-3c-85-ac-53","modelType":"Wi-SHT10","DATAS":["Temperature","Humidity"],"Temperature":21.6,"Humidity":43.660799999999995,"TIMESTAMP":"2022-12-17T17:09:39.441Z","BATT":100,"INTERVAL":600},{"modelID":"b0-33-3c-85-ac-53","modelType":"Wi-SHT10","DATAS":["Temperature","Humidity"],"Temperature":21.62,"Humidity":43.7184,"TIMESTAMP":"2022-12-17T16:59:48.942Z","BATT":100,"INTERVAL":600},{"modelID":"b0-33-3c-85-ac-53","modelType":"Wi-SHT10","DATAS":["Temperature","Humidity"],"Temperature":21.68,"Humidity":43.766400000000004,"TIMESTAMP":"2022-12-17T16:49:53.193Z","BATT":100,"INTERVAL":600},{"modelID":"b0-33-3c-85-ac-53","modelType":"Wi-SHT10","DATAS":["Temperature","Humidity"],"Temperature":21.67,"Humidity":43.7184,"TIMESTAMP":"2022-12-17T16:39:52.842Z","BATT":100,"INTERVAL":600},{"modelID":"b0-33-3c-85-ac-53","modelType":"Wi-SHT10","DATAS":["Temperature","Humidity"],"Temperature":21.69,"Humidity":43.651199999999996,"TIMESTAMP":"2022-12-17T16:29:49.481Z","BATT":100,"INTERVAL":600},{"modelID":"b0-33-3c-85-ac-53","modelType":"Wi-SHT10","DATAS":["Temperature","Humidity"],"Temperature":21.73,"Humidity":43.708800000000004,"TIMESTAMP":"2022-12-17T16:19:22.700Z","BATT":100,"INTERVAL":600},{"modelID":"b0-33-3c-85-ac-53","modelType":"Wi-SHT10","DATAS":["Temperature","Humidity"],"Temperature":21.71,"Humidity":43.708800000000004,"TIMESTAMP":"2022-12-17T16:09:50.202Z","BATT":100,"INTERVAL":600}],"DAYHOURS":["12","11","10","9","8","7","6","5","4","3","2","1","0"]}