{"SENSORNAME":"CHILLER B - CHWR TEMP","SENSORTYPE":"WTRTEMP(485)","DTUID":"200","SENSORID":"42","DATE0":"2022-12-18T00:47:21.112Z","DATE1":"2022-02-13T09:58:52.528Z","DAYDATA":[{"DTUID":"200","SENSORID":42,"FUNCID":3,"NDATA":2,"SENSORTYPE":"WATER-TEMP","RCV_BYTES":["0000","00FE"],"DATAS":[0,254],"DATAS1":[],"DATAS2":[],"TIMESTAMP":"2022-12-18T00:47:21.112Z"},{"DTUID":"200","SENSORID":42,"FUNCID":3,"NDATA":2,"SENSORTYPE":"WATER-TEMP","RCV_BYTES":["0000","0100"],"DATAS":[0,256],"DATAS1":[],"DATAS2":[],"TIMESTAMP":"2022-12-17T18:26:54.074Z"}],"DAYHOURS":["8","2"]}