{"SENSORNAME":"WATER COOLING PACK UNIT A - CWS TEMP","SENSORTYPE":"WTRTEMP(485)","DTUID":"214","SENSORID":"34","DATE0":"2022-12-18T03:28:37.777Z","DATE1":"2022-02-13T09:05:49.516Z","DAYDATA":[{"DTUID":"214","SENSORID":34,"FUNCID":3,"NDATA":2,"SENSORTYPE":"WATER-TEMP","RCV_BYTES":["0000","0117"],"DATAS":[0,279],"DATAS1":[],"DATAS2":[],"TIMESTAMP":"2022-12-18T03:28:37.777Z"},{"DTUID":"214","SENSORID":34,"FUNCID":3,"NDATA":2,"SENSORTYPE":"WATER-TEMP","RCV_BYTES":["0000","0117"],"DATAS":[0,279],"DATAS1":[],"DATAS2":[],"TIMESTAMP":"2022-12-18T02:28:01.790Z"},{"DTUID":"214","SENSORID":34,"FUNCID":3,"NDATA":2,"SENSORTYPE":"WATER-TEMP","RCV_BYTES":["0000","010E"],"DATAS":[0,270],"DATAS1":[],"DATAS2":[],"TIMESTAMP":"2022-12-17T22:27:42.332Z"},{"DTUID":"214","SENSORID":34,"FUNCID":3,"NDATA":2,"SENSORTYPE":"WATER-TEMP","RCV_BYTES":["0000","0113"],"DATAS":[0,275],"DATAS1":[],"DATAS2":[],"TIMESTAMP":"2022-12-17T21:47:38.563Z"},{"DTUID":"214","SENSORID":34,"FUNCID":3,"NDATA":2,"SENSORTYPE":"WATER-TEMP","RCV_BYTES":["0000","0110"],"DATAS":[0,272],"DATAS1":[],"DATAS2":[],"TIMESTAMP":"2022-12-17T20:47:37.512Z"},{"DTUID":"214","SENSORID":34,"FUNCID":3,"NDATA":2,"SENSORTYPE":"WATER-TEMP","RCV_BYTES":["0000","0119"],"DATAS":[0,281],"DATAS1":[],"DATAS2":[],"TIMESTAMP":"2022-12-17T20:27:36.493Z"},{"DTUID":"214","SENSORID":34,"FUNCID":3,"NDATA":2,"SENSORTYPE":"WATER-TEMP","RCV_BYTES":["0000","0113"],"DATAS":[0,275],"DATAS1":[],"DATAS2":[],"TIMESTAMP":"2022-12-17T19:27:31.934Z"}],"DAYHOURS":["11","10","6","5","4","3"]}