{"SENSORNAME":"DLA PASTING ROOM 2","SENSORTYPE":"WISENSOR","DTUID":"-1","SENSORID":"B0-06-08-98-02-79","DATE0":"2022-12-18T04:10:45.638Z","DATE1":"2021-12-20T22:09:05.876Z","DAYDATA":[{"modelID":"b0-06-08-98-02-79","modelType":"Wi-SHT10","DATAS":["Temperature","Humidity"],"Temperature":23.26,"Humidity":49.2384,"TIMESTAMP":"2022-12-18T04:10:45.638Z","BATT":100,"INTERVAL":600},{"modelID":"b0-06-08-98-02-79","modelType":"Wi-SHT10","DATAS":["Temperature","Humidity"],"Temperature":23.27,"Humidity":49.1712,"TIMESTAMP":"2022-12-18T04:01:09.910Z","BATT":100,"INTERVAL":600},{"modelID":"b0-06-08-98-02-79","modelType":"Wi-SHT10","DATAS":["Temperature","Humidity"],"Temperature":23.27,"Humidity":49.2288,"TIMESTAMP":"2022-12-18T03:50:46.490Z","BATT":100,"INTERVAL":600},{"modelID":"b0-06-08-98-02-79","modelType":"Wi-SHT10","DATAS":["Temperature","Humidity"],"Temperature":23.29,"Humidity":49.152,"TIMESTAMP":"2022-12-18T03:40:49.031Z","BATT":100,"INTERVAL":600},{"modelID":"b0-06-08-98-02-79","modelType":"Wi-SHT10","DATAS":["Temperature","Humidity"],"Temperature":23.34,"Humidity":49.1136,"TIMESTAMP":"2022-12-18T03:30:56.090Z","BATT":100,"INTERVAL":600},{"modelID":"b0-06-08-98-02-79","modelType":"Wi-SHT10","DATAS":["Temperature","Humidity"],"Temperature":23.37,"Humidity":48.9888,"TIMESTAMP":"2022-12-18T03:20:41.098Z","BATT":100,"INTERVAL":600},{"modelID":"b0-06-08-98-02-79","modelType":"Wi-SHT10","DATAS":["Temperature","Humidity"],"Temperature":23.41,"Humidity":49.0272,"TIMESTAMP":"2022-12-18T03:11:02.770Z","BATT":100,"INTERVAL":600},{"modelID":"b0-06-08-98-02-79","modelType":"Wi-SHT10","DATAS":["Temperature","Humidity"],"Temperature":23.49,"Humidity":48.979200000000006,"TIMESTAMP":"2022-12-18T03:00:53.802Z","BATT":100,"INTERVAL":600},{"modelID":"b0-06-08-98-02-79","modelType":"Wi-SHT10","DATAS":["Temperature","Humidity"],"Temperature":23.57,"Humidity":49.142399999999995,"TIMESTAMP":"2022-12-18T02:51:04.827Z","BATT":100,"INTERVAL":600},{"modelID":"b0-06-08-98-02-79","modelType":"Wi-SHT10","DATAS":["Temperature","Humidity"],"Temperature":23.68,"Humidity":49.488,"TIMESTAMP":"2022-12-18T02:41:01.009Z","BATT":100,"INTERVAL":600},{"modelID":"b0-06-08-98-02-79","modelType":"Wi-SHT10","DATAS":["Temperature","Humidity"],"Temperature":23.78,"Humidity":49.516799999999996,"TIMESTAMP":"2022-12-18T02:30:50.707Z","BATT":100,"INTERVAL":600},{"modelID":"b0-06-08-98-02-79","modelType":"Wi-SHT10","DATAS":["Temperature","Humidity"],"Temperature":23.81,"Humidity":50.1792,"TIMESTAMP":"2022-12-18T02:20:47.568Z","BATT":100,"INTERVAL":600},{"modelID":"b0-06-08-98-02-79","modelType":"Wi-SHT10","DATAS":["Temperature","Humidity"],"Temperature":23.82,"Humidity":49.632000000000005,"TIMESTAMP":"2022-12-18T02:11:12.788Z","BATT":100,"INTERVAL":600},{"modelID":"b0-06-08-98-02-79","modelType":"Wi-SHT10","DATAS":["Temperature","Humidity"],"Temperature":23.77,"Humidity":51.0912,"TIMESTAMP":"2022-12-18T02:00:56.460Z","BATT":100,"INTERVAL":600},{"modelID":"b0-06-08-98-02-79","modelType":"Wi-SHT10","DATAS":["Temperature","Humidity"],"Temperature":23.59,"Humidity":52.2432,"TIMESTAMP":"2022-12-18T01:51:10.257Z","BATT":100,"INTERVAL":600},{"modelID":"b0-06-08-98-02-79","modelType":"Wi-SHT10","DATAS":["Temperature","Humidity"],"Temperature":23.28,"Humidity":51.993599999999994,"TIMESTAMP":"2022-12-18T01:41:02.687Z","BATT":100,"INTERVAL":600},{"modelID":"b0-06-08-98-02-79","modelType":"Wi-SHT10","DATAS":["Temperature","Humidity"],"Temperature":22.94,"Humidity":50.0736,"TIMESTAMP":"2022-12-18T01:30:42.888Z","BATT":100,"INTERVAL":600},{"modelID":"b0-06-08-98-02-79","modelType":"Wi-SHT10","DATAS":["Temperature","Humidity"],"Temperature":22.39,"Humidity":46.300799999999995,"TIMESTAMP":"2022-12-18T01:11:00.948Z","BATT":100,"INTERVAL":600},{"modelID":"b0-06-08-98-02-79","modelType":"Wi-SHT10","DATAS":["Temperature","Humidity"],"Temperature":22.21,"Humidity":46.502399999999994,"TIMESTAMP":"2022-12-18T01:00:59.278Z","BATT":100,"INTERVAL":600},{"modelID":"b0-06-08-98-02-79","modelType":"Wi-SHT10","DATAS":["Temperature","Humidity"],"Temperature":22.02,"Humidity":47.184,"TIMESTAMP":"2022-12-18T00:50:43.566Z","BATT":100,"INTERVAL":600},{"modelID":"b0-06-08-98-02-79","modelType":"Wi-SHT10","DATAS":["Temperature","Humidity"],"Temperature":21.93,"Humidity":47.8752,"TIMESTAMP":"2022-12-18T00:40:45.147Z","BATT":100,"INTERVAL":600},{"modelID":"b0-06-08-98-02-79","modelType":"Wi-SHT10","DATAS":["Temperature","Humidity"],"Temperature":21.9,"Humidity":47.6544,"TIMESTAMP":"2022-12-18T00:31:01.891Z","BATT":100,"INTERVAL":600},{"modelID":"b0-06-08-98-02-79","modelType":"Wi-SHT10","DATAS":["Temperature","Humidity"],"Temperature":21.88,"Humidity":46.1568,"TIMESTAMP":"2022-12-18T00:21:02.233Z","BATT":100,"INTERVAL":600},{"modelID":"b0-06-08-98-02-79","modelType":"Wi-SHT10","DATAS":["Temperature","Humidity"],"Temperature":21.84,"Humidity":45.456,"TIMESTAMP":"2022-12-18T00:11:09.539Z","BATT":100,"INTERVAL":600},{"modelID":"b0-06-08-98-02-79","modelType":"Wi-SHT10","DATAS":["Temperature","Humidity"],"Temperature":21.85,"Humidity":44.659200000000006,"TIMESTAMP":"2022-12-18T00:01:00.483Z","BATT":100,"INTERVAL":600},{"modelID":"b0-06-08-98-02-79","modelType":"Wi-SHT10","DATAS":["Temperature","Humidity"],"Temperature":21.85,"Humidity":44.380799999999994,"TIMESTAMP":"2022-12-17T23:50:58.741Z","BATT":100,"INTERVAL":600},{"modelID":"b0-06-08-98-02-79","modelType":"Wi-SHT10","DATAS":["Temperature","Humidity"],"Temperature":21.86,"Humidity":44.208,"TIMESTAMP":"2022-12-17T23:41:11.382Z","BATT":100,"INTERVAL":600},{"modelID":"b0-06-08-98-02-79","modelType":"Wi-SHT10","DATAS":["Temperature","Humidity"],"Temperature":21.84,"Humidity":44.064,"TIMESTAMP":"2022-12-17T23:30:51.081Z","BATT":100,"INTERVAL":600},{"modelID":"b0-06-08-98-02-79","modelType":"Wi-SHT10","DATAS":["Temperature","Humidity"],"Temperature":21.83,"Humidity":44.0736,"TIMESTAMP":"2022-12-17T23:21:06.361Z","BATT":100,"INTERVAL":600},{"modelID":"b0-06-08-98-02-79","modelType":"Wi-SHT10","DATAS":["Temperature","Humidity"],"Temperature":21.83,"Humidity":43.9968,"TIMESTAMP":"2022-12-17T23:11:11.641Z","BATT":100,"INTERVAL":600},{"modelID":"b0-06-08-98-02-79","modelType":"Wi-SHT10","DATAS":["Temperature","Humidity"],"Temperature":21.87,"Humidity":44.006400000000006,"TIMESTAMP":"2022-12-17T23:00:41.288Z","BATT":100,"INTERVAL":600},{"modelID":"b0-06-08-98-02-79","modelType":"Wi-SHT10","DATAS":["Temperature","Humidity"],"Temperature":21.86,"Humidity":43.9776,"TIMESTAMP":"2022-12-17T22:50:53.992Z","BATT":100,"INTERVAL":600},{"modelID":"b0-06-08-98-02-79","modelType":"Wi-SHT10","DATAS":["Temperature","Humidity"],"Temperature":21.87,"Humidity":43.967999999999996,"TIMESTAMP":"2022-12-17T22:40:50.272Z","BATT":100,"INTERVAL":600},{"modelID":"b0-06-08-98-02-79","modelType":"Wi-SHT10","DATAS":["Temperature","Humidity"],"Temperature":21.89,"Humidity":43.967999999999996,"TIMESTAMP":"2022-12-17T22:30:45.621Z","BATT":100,"INTERVAL":600},{"modelID":"b0-06-08-98-02-79","modelType":"Wi-SHT10","DATAS":["Temperature","Humidity"],"Temperature":21.87,"Humidity":43.8912,"TIMESTAMP":"2022-12-17T22:21:10.818Z","BATT":100,"INTERVAL":600},{"modelID":"b0-06-08-98-02-79","modelType":"Wi-SHT10","DATAS":["Temperature","Humidity"],"Temperature":21.88,"Humidity":43.9008,"TIMESTAMP":"2022-12-17T22:11:03.995Z","BATT":100,"INTERVAL":600},{"modelID":"b0-06-08-98-02-79","modelType":"Wi-SHT10","DATAS":["Temperature","Humidity"],"Temperature":21.93,"Humidity":43.9008,"TIMESTAMP":"2022-12-17T22:01:03.244Z","BATT":100,"INTERVAL":600},{"modelID":"b0-06-08-98-02-79","modelType":"Wi-SHT10","DATAS":["Temperature","Humidity"],"Temperature":21.93,"Humidity":44.006400000000006,"TIMESTAMP":"2022-12-17T21:51:05.724Z","BATT":100,"INTERVAL":600},{"modelID":"b0-06-08-98-02-79","modelType":"Wi-SHT10","DATAS":["Temperature","Humidity"],"Temperature":21.94,"Humidity":44.102399999999996,"TIMESTAMP":"2022-12-17T21:41:03.284Z","BATT":100,"INTERVAL":600},{"modelID":"b0-06-08-98-02-79","modelType":"Wi-SHT10","DATAS":["Temperature","Humidity"],"Temperature":21.93,"Humidity":44.1216,"TIMESTAMP":"2022-12-17T21:31:05.645Z","BATT":100,"INTERVAL":600},{"modelID":"b0-06-08-98-02-79","modelType":"Wi-SHT10","DATAS":["Temperature","Humidity"],"Temperature":21.95,"Humidity":44.150400000000005,"TIMESTAMP":"2022-12-17T21:20:44.524Z","BATT":100,"INTERVAL":600},{"modelID":"b0-06-08-98-02-79","modelType":"Wi-SHT10","DATAS":["Temperature","Humidity"],"Temperature":21.95,"Humidity":44.1984,"TIMESTAMP":"2022-12-17T21:10:43.304Z","BATT":100,"INTERVAL":600},{"modelID":"b0-06-08-98-02-79","modelType":"Wi-SHT10","DATAS":["Temperature","Humidity"],"Temperature":21.99,"Humidity":44.217600000000004,"TIMESTAMP":"2022-12-17T21:00:50.673Z","BATT":100,"INTERVAL":600},{"modelID":"b0-06-08-98-02-79","modelType":"Wi-SHT10","DATAS":["Temperature","Humidity"],"Temperature":21.98,"Humidity":44.2752,"TIMESTAMP":"2022-12-17T20:50:43.654Z","BATT":100,"INTERVAL":600},{"modelID":"b0-06-08-98-02-79","modelType":"Wi-SHT10","DATAS":["Temperature","Humidity"],"Temperature":21.97,"Humidity":44.3616,"TIMESTAMP":"2022-12-17T20:41:12.334Z","BATT":100,"INTERVAL":600},{"modelID":"b0-06-08-98-02-79","modelType":"Wi-SHT10","DATAS":["Temperature","Humidity"],"Temperature":22.02,"Humidity":44.4576,"TIMESTAMP":"2022-12-17T20:30:49.753Z","BATT":100,"INTERVAL":600},{"modelID":"b0-06-08-98-02-79","modelType":"Wi-SHT10","DATAS":["Temperature","Humidity"],"Temperature":22.04,"Humidity":44.5344,"TIMESTAMP":"2022-12-17T20:21:07.423Z","BATT":100,"INTERVAL":600},{"modelID":"b0-06-08-98-02-79","modelType":"Wi-SHT10","DATAS":["Temperature","Humidity"],"Temperature":22.01,"Humidity":44.5056,"TIMESTAMP":"2022-12-17T20:11:05.113Z","BATT":100,"INTERVAL":600},{"modelID":"b0-06-08-98-02-79","modelType":"Wi-SHT10","DATAS":["Temperature","Humidity"],"Temperature":22.03,"Humidity":44.5344,"TIMESTAMP":"2022-12-17T20:01:01.156Z","BATT":100,"INTERVAL":600},{"modelID":"b0-06-08-98-02-79","modelType":"Wi-SHT10","DATAS":["Temperature","Humidity"],"Temperature":22.02,"Humidity":44.496,"TIMESTAMP":"2022-12-17T19:51:02.177Z","BATT":100,"INTERVAL":600},{"modelID":"b0-06-08-98-02-79","modelType":"Wi-SHT10","DATAS":["Temperature","Humidity"],"Temperature":22,"Humidity":44.4672,"TIMESTAMP":"2022-12-17T19:41:09.477Z","BATT":100,"INTERVAL":600},{"modelID":"b0-06-08-98-02-79","modelType":"Wi-SHT10","DATAS":["Temperature","Humidity"],"Temperature":22.02,"Humidity":44.4096,"TIMESTAMP":"2022-12-17T19:30:44.435Z","BATT":100,"INTERVAL":600},{"modelID":"b0-06-08-98-02-79","modelType":"Wi-SHT10","DATAS":["Temperature","Humidity"],"Temperature":22.03,"Humidity":44.4384,"TIMESTAMP":"2022-12-17T19:20:57.755Z","BATT":100,"INTERVAL":600},{"modelID":"b0-06-08-98-02-79","modelType":"Wi-SHT10","DATAS":["Temperature","Humidity"],"Temperature":22.04,"Humidity":44.4096,"TIMESTAMP":"2022-12-17T19:11:01.197Z","BATT":100,"INTERVAL":600},{"modelID":"b0-06-08-98-02-79","modelType":"Wi-SHT10","DATAS":["Temperature","Humidity"],"Temperature":22.04,"Humidity":44.3904,"TIMESTAMP":"2022-12-17T19:00:48.365Z","BATT":100,"INTERVAL":600},{"modelID":"b0-06-08-98-02-79","modelType":"Wi-SHT10","DATAS":["Temperature","Humidity"],"Temperature":22.03,"Humidity":44.419200000000004,"TIMESTAMP":"2022-12-17T18:50:42.685Z","BATT":100,"INTERVAL":600},{"modelID":"b0-06-08-98-02-79","modelType":"Wi-SHT10","DATAS":["Temperature","Humidity"],"Temperature":22.06,"Humidity":44.3232,"TIMESTAMP":"2022-12-17T18:41:08.346Z","BATT":100,"INTERVAL":600},{"modelID":"b0-06-08-98-02-79","modelType":"Wi-SHT10","DATAS":["Temperature","Humidity"],"Temperature":22.03,"Humidity":44.256,"TIMESTAMP":"2022-12-17T18:30:44.844Z","BATT":100,"INTERVAL":600},{"modelID":"b0-06-08-98-02-79","modelType":"Wi-SHT10","DATAS":["Temperature","Humidity"],"Temperature":22.06,"Humidity":44.236799999999995,"TIMESTAMP":"2022-12-17T18:20:44.723Z","BATT":100,"INTERVAL":600},{"modelID":"b0-06-08-98-02-79","modelType":"Wi-SHT10","DATAS":["Temperature","Humidity"],"Temperature":22.06,"Humidity":44.2272,"TIMESTAMP":"2022-12-17T18:11:06.280Z","BATT":100,"INTERVAL":600},{"modelID":"b0-06-08-98-02-79","modelType":"Wi-SHT10","DATAS":["Temperature","Humidity"],"Temperature":22.08,"Humidity":44.169599999999996,"TIMESTAMP":"2022-12-17T18:00:47.541Z","BATT":100,"INTERVAL":600},{"modelID":"b0-06-08-98-02-79","modelType":"Wi-SHT10","DATAS":["Temperature","Humidity"],"Temperature":22.11,"Humidity":44.169599999999996,"TIMESTAMP":"2022-12-17T17:50:42.526Z","BATT":100,"INTERVAL":600},{"modelID":"b0-06-08-98-02-79","modelType":"Wi-SHT10","DATAS":["Temperature","Humidity"],"Temperature":22.09,"Humidity":44.16,"TIMESTAMP":"2022-12-17T17:40:58.121Z","BATT":100,"INTERVAL":600},{"modelID":"b0-06-08-98-02-79","modelType":"Wi-SHT10","DATAS":["Temperature","Humidity"],"Temperature":22.12,"Humidity":44.083200000000005,"TIMESTAMP":"2022-12-17T17:31:07.641Z","BATT":100,"INTERVAL":600},{"modelID":"b0-06-08-98-02-79","modelType":"Wi-SHT10","DATAS":["Temperature","Humidity"],"Temperature":22.12,"Humidity":44.064,"TIMESTAMP":"2022-12-17T17:20:54.062Z","BATT":100,"INTERVAL":600},{"modelID":"b0-06-08-98-02-79","modelType":"Wi-SHT10","DATAS":["Temperature","Humidity"],"Temperature":22.13,"Humidity":43.9776,"TIMESTAMP":"2022-12-17T17:10:48.583Z","BATT":100,"INTERVAL":600},{"modelID":"b0-06-08-98-02-79","modelType":"Wi-SHT10","DATAS":["Temperature","Humidity"],"Temperature":22.12,"Humidity":43.9776,"TIMESTAMP":"2022-12-17T17:01:02.061Z","BATT":100,"INTERVAL":600},{"modelID":"b0-06-08-98-02-79","modelType":"Wi-SHT10","DATAS":["Temperature","Humidity"],"Temperature":22.13,"Humidity":43.9968,"TIMESTAMP":"2022-12-17T16:50:47.805Z","BATT":100,"INTERVAL":600},{"modelID":"b0-06-08-98-02-79","modelType":"Wi-SHT10","DATAS":["Temperature","Humidity"],"Temperature":22.2,"Humidity":43.967999999999996,"TIMESTAMP":"2022-12-17T16:40:52.841Z","BATT":100,"INTERVAL":600},{"modelID":"b0-06-08-98-02-79","modelType":"Wi-SHT10","DATAS":["Temperature","Humidity"],"Temperature":22.16,"Humidity":44.0256,"TIMESTAMP":"2022-12-17T16:31:02.060Z","BATT":100,"INTERVAL":600},{"modelID":"b0-06-08-98-02-79","modelType":"Wi-SHT10","DATAS":["Temperature","Humidity"],"Temperature":22.16,"Humidity":44.0736,"TIMESTAMP":"2022-12-17T16:21:06.940Z","BATT":100,"INTERVAL":600},{"modelID":"b0-06-08-98-02-79","modelType":"Wi-SHT10","DATAS":["Temperature","Humidity"],"Temperature":22.19,"Humidity":44.0736,"TIMESTAMP":"2022-12-17T16:10:49.961Z","BATT":100,"INTERVAL":600},{"modelID":"b0-06-08-98-02-79","modelType":"Wi-SHT10","DATAS":["Temperature","Humidity"],"Temperature":22.21,"Humidity":44.0256,"TIMESTAMP":"2022-12-17T16:00:43.561Z","BATT":100,"INTERVAL":600}],"DAYHOURS":["12","11","10","9","8","7","6","5","4","3","2","1","0"]}