{"SENSORNAME":"MAIN SWITCH BOARD (MSB) ROOM","SENSORTYPE":"WISENSOR","DTUID":"-1","SENSORID":"B0-20-56-1B-08-0C","DATE0":"2022-12-18T04:04:14.450Z","DATE1":"2021-12-20T22:09:43.117Z","DAYDATA":[{"modelID":"b0-20-56-1b-08-0c","modelType":"Wi-SHT10","DATAS":["Temperature","Humidity"],"Temperature":28.88,"Humidity":35.184,"TIMESTAMP":"2022-12-18T04:04:14.450Z","BATT":100,"INTERVAL":600},{"modelID":"b0-20-56-1b-08-0c","modelType":"Wi-SHT10","DATAS":["Temperature","Humidity"],"Temperature":28.95,"Humidity":34.56,"TIMESTAMP":"2022-12-18T03:54:18.071Z","BATT":100,"INTERVAL":600},{"modelID":"b0-20-56-1b-08-0c","modelType":"Wi-SHT10","DATAS":["Temperature","Humidity"],"Temperature":28.92,"Humidity":34.5792,"TIMESTAMP":"2022-12-18T03:44:38.891Z","BATT":100,"INTERVAL":600},{"modelID":"b0-20-56-1b-08-0c","modelType":"Wi-SHT10","DATAS":["Temperature","Humidity"],"Temperature":27.4,"Humidity":38.3424,"TIMESTAMP":"2022-12-18T03:34:31.810Z","BATT":100,"INTERVAL":600},{"modelID":"b0-20-56-1b-08-0c","modelType":"Wi-SHT10","DATAS":["Temperature","Humidity"],"Temperature":28.21,"Humidity":35.7312,"TIMESTAMP":"2022-12-18T03:24:30.010Z","BATT":100,"INTERVAL":600},{"modelID":"b0-20-56-1b-08-0c","modelType":"Wi-SHT10","DATAS":["Temperature","Humidity"],"Temperature":27.14,"Humidity":37.795199999999994,"TIMESTAMP":"2022-12-18T03:14:28.150Z","BATT":100,"INTERVAL":600},{"modelID":"b0-20-56-1b-08-0c","modelType":"Wi-SHT10","DATAS":["Temperature","Humidity"],"Temperature":27.64,"Humidity":36.470400000000005,"TIMESTAMP":"2022-12-18T03:04:30.807Z","BATT":100,"INTERVAL":600},{"modelID":"b0-20-56-1b-08-0c","modelType":"Wi-SHT10","DATAS":["Temperature","Humidity"],"Temperature":27.17,"Humidity":38.102399999999996,"TIMESTAMP":"2022-12-18T02:54:16.047Z","BATT":100,"INTERVAL":600},{"modelID":"b0-20-56-1b-08-0c","modelType":"Wi-SHT10","DATAS":["Temperature","Humidity"],"Temperature":26.93,"Humidity":37.5744,"TIMESTAMP":"2022-12-18T02:44:16.867Z","BATT":100,"INTERVAL":600},{"modelID":"b0-20-56-1b-08-0c","modelType":"Wi-SHT10","DATAS":["Temperature","Humidity"],"Temperature":26.42,"Humidity":38.3232,"TIMESTAMP":"2022-12-18T02:34:37.067Z","BATT":100,"INTERVAL":600},{"modelID":"b0-20-56-1b-08-0c","modelType":"Wi-SHT10","DATAS":["Temperature","Humidity"],"Temperature":25.69,"Humidity":40.6464,"TIMESTAMP":"2022-12-18T02:24:31.306Z","BATT":100,"INTERVAL":600},{"modelID":"b0-20-56-1b-08-0c","modelType":"Wi-SHT10","DATAS":["Temperature","Humidity"],"Temperature":25.99,"Humidity":39.744,"TIMESTAMP":"2022-12-18T02:14:19.866Z","BATT":100,"INTERVAL":600},{"modelID":"b0-20-56-1b-08-0c","modelType":"Wi-SHT10","DATAS":["Temperature","Humidity"],"Temperature":26.03,"Humidity":39.3984,"TIMESTAMP":"2022-12-18T02:04:31.792Z","BATT":100,"INTERVAL":600},{"modelID":"b0-20-56-1b-08-0c","modelType":"Wi-SHT10","DATAS":["Temperature","Humidity"],"Temperature":25.42,"Humidity":40.502399999999994,"TIMESTAMP":"2022-12-18T01:54:46.438Z","BATT":100,"INTERVAL":600},{"modelID":"b0-20-56-1b-08-0c","modelType":"Wi-SHT10","DATAS":["Temperature","Humidity"],"Temperature":24.9,"Humidity":44.2272,"TIMESTAMP":"2022-12-18T01:44:30.829Z","BATT":100,"INTERVAL":600},{"modelID":"b0-20-56-1b-08-0c","modelType":"Wi-SHT10","DATAS":["Temperature","Humidity"],"Temperature":25.62,"Humidity":41.568,"TIMESTAMP":"2022-12-18T01:34:28.588Z","BATT":100,"INTERVAL":600},{"modelID":"b0-20-56-1b-08-0c","modelType":"Wi-SHT10","DATAS":["Temperature","Humidity"],"Temperature":24.17,"Humidity":49.6032,"TIMESTAMP":"2022-12-18T01:24:28.122Z","BATT":100,"INTERVAL":600},{"modelID":"b0-20-56-1b-08-0c","modelType":"Wi-SHT10","DATAS":["Temperature","Humidity"],"Temperature":24.81,"Humidity":41.913599999999995,"TIMESTAMP":"2022-12-18T01:14:23.070Z","BATT":100,"INTERVAL":600},{"modelID":"b0-20-56-1b-08-0c","modelType":"Wi-SHT10","DATAS":["Temperature","Humidity"],"Temperature":24.6,"Humidity":41.52,"TIMESTAMP":"2022-12-18T01:04:44.590Z","BATT":100,"INTERVAL":600},{"modelID":"b0-20-56-1b-08-0c","modelType":"Wi-SHT10","DATAS":["Temperature","Humidity"],"Temperature":24.88,"Humidity":40.8288,"TIMESTAMP":"2022-12-18T00:54:38.468Z","BATT":100,"INTERVAL":600},{"modelID":"b0-20-56-1b-08-0c","modelType":"Wi-SHT10","DATAS":["Temperature","Humidity"],"Temperature":24.63,"Humidity":42.6816,"TIMESTAMP":"2022-12-18T00:44:26.375Z","BATT":100,"INTERVAL":600},{"modelID":"b0-20-56-1b-08-0c","modelType":"Wi-SHT10","DATAS":["Temperature","Humidity"],"Temperature":24.84,"Humidity":43.7568,"TIMESTAMP":"2022-12-18T00:34:44.999Z","BATT":100,"INTERVAL":600},{"modelID":"b0-20-56-1b-08-0c","modelType":"Wi-SHT10","DATAS":["Temperature","Humidity"],"Temperature":24.64,"Humidity":46.0704,"TIMESTAMP":"2022-12-18T00:24:35.251Z","BATT":100,"INTERVAL":600},{"modelID":"b0-20-56-1b-08-0c","modelType":"Wi-SHT10","DATAS":["Temperature","Humidity"],"Temperature":24.49,"Humidity":47.0016,"TIMESTAMP":"2022-12-18T00:14:37.925Z","BATT":100,"INTERVAL":600},{"modelID":"b0-20-56-1b-08-0c","modelType":"Wi-SHT10","DATAS":["Temperature","Humidity"],"Temperature":23.89,"Humidity":56.4096,"TIMESTAMP":"2022-12-18T00:04:22.921Z","BATT":100,"INTERVAL":600},{"modelID":"b0-20-56-1b-08-0c","modelType":"Wi-SHT10","DATAS":["Temperature","Humidity"],"Temperature":23.73,"Humidity":56.0928,"TIMESTAMP":"2022-12-17T23:54:48.181Z","BATT":100,"INTERVAL":600},{"modelID":"b0-20-56-1b-08-0c","modelType":"Wi-SHT10","DATAS":["Temperature","Humidity"],"Temperature":23.81,"Humidity":56.3904,"TIMESTAMP":"2022-12-17T23:44:34.701Z","BATT":100,"INTERVAL":600},{"modelID":"b0-20-56-1b-08-0c","modelType":"Wi-SHT10","DATAS":["Temperature","Humidity"],"Temperature":24,"Humidity":53.0496,"TIMESTAMP":"2022-12-17T23:34:32.321Z","BATT":100,"INTERVAL":600},{"modelID":"b0-20-56-1b-08-0c","modelType":"Wi-SHT10","DATAS":["Temperature","Humidity"],"Temperature":23.95,"Humidity":54.5952,"TIMESTAMP":"2022-12-17T23:24:46.282Z","BATT":100,"INTERVAL":600},{"modelID":"b0-20-56-1b-08-0c","modelType":"Wi-SHT10","DATAS":["Temperature","Humidity"],"Temperature":23.83,"Humidity":54.4128,"TIMESTAMP":"2022-12-17T23:14:43.401Z","BATT":100,"INTERVAL":600},{"modelID":"b0-20-56-1b-08-0c","modelType":"Wi-SHT10","DATAS":["Temperature","Humidity"],"Temperature":23.74,"Humidity":56.035199999999996,"TIMESTAMP":"2022-12-17T23:04:37.879Z","BATT":100,"INTERVAL":600},{"modelID":"b0-20-56-1b-08-0c","modelType":"Wi-SHT10","DATAS":["Temperature","Humidity"],"Temperature":24.11,"Humidity":51.984,"TIMESTAMP":"2022-12-17T22:54:46.793Z","BATT":100,"INTERVAL":600},{"modelID":"b0-20-56-1b-08-0c","modelType":"Wi-SHT10","DATAS":["Temperature","Humidity"],"Temperature":23.97,"Humidity":52.2816,"TIMESTAMP":"2022-12-17T22:44:44.813Z","BATT":100,"INTERVAL":600},{"modelID":"b0-20-56-1b-08-0c","modelType":"Wi-SHT10","DATAS":["Temperature","Humidity"],"Temperature":24,"Humidity":53.712,"TIMESTAMP":"2022-12-17T22:34:38.732Z","BATT":100,"INTERVAL":600},{"modelID":"b0-20-56-1b-08-0c","modelType":"Wi-SHT10","DATAS":["Temperature","Humidity"],"Temperature":23.97,"Humidity":54.48,"TIMESTAMP":"2022-12-17T22:24:34.006Z","BATT":100,"INTERVAL":600},{"modelID":"b0-20-56-1b-08-0c","modelType":"Wi-SHT10","DATAS":["Temperature","Humidity"],"Temperature":23.81,"Humidity":54.864,"TIMESTAMP":"2022-12-17T22:14:27.177Z","BATT":100,"INTERVAL":600},{"modelID":"b0-20-56-1b-08-0c","modelType":"Wi-SHT10","DATAS":["Temperature","Humidity"],"Temperature":23.9,"Humidity":55.142399999999995,"TIMESTAMP":"2022-12-17T22:04:30.025Z","BATT":100,"INTERVAL":600},{"modelID":"b0-20-56-1b-08-0c","modelType":"Wi-SHT10","DATAS":["Temperature","Humidity"],"Temperature":23.89,"Humidity":55.651199999999996,"TIMESTAMP":"2022-12-17T21:54:46.924Z","BATT":100,"INTERVAL":600},{"modelID":"b0-20-56-1b-08-0c","modelType":"Wi-SHT10","DATAS":["Temperature","Humidity"],"Temperature":24.15,"Humidity":50.6496,"TIMESTAMP":"2022-12-17T21:44:45.786Z","BATT":100,"INTERVAL":600},{"modelID":"b0-20-56-1b-08-0c","modelType":"Wi-SHT10","DATAS":["Temperature","Humidity"],"Temperature":24.06,"Humidity":51.0048,"TIMESTAMP":"2022-12-17T21:34:34.553Z","BATT":100,"INTERVAL":600},{"modelID":"b0-20-56-1b-08-0c","modelType":"Wi-SHT10","DATAS":["Temperature","Humidity"],"Temperature":24.25,"Humidity":51.177600000000005,"TIMESTAMP":"2022-12-17T21:24:16.725Z","BATT":100,"INTERVAL":600},{"modelID":"b0-20-56-1b-08-0c","modelType":"Wi-SHT10","DATAS":["Temperature","Humidity"],"Temperature":24.16,"Humidity":51.244800000000005,"TIMESTAMP":"2022-12-17T21:14:39.184Z","BATT":100,"INTERVAL":600},{"modelID":"b0-20-56-1b-08-0c","modelType":"Wi-SHT10","DATAS":["Temperature","Humidity"],"Temperature":24.02,"Humidity":52.464,"TIMESTAMP":"2022-12-17T21:04:45.452Z","BATT":100,"INTERVAL":600},{"modelID":"b0-20-56-1b-08-0c","modelType":"Wi-SHT10","DATAS":["Temperature","Humidity"],"Temperature":23.99,"Humidity":52.1088,"TIMESTAMP":"2022-12-17T20:54:36.914Z","BATT":100,"INTERVAL":600},{"modelID":"b0-20-56-1b-08-0c","modelType":"Wi-SHT10","DATAS":["Temperature","Humidity"],"Temperature":24.13,"Humidity":52.4544,"TIMESTAMP":"2022-12-17T20:44:33.153Z","BATT":100,"INTERVAL":600},{"modelID":"b0-20-56-1b-08-0c","modelType":"Wi-SHT10","DATAS":["Temperature","Humidity"],"Temperature":23.97,"Humidity":51.216,"TIMESTAMP":"2022-12-17T20:34:26.231Z","BATT":100,"INTERVAL":600},{"modelID":"b0-20-56-1b-08-0c","modelType":"Wi-SHT10","DATAS":["Temperature","Humidity"],"Temperature":24.19,"Humidity":53.3088,"TIMESTAMP":"2022-12-17T20:24:18.793Z","BATT":100,"INTERVAL":600},{"modelID":"b0-20-56-1b-08-0c","modelType":"Wi-SHT10","DATAS":["Temperature","Humidity"],"Temperature":24.01,"Humidity":53.260799999999996,"TIMESTAMP":"2022-12-17T20:14:36.355Z","BATT":100,"INTERVAL":600},{"modelID":"b0-20-56-1b-08-0c","modelType":"Wi-SHT10","DATAS":["Temperature","Humidity"],"Temperature":24.12,"Humidity":52.8192,"TIMESTAMP":"2022-12-17T20:04:38.316Z","BATT":100,"INTERVAL":600},{"modelID":"b0-20-56-1b-08-0c","modelType":"Wi-SHT10","DATAS":["Temperature","Humidity"],"Temperature":24.29,"Humidity":51.446400000000004,"TIMESTAMP":"2022-12-17T19:54:40.795Z","BATT":100,"INTERVAL":600},{"modelID":"b0-20-56-1b-08-0c","modelType":"Wi-SHT10","DATAS":["Temperature","Humidity"],"Temperature":24.17,"Humidity":51.888,"TIMESTAMP":"2022-12-17T19:44:29.015Z","BATT":100,"INTERVAL":600},{"modelID":"b0-20-56-1b-08-0c","modelType":"Wi-SHT10","DATAS":["Temperature","Humidity"],"Temperature":24.33,"Humidity":49.7856,"TIMESTAMP":"2022-12-17T19:34:41.836Z","BATT":100,"INTERVAL":600},{"modelID":"b0-20-56-1b-08-0c","modelType":"Wi-SHT10","DATAS":["Temperature","Humidity"],"Temperature":24.35,"Humidity":49.8432,"TIMESTAMP":"2022-12-17T19:24:21.597Z","BATT":100,"INTERVAL":600},{"modelID":"b0-20-56-1b-08-0c","modelType":"Wi-SHT10","DATAS":["Temperature","Humidity"],"Temperature":24.36,"Humidity":49.4784,"TIMESTAMP":"2022-12-17T19:14:43.474Z","BATT":100,"INTERVAL":600},{"modelID":"b0-20-56-1b-08-0c","modelType":"Wi-SHT10","DATAS":["Temperature","Humidity"],"Temperature":23.9,"Humidity":54.1728,"TIMESTAMP":"2022-12-17T19:04:42.824Z","BATT":100,"INTERVAL":600},{"modelID":"b0-20-56-1b-08-0c","modelType":"Wi-SHT10","DATAS":["Temperature","Humidity"],"Temperature":24.11,"Humidity":51.964800000000004,"TIMESTAMP":"2022-12-17T18:54:46.785Z","BATT":100,"INTERVAL":600},{"modelID":"b0-20-56-1b-08-0c","modelType":"Wi-SHT10","DATAS":["Temperature","Humidity"],"Temperature":24.3,"Humidity":50.304,"TIMESTAMP":"2022-12-17T18:44:24.444Z","BATT":100,"INTERVAL":600},{"modelID":"b0-20-56-1b-08-0c","modelType":"Wi-SHT10","DATAS":["Temperature","Humidity"],"Temperature":24.42,"Humidity":49.4688,"TIMESTAMP":"2022-12-17T18:34:40.964Z","BATT":100,"INTERVAL":600},{"modelID":"b0-20-56-1b-08-0c","modelType":"Wi-SHT10","DATAS":["Temperature","Humidity"],"Temperature":23.93,"Humidity":52.809599999999996,"TIMESTAMP":"2022-12-17T18:24:16.065Z","BATT":100,"INTERVAL":600},{"modelID":"b0-20-56-1b-08-0c","modelType":"Wi-SHT10","DATAS":["Temperature","Humidity"],"Temperature":24.27,"Humidity":52.32,"TIMESTAMP":"2022-12-17T18:14:24.365Z","BATT":100,"INTERVAL":600},{"modelID":"b0-20-56-1b-08-0c","modelType":"Wi-SHT10","DATAS":["Temperature","Humidity"],"Temperature":24.39,"Humidity":50.822399999999995,"TIMESTAMP":"2022-12-17T18:04:17.981Z","BATT":100,"INTERVAL":600},{"modelID":"b0-20-56-1b-08-0c","modelType":"Wi-SHT10","DATAS":["Temperature","Humidity"],"Temperature":24.42,"Humidity":51.84,"TIMESTAMP":"2022-12-17T17:54:19.521Z","BATT":100,"INTERVAL":600},{"modelID":"b0-20-56-1b-08-0c","modelType":"Wi-SHT10","DATAS":["Temperature","Humidity"],"Temperature":23.98,"Humidity":51.4944,"TIMESTAMP":"2022-12-17T17:44:47.901Z","BATT":100,"INTERVAL":600},{"modelID":"b0-20-56-1b-08-0c","modelType":"Wi-SHT10","DATAS":["Temperature","Humidity"],"Temperature":24.45,"Humidity":49.4496,"TIMESTAMP":"2022-12-17T17:34:47.761Z","BATT":100,"INTERVAL":600},{"modelID":"b0-20-56-1b-08-0c","modelType":"Wi-SHT10","DATAS":["Temperature","Humidity"],"Temperature":24.47,"Humidity":48.3456,"TIMESTAMP":"2022-12-17T17:24:35.202Z","BATT":100,"INTERVAL":600},{"modelID":"b0-20-56-1b-08-0c","modelType":"Wi-SHT10","DATAS":["Temperature","Humidity"],"Temperature":24.4,"Humidity":49.4208,"TIMESTAMP":"2022-12-17T17:14:21.923Z","BATT":100,"INTERVAL":600},{"modelID":"b0-20-56-1b-08-0c","modelType":"Wi-SHT10","DATAS":["Temperature","Humidity"],"Temperature":24.44,"Humidity":47.452799999999996,"TIMESTAMP":"2022-12-17T17:04:45.796Z","BATT":100,"INTERVAL":600},{"modelID":"b0-20-56-1b-08-0c","modelType":"Wi-SHT10","DATAS":["Temperature","Humidity"],"Temperature":24.34,"Humidity":50.1312,"TIMESTAMP":"2022-12-17T16:54:26.022Z","BATT":100,"INTERVAL":600},{"modelID":"b0-20-56-1b-08-0c","modelType":"Wi-SHT10","DATAS":["Temperature","Humidity"],"Temperature":24.5,"Humidity":47.0112,"TIMESTAMP":"2022-12-17T16:44:20.582Z","BATT":100,"INTERVAL":600},{"modelID":"b0-20-56-1b-08-0c","modelType":"Wi-SHT10","DATAS":["Temperature","Humidity"],"Temperature":24.41,"Humidity":49.7568,"TIMESTAMP":"2022-12-17T16:34:15.903Z","BATT":100,"INTERVAL":600},{"modelID":"b0-20-56-1b-08-0c","modelType":"Wi-SHT10","DATAS":["Temperature","Humidity"],"Temperature":24.48,"Humidity":48.700799999999994,"TIMESTAMP":"2022-12-17T16:24:19.062Z","BATT":100,"INTERVAL":600},{"modelID":"b0-20-56-1b-08-0c","modelType":"Wi-SHT10","DATAS":["Temperature","Humidity"],"Temperature":24.01,"Humidity":49.2192,"TIMESTAMP":"2022-12-17T16:14:15.009Z","BATT":100,"INTERVAL":600},{"modelID":"b0-20-56-1b-08-0c","modelType":"Wi-SHT10","DATAS":["Temperature","Humidity"],"Temperature":24.56,"Humidity":45.3024,"TIMESTAMP":"2022-12-17T16:04:30.261Z","BATT":100,"INTERVAL":600}],"DAYHOURS":["12","11","10","9","8","7","6","5","4","3","2","1","0"]}