{"SENSORNAME":"L4-Clean utility(daycare)","SENSORTYPE":"WISENSOR","DTUID":"-1","SENSORID":"BA-10-50-C8-8E-73","DATE0":"2022-12-18T04:10:24.305Z","DATE1":"2022-03-22T00:14:56.130Z","DAYDATA":[{"modelID":"ba-10-50-c8-8e-73","modelType":"Wi-SHT10A","DATAS":["Temperature","Humidity"],"Temperature":4.95,"Humidity":0,"TIMESTAMP":"2022-12-18T04:10:24.305Z","BATT":100,"INTERVAL":1200},{"modelID":"ba-10-50-c8-8e-73","modelType":"Wi-SHT10A","DATAS":["Temperature","Humidity"],"Temperature":5.32,"Humidity":0,"TIMESTAMP":"2022-12-18T03:50:53.300Z","BATT":100,"INTERVAL":1200},{"modelID":"ba-10-50-c8-8e-73","modelType":"Wi-SHT10A","DATAS":["Temperature","Humidity"],"Temperature":5.59,"Humidity":0,"TIMESTAMP":"2022-12-18T03:30:55.380Z","BATT":100,"INTERVAL":1200},{"modelID":"ba-10-50-c8-8e-73","modelType":"Wi-SHT10A","DATAS":["Temperature","Humidity"],"Temperature":5.83,"Humidity":0,"TIMESTAMP":"2022-12-18T03:10:57.921Z","BATT":100,"INTERVAL":1200},{"modelID":"ba-10-50-c8-8e-73","modelType":"Wi-SHT10A","DATAS":["Temperature","Humidity"],"Temperature":5.93,"Humidity":0,"TIMESTAMP":"2022-12-18T02:51:08.088Z","BATT":100,"INTERVAL":1200},{"modelID":"ba-10-50-c8-8e-73","modelType":"Wi-SHT10A","DATAS":["Temperature","Humidity"],"Temperature":5.42,"Humidity":0,"TIMESTAMP":"2022-12-18T02:30:59.409Z","BATT":100,"INTERVAL":1200},{"modelID":"ba-10-50-c8-8e-73","modelType":"Wi-SHT10A","DATAS":["Temperature","Humidity"],"Temperature":5.09,"Humidity":0,"TIMESTAMP":"2022-12-18T02:10:59.328Z","BATT":100,"INTERVAL":1200},{"modelID":"ba-10-50-c8-8e-73","modelType":"Wi-SHT10A","DATAS":["Temperature","Humidity"],"Temperature":4.85,"Humidity":0,"TIMESTAMP":"2022-12-18T01:50:28.995Z","BATT":100,"INTERVAL":1200},{"modelID":"ba-10-50-c8-8e-73","modelType":"Wi-SHT10A","DATAS":["Temperature","Humidity"],"Temperature":5.05,"Humidity":0,"TIMESTAMP":"2022-12-18T01:30:53.939Z","BATT":100,"INTERVAL":1200},{"modelID":"ba-10-50-c8-8e-73","modelType":"Wi-SHT10A","DATAS":["Temperature","Humidity"],"Temperature":5.59,"Humidity":0,"TIMESTAMP":"2022-12-18T01:10:58.482Z","BATT":100,"INTERVAL":1200},{"modelID":"ba-10-50-c8-8e-73","modelType":"Wi-SHT10A","DATAS":["Temperature","Humidity"],"Temperature":5.93,"Humidity":0,"TIMESTAMP":"2022-12-18T00:50:30.521Z","BATT":100,"INTERVAL":1200},{"modelID":"ba-10-50-c8-8e-73","modelType":"Wi-SHT10A","DATAS":["Temperature","Humidity"],"Temperature":5.56,"Humidity":0,"TIMESTAMP":"2022-12-18T00:30:29.380Z","BATT":100,"INTERVAL":1200},{"modelID":"ba-10-50-c8-8e-73","modelType":"Wi-SHT10A","DATAS":["Temperature","Humidity"],"Temperature":5.05,"Humidity":0,"TIMESTAMP":"2022-12-18T00:10:29.681Z","BATT":100,"INTERVAL":1200},{"modelID":"ba-10-50-c8-8e-73","modelType":"Wi-SHT10A","DATAS":["Temperature","Humidity"],"Temperature":4.89,"Humidity":0,"TIMESTAMP":"2022-12-17T23:50:29.559Z","BATT":100,"INTERVAL":1200},{"modelID":"ba-10-50-c8-8e-73","modelType":"Wi-SHT10A","DATAS":["Temperature","Humidity"],"Temperature":5.05,"Humidity":0,"TIMESTAMP":"2022-12-17T23:30:30.888Z","BATT":100,"INTERVAL":1200},{"modelID":"ba-10-50-c8-8e-73","modelType":"Wi-SHT10A","DATAS":["Temperature","Humidity"],"Temperature":5.56,"Humidity":0,"TIMESTAMP":"2022-12-17T23:11:04.693Z","BATT":100,"INTERVAL":1200},{"modelID":"ba-10-50-c8-8e-73","modelType":"Wi-SHT10A","DATAS":["Temperature","Humidity"],"Temperature":5.89,"Humidity":0,"TIMESTAMP":"2022-12-17T22:51:22.634Z","BATT":100,"INTERVAL":1200},{"modelID":"ba-10-50-c8-8e-73","modelType":"Wi-SHT10A","DATAS":["Temperature","Humidity"],"Temperature":5.79,"Humidity":0,"TIMESTAMP":"2022-12-17T22:30:29.392Z","BATT":100,"INTERVAL":1200},{"modelID":"ba-10-50-c8-8e-73","modelType":"Wi-SHT10A","DATAS":["Temperature","Humidity"],"Temperature":5.19,"Humidity":0,"TIMESTAMP":"2022-12-17T22:10:37.903Z","BATT":100,"INTERVAL":1200},{"modelID":"ba-10-50-c8-8e-73","modelType":"Wi-SHT10A","DATAS":["Temperature","Humidity"],"Temperature":4.99,"Humidity":0,"TIMESTAMP":"2022-12-17T21:50:43.374Z","BATT":100,"INTERVAL":1200},{"modelID":"ba-10-50-c8-8e-73","modelType":"Wi-SHT10A","DATAS":["Temperature","Humidity"],"Temperature":5.25,"Humidity":0,"TIMESTAMP":"2022-12-17T21:30:39.733Z","BATT":100,"INTERVAL":1200},{"modelID":"ba-10-50-c8-8e-73","modelType":"Wi-SHT10A","DATAS":["Temperature","Humidity"],"Temperature":5.52,"Humidity":0,"TIMESTAMP":"2022-12-17T21:11:05.235Z","BATT":100,"INTERVAL":1200},{"modelID":"ba-10-50-c8-8e-73","modelType":"Wi-SHT10A","DATAS":["Temperature","Humidity"],"Temperature":5.89,"Humidity":0,"TIMESTAMP":"2022-12-17T20:50:59.700Z","BATT":100,"INTERVAL":1200},{"modelID":"ba-10-50-c8-8e-73","modelType":"Wi-SHT10A","DATAS":["Temperature","Humidity"],"Temperature":5.93,"Humidity":0,"TIMESTAMP":"2022-12-17T20:31:05.938Z","BATT":100,"INTERVAL":1200},{"modelID":"ba-10-50-c8-8e-73","modelType":"Wi-SHT10A","DATAS":["Temperature","Humidity"],"Temperature":5.22,"Humidity":0,"TIMESTAMP":"2022-12-17T20:11:01.559Z","BATT":100,"INTERVAL":1200},{"modelID":"ba-10-50-c8-8e-73","modelType":"Wi-SHT10A","DATAS":["Temperature","Humidity"],"Temperature":4.92,"Humidity":0,"TIMESTAMP":"2022-12-17T19:51:23.693Z","BATT":100,"INTERVAL":1200},{"modelID":"ba-10-50-c8-8e-73","modelType":"Wi-SHT10A","DATAS":["Temperature","Humidity"],"Temperature":5.02,"Humidity":0,"TIMESTAMP":"2022-12-17T19:30:40.280Z","BATT":100,"INTERVAL":1200},{"modelID":"ba-10-50-c8-8e-73","modelType":"Wi-SHT10A","DATAS":["Temperature","Humidity"],"Temperature":5.52,"Humidity":0,"TIMESTAMP":"2022-12-17T19:11:00.167Z","BATT":100,"INTERVAL":1200},{"modelID":"ba-10-50-c8-8e-73","modelType":"Wi-SHT10A","DATAS":["Temperature","Humidity"],"Temperature":5.93,"Humidity":0,"TIMESTAMP":"2022-12-17T18:50:50.417Z","BATT":100,"INTERVAL":1200},{"modelID":"ba-10-50-c8-8e-73","modelType":"Wi-SHT10A","DATAS":["Temperature","Humidity"],"Temperature":5.99,"Humidity":0,"TIMESTAMP":"2022-12-17T18:31:17.977Z","BATT":100,"INTERVAL":1200},{"modelID":"ba-10-50-c8-8e-73","modelType":"Wi-SHT10A","DATAS":["Temperature","Humidity"],"Temperature":5.29,"Humidity":0,"TIMESTAMP":"2022-12-17T18:11:24.158Z","BATT":100,"INTERVAL":1200},{"modelID":"ba-10-50-c8-8e-73","modelType":"Wi-SHT10A","DATAS":["Temperature","Humidity"],"Temperature":5.02,"Humidity":0,"TIMESTAMP":"2022-12-17T17:51:10.615Z","BATT":100,"INTERVAL":1200},{"modelID":"ba-10-50-c8-8e-73","modelType":"Wi-SHT10A","DATAS":["Temperature","Humidity"],"Temperature":5.42,"Humidity":0,"TIMESTAMP":"2022-12-17T17:31:02.576Z","BATT":100,"INTERVAL":1200},{"modelID":"ba-10-50-c8-8e-73","modelType":"Wi-SHT10A","DATAS":["Temperature","Humidity"],"Temperature":5.96,"Humidity":0,"TIMESTAMP":"2022-12-17T17:11:04.175Z","BATT":100,"INTERVAL":1200},{"modelID":"ba-10-50-c8-8e-73","modelType":"Wi-SHT10A","DATAS":["Temperature","Humidity"],"Temperature":5.73,"Humidity":0,"TIMESTAMP":"2022-12-17T16:50:30.987Z","BATT":100,"INTERVAL":1200},{"modelID":"ba-10-50-c8-8e-73","modelType":"Wi-SHT10A","DATAS":["Temperature","Humidity"],"Temperature":5.19,"Humidity":0,"TIMESTAMP":"2022-12-17T16:31:24.626Z","BATT":100,"INTERVAL":1200},{"modelID":"ba-10-50-c8-8e-73","modelType":"Wi-SHT10A","DATAS":["Temperature","Humidity"],"Temperature":5.02,"Humidity":0,"TIMESTAMP":"2022-12-17T16:11:11.066Z","BATT":100,"INTERVAL":1200}],"DAYHOURS":["12","11","10","9","8","7","6","5","4","3","2","1","0"]}