{"SENSORNAME":"PRE-COOL FE - CHWR PRESS 1","SENSORTYPE":"WTRPRS(485)","DTUID":"209","SENSORID":"27","DATE0":"2022-12-18T03:27:41.666Z","DATE1":"2022-02-13T09:59:00.556Z","DAYDATA":[{"DTUID":"209","SENSORID":27,"FUNCID":3,"NDATA":2,"SENSORTYPE":"WATER-PRES","RCV_BYTES":["443D","F000"],"DATAS":[17469,-4096],"DATAS1":[],"DATAS2":[],"TIMESTAMP":"2022-12-18T03:27:41.666Z"},{"DTUID":"209","SENSORID":27,"FUNCID":3,"NDATA":2,"SENSORTYPE":"WATER-PRES","RCV_BYTES":["443D","FCEE"],"DATAS":[17469,-786],"DATAS1":[],"DATAS2":[],"TIMESTAMP":"2022-12-18T02:27:35.485Z"},{"DTUID":"209","SENSORID":27,"FUNCID":3,"NDATA":2,"SENSORTYPE":"WATER-PRES","RCV_BYTES":["443D","D614"],"DATAS":[17469,-10732],"DATAS1":[],"DATAS2":[],"TIMESTAMP":"2022-12-18T00:47:28.569Z"},{"DTUID":"209","SENSORID":27,"FUNCID":3,"NDATA":2,"SENSORTYPE":"WATER-PRES","RCV_BYTES":["443D","A23D"],"DATAS":[17469,-24003],"DATAS1":[],"DATAS2":[],"TIMESTAMP":"2022-12-17T20:47:11.393Z"},{"DTUID":"209","SENSORID":27,"FUNCID":3,"NDATA":2,"SENSORTYPE":"WATER-PRES","RCV_BYTES":["443D","C917"],"DATAS":[17469,-14057],"DATAS1":[],"DATAS2":[],"TIMESTAMP":"2022-12-17T20:27:09.961Z"},{"DTUID":"209","SENSORID":27,"FUNCID":3,"NDATA":2,"SENSORTYPE":"WATER-PRES","RCV_BYTES":["443D","61AA"],"DATAS":[17469,25002],"DATAS1":[],"DATAS2":[],"TIMESTAMP":"2022-12-17T18:27:00.372Z"},{"DTUID":"209","SENSORID":27,"FUNCID":3,"NDATA":2,"SENSORTYPE":"WATER-PRES","RCV_BYTES":["443D","7B96"],"DATAS":[17469,31638],"DATAS1":[],"DATAS2":[],"TIMESTAMP":"2022-12-17T17:26:57.621Z"}],"DAYHOURS":["11","10","8","4","2","1"]}