[{
  "_id": "615086228b785119a0f8fdba",
  "status": true,
  "companyname": "Demo Account",
  "__v": 0
},{
  "_id": "624985db80f0dc04fc879e1d",
  "status": true,
  "companyname": "AeroSOFT Technologies Pte Ltd",
  "__v": 0
},{
  "_id": "624985db80f0dc04fc879e1f",
  "status": true,
  "companyname": "SuaraKOM",
  "__v": 0
},{
  "_id": "6249860380f0dc04fc879e48",
  "status": true,
  "companyname": "AFFLUENT",
  "__v": 0
},{
  "_id": "6249860380f0dc04fc879e4a",
  "status": true,
  "companyname": "IKN",
  "__v": 0
},{
  "_id": "6249860380f0dc04fc879e4c",
  "status": true,
  "companyname": "TDK",
  "__v": 0
},{
  "_id": "6249860380f0dc04fc879e4e",
  "status": true,
  "companyname": "Nippon Glass",
  "__v": 0
}]