{"PORT":1010,"MATCHKEY":"83709728","GATEWAYID":"1156333088","ADDRESS":"::ffff:113.210.54.126>29965","TIMESTAMP":"2022-11-28T13:18:37.747Z","SOCKET":{"connecting":false,"_hadError":false,"_parent":null,"_host":null,"_readableState":{"objectMode":false,"highWaterMark":16384,"buffer":{"head":null,"tail":null,"length":0},"length":0,"pipes":[],"flowing":true,"ended":false,"endEmitted":false,"reading":true,"sync":false,"needReadable":true,"emittedReadable":false,"readableListening":false,"resumeScheduled":false,"errorEmitted":false,"emitClose":false,"autoDestroy":false,"destroyed":false,"errored":null,"closed":false,"closeEmitted":false,"defaultEncoding":"utf8","awaitDrainWriters":null,"multiAwaitDrain":false,"readingMore":false,"decoder":null,"encoding":null},"_events":{"end":[null,null]},"_eventsCount":5,"_writableState":{"objectMode":false,"highWaterMark":16384,"finalCalled":false,"needDrain":false,"ending":false,"ended":false,"finished":false,"destroyed":false,"decodeStrings":false,"defaultEncoding":"utf8","length":0,"writing":false,"corked":0,"sync":true,"bufferProcessing":false,"writecb":null,"writelen":0,"afterWriteTickInfo":null,"buffered":[],"bufferedIndex":0,"allBuffers":true,"allNoop":true,"pendingcb":0,"prefinished":false,"errorEmitted":false,"emitClose":false,"autoDestroy":false,"errored":null,"closed":false,"closeEmitted":false},"allowHalfOpen":false,"_sockname":null,"_pendingData":null,"_pendingEncoding":"","server":{"_events":{},"_eventsCount":1,"_connections":3,"_handle":{"reading":false},"_usingWorkers":false,"_workers":[],"_unref":false,"allowHalfOpen":false,"pauseOnConnect":false,"_connectionKey":"6::::1010"},"_server":{"_events":{},"_eventsCount":1,"_connections":3,"_handle":{"reading":false},"_usingWorkers":false,"_workers":[],"_unref":false,"allowHalfOpen":false,"pauseOnConnect":false,"_connectionKey":"6::::1010"},"_peername":{"address":"::ffff:113.210.54.126","family":"IPv6","port":29965},"timeout":1800000}}