{"SENSORNAME":"WCPU OVERALL AIR DUCT","SENSORTYPE":"AIRRH(485)","DTUID":"203","SENSORID":"22","DATE0":"2022-11-28T11:56:38.476Z","DATE1":"2022-02-13T09:06:33.793Z","DAYDATA":[{"DTUID":"203","SENSORID":22,"FUNCID":3,"NDATA":2,"SENSORTYPE":"AIRFLOW-TEMP","RCV_BYTES":["01FB","0090"],"DATAS":[507,144],"DATAS1":[],"DATAS2":[],"TIMESTAMP":"2022-11-28T11:56:38.476Z"},{"DTUID":"203","SENSORID":22,"FUNCID":3,"NDATA":2,"SENSORTYPE":"AIRFLOW-TEMP","RCV_BYTES":["020B","008F"],"DATAS":[523,143],"DATAS1":[],"DATAS2":[],"TIMESTAMP":"2022-11-28T11:26:10.056Z"},{"DTUID":"203","SENSORID":22,"FUNCID":3,"NDATA":2,"SENSORTYPE":"AIRFLOW-TEMP","RCV_BYTES":["0211","008F"],"DATAS":[529,143],"DATAS1":[],"DATAS2":[],"TIMESTAMP":"2022-11-28T11:06:15.808Z"},{"DTUID":"203","SENSORID":22,"FUNCID":3,"NDATA":2,"SENSORTYPE":"AIRFLOW-TEMP","RCV_BYTES":["02B1","006A"],"DATAS":[689,106],"DATAS1":[],"DATAS2":[],"TIMESTAMP":"2022-11-28T10:06:12.584Z"},{"DTUID":"203","SENSORID":22,"FUNCID":3,"NDATA":2,"SENSORTYPE":"AIRFLOW-TEMP","RCV_BYTES":["029C","006A"],"DATAS":[668,106],"DATAS1":[],"DATAS2":[],"TIMESTAMP":"2022-11-28T09:25:59.480Z"},{"DTUID":"203","SENSORID":22,"FUNCID":3,"NDATA":2,"SENSORTYPE":"AIRFLOW-TEMP","RCV_BYTES":["0292","006A"],"DATAS":[658,106],"DATAS1":[],"DATAS2":[],"TIMESTAMP":"2022-11-28T08:29:31.638Z"},{"DTUID":"203","SENSORID":22,"FUNCID":3,"NDATA":2,"SENSORTYPE":"AIRFLOW-TEMP","RCV_BYTES":["028E","006B"],"DATAS":[654,107],"DATAS1":[],"DATAS2":[],"TIMESTAMP":"2022-11-28T03:03:49.707Z"},{"DTUID":"203","SENSORID":22,"FUNCID":3,"NDATA":2,"SENSORTYPE":"AIRFLOW-TEMP","RCV_BYTES":["027A","006C"],"DATAS":[634,108],"DATAS1":[],"DATAS2":[],"TIMESTAMP":"2022-11-28T01:00:29.602Z"},{"DTUID":"203","SENSORID":22,"FUNCID":3,"NDATA":2,"SENSORTYPE":"AIRFLOW-TEMP","RCV_BYTES":["0185","00A0"],"DATAS":[389,160],"DATAS1":[],"DATAS2":[],"TIMESTAMP":"2022-11-27T23:16:28.315Z"},{"DTUID":"203","SENSORID":22,"FUNCID":3,"NDATA":2,"SENSORTYPE":"AIRFLOW-TEMP","RCV_BYTES":["017A","009F"],"DATAS":[378,159],"DATAS1":[],"DATAS2":[],"TIMESTAMP":"2022-11-27T22:15:16.717Z"},{"DTUID":"203","SENSORID":22,"FUNCID":3,"NDATA":2,"SENSORTYPE":"AIRFLOW-TEMP","RCV_BYTES":["0179","009F"],"DATAS":[377,159],"DATAS1":[],"DATAS2":[],"TIMESTAMP":"2022-11-27T21:15:52.303Z"},{"DTUID":"203","SENSORID":22,"FUNCID":3,"NDATA":2,"SENSORTYPE":"AIRFLOW-TEMP","RCV_BYTES":["017A","009F"],"DATAS":[378,159],"DATAS1":[],"DATAS2":[],"TIMESTAMP":"2022-11-27T20:35:06.800Z"},{"DTUID":"203","SENSORID":22,"FUNCID":3,"NDATA":2,"SENSORTYPE":"AIRFLOW-TEMP","RCV_BYTES":["0181","009F"],"DATAS":[385,159],"DATAS1":[],"DATAS2":[],"TIMESTAMP":"2022-11-27T19:35:01.743Z"},{"DTUID":"203","SENSORID":22,"FUNCID":3,"NDATA":2,"SENSORTYPE":"AIRFLOW-TEMP","RCV_BYTES":["0184","009F"],"DATAS":[388,159],"DATAS1":[],"DATAS2":[],"TIMESTAMP":"2022-11-27T19:15:01.909Z"},{"DTUID":"203","SENSORID":22,"FUNCID":3,"NDATA":2,"SENSORTYPE":"AIRFLOW-TEMP","RCV_BYTES":["0187","009F"],"DATAS":[391,159],"DATAS1":[],"DATAS2":[],"TIMESTAMP":"2022-11-27T18:35:01.332Z"},{"DTUID":"203","SENSORID":22,"FUNCID":3,"NDATA":2,"SENSORTYPE":"AIRFLOW-TEMP","RCV_BYTES":["018C","009F"],"DATAS":[396,159],"DATAS1":[],"DATAS2":[],"TIMESTAMP":"2022-11-27T18:14:59.813Z"},{"DTUID":"203","SENSORID":22,"FUNCID":3,"NDATA":2,"SENSORTYPE":"AIRFLOW-TEMP","RCV_BYTES":["0182","009F"],"DATAS":[386,159],"DATAS1":[],"DATAS2":[],"TIMESTAMP":"2022-11-27T17:35:42.575Z"},{"DTUID":"203","SENSORID":22,"FUNCID":3,"NDATA":2,"SENSORTYPE":"AIRFLOW-TEMP","RCV_BYTES":["0183","009F"],"DATAS":[387,159],"DATAS1":[],"DATAS2":[],"TIMESTAMP":"2022-11-27T17:15:19.714Z"}],"DAYHOURS":["19","18","17","16","11","9","7","6","5","4","3","2","1"]}