{"SENSORNAME":"TRANSFORMER ROOM","SENSORTYPE":"WISENSOR","DTUID":"-1","SENSORID":"B0-02-3D-DE-70-5D","DATE0":"2022-11-28T13:15:59.025Z","DATE1":"2022-05-14T03:45:34.109Z","DAYDATA":[{"modelID":"b0-02-3d-de-70-5d","modelType":"Wi-SHT10","DATAS":["Temperature","Humidity"],"Temperature":28.1,"Humidity":30.6624,"TIMESTAMP":"2022-11-28T13:15:59.025Z","BATT":100,"INTERVAL":600},{"modelID":"b0-02-3d-de-70-5d","modelType":"Wi-SHT10","DATAS":["Temperature","Humidity"],"Temperature":27.97,"Humidity":30.6336,"TIMESTAMP":"2022-11-28T13:05:59.238Z","BATT":100,"INTERVAL":600},{"modelID":"b0-02-3d-de-70-5d","modelType":"Wi-SHT10","DATAS":["Temperature","Humidity"],"Temperature":28.08,"Humidity":30.4992,"TIMESTAMP":"2022-11-28T12:55:43.421Z","BATT":100,"INTERVAL":600},{"modelID":"b0-02-3d-de-70-5d","modelType":"Wi-SHT10","DATAS":["Temperature","Humidity"],"Temperature":28.04,"Humidity":30.912000000000003,"TIMESTAMP":"2022-11-28T12:25:55.997Z","BATT":100,"INTERVAL":600},{"modelID":"b0-02-3d-de-70-5d","modelType":"Wi-SHT10","DATAS":["Temperature","Humidity"],"Temperature":28.08,"Humidity":31.0656,"TIMESTAMP":"2022-11-28T12:15:31.204Z","BATT":100,"INTERVAL":600},{"modelID":"b0-02-3d-de-70-5d","modelType":"Wi-SHT10","DATAS":["Temperature","Humidity"],"Temperature":27.99,"Humidity":31.1232,"TIMESTAMP":"2022-11-28T12:05:42.065Z","BATT":100,"INTERVAL":600},{"modelID":"b0-02-3d-de-70-5d","modelType":"Wi-SHT10","DATAS":["Temperature","Humidity"],"Temperature":27.98,"Humidity":30.4992,"TIMESTAMP":"2022-11-28T11:56:02.061Z","BATT":100,"INTERVAL":600},{"modelID":"b0-02-3d-de-70-5d","modelType":"Wi-SHT10","DATAS":["Temperature","Humidity"],"Temperature":28.01,"Humidity":30.912000000000003,"TIMESTAMP":"2022-11-28T11:45:31.088Z","BATT":100,"INTERVAL":600},{"modelID":"b0-02-3d-de-70-5d","modelType":"Wi-SHT10","DATAS":["Temperature","Humidity"],"Temperature":28.07,"Humidity":31.3056,"TIMESTAMP":"2022-11-28T11:35:53.630Z","BATT":100,"INTERVAL":600},{"modelID":"b0-02-3d-de-70-5d","modelType":"Wi-SHT10","DATAS":["Temperature","Humidity"],"Temperature":28.08,"Humidity":31.4784,"TIMESTAMP":"2022-11-28T11:25:52.546Z","BATT":100,"INTERVAL":600},{"modelID":"b0-02-3d-de-70-5d","modelType":"Wi-SHT10","DATAS":["Temperature","Humidity"],"Temperature":27.99,"Humidity":31.6416,"TIMESTAMP":"2022-11-28T11:15:58.049Z","BATT":100,"INTERVAL":600},{"modelID":"b0-02-3d-de-70-5d","modelType":"Wi-SHT10","DATAS":["Temperature","Humidity"],"Temperature":28.16,"Humidity":32.102399999999996,"TIMESTAMP":"2022-11-28T10:55:51.828Z","BATT":100,"INTERVAL":600},{"modelID":"b0-02-3d-de-70-5d","modelType":"Wi-SHT10","DATAS":["Temperature","Humidity"],"Temperature":28.08,"Humidity":33.0912,"TIMESTAMP":"2022-11-28T10:45:56.508Z","BATT":100,"INTERVAL":600},{"modelID":"b0-02-3d-de-70-5d","modelType":"Wi-SHT10","DATAS":["Temperature","Humidity"],"Temperature":28.14,"Humidity":32.7744,"TIMESTAMP":"2022-11-28T10:35:30.754Z","BATT":100,"INTERVAL":600},{"modelID":"b0-02-3d-de-70-5d","modelType":"Wi-SHT10","DATAS":["Temperature","Humidity"],"Temperature":28.11,"Humidity":33.619200000000006,"TIMESTAMP":"2022-11-28T10:25:41.687Z","BATT":100,"INTERVAL":600},{"modelID":"b0-02-3d-de-70-5d","modelType":"Wi-SHT10","DATAS":["Temperature","Humidity"],"Temperature":28.2,"Humidity":33.8112,"TIMESTAMP":"2022-11-28T10:15:55.968Z","BATT":100,"INTERVAL":600},{"modelID":"b0-02-3d-de-70-5d","modelType":"Wi-SHT10","DATAS":["Temperature","Humidity"],"Temperature":28.16,"Humidity":34.464,"TIMESTAMP":"2022-11-28T10:05:38.612Z","BATT":100,"INTERVAL":600},{"modelID":"b0-02-3d-de-70-5d","modelType":"Wi-SHT10","DATAS":["Temperature","Humidity"],"Temperature":28.16,"Humidity":34.857600000000005,"TIMESTAMP":"2022-11-28T09:55:52.686Z","BATT":100,"INTERVAL":600},{"modelID":"b0-02-3d-de-70-5d","modelType":"Wi-SHT10","DATAS":["Temperature","Humidity"],"Temperature":28.14,"Humidity":35.395199999999996,"TIMESTAMP":"2022-11-28T09:45:50.866Z","BATT":100,"INTERVAL":600},{"modelID":"b0-02-3d-de-70-5d","modelType":"Wi-SHT10","DATAS":["Temperature","Humidity"],"Temperature":28.07,"Humidity":34.8384,"TIMESTAMP":"2022-11-28T09:35:48.100Z","BATT":100,"INTERVAL":600},{"modelID":"b0-02-3d-de-70-5d","modelType":"Wi-SHT10","DATAS":["Temperature","Humidity"],"Temperature":28.05,"Humidity":34.5696,"TIMESTAMP":"2022-11-28T09:25:38.882Z","BATT":100,"INTERVAL":600},{"modelID":"b0-02-3d-de-70-5d","modelType":"Wi-SHT10","DATAS":["Temperature","Humidity"],"Temperature":28.02,"Humidity":33.8208,"TIMESTAMP":"2022-11-28T09:15:45.562Z","BATT":100,"INTERVAL":600},{"modelID":"b0-02-3d-de-70-5d","modelType":"Wi-SHT10","DATAS":["Temperature","Humidity"],"Temperature":27.99,"Humidity":33.5616,"TIMESTAMP":"2022-11-28T09:05:42.300Z","BATT":100,"INTERVAL":600},{"modelID":"b0-02-3d-de-70-5d","modelType":"Wi-SHT10","DATAS":["Temperature","Humidity"],"Temperature":27.98,"Humidity":33.379200000000004,"TIMESTAMP":"2022-11-28T08:55:31.780Z","BATT":100,"INTERVAL":600},{"modelID":"b0-02-3d-de-70-5d","modelType":"Wi-SHT10","DATAS":["Temperature","Humidity"],"Temperature":27.88,"Humidity":32.9088,"TIMESTAMP":"2022-11-28T08:45:45.649Z","BATT":100,"INTERVAL":600},{"modelID":"b0-02-3d-de-70-5d","modelType":"Wi-SHT10","DATAS":["Temperature","Humidity"],"Temperature":27.86,"Humidity":32.928,"TIMESTAMP":"2022-11-28T08:35:37.777Z","BATT":100,"INTERVAL":600},{"modelID":"b0-02-3d-de-70-5d","modelType":"Wi-SHT10","DATAS":["Temperature","Humidity"],"Temperature":27.86,"Humidity":33.072,"TIMESTAMP":"2022-11-28T08:25:35.818Z","BATT":100,"INTERVAL":600},{"modelID":"b0-02-3d-de-70-5d","modelType":"Wi-SHT10","DATAS":["Temperature","Humidity"],"Temperature":27.81,"Humidity":33.177600000000005,"TIMESTAMP":"2022-11-28T08:15:31.459Z","BATT":100,"INTERVAL":600},{"modelID":"b0-02-3d-de-70-5d","modelType":"Wi-SHT10","DATAS":["Temperature","Humidity"],"Temperature":27.83,"Humidity":33.5232,"TIMESTAMP":"2022-11-28T08:05:27.902Z","BATT":100,"INTERVAL":600},{"modelID":"b0-02-3d-de-70-5d","modelType":"Wi-SHT10","DATAS":["Temperature","Humidity"],"Temperature":27.75,"Humidity":34.272000000000006,"TIMESTAMP":"2022-11-28T07:55:28.703Z","BATT":100,"INTERVAL":600},{"modelID":"b0-02-3d-de-70-5d","modelType":"Wi-SHT10","DATAS":["Temperature","Humidity"],"Temperature":27.68,"Humidity":34.7712,"TIMESTAMP":"2022-11-28T07:45:40.183Z","BATT":100,"INTERVAL":600},{"modelID":"b0-02-3d-de-70-5d","modelType":"Wi-SHT10","DATAS":["Temperature","Humidity"],"Temperature":27.74,"Humidity":35.327999999999996,"TIMESTAMP":"2022-11-28T07:35:52.204Z","BATT":100,"INTERVAL":600},{"modelID":"b0-02-3d-de-70-5d","modelType":"Wi-SHT10","DATAS":["Temperature","Humidity"],"Temperature":27.67,"Humidity":35.6832,"TIMESTAMP":"2022-11-28T07:25:35.142Z","BATT":100,"INTERVAL":600},{"modelID":"b0-02-3d-de-70-5d","modelType":"Wi-SHT10","DATAS":["Temperature","Humidity"],"Temperature":27.68,"Humidity":36.0768,"TIMESTAMP":"2022-11-28T07:15:50.325Z","BATT":100,"INTERVAL":600},{"modelID":"b0-02-3d-de-70-5d","modelType":"Wi-SHT10","DATAS":["Temperature","Humidity"],"Temperature":27.73,"Humidity":36.768,"TIMESTAMP":"2022-11-28T07:05:59.556Z","BATT":100,"INTERVAL":600},{"modelID":"b0-02-3d-de-70-5d","modelType":"Wi-SHT10","DATAS":["Temperature","Humidity"],"Temperature":27.65,"Humidity":36.8832,"TIMESTAMP":"2022-11-28T06:55:43.919Z","BATT":100,"INTERVAL":600},{"modelID":"b0-02-3d-de-70-5d","modelType":"Wi-SHT10","DATAS":["Temperature","Humidity"],"Temperature":27.59,"Humidity":36.806400000000004,"TIMESTAMP":"2022-11-28T06:45:36.080Z","BATT":100,"INTERVAL":600},{"modelID":"b0-02-3d-de-70-5d","modelType":"Wi-SHT10","DATAS":["Temperature","Humidity"],"Temperature":27.54,"Humidity":36.7872,"TIMESTAMP":"2022-11-28T06:35:52.520Z","BATT":100,"INTERVAL":600},{"modelID":"b0-02-3d-de-70-5d","modelType":"Wi-SHT10","DATAS":["Temperature","Humidity"],"Temperature":27.54,"Humidity":37.4784,"TIMESTAMP":"2022-11-28T06:25:39.789Z","BATT":100,"INTERVAL":600},{"modelID":"b0-02-3d-de-70-5d","modelType":"Wi-SHT10","DATAS":["Temperature","Humidity"],"Temperature":27.51,"Humidity":37.8144,"TIMESTAMP":"2022-11-28T06:15:45.702Z","BATT":100,"INTERVAL":600},{"modelID":"b0-02-3d-de-70-5d","modelType":"Wi-SHT10","DATAS":["Temperature","Humidity"],"Temperature":27.5,"Humidity":37.9776,"TIMESTAMP":"2022-11-28T06:05:58.632Z","BATT":100,"INTERVAL":600},{"modelID":"b0-02-3d-de-70-5d","modelType":"Wi-SHT10","DATAS":["Temperature","Humidity"],"Temperature":27.47,"Humidity":38.1984,"TIMESTAMP":"2022-11-28T05:56:03.931Z","BATT":100,"INTERVAL":600},{"modelID":"b0-02-3d-de-70-5d","modelType":"Wi-SHT10","DATAS":["Temperature","Humidity"],"Temperature":27.42,"Humidity":37.7568,"TIMESTAMP":"2022-11-28T05:45:53.553Z","BATT":100,"INTERVAL":600},{"modelID":"b0-02-3d-de-70-5d","modelType":"Wi-SHT10","DATAS":["Temperature","Humidity"],"Temperature":27.29,"Humidity":37.497600000000006,"TIMESTAMP":"2022-11-28T05:35:56.415Z","BATT":100,"INTERVAL":600},{"modelID":"b0-02-3d-de-70-5d","modelType":"Wi-SHT10","DATAS":["Temperature","Humidity"],"Temperature":27.27,"Humidity":37.708800000000004,"TIMESTAMP":"2022-11-28T05:25:58.931Z","BATT":100,"INTERVAL":600},{"modelID":"b0-02-3d-de-70-5d","modelType":"Wi-SHT10","DATAS":["Temperature","Humidity"],"Temperature":27.27,"Humidity":38.006400000000006,"TIMESTAMP":"2022-11-28T05:16:01.382Z","BATT":100,"INTERVAL":600},{"modelID":"b0-02-3d-de-70-5d","modelType":"Wi-SHT10","DATAS":["Temperature","Humidity"],"Temperature":27.26,"Humidity":38.620799999999996,"TIMESTAMP":"2022-11-28T05:05:33.951Z","BATT":100,"INTERVAL":600},{"modelID":"b0-02-3d-de-70-5d","modelType":"Wi-SHT10","DATAS":["Temperature","Humidity"],"Temperature":27.24,"Humidity":38.7648,"TIMESTAMP":"2022-11-28T04:55:29.770Z","BATT":100,"INTERVAL":600},{"modelID":"b0-02-3d-de-70-5d","modelType":"Wi-SHT10","DATAS":["Temperature","Humidity"],"Temperature":27.22,"Humidity":38.112,"TIMESTAMP":"2022-11-28T04:45:29.198Z","BATT":100,"INTERVAL":600},{"modelID":"b0-02-3d-de-70-5d","modelType":"Wi-SHT10","DATAS":["Temperature","Humidity"],"Temperature":27.14,"Humidity":38.169599999999996,"TIMESTAMP":"2022-11-28T04:35:50.628Z","BATT":100,"INTERVAL":600},{"modelID":"b0-02-3d-de-70-5d","modelType":"Wi-SHT10","DATAS":["Temperature","Humidity"],"Temperature":27.17,"Humidity":38.4096,"TIMESTAMP":"2022-11-28T04:25:41.168Z","BATT":100,"INTERVAL":600},{"modelID":"b0-02-3d-de-70-5d","modelType":"Wi-SHT10","DATAS":["Temperature","Humidity"],"Temperature":27.11,"Humidity":38.0448,"TIMESTAMP":"2022-11-28T04:15:56.238Z","BATT":100,"INTERVAL":600},{"modelID":"b0-02-3d-de-70-5d","modelType":"Wi-SHT10","DATAS":["Temperature","Humidity"],"Temperature":27.08,"Humidity":37.564800000000005,"TIMESTAMP":"2022-11-28T04:05:49.523Z","BATT":100,"INTERVAL":600},{"modelID":"b0-02-3d-de-70-5d","modelType":"Wi-SHT10","DATAS":["Temperature","Humidity"],"Temperature":27.11,"Humidity":37.007999999999996,"TIMESTAMP":"2022-11-28T03:55:38.630Z","BATT":100,"INTERVAL":600},{"modelID":"b0-02-3d-de-70-5d","modelType":"Wi-SHT10","DATAS":["Temperature","Humidity"],"Temperature":27.13,"Humidity":36.6528,"TIMESTAMP":"2022-11-28T03:45:32.188Z","BATT":100,"INTERVAL":600},{"modelID":"b0-02-3d-de-70-5d","modelType":"Wi-SHT10","DATAS":["Temperature","Humidity"],"Temperature":26.96,"Humidity":36.6144,"TIMESTAMP":"2022-11-28T03:05:38.302Z","BATT":100,"INTERVAL":600},{"modelID":"b0-02-3d-de-70-5d","modelType":"Wi-SHT10","DATAS":["Temperature","Humidity"],"Temperature":22.95,"Humidity":21.6768,"TIMESTAMP":"2022-11-28T02:56:02.023Z","BATT":100,"INTERVAL":600},{"modelID":"b0-02-3d-de-70-5d","modelType":"Wi-SHT10","DATAS":["Temperature","Humidity"],"Temperature":26.89,"Humidity":35.8944,"TIMESTAMP":"2022-11-28T02:45:48.798Z","BATT":100,"INTERVAL":600},{"modelID":"b0-02-3d-de-70-5d","modelType":"Wi-SHT10","DATAS":["Temperature","Humidity"],"Temperature":26.95,"Humidity":35.8464,"TIMESTAMP":"2022-11-28T02:35:31.506Z","BATT":100,"INTERVAL":600},{"modelID":"b0-02-3d-de-70-5d","modelType":"Wi-SHT10","DATAS":["Temperature","Humidity"],"Temperature":26.92,"Humidity":35.4144,"TIMESTAMP":"2022-11-28T02:25:47.559Z","BATT":100,"INTERVAL":600},{"modelID":"b0-02-3d-de-70-5d","modelType":"Wi-SHT10","DATAS":["Temperature","Humidity"],"Temperature":26.88,"Humidity":35.4336,"TIMESTAMP":"2022-11-28T02:15:36.239Z","BATT":100,"INTERVAL":600},{"modelID":"b0-02-3d-de-70-5d","modelType":"Wi-SHT10","DATAS":["Temperature","Humidity"],"Temperature":26.85,"Humidity":35.2416,"TIMESTAMP":"2022-11-28T02:05:58.934Z","BATT":100,"INTERVAL":600},{"modelID":"b0-02-3d-de-70-5d","modelType":"Wi-SHT10","DATAS":["Temperature","Humidity"],"Temperature":26.85,"Humidity":35.6064,"TIMESTAMP":"2022-11-28T01:55:47.802Z","BATT":100,"INTERVAL":600},{"modelID":"b0-02-3d-de-70-5d","modelType":"Wi-SHT10","DATAS":["Temperature","Humidity"],"Temperature":26.76,"Humidity":34.3104,"TIMESTAMP":"2022-11-28T01:35:40.682Z","BATT":100,"INTERVAL":600},{"modelID":"b0-02-3d-de-70-5d","modelType":"Wi-SHT10","DATAS":["Temperature","Humidity"],"Temperature":26.74,"Humidity":33.8592,"TIMESTAMP":"2022-11-28T01:25:52.787Z","BATT":100,"INTERVAL":600},{"modelID":"b0-02-3d-de-70-5d","modelType":"Wi-SHT10","DATAS":["Temperature","Humidity"],"Temperature":26.7,"Humidity":33.2256,"TIMESTAMP":"2022-11-28T01:15:58.288Z","BATT":100,"INTERVAL":600},{"modelID":"b0-02-3d-de-70-5d","modelType":"Wi-SHT10","DATAS":["Temperature","Humidity"],"Temperature":26.66,"Humidity":32.803200000000004,"TIMESTAMP":"2022-11-28T01:06:00.819Z","BATT":100,"INTERVAL":600},{"modelID":"b0-02-3d-de-70-5d","modelType":"Wi-SHT10","DATAS":["Temperature","Humidity"],"Temperature":26.65,"Humidity":32.169599999999996,"TIMESTAMP":"2022-11-28T00:55:52.011Z","BATT":100,"INTERVAL":600},{"modelID":"b0-02-3d-de-70-5d","modelType":"Wi-SHT10","DATAS":["Temperature","Humidity"],"Temperature":26.66,"Humidity":31.910400000000003,"TIMESTAMP":"2022-11-28T00:45:47.943Z","BATT":100,"INTERVAL":600},{"modelID":"b0-02-3d-de-70-5d","modelType":"Wi-SHT10","DATAS":["Temperature","Humidity"],"Temperature":26.63,"Humidity":31.459200000000003,"TIMESTAMP":"2022-11-28T00:35:47.884Z","BATT":100,"INTERVAL":600},{"modelID":"b0-02-3d-de-70-5d","modelType":"Wi-SHT10","DATAS":["Temperature","Humidity"],"Temperature":23.14,"Humidity":18.7776,"TIMESTAMP":"2022-11-28T00:05:33.243Z","BATT":100,"INTERVAL":600},{"modelID":"b0-02-3d-de-70-5d","modelType":"Wi-SHT10","DATAS":["Temperature","Humidity"],"Temperature":26.51,"Humidity":30.268800000000002,"TIMESTAMP":"2022-11-27T23:55:50.117Z","BATT":100,"INTERVAL":600},{"modelID":"b0-02-3d-de-70-5d","modelType":"Wi-SHT10","DATAS":["Temperature","Humidity"],"Temperature":26.52,"Humidity":29.3472,"TIMESTAMP":"2022-11-27T23:35:28.612Z","BATT":100,"INTERVAL":600},{"modelID":"b0-02-3d-de-70-5d","modelType":"Wi-SHT10","DATAS":["Temperature","Humidity"],"Temperature":26.48,"Humidity":29.1072,"TIMESTAMP":"2022-11-27T23:25:37.377Z","BATT":100,"INTERVAL":600},{"modelID":"b0-02-3d-de-70-5d","modelType":"Wi-SHT10","DATAS":["Temperature","Humidity"],"Temperature":26.49,"Humidity":28.915200000000002,"TIMESTAMP":"2022-11-27T23:15:59.500Z","BATT":100,"INTERVAL":600},{"modelID":"b0-02-3d-de-70-5d","modelType":"Wi-SHT10","DATAS":["Temperature","Humidity"],"Temperature":26.48,"Humidity":28.8,"TIMESTAMP":"2022-11-27T23:05:59.605Z","BATT":100,"INTERVAL":600},{"modelID":"b0-02-3d-de-70-5d","modelType":"Wi-SHT10","DATAS":["Temperature","Humidity"],"Temperature":26.52,"Humidity":29.0208,"TIMESTAMP":"2022-11-27T22:55:49.161Z","BATT":100,"INTERVAL":600},{"modelID":"b0-02-3d-de-70-5d","modelType":"Wi-SHT10","DATAS":["Temperature","Humidity"],"Temperature":26.63,"Humidity":28.915200000000002,"TIMESTAMP":"2022-11-27T22:36:13.763Z","BATT":100,"INTERVAL":600},{"modelID":"b0-02-3d-de-70-5d","modelType":"Wi-SHT10","DATAS":["Temperature","Humidity"],"Temperature":26.55,"Humidity":29.2704,"TIMESTAMP":"2022-11-27T22:25:38.056Z","BATT":100,"INTERVAL":600},{"modelID":"b0-02-3d-de-70-5d","modelType":"Wi-SHT10","DATAS":["Temperature","Humidity"],"Temperature":26.54,"Humidity":29.1264,"TIMESTAMP":"2022-11-27T22:15:39.717Z","BATT":100,"INTERVAL":600},{"modelID":"b0-02-3d-de-70-5d","modelType":"Wi-SHT10","DATAS":["Temperature","Humidity"],"Temperature":26.64,"Humidity":29.0304,"TIMESTAMP":"2022-11-27T21:55:35.578Z","BATT":100,"INTERVAL":600},{"modelID":"b0-02-3d-de-70-5d","modelType":"Wi-SHT10","DATAS":["Temperature","Humidity"],"Temperature":26.6,"Humidity":28.6848,"TIMESTAMP":"2022-11-27T21:45:32.388Z","BATT":100,"INTERVAL":600},{"modelID":"b0-02-3d-de-70-5d","modelType":"Wi-SHT10","DATAS":["Temperature","Humidity"],"Temperature":26.59,"Humidity":28.752,"TIMESTAMP":"2022-11-27T21:35:56.100Z","BATT":100,"INTERVAL":600},{"modelID":"b0-02-3d-de-70-5d","modelType":"Wi-SHT10","DATAS":["Temperature","Humidity"],"Temperature":26.62,"Humidity":28.7616,"TIMESTAMP":"2022-11-27T21:25:59.132Z","BATT":100,"INTERVAL":600},{"modelID":"b0-02-3d-de-70-5d","modelType":"Wi-SHT10","DATAS":["Temperature","Humidity"],"Temperature":26.62,"Humidity":28.992,"TIMESTAMP":"2022-11-27T21:15:47.623Z","BATT":100,"INTERVAL":600},{"modelID":"b0-02-3d-de-70-5d","modelType":"Wi-SHT10","DATAS":["Temperature","Humidity"],"Temperature":26.66,"Humidity":29.2704,"TIMESTAMP":"2022-11-27T21:05:30.043Z","BATT":100,"INTERVAL":600},{"modelID":"b0-02-3d-de-70-5d","modelType":"Wi-SHT10","DATAS":["Temperature","Humidity"],"Temperature":26.62,"Humidity":29.1648,"TIMESTAMP":"2022-11-27T20:55:51.285Z","BATT":100,"INTERVAL":600},{"modelID":"b0-02-3d-de-70-5d","modelType":"Wi-SHT10","DATAS":["Temperature","Humidity"],"Temperature":26.66,"Humidity":29.0496,"TIMESTAMP":"2022-11-27T20:45:42.034Z","BATT":100,"INTERVAL":600},{"modelID":"b0-02-3d-de-70-5d","modelType":"Wi-SHT10","DATAS":["Temperature","Humidity"],"Temperature":26.69,"Humidity":29.3568,"TIMESTAMP":"2022-11-27T20:35:53.751Z","BATT":100,"INTERVAL":600},{"modelID":"b0-02-3d-de-70-5d","modelType":"Wi-SHT10","DATAS":["Temperature","Humidity"],"Temperature":26.67,"Humidity":29.424,"TIMESTAMP":"2022-11-27T20:25:31.886Z","BATT":100,"INTERVAL":600},{"modelID":"b0-02-3d-de-70-5d","modelType":"Wi-SHT10","DATAS":["Temperature","Humidity"],"Temperature":26.77,"Humidity":29.4432,"TIMESTAMP":"2022-11-27T20:15:49.959Z","BATT":100,"INTERVAL":600},{"modelID":"b0-02-3d-de-70-5d","modelType":"Wi-SHT10","DATAS":["Temperature","Humidity"],"Temperature":26.68,"Humidity":29.6544,"TIMESTAMP":"2022-11-27T20:05:46.120Z","BATT":100,"INTERVAL":600},{"modelID":"b0-02-3d-de-70-5d","modelType":"Wi-SHT10","DATAS":["Temperature","Humidity"],"Temperature":26.69,"Humidity":29.788800000000002,"TIMESTAMP":"2022-11-27T19:55:29.304Z","BATT":100,"INTERVAL":600},{"modelID":"b0-02-3d-de-70-5d","modelType":"Wi-SHT10","DATAS":["Temperature","Humidity"],"Temperature":26.71,"Humidity":29.3376,"TIMESTAMP":"2022-11-27T19:45:46.837Z","BATT":100,"INTERVAL":600},{"modelID":"b0-02-3d-de-70-5d","modelType":"Wi-SHT10","DATAS":["Temperature","Humidity"],"Temperature":26.76,"Humidity":29.5776,"TIMESTAMP":"2022-11-27T19:35:37.122Z","BATT":100,"INTERVAL":600},{"modelID":"b0-02-3d-de-70-5d","modelType":"Wi-SHT10","DATAS":["Temperature","Humidity"],"Temperature":26.73,"Humidity":29.3184,"TIMESTAMP":"2022-11-27T19:25:36.461Z","BATT":100,"INTERVAL":600},{"modelID":"b0-02-3d-de-70-5d","modelType":"Wi-SHT10","DATAS":["Temperature","Humidity"],"Temperature":26.75,"Humidity":29.7792,"TIMESTAMP":"2022-11-27T19:05:56.018Z","BATT":100,"INTERVAL":600},{"modelID":"b0-02-3d-de-70-5d","modelType":"Wi-SHT10","DATAS":["Temperature","Humidity"],"Temperature":26.77,"Humidity":29.8272,"TIMESTAMP":"2022-11-27T18:55:51.832Z","BATT":100,"INTERVAL":600},{"modelID":"b0-02-3d-de-70-5d","modelType":"Wi-SHT10","DATAS":["Temperature","Humidity"],"Temperature":26.78,"Humidity":29.76,"TIMESTAMP":"2022-11-27T18:45:35.806Z","BATT":100,"INTERVAL":600},{"modelID":"b0-02-3d-de-70-5d","modelType":"Wi-SHT10","DATAS":["Temperature","Humidity"],"Temperature":26.99,"Humidity":29.183999999999997,"TIMESTAMP":"2022-11-27T18:36:19.073Z","BATT":100,"INTERVAL":600},{"modelID":"b0-02-3d-de-70-5d","modelType":"Wi-SHT10","DATAS":["Temperature","Humidity"],"Temperature":26.8,"Humidity":29.376,"TIMESTAMP":"2022-11-27T18:25:39.957Z","BATT":100,"INTERVAL":600},{"modelID":"b0-02-3d-de-70-5d","modelType":"Wi-SHT10","DATAS":["Temperature","Humidity"],"Temperature":26.9,"Humidity":29.376,"TIMESTAMP":"2022-11-27T18:16:14.413Z","BATT":100,"INTERVAL":600},{"modelID":"b0-02-3d-de-70-5d","modelType":"Wi-SHT10","DATAS":["Temperature","Humidity"],"Temperature":26.81,"Humidity":29.596799999999998,"TIMESTAMP":"2022-11-27T18:05:57.277Z","BATT":100,"INTERVAL":600},{"modelID":"b0-02-3d-de-70-5d","modelType":"Wi-SHT10","DATAS":["Temperature","Humidity"],"Temperature":26.83,"Humidity":29.6064,"TIMESTAMP":"2022-11-27T17:55:32.374Z","BATT":100,"INTERVAL":600},{"modelID":"b0-02-3d-de-70-5d","modelType":"Wi-SHT10","DATAS":["Temperature","Humidity"],"Temperature":26.82,"Humidity":29.6544,"TIMESTAMP":"2022-11-27T17:45:51.816Z","BATT":100,"INTERVAL":600},{"modelID":"b0-02-3d-de-70-5d","modelType":"Wi-SHT10","DATAS":["Temperature","Humidity"],"Temperature":26.89,"Humidity":29.721600000000002,"TIMESTAMP":"2022-11-27T17:35:45.723Z","BATT":100,"INTERVAL":600},{"modelID":"b0-02-3d-de-70-5d","modelType":"Wi-SHT10","DATAS":["Temperature","Humidity"],"Temperature":26.93,"Humidity":29.9712,"TIMESTAMP":"2022-11-27T17:25:28.412Z","BATT":100,"INTERVAL":600},{"modelID":"b0-02-3d-de-70-5d","modelType":"Wi-SHT10","DATAS":["Temperature","Humidity"],"Temperature":27.01,"Humidity":30.1824,"TIMESTAMP":"2022-11-27T17:16:05.835Z","BATT":100,"INTERVAL":600},{"modelID":"b0-02-3d-de-70-5d","modelType":"Wi-SHT10","DATAS":["Temperature","Humidity"],"Temperature":26.93,"Humidity":30.0864,"TIMESTAMP":"2022-11-27T17:05:29.457Z","BATT":100,"INTERVAL":600},{"modelID":"b0-02-3d-de-70-5d","modelType":"Wi-SHT10","DATAS":["Temperature","Humidity"],"Temperature":26.94,"Humidity":30.057599999999997,"TIMESTAMP":"2022-11-27T16:55:52.275Z","BATT":100,"INTERVAL":600},{"modelID":"b0-02-3d-de-70-5d","modelType":"Wi-SHT10","DATAS":["Temperature","Humidity"],"Temperature":22.85,"Humidity":18.144,"TIMESTAMP":"2022-11-27T16:45:30.779Z","BATT":100,"INTERVAL":600},{"modelID":"b0-02-3d-de-70-5d","modelType":"Wi-SHT10","DATAS":["Temperature","Humidity"],"Temperature":22.87,"Humidity":17.980800000000002,"TIMESTAMP":"2022-11-27T16:35:46.932Z","BATT":100,"INTERVAL":600}],"DAYHOURS":["21","20","19","18","17","16","15","14","13","12","11","10","9","8","7","6","5","4","3","2","1","0"]}