{"SENSORNAME":"CHILLER A - CWR PRESS","SENSORTYPE":"WTRPRS(485)","DTUID":"207","SENSORID":"17","DATE0":"2022-11-28T11:56:11.575Z","DATE1":"2022-02-13T09:05:39.539Z","DAYDATA":[{"DTUID":"207","SENSORID":17,"FUNCID":3,"NDATA":2,"SENSORTYPE":"WATER-PRES","RCV_BYTES":["436B","C6E9"],"DATAS":[17259,-14615],"DATAS1":[],"DATAS2":[],"TIMESTAMP":"2022-11-28T11:56:11.575Z"},{"DTUID":"207","SENSORID":17,"FUNCID":3,"NDATA":2,"SENSORTYPE":"WATER-PRES","RCV_BYTES":["4379","32B0"],"DATAS":[17273,12976],"DATAS1":[],"DATAS2":[],"TIMESTAMP":"2022-11-28T09:05:31.362Z"},{"DTUID":"207","SENSORID":17,"FUNCID":3,"NDATA":2,"SENSORTYPE":"WATER-PRES","RCV_BYTES":["436D","9B64"],"DATAS":[17261,-25756],"DATAS1":[],"DATAS2":[],"TIMESTAMP":"2022-11-28T08:29:04.528Z"},{"DTUID":"207","SENSORID":17,"FUNCID":3,"NDATA":2,"SENSORTYPE":"WATER-PRES","RCV_BYTES":["4376","C2D1"],"DATAS":[17270,-15663],"DATAS1":[],"DATAS2":[],"TIMESTAMP":"2022-11-28T04:48:41.077Z"},{"DTUID":"207","SENSORID":17,"FUNCID":3,"NDATA":2,"SENSORTYPE":"WATER-PRES","RCV_BYTES":["4379","9B64"],"DATAS":[17273,-25756],"DATAS1":[],"DATAS2":[],"TIMESTAMP":"2022-11-28T01:00:02.881Z"},{"DTUID":"207","SENSORID":17,"FUNCID":3,"NDATA":2,"SENSORTYPE":"WATER-PRES","RCV_BYTES":["4377","5E35"],"DATAS":[17271,24117],"DATAS1":[],"DATAS2":[],"TIMESTAMP":"2022-11-28T00:14:58.572Z"},{"DTUID":"207","SENSORID":17,"FUNCID":3,"NDATA":2,"SENSORTYPE":"WATER-PRES","RCV_BYTES":["435D","BE77"],"DATAS":[17245,-16777],"DATAS1":[],"DATAS2":[],"TIMESTAMP":"2022-11-27T23:14:54.337Z"},{"DTUID":"207","SENSORID":17,"FUNCID":3,"NDATA":2,"SENSORTYPE":"WATER-PRES","RCV_BYTES":["4365","7917"],"DATAS":[17253,30999],"DATAS1":[],"DATAS2":[],"TIMESTAMP":"2022-11-27T22:34:49.616Z"},{"DTUID":"207","SENSORID":17,"FUNCID":3,"NDATA":2,"SENSORTYPE":"WATER-PRES","RCV_BYTES":["435E","5B23"],"DATAS":[17246,23331],"DATAS1":[],"DATAS2":[],"TIMESTAMP":"2022-11-27T20:34:39.701Z"},{"DTUID":"207","SENSORID":17,"FUNCID":3,"NDATA":2,"SENSORTYPE":"WATER-PRES","RCV_BYTES":["4375","F26F"],"DATAS":[17269,-3473],"DATAS1":[],"DATAS2":[],"TIMESTAMP":"2022-11-27T19:14:34.736Z"},{"DTUID":"207","SENSORID":17,"FUNCID":3,"NDATA":2,"SENSORTYPE":"WATER-PRES","RCV_BYTES":["4373","19DB"],"DATAS":[17267,6619],"DATAS1":[],"DATAS2":[],"TIMESTAMP":"2022-11-27T18:14:33.040Z"},{"DTUID":"207","SENSORID":17,"FUNCID":3,"NDATA":2,"SENSORTYPE":"WATER-PRES","RCV_BYTES":["434B","3CEE"],"DATAS":[17227,15598],"DATAS1":[],"DATAS2":[],"TIMESTAMP":"2022-11-27T17:34:27.657Z"},{"DTUID":"207","SENSORID":17,"FUNCID":3,"NDATA":2,"SENSORTYPE":"WATER-PRES","RCV_BYTES":["436E","6BC7"],"DATAS":[17262,27591],"DATAS1":[],"DATAS2":[],"TIMESTAMP":"2022-11-27T17:14:25.834Z"}],"DAYHOURS":["19","17","16","12","9","8","7","6","4","3","2","1"]}