{"SENSORNAME":"ELECTRODE","SENSORTYPE":"WISENSOR","DTUID":"-1","SENSORID":"B0-66-72-ED-8C-51","DATE0":"2022-11-28T13:13:01.439Z","DATE1":"2021-04-19T16:30:28.610Z","DAYDATA":[{"modelID":"b0-66-72-ed-8c-51","modelType":"Wi-SHT10","DATAS":["Temperature","Humidity"],"Temperature":24.97,"Humidity":54.3072,"TIMESTAMP":"2022-11-28T13:13:01.439Z","BATT":100,"INTERVAL":600},{"modelID":"b0-66-72-ed-8c-51","modelType":"Wi-SHT10","DATAS":["Temperature","Humidity"],"Temperature":24.61,"Humidity":55.344,"TIMESTAMP":"2022-11-28T13:02:53.184Z","BATT":100,"INTERVAL":600},{"modelID":"b0-66-72-ed-8c-51","modelType":"Wi-SHT10","DATAS":["Temperature","Humidity"],"Temperature":24.68,"Humidity":57.7344,"TIMESTAMP":"2022-11-28T12:33:11.497Z","BATT":100,"INTERVAL":600},{"modelID":"b0-66-72-ed-8c-51","modelType":"Wi-SHT10","DATAS":["Temperature","Humidity"],"Temperature":24.26,"Humidity":57.84,"TIMESTAMP":"2022-11-28T12:22:38.510Z","BATT":100,"INTERVAL":600},{"modelID":"b0-66-72-ed-8c-51","modelType":"Wi-SHT10","DATAS":["Temperature","Humidity"],"Temperature":24.56,"Humidity":56.169599999999996,"TIMESTAMP":"2022-11-28T12:12:38.538Z","BATT":100,"INTERVAL":600},{"modelID":"b0-66-72-ed-8c-51","modelType":"Wi-SHT10","DATAS":["Temperature","Humidity"],"Temperature":24.48,"Humidity":54.9984,"TIMESTAMP":"2022-11-28T12:03:11.557Z","BATT":100,"INTERVAL":600},{"modelID":"b0-66-72-ed-8c-51","modelType":"Wi-SHT10","DATAS":["Temperature","Humidity"],"Temperature":24.28,"Humidity":54.604800000000004,"TIMESTAMP":"2022-11-28T11:52:50.568Z","BATT":100,"INTERVAL":600},{"modelID":"b0-66-72-ed-8c-51","modelType":"Wi-SHT10","DATAS":["Temperature","Humidity"],"Temperature":24.52,"Humidity":52.809599999999996,"TIMESTAMP":"2022-11-28T11:43:12.588Z","BATT":100,"INTERVAL":600},{"modelID":"b0-66-72-ed-8c-51","modelType":"Wi-SHT10","DATAS":["Temperature","Humidity"],"Temperature":24.58,"Humidity":54.3168,"TIMESTAMP":"2022-11-28T11:33:20.950Z","BATT":100,"INTERVAL":600},{"modelID":"b0-66-72-ed-8c-51","modelType":"Wi-SHT10","DATAS":["Temperature","Humidity"],"Temperature":24.76,"Humidity":56.4864,"TIMESTAMP":"2022-11-28T11:23:14.629Z","BATT":100,"INTERVAL":600},{"modelID":"b0-66-72-ed-8c-51","modelType":"Wi-SHT10","DATAS":["Temperature","Humidity"],"Temperature":24.62,"Humidity":56.5152,"TIMESTAMP":"2022-11-28T11:12:53.649Z","BATT":100,"INTERVAL":600},{"modelID":"b0-66-72-ed-8c-51","modelType":"Wi-SHT10","DATAS":["Temperature","Humidity"],"Temperature":24.16,"Humidity":53.4144,"TIMESTAMP":"2022-11-28T11:02:45.669Z","BATT":100,"INTERVAL":600},{"modelID":"b0-66-72-ed-8c-51","modelType":"Wi-SHT10","DATAS":["Temperature","Humidity"],"Temperature":23.46,"Humidity":54.4608,"TIMESTAMP":"2022-11-28T10:53:05.667Z","BATT":100,"INTERVAL":600},{"modelID":"b0-66-72-ed-8c-51","modelType":"Wi-SHT10","DATAS":["Temperature","Humidity"],"Temperature":22.98,"Humidity":54.979200000000006,"TIMESTAMP":"2022-11-28T10:43:20.684Z","BATT":100,"INTERVAL":600},{"modelID":"b0-66-72-ed-8c-51","modelType":"Wi-SHT10","DATAS":["Temperature","Humidity"],"Temperature":22.52,"Humidity":52.0128,"TIMESTAMP":"2022-11-28T10:32:38.706Z","BATT":100,"INTERVAL":600},{"modelID":"b0-66-72-ed-8c-51","modelType":"Wi-SHT10","DATAS":["Temperature","Humidity"],"Temperature":22.72,"Humidity":49.9968,"TIMESTAMP":"2022-11-28T10:23:20.724Z","BATT":100,"INTERVAL":600},{"modelID":"b0-66-72-ed-8c-51","modelType":"Wi-SHT10","DATAS":["Temperature","Humidity"],"Temperature":22.52,"Humidity":48.3072,"TIMESTAMP":"2022-11-28T10:12:55.744Z","BATT":100,"INTERVAL":600},{"modelID":"b0-66-72-ed-8c-51","modelType":"Wi-SHT10","DATAS":["Temperature","Humidity"],"Temperature":22.44,"Humidity":48.940799999999996,"TIMESTAMP":"2022-11-28T10:03:00.777Z","BATT":100,"INTERVAL":600},{"modelID":"b0-66-72-ed-8c-51","modelType":"Wi-SHT10","DATAS":["Temperature","Humidity"],"Temperature":22.05,"Humidity":50.083200000000005,"TIMESTAMP":"2022-11-28T09:52:53.794Z","BATT":100,"INTERVAL":600},{"modelID":"b0-66-72-ed-8c-51","modelType":"Wi-SHT10","DATAS":["Temperature","Humidity"],"Temperature":22.14,"Humidity":50.2752,"TIMESTAMP":"2022-11-28T09:43:00.800Z","BATT":100,"INTERVAL":600},{"modelID":"b0-66-72-ed-8c-51","modelType":"Wi-SHT10","DATAS":["Temperature","Humidity"],"Temperature":22.53,"Humidity":50.112,"TIMESTAMP":"2022-11-28T09:32:55.814Z","BATT":100,"INTERVAL":600},{"modelID":"b0-66-72-ed-8c-51","modelType":"Wi-SHT10","DATAS":["Temperature","Humidity"],"Temperature":22.9,"Humidity":55.8912,"TIMESTAMP":"2022-11-28T09:23:10.839Z","BATT":100,"INTERVAL":600},{"modelID":"b0-66-72-ed-8c-51","modelType":"Wi-SHT10","DATAS":["Temperature","Humidity"],"Temperature":22.61,"Humidity":49.6704,"TIMESTAMP":"2022-11-28T09:13:13.869Z","BATT":100,"INTERVAL":600},{"modelID":"b0-66-72-ed-8c-51","modelType":"Wi-SHT10","DATAS":["Temperature","Humidity"],"Temperature":22.99,"Humidity":50.803200000000004,"TIMESTAMP":"2022-11-28T09:02:54.864Z","BATT":100,"INTERVAL":600},{"modelID":"b0-66-72-ed-8c-51","modelType":"Wi-SHT10","DATAS":["Temperature","Humidity"],"Temperature":22.99,"Humidity":54.700799999999994,"TIMESTAMP":"2022-11-28T08:53:26.888Z","BATT":100,"INTERVAL":600},{"modelID":"b0-66-72-ed-8c-51","modelType":"Wi-SHT10","DATAS":["Temperature","Humidity"],"Temperature":22.24,"Humidity":54.96,"TIMESTAMP":"2022-11-28T08:42:45.899Z","BATT":100,"INTERVAL":600},{"modelID":"b0-66-72-ed-8c-51","modelType":"Wi-SHT10","DATAS":["Temperature","Humidity"],"Temperature":21.82,"Humidity":49.123200000000004,"TIMESTAMP":"2022-11-28T08:23:03.937Z","BATT":100,"INTERVAL":600},{"modelID":"b0-66-72-ed-8c-51","modelType":"Wi-SHT10","DATAS":["Temperature","Humidity"],"Temperature":21.94,"Humidity":49.065599999999996,"TIMESTAMP":"2022-11-28T08:12:45.965Z","BATT":100,"INTERVAL":600},{"modelID":"b0-66-72-ed-8c-51","modelType":"Wi-SHT10","DATAS":["Temperature","Humidity"],"Temperature":22.02,"Humidity":49.593599999999995,"TIMESTAMP":"2022-11-28T08:02:53.964Z","BATT":100,"INTERVAL":600},{"modelID":"b0-66-72-ed-8c-51","modelType":"Wi-SHT10","DATAS":["Temperature","Humidity"],"Temperature":22.27,"Humidity":50.9472,"TIMESTAMP":"2022-11-28T07:53:05.992Z","BATT":100,"INTERVAL":600},{"modelID":"b0-66-72-ed-8c-51","modelType":"Wi-SHT10","DATAS":["Temperature","Humidity"],"Temperature":23.07,"Humidity":52.416000000000004,"TIMESTAMP":"2022-11-28T07:42:41.010Z","BATT":100,"INTERVAL":600},{"modelID":"b0-66-72-ed-8c-51","modelType":"Wi-SHT10","DATAS":["Temperature","Humidity"],"Temperature":22.02,"Humidity":49.9968,"TIMESTAMP":"2022-11-28T07:32:39.023Z","BATT":100,"INTERVAL":600},{"modelID":"b0-66-72-ed-8c-51","modelType":"Wi-SHT10","DATAS":["Temperature","Humidity"],"Temperature":22.01,"Humidity":49.92,"TIMESTAMP":"2022-11-28T07:22:51.043Z","BATT":100,"INTERVAL":600},{"modelID":"b0-66-72-ed-8c-51","modelType":"Wi-SHT10","DATAS":["Temperature","Humidity"],"Temperature":22.11,"Humidity":49.8336,"TIMESTAMP":"2022-11-28T07:12:44.050Z","BATT":100,"INTERVAL":600},{"modelID":"b0-66-72-ed-8c-51","modelType":"Wi-SHT10","DATAS":["Temperature","Humidity"],"Temperature":22.2,"Humidity":49.8432,"TIMESTAMP":"2022-11-28T07:03:04.088Z","BATT":100,"INTERVAL":600},{"modelID":"b0-66-72-ed-8c-51","modelType":"Wi-SHT10","DATAS":["Temperature","Humidity"],"Temperature":22.87,"Humidity":48,"TIMESTAMP":"2022-11-28T06:43:10.100Z","BATT":100,"INTERVAL":600},{"modelID":"b0-66-72-ed-8c-51","modelType":"Wi-SHT10","DATAS":["Temperature","Humidity"],"Temperature":23.53,"Humidity":47.193599999999996,"TIMESTAMP":"2022-11-28T06:33:03.121Z","BATT":100,"INTERVAL":600},{"modelID":"b0-66-72-ed-8c-51","modelType":"Wi-SHT10","DATAS":["Temperature","Humidity"],"Temperature":23.52,"Humidity":48.288,"TIMESTAMP":"2022-11-28T06:22:50.139Z","BATT":100,"INTERVAL":600},{"modelID":"b0-66-72-ed-8c-51","modelType":"Wi-SHT10","DATAS":["Temperature","Humidity"],"Temperature":23.75,"Humidity":50.4576,"TIMESTAMP":"2022-11-28T06:12:59.160Z","BATT":100,"INTERVAL":600},{"modelID":"b0-66-72-ed-8c-51","modelType":"Wi-SHT10","DATAS":["Temperature","Humidity"],"Temperature":24.27,"Humidity":55.488,"TIMESTAMP":"2022-11-28T06:02:42.172Z","BATT":100,"INTERVAL":600},{"modelID":"b0-66-72-ed-8c-51","modelType":"Wi-SHT10","DATAS":["Temperature","Humidity"],"Temperature":22.95,"Humidity":48.7968,"TIMESTAMP":"2022-11-28T05:52:44.211Z","BATT":100,"INTERVAL":600},{"modelID":"b0-66-72-ed-8c-51","modelType":"Wi-SHT10","DATAS":["Temperature","Humidity"],"Temperature":23.05,"Humidity":47.28,"TIMESTAMP":"2022-11-28T05:42:53.212Z","BATT":100,"INTERVAL":600},{"modelID":"b0-66-72-ed-8c-51","modelType":"Wi-SHT10","DATAS":["Temperature","Humidity"],"Temperature":22.97,"Humidity":48.4128,"TIMESTAMP":"2022-11-28T05:33:13.277Z","BATT":100,"INTERVAL":600},{"modelID":"b0-66-72-ed-8c-51","modelType":"Wi-SHT10","DATAS":["Temperature","Humidity"],"Temperature":22.76,"Humidity":48.864,"TIMESTAMP":"2022-11-28T05:23:02.253Z","BATT":100,"INTERVAL":600},{"modelID":"b0-66-72-ed-8c-51","modelType":"Wi-SHT10","DATAS":["Temperature","Humidity"],"Temperature":22.35,"Humidity":49.9392,"TIMESTAMP":"2022-11-28T05:13:09.272Z","BATT":100,"INTERVAL":600},{"modelID":"b0-66-72-ed-8c-51","modelType":"Wi-SHT10","DATAS":["Temperature","Humidity"],"Temperature":22.3,"Humidity":49.296,"TIMESTAMP":"2022-11-28T05:03:02.289Z","BATT":100,"INTERVAL":600},{"modelID":"b0-66-72-ed-8c-51","modelType":"Wi-SHT10","DATAS":["Temperature","Humidity"],"Temperature":22.31,"Humidity":49.593599999999995,"TIMESTAMP":"2022-11-28T04:53:05.328Z","BATT":100,"INTERVAL":600},{"modelID":"b0-66-72-ed-8c-51","modelType":"Wi-SHT10","DATAS":["Temperature","Humidity"],"Temperature":22.37,"Humidity":49.7472,"TIMESTAMP":"2022-11-28T04:43:07.331Z","BATT":100,"INTERVAL":600},{"modelID":"b0-66-72-ed-8c-51","modelType":"Wi-SHT10","DATAS":["Temperature","Humidity"],"Temperature":22.54,"Humidity":49.9392,"TIMESTAMP":"2022-11-28T04:33:06.329Z","BATT":100,"INTERVAL":600},{"modelID":"b0-66-72-ed-8c-51","modelType":"Wi-SHT10","DATAS":["Temperature","Humidity"],"Temperature":22.98,"Humidity":50.553599999999996,"TIMESTAMP":"2022-11-28T04:23:17.356Z","BATT":100,"INTERVAL":600},{"modelID":"b0-66-72-ed-8c-51","modelType":"Wi-SHT10","DATAS":["Temperature","Humidity"],"Temperature":23.3,"Humidity":52.8864,"TIMESTAMP":"2022-11-28T04:13:26.262Z","BATT":100,"INTERVAL":600},{"modelID":"b0-66-72-ed-8c-51","modelType":"Wi-SHT10","DATAS":["Temperature","Humidity"],"Temperature":23.53,"Humidity":50.822399999999995,"TIMESTAMP":"2022-11-28T04:03:19.394Z","BATT":100,"INTERVAL":600},{"modelID":"b0-66-72-ed-8c-51","modelType":"Wi-SHT10","DATAS":["Temperature","Humidity"],"Temperature":23.78,"Humidity":52.464,"TIMESTAMP":"2022-11-28T03:52:56.420Z","BATT":100,"INTERVAL":600},{"modelID":"b0-66-72-ed-8c-51","modelType":"Wi-SHT10","DATAS":["Temperature","Humidity"],"Temperature":24.75,"Humidity":53.0016,"TIMESTAMP":"2022-11-28T03:33:27.442Z","BATT":100,"INTERVAL":600},{"modelID":"b0-66-72-ed-8c-51","modelType":"Wi-SHT10","DATAS":["Temperature","Humidity"],"Temperature":24.53,"Humidity":52.876799999999996,"TIMESTAMP":"2022-11-28T03:22:52.455Z","BATT":100,"INTERVAL":600},{"modelID":"b0-66-72-ed-8c-51","modelType":"Wi-SHT10","DATAS":["Temperature","Humidity"],"Temperature":24.56,"Humidity":55.4688,"TIMESTAMP":"2022-11-28T03:12:53.475Z","BATT":100,"INTERVAL":600},{"modelID":"b0-66-72-ed-8c-51","modelType":"Wi-SHT10","DATAS":["Temperature","Humidity"],"Temperature":24.78,"Humidity":54.816,"TIMESTAMP":"2022-11-28T03:02:54.822Z","BATT":100,"INTERVAL":600},{"modelID":"b0-66-72-ed-8c-51","modelType":"Wi-SHT10","DATAS":["Temperature","Humidity"],"Temperature":24.73,"Humidity":55.872,"TIMESTAMP":"2022-11-28T02:52:58.515Z","BATT":100,"INTERVAL":600},{"modelID":"b0-66-72-ed-8c-51","modelType":"Wi-SHT10","DATAS":["Temperature","Humidity"],"Temperature":24.67,"Humidity":56.1888,"TIMESTAMP":"2022-11-28T02:42:47.312Z","BATT":100,"INTERVAL":600},{"modelID":"b0-66-72-ed-8c-51","modelType":"Wi-SHT10","DATAS":["Temperature","Humidity"],"Temperature":24.02,"Humidity":58.790400000000005,"TIMESTAMP":"2022-11-28T02:32:44.560Z","BATT":100,"INTERVAL":600},{"modelID":"b0-66-72-ed-8c-51","modelType":"Wi-SHT10","DATAS":["Temperature","Humidity"],"Temperature":24.02,"Humidity":60.1536,"TIMESTAMP":"2022-11-28T02:22:51.557Z","BATT":100,"INTERVAL":600},{"modelID":"b0-66-72-ed-8c-51","modelType":"Wi-SHT10","DATAS":["Temperature","Humidity"],"Temperature":24.05,"Humidity":61.0944,"TIMESTAMP":"2022-11-28T02:12:44.595Z","BATT":100,"INTERVAL":600},{"modelID":"b0-66-72-ed-8c-51","modelType":"Wi-SHT10","DATAS":["Temperature","Humidity"],"Temperature":23.72,"Humidity":60.576,"TIMESTAMP":"2022-11-28T02:03:11.606Z","BATT":100,"INTERVAL":600},{"modelID":"b0-66-72-ed-8c-51","modelType":"Wi-SHT10","DATAS":["Temperature","Humidity"],"Temperature":23.56,"Humidity":60.3744,"TIMESTAMP":"2022-11-28T01:53:27.620Z","BATT":100,"INTERVAL":600},{"modelID":"b0-66-72-ed-8c-51","modelType":"Wi-SHT10","DATAS":["Temperature","Humidity"],"Temperature":23.51,"Humidity":60.7776,"TIMESTAMP":"2022-11-28T01:42:44.631Z","BATT":100,"INTERVAL":600},{"modelID":"b0-66-72-ed-8c-51","modelType":"Wi-SHT10","DATAS":["Temperature","Humidity"],"Temperature":23.62,"Humidity":63.4752,"TIMESTAMP":"2022-11-28T01:23:06.707Z","BATT":100,"INTERVAL":600},{"modelID":"b0-66-72-ed-8c-51","modelType":"Wi-SHT10","DATAS":["Temperature","Humidity"],"Temperature":23.37,"Humidity":64.2624,"TIMESTAMP":"2022-11-28T01:13:25.688Z","BATT":100,"INTERVAL":600},{"modelID":"b0-66-72-ed-8c-51","modelType":"Wi-SHT10","DATAS":["Temperature","Humidity"],"Temperature":23.53,"Humidity":65.18400000000001,"TIMESTAMP":"2022-11-28T01:03:05.704Z","BATT":100,"INTERVAL":600},{"modelID":"b0-66-72-ed-8c-51","modelType":"Wi-SHT10","DATAS":["Temperature","Humidity"],"Temperature":23.73,"Humidity":65.1648,"TIMESTAMP":"2022-11-28T00:52:49.724Z","BATT":100,"INTERVAL":600},{"modelID":"b0-66-72-ed-8c-51","modelType":"Wi-SHT10","DATAS":["Temperature","Humidity"],"Temperature":23.77,"Humidity":67.6416,"TIMESTAMP":"2022-11-28T00:42:52.743Z","BATT":100,"INTERVAL":600},{"modelID":"b0-66-72-ed-8c-51","modelType":"Wi-SHT10","DATAS":["Temperature","Humidity"],"Temperature":23.33,"Humidity":70.4064,"TIMESTAMP":"2022-11-28T00:33:03.764Z","BATT":100,"INTERVAL":600},{"modelID":"b0-66-72-ed-8c-51","modelType":"Wi-SHT10","DATAS":["Temperature","Humidity"],"Temperature":22.41,"Humidity":64.17599999999999,"TIMESTAMP":"2022-11-28T00:23:06.257Z","BATT":100,"INTERVAL":600},{"modelID":"b0-66-72-ed-8c-51","modelType":"Wi-SHT10","DATAS":["Temperature","Humidity"],"Temperature":22.14,"Humidity":56.3616,"TIMESTAMP":"2022-11-28T00:12:54.793Z","BATT":100,"INTERVAL":600},{"modelID":"b0-66-72-ed-8c-51","modelType":"Wi-SHT10","DATAS":["Temperature","Humidity"],"Temperature":22.15,"Humidity":60.2976,"TIMESTAMP":"2022-11-28T00:03:03.814Z","BATT":100,"INTERVAL":600},{"modelID":"b0-66-72-ed-8c-51","modelType":"Wi-SHT10","DATAS":["Temperature","Humidity"],"Temperature":22.54,"Humidity":62.7936,"TIMESTAMP":"2022-11-27T23:53:00.837Z","BATT":100,"INTERVAL":600},{"modelID":"b0-66-72-ed-8c-51","modelType":"Wi-SHT10","DATAS":["Temperature","Humidity"],"Temperature":22.75,"Humidity":65.2032,"TIMESTAMP":"2022-11-27T23:42:46.856Z","BATT":100,"INTERVAL":600},{"modelID":"b0-66-72-ed-8c-51","modelType":"Wi-SHT10","DATAS":["Temperature","Humidity"],"Temperature":22.29,"Humidity":63.5232,"TIMESTAMP":"2022-11-27T23:33:25.856Z","BATT":100,"INTERVAL":600},{"modelID":"b0-66-72-ed-8c-51","modelType":"Wi-SHT10","DATAS":["Temperature","Humidity"],"Temperature":22.23,"Humidity":60.556799999999996,"TIMESTAMP":"2022-11-27T23:22:46.877Z","BATT":100,"INTERVAL":600},{"modelID":"b0-66-72-ed-8c-51","modelType":"Wi-SHT10","DATAS":["Temperature","Humidity"],"Temperature":22.02,"Humidity":62.6208,"TIMESTAMP":"2022-11-27T23:13:18.896Z","BATT":100,"INTERVAL":600},{"modelID":"b0-66-72-ed-8c-51","modelType":"Wi-SHT10","DATAS":["Temperature","Humidity"],"Temperature":21.44,"Humidity":60.4032,"TIMESTAMP":"2022-11-27T23:03:22.917Z","BATT":100,"INTERVAL":600},{"modelID":"b0-66-72-ed-8c-51","modelType":"Wi-SHT10","DATAS":["Temperature","Humidity"],"Temperature":21.53,"Humidity":54.5664,"TIMESTAMP":"2022-11-27T22:52:41.938Z","BATT":100,"INTERVAL":600},{"modelID":"b0-66-72-ed-8c-51","modelType":"Wi-SHT10","DATAS":["Temperature","Humidity"],"Temperature":21.93,"Humidity":56.4672,"TIMESTAMP":"2022-11-27T22:42:51.956Z","BATT":100,"INTERVAL":600},{"modelID":"b0-66-72-ed-8c-51","modelType":"Wi-SHT10","DATAS":["Temperature","Humidity"],"Temperature":22.21,"Humidity":59.5392,"TIMESTAMP":"2022-11-27T22:32:58.957Z","BATT":100,"INTERVAL":600},{"modelID":"b0-66-72-ed-8c-51","modelType":"Wi-SHT10","DATAS":["Temperature","Humidity"],"Temperature":22.12,"Humidity":60.24,"TIMESTAMP":"2022-11-27T22:23:05.981Z","BATT":100,"INTERVAL":600},{"modelID":"b0-66-72-ed-8c-51","modelType":"Wi-SHT10","DATAS":["Temperature","Humidity"],"Temperature":21.92,"Humidity":61.80479999999999,"TIMESTAMP":"2022-11-27T22:12:44.996Z","BATT":100,"INTERVAL":600},{"modelID":"b0-66-72-ed-8c-51","modelType":"Wi-SHT10","DATAS":["Temperature","Humidity"],"Temperature":21.69,"Humidity":61.50719999999999,"TIMESTAMP":"2022-11-27T22:03:23.017Z","BATT":100,"INTERVAL":600},{"modelID":"b0-66-72-ed-8c-51","modelType":"Wi-SHT10","DATAS":["Temperature","Humidity"],"Temperature":21.53,"Humidity":60.816,"TIMESTAMP":"2022-11-27T21:52:42.042Z","BATT":100,"INTERVAL":600},{"modelID":"b0-66-72-ed-8c-51","modelType":"Wi-SHT10","DATAS":["Temperature","Humidity"],"Temperature":21.38,"Humidity":56.678399999999996,"TIMESTAMP":"2022-11-27T21:42:45.065Z","BATT":100,"INTERVAL":600},{"modelID":"b0-66-72-ed-8c-51","modelType":"Wi-SHT10","DATAS":["Temperature","Humidity"],"Temperature":21.7,"Humidity":56.1984,"TIMESTAMP":"2022-11-27T21:33:01.061Z","BATT":100,"INTERVAL":600},{"modelID":"b0-66-72-ed-8c-51","modelType":"Wi-SHT10","DATAS":["Temperature","Humidity"],"Temperature":22.09,"Humidity":58.8864,"TIMESTAMP":"2022-11-27T21:22:50.081Z","BATT":100,"INTERVAL":600},{"modelID":"b0-66-72-ed-8c-51","modelType":"Wi-SHT10","DATAS":["Temperature","Humidity"],"Temperature":22.09,"Humidity":60.432,"TIMESTAMP":"2022-11-27T21:13:05.102Z","BATT":100,"INTERVAL":600},{"modelID":"b0-66-72-ed-8c-51","modelType":"Wi-SHT10","DATAS":["Temperature","Humidity"],"Temperature":22.02,"Humidity":61.535999999999994,"TIMESTAMP":"2022-11-27T21:03:01.126Z","BATT":100,"INTERVAL":600},{"modelID":"b0-66-72-ed-8c-51","modelType":"Wi-SHT10","DATAS":["Temperature","Humidity"],"Temperature":21.72,"Humidity":61.708800000000004,"TIMESTAMP":"2022-11-27T20:53:14.153Z","BATT":100,"INTERVAL":600},{"modelID":"b0-66-72-ed-8c-51","modelType":"Wi-SHT10","DATAS":["Temperature","Humidity"],"Temperature":21.53,"Humidity":60.806400000000004,"TIMESTAMP":"2022-11-27T20:42:45.153Z","BATT":100,"INTERVAL":600},{"modelID":"b0-66-72-ed-8c-51","modelType":"Wi-SHT10","DATAS":["Temperature","Humidity"],"Temperature":21.3,"Humidity":57.5328,"TIMESTAMP":"2022-11-27T20:32:54.173Z","BATT":100,"INTERVAL":600},{"modelID":"b0-66-72-ed-8c-51","modelType":"Wi-SHT10","DATAS":["Temperature","Humidity"],"Temperature":21.59,"Humidity":55.6704,"TIMESTAMP":"2022-11-27T20:22:40.192Z","BATT":100,"INTERVAL":600},{"modelID":"b0-66-72-ed-8c-51","modelType":"Wi-SHT10","DATAS":["Temperature","Humidity"],"Temperature":22.07,"Humidity":58.5408,"TIMESTAMP":"2022-11-27T20:13:08.221Z","BATT":100,"INTERVAL":600},{"modelID":"b0-66-72-ed-8c-51","modelType":"Wi-SHT10","DATAS":["Temperature","Humidity"],"Temperature":22.2,"Humidity":60.4416,"TIMESTAMP":"2022-11-27T20:03:19.234Z","BATT":100,"INTERVAL":600},{"modelID":"b0-66-72-ed-8c-51","modelType":"Wi-SHT10","DATAS":["Temperature","Humidity"],"Temperature":22.03,"Humidity":61.516799999999996,"TIMESTAMP":"2022-11-27T19:52:57.236Z","BATT":100,"INTERVAL":600},{"modelID":"b0-66-72-ed-8c-51","modelType":"Wi-SHT10","DATAS":["Temperature","Humidity"],"Temperature":21.7,"Humidity":61.449600000000004,"TIMESTAMP":"2022-11-27T19:42:43.016Z","BATT":100,"INTERVAL":600},{"modelID":"b0-66-72-ed-8c-51","modelType":"Wi-SHT10","DATAS":["Temperature","Humidity"],"Temperature":21.49,"Humidity":60.019200000000005,"TIMESTAMP":"2022-11-27T19:32:45.276Z","BATT":100,"INTERVAL":600},{"modelID":"b0-66-72-ed-8c-51","modelType":"Wi-SHT10","DATAS":["Temperature","Humidity"],"Temperature":21.49,"Humidity":55.2384,"TIMESTAMP":"2022-11-27T19:22:40.303Z","BATT":100,"INTERVAL":600},{"modelID":"b0-66-72-ed-8c-51","modelType":"Wi-SHT10","DATAS":["Temperature","Humidity"],"Temperature":21.72,"Humidity":55.1712,"TIMESTAMP":"2022-11-27T19:12:49.317Z","BATT":100,"INTERVAL":600},{"modelID":"b0-66-72-ed-8c-51","modelType":"Wi-SHT10","DATAS":["Temperature","Humidity"],"Temperature":22.11,"Humidity":59.376000000000005,"TIMESTAMP":"2022-11-27T19:02:42.338Z","BATT":100,"INTERVAL":600},{"modelID":"b0-66-72-ed-8c-51","modelType":"Wi-SHT10","DATAS":["Temperature","Humidity"],"Temperature":22.07,"Humidity":60.489599999999996,"TIMESTAMP":"2022-11-27T18:53:17.345Z","BATT":100,"INTERVAL":600},{"modelID":"b0-66-72-ed-8c-51","modelType":"Wi-SHT10","DATAS":["Temperature","Humidity"],"Temperature":21.89,"Humidity":61.142399999999995,"TIMESTAMP":"2022-11-27T18:43:04.382Z","BATT":100,"INTERVAL":600},{"modelID":"b0-66-72-ed-8c-51","modelType":"Wi-SHT10","DATAS":["Temperature","Humidity"],"Temperature":21.38,"Humidity":60.384,"TIMESTAMP":"2022-11-27T18:33:20.401Z","BATT":100,"INTERVAL":600},{"modelID":"b0-66-72-ed-8c-51","modelType":"Wi-SHT10","DATAS":["Temperature","Humidity"],"Temperature":21.32,"Humidity":55.4016,"TIMESTAMP":"2022-11-27T18:23:11.401Z","BATT":100,"INTERVAL":600},{"modelID":"b0-66-72-ed-8c-51","modelType":"Wi-SHT10","DATAS":["Temperature","Humidity"],"Temperature":21.51,"Humidity":54.912000000000006,"TIMESTAMP":"2022-11-27T18:13:02.414Z","BATT":100,"INTERVAL":600},{"modelID":"b0-66-72-ed-8c-51","modelType":"Wi-SHT10","DATAS":["Temperature","Humidity"],"Temperature":21.82,"Humidity":57.0624,"TIMESTAMP":"2022-11-27T18:02:52.433Z","BATT":100,"INTERVAL":600},{"modelID":"b0-66-72-ed-8c-51","modelType":"Wi-SHT10","DATAS":["Temperature","Humidity"],"Temperature":22.29,"Humidity":60.3744,"TIMESTAMP":"2022-11-27T17:53:16.682Z","BATT":100,"INTERVAL":600},{"modelID":"b0-66-72-ed-8c-51","modelType":"Wi-SHT10","DATAS":["Temperature","Humidity"],"Temperature":21.98,"Humidity":60.8928,"TIMESTAMP":"2022-11-27T17:43:16.477Z","BATT":100,"INTERVAL":600},{"modelID":"b0-66-72-ed-8c-51","modelType":"Wi-SHT10","DATAS":["Temperature","Humidity"],"Temperature":21.66,"Humidity":60.672000000000004,"TIMESTAMP":"2022-11-27T17:33:28.666Z","BATT":100,"INTERVAL":600},{"modelID":"b0-66-72-ed-8c-51","modelType":"Wi-SHT10","DATAS":["Temperature","Humidity"],"Temperature":21.33,"Humidity":56.736000000000004,"TIMESTAMP":"2022-11-27T17:23:16.513Z","BATT":100,"INTERVAL":600},{"modelID":"b0-66-72-ed-8c-51","modelType":"Wi-SHT10","DATAS":["Temperature","Humidity"],"Temperature":21.63,"Humidity":55.0848,"TIMESTAMP":"2022-11-27T17:12:56.515Z","BATT":100,"INTERVAL":600},{"modelID":"b0-66-72-ed-8c-51","modelType":"Wi-SHT10","DATAS":["Temperature","Humidity"],"Temperature":21.98,"Humidity":55.727999999999994,"TIMESTAMP":"2022-11-27T17:03:03.535Z","BATT":100,"INTERVAL":600},{"modelID":"b0-66-72-ed-8c-51","modelType":"Wi-SHT10","DATAS":["Temperature","Humidity"],"Temperature":22.31,"Humidity":59.67359999999999,"TIMESTAMP":"2022-11-27T16:53:05.581Z","BATT":100,"INTERVAL":600},{"modelID":"b0-66-72-ed-8c-51","modelType":"Wi-SHT10","DATAS":["Temperature","Humidity"],"Temperature":22.02,"Humidity":60.604800000000004,"TIMESTAMP":"2022-11-27T16:43:16.543Z","BATT":100,"INTERVAL":600},{"modelID":"b0-66-72-ed-8c-51","modelType":"Wi-SHT10","DATAS":["Temperature","Humidity"],"Temperature":21.72,"Humidity":52.857600000000005,"TIMESTAMP":"2022-11-27T16:12:40.638Z","BATT":100,"INTERVAL":600}],"DAYHOURS":["21","20","19","18","17","16","15","14","13","12","11","10","9","8","7","6","5","4","3","2","1","0"]}