{"SENSORNAME":"COOLING TOWER A - CWR PRESS 2","SENSORTYPE":"WTRPRS(485)","DTUID":"201","SENSORID":"65","DATE0":"2022-11-28T11:56:06.687Z","DATE1":"2022-02-13T09:05:29.411Z","DAYDATA":[{"DTUID":"201","SENSORID":65,"FUNCID":3,"NDATA":2,"SENSORTYPE":"WATER-PRES","RCV_BYTES":["42C1","C106"],"DATAS":[17089,-16122],"DATAS1":[],"DATAS2":[],"TIMESTAMP":"2022-11-28T11:56:06.687Z"},{"DTUID":"201","SENSORID":65,"FUNCID":3,"NDATA":2,"SENSORTYPE":"WATER-PRES","RCV_BYTES":["42C1","C106"],"DATAS":[17089,-16122],"DATAS1":[],"DATAS2":[],"TIMESTAMP":"2022-11-28T11:05:49.128Z"},{"DTUID":"201","SENSORID":65,"FUNCID":3,"NDATA":2,"SENSORTYPE":"WATER-PRES","RCV_BYTES":["42C1","C106"],"DATAS":[17089,-16122],"DATAS1":[],"DATAS2":[],"TIMESTAMP":"2022-11-28T09:05:26.429Z"},{"DTUID":"201","SENSORID":65,"FUNCID":3,"NDATA":2,"SENSORTYPE":"WATER-PRES","RCV_BYTES":["42C1","C106"],"DATAS":[17089,-16122],"DATAS1":[],"DATAS2":[],"TIMESTAMP":"2022-11-28T00:59:57.870Z"},{"DTUID":"201","SENSORID":65,"FUNCID":3,"NDATA":2,"SENSORTYPE":"WATER-PRES","RCV_BYTES":["42C1","C106"],"DATAS":[17089,-16122],"DATAS1":[],"DATAS2":[],"TIMESTAMP":"2022-11-28T00:14:53.560Z"},{"DTUID":"201","SENSORID":65,"FUNCID":3,"NDATA":2,"SENSORTYPE":"WATER-PRES","RCV_BYTES":["42C2","28F6"],"DATAS":[17090,10486],"DATAS1":[],"DATAS2":[],"TIMESTAMP":"2022-11-27T23:14:48.824Z"},{"DTUID":"201","SENSORID":65,"FUNCID":3,"NDATA":2,"SENSORTYPE":"WATER-PRES","RCV_BYTES":["42C2","9062"],"DATAS":[17090,-28574],"DATAS1":[],"DATAS2":[],"TIMESTAMP":"2022-11-27T22:34:56.837Z"},{"DTUID":"201","SENSORID":65,"FUNCID":3,"NDATA":2,"SENSORTYPE":"WATER-PRES","RCV_BYTES":["42C2","28F6"],"DATAS":[17090,10486],"DATAS1":[],"DATAS2":[],"TIMESTAMP":"2022-11-27T20:34:34.680Z"},{"DTUID":"201","SENSORID":65,"FUNCID":3,"NDATA":2,"SENSORTYPE":"WATER-PRES","RCV_BYTES":["42C1","C106"],"DATAS":[17089,-16122],"DATAS1":[],"DATAS2":[],"TIMESTAMP":"2022-11-27T20:14:35.776Z"},{"DTUID":"201","SENSORID":65,"FUNCID":3,"NDATA":2,"SENSORTYPE":"WATER-PRES","RCV_BYTES":["42C2","28F6"],"DATAS":[17090,10486],"DATAS1":[],"DATAS2":[],"TIMESTAMP":"2022-11-27T19:14:29.764Z"},{"DTUID":"201","SENSORID":65,"FUNCID":3,"NDATA":2,"SENSORTYPE":"WATER-PRES","RCV_BYTES":["42C2","28F6"],"DATAS":[17090,10486],"DATAS1":[],"DATAS2":[],"TIMESTAMP":"2022-11-27T18:14:27.672Z"}],"DAYHOURS":["19","17","8","7","6","4","3","2"]}