{"SENSORNAME":"CHILLER B - CHWR TEMP","SENSORTYPE":"WTRTEMP(485)","DTUID":"200","SENSORID":"42","DATE0":"2022-11-28T05:28:23.225Z","DATE1":"2022-02-13T09:58:52.528Z","DAYDATA":[{"DTUID":"200","SENSORID":42,"FUNCID":3,"NDATA":2,"SENSORTYPE":"WATER-TEMP","RCV_BYTES":["0000","012F"],"DATAS":[0,303],"DATAS1":[],"DATAS2":[],"TIMESTAMP":"2022-11-28T05:28:23.225Z"},{"DTUID":"200","SENSORID":42,"FUNCID":3,"NDATA":2,"SENSORTYPE":"WATER-TEMP","RCV_BYTES":["0000","0124"],"DATAS":[0,292],"DATAS1":[],"DATAS2":[],"TIMESTAMP":"2022-11-28T03:02:56.761Z"},{"DTUID":"200","SENSORID":42,"FUNCID":3,"NDATA":2,"SENSORTYPE":"WATER-TEMP","RCV_BYTES":["0000","010A"],"DATAS":[0,266],"DATAS1":[],"DATAS2":[],"TIMESTAMP":"2022-11-28T00:59:32.391Z"},{"DTUID":"200","SENSORID":42,"FUNCID":3,"NDATA":2,"SENSORTYPE":"WATER-TEMP","RCV_BYTES":["0000","00FC"],"DATAS":[0,252],"DATAS1":[],"DATAS2":[],"TIMESTAMP":"2022-11-27T22:34:24.155Z"},{"DTUID":"200","SENSORID":42,"FUNCID":3,"NDATA":2,"SENSORTYPE":"WATER-TEMP","RCV_BYTES":["0000","00FC"],"DATAS":[0,252],"DATAS1":[],"DATAS2":[],"TIMESTAMP":"2022-11-27T21:14:22.621Z"}],"DAYHOURS":["13","11","8","6","5"]}