{"SENSORNAME":"COOLING TOWER A - CWR TEMP","SENSORTYPE":"WTRTEMP(485)","DTUID":"201","SENSORID":"4","DATE0":"2022-11-28T11:05:49.708Z","DATE1":"2022-02-13T09:05:31.420Z","DAYDATA":[{"DTUID":"201","SENSORID":4,"FUNCID":3,"NDATA":2,"SENSORTYPE":"WATER-TEMP","RCV_BYTES":["0000","011F"],"DATAS":[0,287],"DATAS1":[],"DATAS2":[],"TIMESTAMP":"2022-11-28T11:05:49.708Z"},{"DTUID":"201","SENSORID":4,"FUNCID":3,"NDATA":2,"SENSORTYPE":"WATER-TEMP","RCV_BYTES":["0000","012F"],"DATAS":[0,303],"DATAS1":[],"DATAS2":[],"TIMESTAMP":"2022-11-28T09:05:27.567Z"},{"DTUID":"201","SENSORID":4,"FUNCID":3,"NDATA":2,"SENSORTYPE":"WATER-TEMP","RCV_BYTES":["0000","012F"],"DATAS":[0,303],"DATAS1":[],"DATAS2":[],"TIMESTAMP":"2022-11-28T08:29:00.685Z"},{"DTUID":"201","SENSORID":4,"FUNCID":3,"NDATA":2,"SENSORTYPE":"WATER-TEMP","RCV_BYTES":["0000","0111"],"DATAS":[0,273],"DATAS1":[],"DATAS2":[],"TIMESTAMP":"2022-11-27T23:14:49.965Z"},{"DTUID":"201","SENSORID":4,"FUNCID":3,"NDATA":2,"SENSORTYPE":"WATER-TEMP","RCV_BYTES":["0000","0111"],"DATAS":[0,273],"DATAS1":[],"DATAS2":[],"TIMESTAMP":"2022-11-27T22:34:58.737Z"},{"DTUID":"201","SENSORID":4,"FUNCID":3,"NDATA":2,"SENSORTYPE":"WATER-TEMP","RCV_BYTES":["0000","0115"],"DATAS":[0,277],"DATAS1":[],"DATAS2":[],"TIMESTAMP":"2022-11-27T20:34:35.816Z"},{"DTUID":"201","SENSORID":4,"FUNCID":3,"NDATA":2,"SENSORTYPE":"WATER-TEMP","RCV_BYTES":["0000","0113"],"DATAS":[0,275],"DATAS1":[],"DATAS2":[],"TIMESTAMP":"2022-11-27T20:14:36.920Z"},{"DTUID":"201","SENSORID":4,"FUNCID":3,"NDATA":2,"SENSORTYPE":"WATER-TEMP","RCV_BYTES":["0000","0118"],"DATAS":[0,280],"DATAS1":[],"DATAS2":[],"TIMESTAMP":"2022-11-27T19:14:30.917Z"},{"DTUID":"201","SENSORID":4,"FUNCID":3,"NDATA":2,"SENSORTYPE":"WATER-TEMP","RCV_BYTES":["0000","0117"],"DATAS":[0,279],"DATAS1":[],"DATAS2":[],"TIMESTAMP":"2022-11-27T17:34:23.614Z"}],"DAYHOURS":["19","17","16","7","6","4","3","1"]}