{"SENSORNAME":"DEHUMIDIFER 1","SENSORTYPE":"AIRFLW(485)","DTUID":"203","SENSORID":"66","DATE0":"2022-11-28T11:56:32.436Z","DATE1":"2022-02-13T09:06:21.734Z","DAYDATA":[{"DTUID":"203","SENSORID":66,"FUNCID":3,"NDATA":2,"SENSORTYPE":"AIRFLOW-VEL","RCV_BYTES":["000E","13B0"],"DATAS":[14,5040],"DATAS1":[],"DATAS2":[],"TIMESTAMP":"2022-11-28T11:56:32.436Z"},{"DTUID":"203","SENSORID":66,"FUNCID":3,"NDATA":2,"SENSORTYPE":"AIRFLOW-VEL","RCV_BYTES":["000D","1248"],"DATAS":[13,4680],"DATAS1":[],"DATAS2":[],"TIMESTAMP":"2022-11-28T09:05:53.568Z"},{"DTUID":"203","SENSORID":66,"FUNCID":3,"NDATA":2,"SENSORTYPE":"AIRFLOW-VEL","RCV_BYTES":["000E","13B0"],"DATAS":[14,5040],"DATAS1":[],"DATAS2":[],"TIMESTAMP":"2022-11-28T08:29:25.558Z"},{"DTUID":"203","SENSORID":66,"FUNCID":3,"NDATA":2,"SENSORTYPE":"AIRFLOW-VEL","RCV_BYTES":["000E","13B0"],"DATAS":[14,5040],"DATAS1":[],"DATAS2":[],"TIMESTAMP":"2022-11-28T04:49:01.968Z"},{"DTUID":"203","SENSORID":66,"FUNCID":3,"NDATA":2,"SENSORTYPE":"AIRFLOW-VEL","RCV_BYTES":["000E","13B0"],"DATAS":[14,5040],"DATAS1":[],"DATAS2":[],"TIMESTAMP":"2022-11-28T03:03:41.774Z"},{"DTUID":"203","SENSORID":66,"FUNCID":3,"NDATA":2,"SENSORTYPE":"AIRFLOW-VEL","RCV_BYTES":["000E","13B0"],"DATAS":[14,5040],"DATAS1":[],"DATAS2":[],"TIMESTAMP":"2022-11-28T01:00:24.881Z"},{"DTUID":"203","SENSORID":66,"FUNCID":3,"NDATA":2,"SENSORTYPE":"AIRFLOW-VEL","RCV_BYTES":["000E","13B0"],"DATAS":[14,5040],"DATAS1":[],"DATAS2":[],"TIMESTAMP":"2022-11-27T23:15:20.036Z"},{"DTUID":"203","SENSORID":66,"FUNCID":3,"NDATA":2,"SENSORTYPE":"AIRFLOW-VEL","RCV_BYTES":["000E","13B0"],"DATAS":[14,5040],"DATAS1":[],"DATAS2":[],"TIMESTAMP":"2022-11-27T22:35:10.970Z"},{"DTUID":"203","SENSORID":66,"FUNCID":3,"NDATA":2,"SENSORTYPE":"AIRFLOW-VEL","RCV_BYTES":["000D","1248"],"DATAS":[13,4680],"DATAS1":[],"DATAS2":[],"TIMESTAMP":"2022-11-27T20:35:00.793Z"},{"DTUID":"203","SENSORID":66,"FUNCID":3,"NDATA":2,"SENSORTYPE":"AIRFLOW-VEL","RCV_BYTES":["000E","13B0"],"DATAS":[14,5040],"DATAS1":[],"DATAS2":[],"TIMESTAMP":"2022-11-27T20:15:03.041Z"},{"DTUID":"203","SENSORID":66,"FUNCID":3,"NDATA":2,"SENSORTYPE":"AIRFLOW-VEL","RCV_BYTES":["000D","1248"],"DATAS":[13,4680],"DATAS1":[],"DATAS2":[],"TIMESTAMP":"2022-11-27T19:34:57.975Z"}],"DAYHOURS":["19","17","16","12","11","9","7","6","4","3"]}