{"SENSORNAME":"SSB3-1","SENSORTYPE":"PWRMTR(485)","DTUID":"6","SENSORID":1,"PWRMTR0":"152585","PWRMTR1":"2191","DAYDATA":[{"DTUID":"6","SENSORID":1,"FUNCID":3,"NDATA":2,"SENSORTYPE":"PWR-METER-POWER","RCV_BYTES":["00E8","D370"],"DATAS":[232,-11408],"DATAS1":[],"DATAS2":[],"TIMESTAMP":"2022-11-28T11:57:23.698Z"},{"DTUID":"6","SENSORID":1,"FUNCID":3,"NDATA":2,"SENSORTYPE":"PWR-METER-POWER","RCV_BYTES":["00E8","CEC0"],"DATAS":[232,-12608],"DATAS1":[],"DATAS2":[],"TIMESTAMP":"2022-11-28T11:26:55.036Z"},{"DTUID":"6","SENSORID":1,"FUNCID":3,"NDATA":2,"SENSORTYPE":"PWR-METER-POWER","RCV_BYTES":["00E8","C0B0"],"DATAS":[232,-16208],"DATAS1":[],"DATAS2":[],"TIMESTAMP":"2022-11-28T10:06:48.953Z"},{"DTUID":"6","SENSORID":1,"FUNCID":3,"NDATA":2,"SENSORTYPE":"PWR-METER-POWER","RCV_BYTES":["00E8","B930"],"DATAS":[232,-18128],"DATAS1":[],"DATAS2":[],"TIMESTAMP":"2022-11-28T09:26:44.300Z"},{"DTUID":"6","SENSORID":1,"FUNCID":3,"NDATA":2,"SENSORTYPE":"PWR-METER-POWER","RCV_BYTES":["00E8","B660"],"DATAS":[232,-18848],"DATAS1":[],"DATAS2":[],"TIMESTAMP":"2022-11-28T09:06:43.540Z"},{"DTUID":"6","SENSORID":1,"FUNCID":3,"NDATA":2,"SENSORTYPE":"PWR-METER-POWER","RCV_BYTES":["00E8","AEE0"],"DATAS":[232,-20768],"DATAS1":[],"DATAS2":[],"TIMESTAMP":"2022-11-28T08:30:16.518Z"},{"DTUID":"6","SENSORID":1,"FUNCID":3,"NDATA":2,"SENSORTYPE":"PWR-METER-POWER","RCV_BYTES":["00E8","8000"],"DATAS":[232,-32768],"DATAS1":[],"DATAS2":[],"TIMESTAMP":"2022-11-28T05:30:06.371Z"},{"DTUID":"6","SENSORID":1,"FUNCID":3,"NDATA":2,"SENSORTYPE":"PWR-METER-POWER","RCV_BYTES":["00E8","7970"],"DATAS":[232,31088],"DATAS1":[],"DATAS2":[],"TIMESTAMP":"2022-11-28T04:49:59.650Z"},{"DTUID":"6","SENSORID":1,"FUNCID":3,"NDATA":2,"SENSORTYPE":"PWR-METER-POWER","RCV_BYTES":["00E8","75B0"],"DATAS":[232,30128],"DATAS1":[],"DATAS2":[],"TIMESTAMP":"2022-11-28T04:30:02.507Z"},{"DTUID":"6","SENSORID":1,"FUNCID":3,"NDATA":2,"SENSORTYPE":"PWR-METER-POWER","RCV_BYTES":["00E8","4220"],"DATAS":[232,16928],"DATAS1":[],"DATAS2":[],"TIMESTAMP":"2022-11-28T01:01:14.902Z"},{"DTUID":"6","SENSORID":1,"FUNCID":3,"NDATA":2,"SENSORTYPE":"PWR-METER-POWER","RCV_BYTES":["00E8","39B0"],"DATAS":[232,14768],"DATAS1":[],"DATAS2":[],"TIMESTAMP":"2022-11-28T00:16:16.498Z"},{"DTUID":"6","SENSORID":1,"FUNCID":3,"NDATA":2,"SENSORTYPE":"PWR-METER-POWER","RCV_BYTES":["00E8","2F60"],"DATAS":[232,12128],"DATAS1":[],"DATAS2":[],"TIMESTAMP":"2022-11-27T23:16:12.243Z"},{"DTUID":"6","SENSORID":1,"FUNCID":3,"NDATA":2,"SENSORTYPE":"PWR-METER-POWER","RCV_BYTES":["00E8","2510"],"DATAS":[232,9488],"DATAS1":[],"DATAS2":[],"TIMESTAMP":"2022-11-27T21:16:05.402Z"},{"DTUID":"6","SENSORID":1,"FUNCID":3,"NDATA":2,"SENSORTYPE":"PWR-METER-POWER","RCV_BYTES":["00E8","1BB0"],"DATAS":[232,7088],"DATAS1":[],"DATAS2":[],"TIMESTAMP":"2022-11-27T20:15:58.092Z"},{"DTUID":"6","SENSORID":1,"FUNCID":3,"NDATA":2,"SENSORTYPE":"PWR-METER-POWER","RCV_BYTES":["00E8","0440"],"DATAS":[232,1088],"DATAS1":[],"DATAS2":[],"TIMESTAMP":"2022-11-27T17:15:53.795Z"}],"DAYHOURS":["19","18","17","16","13","12","9","8","7","5","4","1"],"MNTH-2022_11":"152585","WK48":"152585","WK47":"149407","WK46":"145073","WK45":"140126","WK44":"135319","MNTH-2022_10":"134484","WK43":"130020","WK42":"125196","WK41":"120211","WK40":"115049","MNTH-2022_9":"112459","WK39":"109678","WK38":"103668","WK37":"98165","WK36":"93749","MNTH-2022_8":"89614","WK35":"89026","WK34":"83530","WK33":"78166","WK32":"72936","WK31":"67121","MNTH-2022_7":"65489","WK30":"61591","WK29":"55934","WK28":"50818","WK27":"45422","MNTH-2022_6":"41489","WK26":"39840","WK25":"34507","WK24":"28630","WK23":"23887","MNTH-2022_5":"18994","WK22":"18994","WK21":"13759","WK20":"8395","WK19":"3528"}