{"SENSORNAME":"CHILLER A - CWS PRESS 1","SENSORTYPE":"WTRPRS(485)","DTUID":"207","SENSORID":"23","DATE0":"2022-11-28T11:55:50.223Z","DATE1":"2022-02-13T09:59:06.549Z","DAYDATA":[{"DTUID":"207","SENSORID":23,"FUNCID":3,"NDATA":2,"SENSORTYPE":"WATER-PRES","RCV_BYTES":["4325","7BA6"],"DATAS":[17189,31654],"DATAS1":[],"DATAS2":[],"TIMESTAMP":"2022-11-28T11:55:50.223Z"},{"DTUID":"207","SENSORID":23,"FUNCID":3,"NDATA":2,"SENSORTYPE":"WATER-PRES","RCV_BYTES":["4325","47F0"],"DATAS":[17189,18416],"DATAS1":[],"DATAS2":[],"TIMESTAMP":"2022-11-28T11:25:24.677Z"},{"DTUID":"207","SENSORID":23,"FUNCID":3,"NDATA":2,"SENSORTYPE":"WATER-PRES","RCV_BYTES":["4324","E106"],"DATAS":[17188,-7930],"DATAS1":[],"DATAS2":[],"TIMESTAMP":"2022-11-28T10:05:18.824Z"},{"DTUID":"207","SENSORID":23,"FUNCID":3,"NDATA":2,"SENSORTYPE":"WATER-PRES","RCV_BYTES":["4324","AD50"],"DATAS":[17188,-21168],"DATAS1":[],"DATAS2":[],"TIMESTAMP":"2022-11-28T09:25:14.119Z"},{"DTUID":"207","SENSORID":23,"FUNCID":3,"NDATA":2,"SENSORTYPE":"WATER-PRES","RCV_BYTES":["4324","46A8"],"DATAS":[17188,18088],"DATAS1":[],"DATAS2":[],"TIMESTAMP":"2022-11-28T09:05:13.000Z"},{"DTUID":"207","SENSORID":23,"FUNCID":3,"NDATA":2,"SENSORTYPE":"WATER-PRES","RCV_BYTES":["4325","47F0"],"DATAS":[17189,18416],"DATAS1":[],"DATAS2":[],"TIMESTAMP":"2022-11-28T08:28:46.456Z"},{"DTUID":"207","SENSORID":23,"FUNCID":3,"NDATA":2,"SENSORTYPE":"WATER-PRES","RCV_BYTES":["4324","46A8"],"DATAS":[17188,18088],"DATAS1":[],"DATAS2":[],"TIMESTAMP":"2022-11-28T05:28:30.371Z"},{"DTUID":"207","SENSORID":23,"FUNCID":3,"NDATA":2,"SENSORTYPE":"WATER-PRES","RCV_BYTES":["4324","7958"],"DATAS":[17188,31064],"DATAS1":[],"DATAS2":[],"TIMESTAMP":"2022-11-28T04:48:22.908Z"},{"DTUID":"207","SENSORID":23,"FUNCID":3,"NDATA":2,"SENSORTYPE":"WATER-PRES","RCV_BYTES":["4324","AD50"],"DATAS":[17188,-21168],"DATAS1":[],"DATAS2":[],"TIMESTAMP":"2022-11-28T04:28:25.366Z"},{"DTUID":"207","SENSORID":23,"FUNCID":3,"NDATA":2,"SENSORTYPE":"WATER-PRES","RCV_BYTES":["4325","14FE"],"DATAS":[17189,5374],"DATAS1":[],"DATAS2":[],"TIMESTAMP":"2022-11-28T03:03:01.488Z"},{"DTUID":"207","SENSORID":23,"FUNCID":3,"NDATA":2,"SENSORTYPE":"WATER-PRES","RCV_BYTES":["4325","47F0"],"DATAS":[17189,18416],"DATAS1":[],"DATAS2":[],"TIMESTAMP":"2022-11-28T00:59:39.261Z"},{"DTUID":"207","SENSORID":23,"FUNCID":3,"NDATA":2,"SENSORTYPE":"WATER-PRES","RCV_BYTES":["4324","E106"],"DATAS":[17188,-7930],"DATAS1":[],"DATAS2":[],"TIMESTAMP":"2022-11-28T00:14:40.293Z"},{"DTUID":"207","SENSORID":23,"FUNCID":3,"NDATA":2,"SENSORTYPE":"WATER-PRES","RCV_BYTES":["4325","47F0"],"DATAS":[17189,18416],"DATAS1":[],"DATAS2":[],"TIMESTAMP":"2022-11-27T23:14:35.657Z"},{"DTUID":"207","SENSORID":23,"FUNCID":3,"NDATA":2,"SENSORTYPE":"WATER-PRES","RCV_BYTES":["4325","E28F"],"DATAS":[17189,-7537],"DATAS1":[],"DATAS2":[],"TIMESTAMP":"2022-11-27T22:34:31.644Z"},{"DTUID":"207","SENSORID":23,"FUNCID":3,"NDATA":2,"SENSORTYPE":"WATER-PRES","RCV_BYTES":["4326","4A3D"],"DATAS":[17190,19005],"DATAS1":[],"DATAS2":[],"TIMESTAMP":"2022-11-27T22:14:31.516Z"},{"DTUID":"207","SENSORID":23,"FUNCID":3,"NDATA":2,"SENSORTYPE":"WATER-PRES","RCV_BYTES":["4325","14FE"],"DATAS":[17189,5374],"DATAS1":[],"DATAS2":[],"TIMESTAMP":"2022-11-27T21:14:29.730Z"},{"DTUID":"207","SENSORID":23,"FUNCID":3,"NDATA":2,"SENSORTYPE":"WATER-PRES","RCV_BYTES":["4324","AD50"],"DATAS":[17188,-21168],"DATAS1":[],"DATAS2":[],"TIMESTAMP":"2022-11-27T20:34:21.092Z"},{"DTUID":"207","SENSORID":23,"FUNCID":3,"NDATA":2,"SENSORTYPE":"WATER-PRES","RCV_BYTES":["4325","14FE"],"DATAS":[17189,5374],"DATAS1":[],"DATAS2":[],"TIMESTAMP":"2022-11-27T20:14:22.232Z"},{"DTUID":"207","SENSORID":23,"FUNCID":3,"NDATA":2,"SENSORTYPE":"WATER-PRES","RCV_BYTES":["4324","AD50"],"DATAS":[17188,-21168],"DATAS1":[],"DATAS2":[],"TIMESTAMP":"2022-11-27T19:14:16.364Z"},{"DTUID":"207","SENSORID":23,"FUNCID":3,"NDATA":2,"SENSORTYPE":"WATER-PRES","RCV_BYTES":["4325","47F0"],"DATAS":[17189,18416],"DATAS1":[],"DATAS2":[],"TIMESTAMP":"2022-11-27T18:34:13.613Z"},{"DTUID":"207","SENSORID":23,"FUNCID":3,"NDATA":2,"SENSORTYPE":"WATER-PRES","RCV_BYTES":["4324","E106"],"DATAS":[17188,-7930],"DATAS1":[],"DATAS2":[],"TIMESTAMP":"2022-11-27T18:14:14.273Z"},{"DTUID":"207","SENSORID":23,"FUNCID":3,"NDATA":2,"SENSORTYPE":"WATER-PRES","RCV_BYTES":["4325","47F0"],"DATAS":[17189,18416],"DATAS1":[],"DATAS2":[],"TIMESTAMP":"2022-11-27T17:14:07.654Z"}],"DAYHOURS":["19","18","17","16","13","12","11","8","7","6","5","4","3","2","1"]}