{"SENSORNAME":"CLEAN ROOM 10k (MOV 5 OVEN)","SENSORTYPE":"WISENSOR","DTUID":"-1","SENSORID":"B0-96-40-57-8B-E3","DATE0":"2022-11-28T13:14:50.163Z","DATE1":"2021-04-24T04:46:08.419Z","DAYDATA":[{"modelID":"b0-96-40-57-8b-e3","modelType":"Wi-SHT10","DATAS":["Temperature","Humidity"],"Temperature":25.31,"Humidity":22.4448,"TIMESTAMP":"2022-11-28T13:14:50.163Z","BATT":100,"INTERVAL":600},{"modelID":"b0-96-40-57-8b-e3","modelType":"Wi-SHT10","DATAS":["Temperature","Humidity"],"Temperature":25.2,"Humidity":22.848,"TIMESTAMP":"2022-11-28T13:04:42.060Z","BATT":100,"INTERVAL":600},{"modelID":"b0-96-40-57-8b-e3","modelType":"Wi-SHT10","DATAS":["Temperature","Humidity"],"Temperature":25.42,"Humidity":22.608,"TIMESTAMP":"2022-11-28T12:24:48.097Z","BATT":100,"INTERVAL":600},{"modelID":"b0-96-40-57-8b-e3","modelType":"Wi-SHT10","DATAS":["Temperature","Humidity"],"Temperature":25.31,"Humidity":22.9056,"TIMESTAMP":"2022-11-28T12:14:42.099Z","BATT":100,"INTERVAL":600},{"modelID":"b0-96-40-57-8b-e3","modelType":"Wi-SHT10","DATAS":["Temperature","Humidity"],"Temperature":25.22,"Humidity":22.944,"TIMESTAMP":"2022-11-28T12:04:36.116Z","BATT":100,"INTERVAL":600},{"modelID":"b0-96-40-57-8b-e3","modelType":"Wi-SHT10","DATAS":["Temperature","Humidity"],"Temperature":25.15,"Humidity":23.1936,"TIMESTAMP":"2022-11-28T11:54:57.127Z","BATT":100,"INTERVAL":600},{"modelID":"b0-96-40-57-8b-e3","modelType":"Wi-SHT10","DATAS":["Temperature","Humidity"],"Temperature":25.18,"Humidity":23.424,"TIMESTAMP":"2022-11-28T11:44:39.149Z","BATT":100,"INTERVAL":600},{"modelID":"b0-96-40-57-8b-e3","modelType":"Wi-SHT10","DATAS":["Temperature","Humidity"],"Temperature":25.36,"Humidity":23.2224,"TIMESTAMP":"2022-11-28T11:34:21.182Z","BATT":100,"INTERVAL":600},{"modelID":"b0-96-40-57-8b-e3","modelType":"Wi-SHT10","DATAS":["Temperature","Humidity"],"Temperature":25.45,"Humidity":22.8,"TIMESTAMP":"2022-11-28T11:24:36.170Z","BATT":100,"INTERVAL":600},{"modelID":"b0-96-40-57-8b-e3","modelType":"Wi-SHT10","DATAS":["Temperature","Humidity"],"Temperature":25.26,"Humidity":22.665599999999998,"TIMESTAMP":"2022-11-28T11:14:54.168Z","BATT":100,"INTERVAL":600},{"modelID":"b0-96-40-57-8b-e3","modelType":"Wi-SHT10","DATAS":["Temperature","Humidity"],"Temperature":24.97,"Humidity":23.328,"TIMESTAMP":"2022-11-28T11:04:28.190Z","BATT":100,"INTERVAL":600},{"modelID":"b0-96-40-57-8b-e3","modelType":"Wi-SHT10","DATAS":["Temperature","Humidity"],"Temperature":25.4,"Humidity":22.924799999999998,"TIMESTAMP":"2022-11-28T10:54:51.188Z","BATT":100,"INTERVAL":600},{"modelID":"b0-96-40-57-8b-e3","modelType":"Wi-SHT10","DATAS":["Temperature","Humidity"],"Temperature":25.19,"Humidity":23.836799999999997,"TIMESTAMP":"2022-11-28T10:34:16.223Z","BATT":100,"INTERVAL":600},{"modelID":"b0-96-40-57-8b-e3","modelType":"Wi-SHT10","DATAS":["Temperature","Humidity"],"Temperature":20.8,"Humidity":34.8288,"TIMESTAMP":"2022-11-28T10:25:00.698Z","BATT":100,"INTERVAL":600},{"modelID":"b0-96-40-57-8b-e3","modelType":"Wi-SHT10","DATAS":["Temperature","Humidity"],"Temperature":24.93,"Humidity":24.403200000000002,"TIMESTAMP":"2022-11-28T10:14:25.245Z","BATT":100,"INTERVAL":600},{"modelID":"b0-96-40-57-8b-e3","modelType":"Wi-SHT10","DATAS":["Temperature","Humidity"],"Temperature":25.01,"Humidity":24.825599999999998,"TIMESTAMP":"2022-11-28T10:04:36.400Z","BATT":100,"INTERVAL":600},{"modelID":"b0-96-40-57-8b-e3","modelType":"Wi-SHT10","DATAS":["Temperature","Humidity"],"Temperature":25.26,"Humidity":24.3936,"TIMESTAMP":"2022-11-28T09:54:53.266Z","BATT":100,"INTERVAL":600},{"modelID":"b0-96-40-57-8b-e3","modelType":"Wi-SHT10","DATAS":["Temperature","Humidity"],"Temperature":25.11,"Humidity":24.9984,"TIMESTAMP":"2022-11-28T09:44:22.280Z","BATT":100,"INTERVAL":600},{"modelID":"b0-96-40-57-8b-e3","modelType":"Wi-SHT10","DATAS":["Temperature","Humidity"],"Temperature":24.93,"Humidity":25.152,"TIMESTAMP":"2022-11-28T09:34:24.280Z","BATT":100,"INTERVAL":600},{"modelID":"b0-96-40-57-8b-e3","modelType":"Wi-SHT10","DATAS":["Temperature","Humidity"],"Temperature":25.12,"Humidity":24.144,"TIMESTAMP":"2022-11-28T09:14:57.300Z","BATT":100,"INTERVAL":600},{"modelID":"b0-96-40-57-8b-e3","modelType":"Wi-SHT10","DATAS":["Temperature","Humidity"],"Temperature":24.86,"Humidity":24.336000000000002,"TIMESTAMP":"2022-11-28T09:04:15.321Z","BATT":100,"INTERVAL":600},{"modelID":"b0-96-40-57-8b-e3","modelType":"Wi-SHT10","DATAS":["Temperature","Humidity"],"Temperature":24.91,"Humidity":24.163200000000003,"TIMESTAMP":"2022-11-28T08:54:45.319Z","BATT":100,"INTERVAL":600},{"modelID":"b0-96-40-57-8b-e3","modelType":"Wi-SHT10","DATAS":["Temperature","Humidity"],"Temperature":25.37,"Humidity":23.3184,"TIMESTAMP":"2022-11-28T08:45:03.283Z","BATT":100,"INTERVAL":600},{"modelID":"b0-96-40-57-8b-e3","modelType":"Wi-SHT10","DATAS":["Temperature","Humidity"],"Temperature":25.16,"Humidity":23.328,"TIMESTAMP":"2022-11-28T08:34:53.365Z","BATT":100,"INTERVAL":600},{"modelID":"b0-96-40-57-8b-e3","modelType":"Wi-SHT10","DATAS":["Temperature","Humidity"],"Temperature":24.95,"Humidity":23.6736,"TIMESTAMP":"2022-11-28T08:24:37.358Z","BATT":100,"INTERVAL":600},{"modelID":"b0-96-40-57-8b-e3","modelType":"Wi-SHT10","DATAS":["Temperature","Humidity"],"Temperature":25.04,"Humidity":23.6544,"TIMESTAMP":"2022-11-28T08:14:37.385Z","BATT":100,"INTERVAL":600},{"modelID":"b0-96-40-57-8b-e3","modelType":"Wi-SHT10","DATAS":["Temperature","Humidity"],"Temperature":25.19,"Humidity":23.7024,"TIMESTAMP":"2022-11-28T08:04:52.383Z","BATT":100,"INTERVAL":600},{"modelID":"b0-96-40-57-8b-e3","modelType":"Wi-SHT10","DATAS":["Temperature","Humidity"],"Temperature":25.34,"Humidity":23.5008,"TIMESTAMP":"2022-11-28T07:54:55.897Z","BATT":100,"INTERVAL":600},{"modelID":"b0-96-40-57-8b-e3","modelType":"Wi-SHT10","DATAS":["Temperature","Humidity"],"Temperature":25.36,"Humidity":23.376,"TIMESTAMP":"2022-11-28T07:44:38.402Z","BATT":100,"INTERVAL":600},{"modelID":"b0-96-40-57-8b-e3","modelType":"Wi-SHT10","DATAS":["Temperature","Humidity"],"Temperature":25.09,"Humidity":23.9136,"TIMESTAMP":"2022-11-28T07:34:48.253Z","BATT":100,"INTERVAL":600},{"modelID":"b0-96-40-57-8b-e3","modelType":"Wi-SHT10","DATAS":["Temperature","Humidity"],"Temperature":24.88,"Humidity":24.1248,"TIMESTAMP":"2022-11-28T07:25:02.427Z","BATT":100,"INTERVAL":600},{"modelID":"b0-96-40-57-8b-e3","modelType":"Wi-SHT10","DATAS":["Temperature","Humidity"],"Temperature":24.62,"Humidity":24.278399999999998,"TIMESTAMP":"2022-11-28T07:14:30.434Z","BATT":100,"INTERVAL":600},{"modelID":"b0-96-40-57-8b-e3","modelType":"Wi-SHT10","DATAS":["Temperature","Humidity"],"Temperature":24.73,"Humidity":25.1712,"TIMESTAMP":"2022-11-28T07:04:59.463Z","BATT":100,"INTERVAL":600},{"modelID":"b0-96-40-57-8b-e3","modelType":"Wi-SHT10","DATAS":["Temperature","Humidity"],"Temperature":24.73,"Humidity":25.056,"TIMESTAMP":"2022-11-28T06:54:15.459Z","BATT":100,"INTERVAL":600},{"modelID":"b0-96-40-57-8b-e3","modelType":"Wi-SHT10","DATAS":["Temperature","Humidity"],"Temperature":24.36,"Humidity":25.0272,"TIMESTAMP":"2022-11-28T06:44:50.774Z","BATT":100,"INTERVAL":600},{"modelID":"b0-96-40-57-8b-e3","modelType":"Wi-SHT10","DATAS":["Temperature","Humidity"],"Temperature":24.01,"Humidity":24.816000000000003,"TIMESTAMP":"2022-11-28T06:34:48.231Z","BATT":100,"INTERVAL":600},{"modelID":"b0-96-40-57-8b-e3","modelType":"Wi-SHT10","DATAS":["Temperature","Humidity"],"Temperature":24.05,"Humidity":24.489600000000003,"TIMESTAMP":"2022-11-28T06:24:49.792Z","BATT":100,"INTERVAL":600},{"modelID":"b0-96-40-57-8b-e3","modelType":"Wi-SHT10","DATAS":["Temperature","Humidity"],"Temperature":23.94,"Humidity":24.7008,"TIMESTAMP":"2022-11-28T06:14:58.502Z","BATT":100,"INTERVAL":600},{"modelID":"b0-96-40-57-8b-e3","modelType":"Wi-SHT10","DATAS":["Temperature","Humidity"],"Temperature":23.66,"Humidity":25.3152,"TIMESTAMP":"2022-11-28T06:04:18.512Z","BATT":100,"INTERVAL":600},{"modelID":"b0-96-40-57-8b-e3","modelType":"Wi-SHT10","DATAS":["Temperature","Humidity"],"Temperature":23.89,"Humidity":25.6416,"TIMESTAMP":"2022-11-28T05:54:58.533Z","BATT":100,"INTERVAL":600},{"modelID":"b0-96-40-57-8b-e3","modelType":"Wi-SHT10","DATAS":["Temperature","Humidity"],"Temperature":24.28,"Humidity":24.2976,"TIMESTAMP":"2022-11-28T05:44:26.531Z","BATT":100,"INTERVAL":600},{"modelID":"b0-96-40-57-8b-e3","modelType":"Wi-SHT10","DATAS":["Temperature","Humidity"],"Temperature":23.85,"Humidity":23.980800000000002,"TIMESTAMP":"2022-11-28T05:34:21.560Z","BATT":100,"INTERVAL":600},{"modelID":"b0-96-40-57-8b-e3","modelType":"Wi-SHT10","DATAS":["Temperature","Humidity"],"Temperature":24.17,"Humidity":23.424,"TIMESTAMP":"2022-11-28T05:24:25.560Z","BATT":100,"INTERVAL":600},{"modelID":"b0-96-40-57-8b-e3","modelType":"Wi-SHT10","DATAS":["Temperature","Humidity"],"Temperature":24.63,"Humidity":23.808,"TIMESTAMP":"2022-11-28T05:14:57.582Z","BATT":100,"INTERVAL":600},{"modelID":"b0-96-40-57-8b-e3","modelType":"Wi-SHT10","DATAS":["Temperature","Humidity"],"Temperature":25.33,"Humidity":23.663999999999998,"TIMESTAMP":"2022-11-28T05:04:42.532Z","BATT":100,"INTERVAL":600},{"modelID":"b0-96-40-57-8b-e3","modelType":"Wi-SHT10","DATAS":["Temperature","Humidity"],"Temperature":25.19,"Humidity":23.4816,"TIMESTAMP":"2022-11-28T04:54:57.600Z","BATT":100,"INTERVAL":600},{"modelID":"b0-96-40-57-8b-e3","modelType":"Wi-SHT10","DATAS":["Temperature","Humidity"],"Temperature":25.18,"Humidity":23.328,"TIMESTAMP":"2022-11-28T04:44:18.610Z","BATT":100,"INTERVAL":600},{"modelID":"b0-96-40-57-8b-e3","modelType":"Wi-SHT10","DATAS":["Temperature","Humidity"],"Temperature":25.13,"Humidity":23.088,"TIMESTAMP":"2022-11-28T04:34:23.608Z","BATT":100,"INTERVAL":600},{"modelID":"b0-96-40-57-8b-e3","modelType":"Wi-SHT10","DATAS":["Temperature","Humidity"],"Temperature":25.07,"Humidity":24.72,"TIMESTAMP":"2022-11-28T04:24:54.227Z","BATT":100,"INTERVAL":600},{"modelID":"b0-96-40-57-8b-e3","modelType":"Wi-SHT10","DATAS":["Temperature","Humidity"],"Temperature":25.11,"Humidity":24.3744,"TIMESTAMP":"2022-11-28T04:14:18.630Z","BATT":100,"INTERVAL":600},{"modelID":"b0-96-40-57-8b-e3","modelType":"Wi-SHT10","DATAS":["Temperature","Humidity"],"Temperature":25.13,"Humidity":23.788800000000002,"TIMESTAMP":"2022-11-28T04:04:18.654Z","BATT":100,"INTERVAL":600},{"modelID":"b0-96-40-57-8b-e3","modelType":"Wi-SHT10","DATAS":["Temperature","Humidity"],"Temperature":25.42,"Humidity":22.982400000000002,"TIMESTAMP":"2022-11-28T03:54:52.938Z","BATT":100,"INTERVAL":600},{"modelID":"b0-96-40-57-8b-e3","modelType":"Wi-SHT10","DATAS":["Temperature","Humidity"],"Temperature":25.4,"Humidity":23.904,"TIMESTAMP":"2022-11-28T03:34:36.680Z","BATT":100,"INTERVAL":600},{"modelID":"b0-96-40-57-8b-e3","modelType":"Wi-SHT10","DATAS":["Temperature","Humidity"],"Temperature":25.15,"Humidity":24.3552,"TIMESTAMP":"2022-11-28T03:24:27.421Z","BATT":100,"INTERVAL":600},{"modelID":"b0-96-40-57-8b-e3","modelType":"Wi-SHT10","DATAS":["Temperature","Humidity"],"Temperature":24.94,"Humidity":24.748800000000003,"TIMESTAMP":"2022-11-28T03:14:26.694Z","BATT":100,"INTERVAL":600},{"modelID":"b0-96-40-57-8b-e3","modelType":"Wi-SHT10","DATAS":["Temperature","Humidity"],"Temperature":24.6,"Humidity":25.1136,"TIMESTAMP":"2022-11-28T03:04:19.014Z","BATT":100,"INTERVAL":600},{"modelID":"b0-96-40-57-8b-e3","modelType":"Wi-SHT10","DATAS":["Temperature","Humidity"],"Temperature":24.63,"Humidity":25.075200000000002,"TIMESTAMP":"2022-11-28T02:54:21.738Z","BATT":100,"INTERVAL":600},{"modelID":"b0-96-40-57-8b-e3","modelType":"Wi-SHT10","DATAS":["Temperature","Humidity"],"Temperature":24.61,"Humidity":25.017599999999998,"TIMESTAMP":"2022-11-28T02:44:43.973Z","BATT":100,"INTERVAL":600},{"modelID":"b0-96-40-57-8b-e3","modelType":"Wi-SHT10","DATAS":["Temperature","Humidity"],"Temperature":24.4,"Humidity":24.9216,"TIMESTAMP":"2022-11-28T02:34:33.740Z","BATT":100,"INTERVAL":600},{"modelID":"b0-96-40-57-8b-e3","modelType":"Wi-SHT10","DATAS":["Temperature","Humidity"],"Temperature":24.89,"Humidity":24.5568,"TIMESTAMP":"2022-11-28T02:24:20.757Z","BATT":100,"INTERVAL":600},{"modelID":"b0-96-40-57-8b-e3","modelType":"Wi-SHT10","DATAS":["Temperature","Humidity"],"Temperature":24.94,"Humidity":25.2672,"TIMESTAMP":"2022-11-28T02:14:29.775Z","BATT":100,"INTERVAL":600},{"modelID":"b0-96-40-57-8b-e3","modelType":"Wi-SHT10","DATAS":["Temperature","Humidity"],"Temperature":24.75,"Humidity":25.7664,"TIMESTAMP":"2022-11-28T02:04:54.975Z","BATT":100,"INTERVAL":600},{"modelID":"b0-96-40-57-8b-e3","modelType":"Wi-SHT10","DATAS":["Temperature","Humidity"],"Temperature":24.67,"Humidity":25.0944,"TIMESTAMP":"2022-11-28T01:54:48.015Z","BATT":100,"INTERVAL":600},{"modelID":"b0-96-40-57-8b-e3","modelType":"Wi-SHT10","DATAS":["Temperature","Humidity"],"Temperature":24.88,"Humidity":24.403200000000002,"TIMESTAMP":"2022-11-28T01:45:02.789Z","BATT":100,"INTERVAL":600},{"modelID":"b0-96-40-57-8b-e3","modelType":"Wi-SHT10","DATAS":["Temperature","Humidity"],"Temperature":24.96,"Humidity":24.8928,"TIMESTAMP":"2022-11-28T01:35:01.831Z","BATT":100,"INTERVAL":600},{"modelID":"b0-96-40-57-8b-e3","modelType":"Wi-SHT10","DATAS":["Temperature","Humidity"],"Temperature":24.89,"Humidity":24.6144,"TIMESTAMP":"2022-11-28T01:24:47.887Z","BATT":100,"INTERVAL":600},{"modelID":"b0-96-40-57-8b-e3","modelType":"Wi-SHT10","DATAS":["Temperature","Humidity"],"Temperature":25.01,"Humidity":41.664,"TIMESTAMP":"2022-11-28T01:14:48.341Z","BATT":100,"INTERVAL":600},{"modelID":"b0-96-40-57-8b-e3","modelType":"Wi-SHT10","DATAS":["Temperature","Humidity"],"Temperature":24.79,"Humidity":24.4128,"TIMESTAMP":"2022-11-28T01:04:47.804Z","BATT":100,"INTERVAL":600},{"modelID":"b0-96-40-57-8b-e3","modelType":"Wi-SHT10","DATAS":["Temperature","Humidity"],"Temperature":25.06,"Humidity":22.665599999999998,"TIMESTAMP":"2022-11-28T00:54:54.915Z","BATT":100,"INTERVAL":600},{"modelID":"b0-96-40-57-8b-e3","modelType":"Wi-SHT10","DATAS":["Temperature","Humidity"],"Temperature":25.08,"Humidity":22.56,"TIMESTAMP":"2022-11-28T00:44:49.029Z","BATT":100,"INTERVAL":600},{"modelID":"b0-96-40-57-8b-e3","modelType":"Wi-SHT10","DATAS":["Temperature","Humidity"],"Temperature":24.91,"Humidity":21.8688,"TIMESTAMP":"2022-11-28T00:35:03.883Z","BATT":100,"INTERVAL":600},{"modelID":"b0-96-40-57-8b-e3","modelType":"Wi-SHT10","DATAS":["Temperature","Humidity"],"Temperature":24.83,"Humidity":21.9936,"TIMESTAMP":"2022-11-28T00:24:18.894Z","BATT":100,"INTERVAL":600},{"modelID":"b0-96-40-57-8b-e3","modelType":"Wi-SHT10","DATAS":["Temperature","Humidity"],"Temperature":24.72,"Humidity":22.5312,"TIMESTAMP":"2022-11-28T00:15:02.352Z","BATT":100,"INTERVAL":600},{"modelID":"b0-96-40-57-8b-e3","modelType":"Wi-SHT10","DATAS":["Temperature","Humidity"],"Temperature":24.89,"Humidity":21.2832,"TIMESTAMP":"2022-11-28T00:04:15.913Z","BATT":100,"INTERVAL":600},{"modelID":"b0-96-40-57-8b-e3","modelType":"Wi-SHT10","DATAS":["Temperature","Humidity"],"Temperature":25.29,"Humidity":19.248,"TIMESTAMP":"2022-11-27T23:44:21.944Z","BATT":100,"INTERVAL":600},{"modelID":"b0-96-40-57-8b-e3","modelType":"Wi-SHT10","DATAS":["Temperature","Humidity"],"Temperature":25.26,"Humidity":18.854400000000002,"TIMESTAMP":"2022-11-27T23:34:39.960Z","BATT":100,"INTERVAL":600},{"modelID":"b0-96-40-57-8b-e3","modelType":"Wi-SHT10","DATAS":["Temperature","Humidity"],"Temperature":25.23,"Humidity":18.2592,"TIMESTAMP":"2022-11-27T23:24:50.805Z","BATT":100,"INTERVAL":600},{"modelID":"b0-96-40-57-8b-e3","modelType":"Wi-SHT10","DATAS":["Temperature","Humidity"],"Temperature":25.32,"Humidity":18.2208,"TIMESTAMP":"2022-11-27T23:14:40.305Z","BATT":100,"INTERVAL":600},{"modelID":"b0-96-40-57-8b-e3","modelType":"Wi-SHT10","DATAS":["Temperature","Humidity"],"Temperature":25.38,"Humidity":17.904,"TIMESTAMP":"2022-11-27T23:04:44.975Z","BATT":100,"INTERVAL":600},{"modelID":"b0-96-40-57-8b-e3","modelType":"Wi-SHT10","DATAS":["Temperature","Humidity"],"Temperature":25.29,"Humidity":17.5392,"TIMESTAMP":"2022-11-27T22:54:40.007Z","BATT":100,"INTERVAL":600},{"modelID":"b0-96-40-57-8b-e3","modelType":"Wi-SHT10","DATAS":["Temperature","Humidity"],"Temperature":25.36,"Humidity":17.8944,"TIMESTAMP":"2022-11-27T22:44:51.996Z","BATT":100,"INTERVAL":600},{"modelID":"b0-96-40-57-8b-e3","modelType":"Wi-SHT10","DATAS":["Temperature","Humidity"],"Temperature":25.27,"Humidity":18.2016,"TIMESTAMP":"2022-11-27T22:34:19.609Z","BATT":100,"INTERVAL":600},{"modelID":"b0-96-40-57-8b-e3","modelType":"Wi-SHT10","DATAS":["Temperature","Humidity"],"Temperature":25.23,"Humidity":17.9712,"TIMESTAMP":"2022-11-27T22:24:38.016Z","BATT":100,"INTERVAL":600},{"modelID":"b0-96-40-57-8b-e3","modelType":"Wi-SHT10","DATAS":["Temperature","Humidity"],"Temperature":25.29,"Humidity":17.7984,"TIMESTAMP":"2022-11-27T22:04:43.056Z","BATT":100,"INTERVAL":600},{"modelID":"b0-96-40-57-8b-e3","modelType":"Wi-SHT10","DATAS":["Temperature","Humidity"],"Temperature":25.22,"Humidity":18.192,"TIMESTAMP":"2022-11-27T21:55:03.058Z","BATT":100,"INTERVAL":600},{"modelID":"b0-96-40-57-8b-e3","modelType":"Wi-SHT10","DATAS":["Temperature","Humidity"],"Temperature":25.41,"Humidity":18.2208,"TIMESTAMP":"2022-11-27T21:44:40.062Z","BATT":100,"INTERVAL":600},{"modelID":"b0-96-40-57-8b-e3","modelType":"Wi-SHT10","DATAS":["Temperature","Humidity"],"Temperature":25.36,"Humidity":17.8656,"TIMESTAMP":"2022-11-27T21:34:39.085Z","BATT":100,"INTERVAL":600},{"modelID":"b0-96-40-57-8b-e3","modelType":"Wi-SHT10","DATAS":["Temperature","Humidity"],"Temperature":25.38,"Humidity":17.6736,"TIMESTAMP":"2022-11-27T21:24:27.485Z","BATT":100,"INTERVAL":600},{"modelID":"b0-96-40-57-8b-e3","modelType":"Wi-SHT10","DATAS":["Temperature","Humidity"],"Temperature":25.4,"Humidity":17.856,"TIMESTAMP":"2022-11-27T21:14:56.419Z","BATT":100,"INTERVAL":600},{"modelID":"b0-96-40-57-8b-e3","modelType":"Wi-SHT10","DATAS":["Temperature","Humidity"],"Temperature":25.36,"Humidity":18.2304,"TIMESTAMP":"2022-11-27T21:05:01.111Z","BATT":100,"INTERVAL":600},{"modelID":"b0-96-40-57-8b-e3","modelType":"Wi-SHT10","DATAS":["Temperature","Humidity"],"Temperature":25.35,"Humidity":18.1344,"TIMESTAMP":"2022-11-27T20:54:48.139Z","BATT":100,"INTERVAL":600},{"modelID":"b0-96-40-57-8b-e3","modelType":"Wi-SHT10","DATAS":["Temperature","Humidity"],"Temperature":25.35,"Humidity":17.8464,"TIMESTAMP":"2022-11-27T20:44:49.132Z","BATT":100,"INTERVAL":600},{"modelID":"b0-96-40-57-8b-e3","modelType":"Wi-SHT10","DATAS":["Temperature","Humidity"],"Temperature":25.36,"Humidity":18.316799999999997,"TIMESTAMP":"2022-11-27T20:24:53.161Z","BATT":100,"INTERVAL":600},{"modelID":"b0-96-40-57-8b-e3","modelType":"Wi-SHT10","DATAS":["Temperature","Humidity"],"Temperature":25.34,"Humidity":18.4512,"TIMESTAMP":"2022-11-27T20:15:02.536Z","BATT":100,"INTERVAL":600},{"modelID":"b0-96-40-57-8b-e3","modelType":"Wi-SHT10","DATAS":["Temperature","Humidity"],"Temperature":25.3,"Humidity":18.2016,"TIMESTAMP":"2022-11-27T20:04:45.173Z","BATT":100,"INTERVAL":600},{"modelID":"b0-96-40-57-8b-e3","modelType":"Wi-SHT10","DATAS":["Temperature","Humidity"],"Temperature":25.29,"Humidity":17.980800000000002,"TIMESTAMP":"2022-11-27T19:54:50.202Z","BATT":100,"INTERVAL":600},{"modelID":"b0-96-40-57-8b-e3","modelType":"Wi-SHT10","DATAS":["Temperature","Humidity"],"Temperature":25.32,"Humidity":18.144,"TIMESTAMP":"2022-11-27T19:44:53.198Z","BATT":100,"INTERVAL":600},{"modelID":"b0-96-40-57-8b-e3","modelType":"Wi-SHT10","DATAS":["Temperature","Humidity"],"Temperature":25.34,"Humidity":18.6912,"TIMESTAMP":"2022-11-27T19:34:19.655Z","BATT":100,"INTERVAL":600},{"modelID":"b0-96-40-57-8b-e3","modelType":"Wi-SHT10","DATAS":["Temperature","Humidity"],"Temperature":25.29,"Humidity":18.796799999999998,"TIMESTAMP":"2022-11-27T19:24:47.225Z","BATT":100,"INTERVAL":600},{"modelID":"b0-96-40-57-8b-e3","modelType":"Wi-SHT10","DATAS":["Temperature","Humidity"],"Temperature":25.2,"Humidity":18.6144,"TIMESTAMP":"2022-11-27T19:14:23.596Z","BATT":100,"INTERVAL":600},{"modelID":"b0-96-40-57-8b-e3","modelType":"Wi-SHT10","DATAS":["Temperature","Humidity"],"Temperature":25.12,"Humidity":18.5664,"TIMESTAMP":"2022-11-27T19:04:50.236Z","BATT":100,"INTERVAL":600},{"modelID":"b0-96-40-57-8b-e3","modelType":"Wi-SHT10","DATAS":["Temperature","Humidity"],"Temperature":25.33,"Humidity":18.278399999999998,"TIMESTAMP":"2022-11-27T18:54:50.257Z","BATT":100,"INTERVAL":600},{"modelID":"b0-96-40-57-8b-e3","modelType":"Wi-SHT10","DATAS":["Temperature","Humidity"],"Temperature":25.48,"Humidity":18.5568,"TIMESTAMP":"2022-11-27T18:44:49.274Z","BATT":100,"INTERVAL":600},{"modelID":"b0-96-40-57-8b-e3","modelType":"Wi-SHT10","DATAS":["Temperature","Humidity"],"Temperature":25.42,"Humidity":18.9216,"TIMESTAMP":"2022-11-27T18:34:48.753Z","BATT":100,"INTERVAL":600},{"modelID":"b0-96-40-57-8b-e3","modelType":"Wi-SHT10","DATAS":["Temperature","Humidity"],"Temperature":25.35,"Humidity":19.152,"TIMESTAMP":"2022-11-27T18:24:30.298Z","BATT":100,"INTERVAL":600},{"modelID":"b0-96-40-57-8b-e3","modelType":"Wi-SHT10","DATAS":["Temperature","Humidity"],"Temperature":25.39,"Humidity":19.2384,"TIMESTAMP":"2022-11-27T18:15:03.294Z","BATT":100,"INTERVAL":600},{"modelID":"b0-96-40-57-8b-e3","modelType":"Wi-SHT10","DATAS":["Temperature","Humidity"],"Temperature":25.41,"Humidity":18.624,"TIMESTAMP":"2022-11-27T18:04:39.314Z","BATT":100,"INTERVAL":600},{"modelID":"b0-96-40-57-8b-e3","modelType":"Wi-SHT10","DATAS":["Temperature","Humidity"],"Temperature":25.38,"Humidity":18.4416,"TIMESTAMP":"2022-11-27T17:54:20.313Z","BATT":100,"INTERVAL":600},{"modelID":"b0-96-40-57-8b-e3","modelType":"Wi-SHT10","DATAS":["Temperature","Humidity"],"Temperature":25.32,"Humidity":18.595200000000002,"TIMESTAMP":"2022-11-27T17:44:31.338Z","BATT":100,"INTERVAL":600},{"modelID":"b0-96-40-57-8b-e3","modelType":"Wi-SHT10","DATAS":["Temperature","Humidity"],"Temperature":25.52,"Humidity":18.470399999999998,"TIMESTAMP":"2022-11-27T17:35:12.455Z","BATT":100,"INTERVAL":600},{"modelID":"b0-96-40-57-8b-e3","modelType":"Wi-SHT10","DATAS":["Temperature","Humidity"],"Temperature":25.46,"Humidity":18.9216,"TIMESTAMP":"2022-11-27T17:25:03.355Z","BATT":100,"INTERVAL":600},{"modelID":"b0-96-40-57-8b-e3","modelType":"Wi-SHT10","DATAS":["Temperature","Humidity"],"Temperature":25.41,"Humidity":18.7008,"TIMESTAMP":"2022-11-27T17:14:22.335Z","BATT":100,"INTERVAL":600},{"modelID":"b0-96-40-57-8b-e3","modelType":"Wi-SHT10","DATAS":["Temperature","Humidity"],"Temperature":25.42,"Humidity":18.3648,"TIMESTAMP":"2022-11-27T17:04:19.375Z","BATT":100,"INTERVAL":600},{"modelID":"b0-96-40-57-8b-e3","modelType":"Wi-SHT10","DATAS":["Temperature","Humidity"],"Temperature":25.42,"Humidity":18.9408,"TIMESTAMP":"2022-11-27T16:44:32.389Z","BATT":100,"INTERVAL":600},{"modelID":"b0-96-40-57-8b-e3","modelType":"Wi-SHT10","DATAS":["Temperature","Humidity"],"Temperature":25.44,"Humidity":19.44,"TIMESTAMP":"2022-11-27T16:24:49.425Z","BATT":100,"INTERVAL":600},{"modelID":"b0-96-40-57-8b-e3","modelType":"Wi-SHT10","DATAS":["Temperature","Humidity"],"Temperature":25.42,"Humidity":19.2384,"TIMESTAMP":"2022-11-27T16:14:42.598Z","BATT":100,"INTERVAL":600}],"DAYHOURS":["21","20","19","18","17","16","15","14","13","12","11","10","9","8","7","6","5","4","3","2","1","0"]}