{"SENSORNAME":"CHWP OVERALL","SENSORTYPE":"PWRMTR(485)","DTUID":"110","SENSORID":15,"PWRMTR0":"498","PWRMTR1":"14","DAYDATA":[{"DTUID":"110","SENSORID":15,"FUNCID":3,"NDATA":2,"SENSORTYPE":"PWR-METER-POWER","RCV_BYTES":["0000","C2A9"],"DATAS":[0,-15703],"DATAS1":[],"DATAS2":[],"TIMESTAMP":"2022-11-28T09:26:22.381Z"},{"DTUID":"110","SENSORID":15,"FUNCID":3,"NDATA":2,"SENSORTYPE":"PWR-METER-POWER","RCV_BYTES":["0000","C29F"],"DATAS":[0,-15713],"DATAS1":[],"DATAS2":[],"TIMESTAMP":"2022-11-28T08:29:56.026Z"},{"DTUID":"110","SENSORID":15,"FUNCID":3,"NDATA":2,"SENSORTYPE":"PWR-METER-POWER","RCV_BYTES":["0000","C26B"],"DATAS":[0,-15765],"DATAS1":[],"DATAS2":[],"TIMESTAMP":"2022-11-28T03:04:09.794Z"},{"DTUID":"110","SENSORID":15,"FUNCID":3,"NDATA":2,"SENSORTYPE":"PWR-METER-POWER","RCV_BYTES":["0000","C250"],"DATAS":[0,-15792],"DATAS1":[],"DATAS2":[],"TIMESTAMP":"2022-11-28T00:15:54.794Z"},{"DTUID":"110","SENSORID":15,"FUNCID":3,"NDATA":2,"SENSORTYPE":"PWR-METER-POWER","RCV_BYTES":["0000","C245"],"DATAS":[0,-15803],"DATAS1":[],"DATAS2":[],"TIMESTAMP":"2022-11-27T23:15:50.116Z"},{"DTUID":"110","SENSORID":15,"FUNCID":3,"NDATA":2,"SENSORTYPE":"PWR-METER-POWER","RCV_BYTES":["0000","C23E"],"DATAS":[0,-15810],"DATAS1":[],"DATAS2":[],"TIMESTAMP":"2022-11-27T22:35:46.104Z"},{"DTUID":"110","SENSORID":15,"FUNCID":3,"NDATA":2,"SENSORTYPE":"PWR-METER-POWER","RCV_BYTES":["0000","C22F"],"DATAS":[0,-15825],"DATAS1":[],"DATAS2":[],"TIMESTAMP":"2022-11-27T21:15:43.262Z"}],"DAYHOURS":["17","16","11","8","7","6","5"],"MNTH-2022_11":"498","WK48":"498","WK47":"484","WK46":"466","WK45":"449","WK44":"432","MNTH-2022_10":"429","WK43":"415","WK42":"398","WK41":"381","WK40":"364","MNTH-2022_9":"355","WK39":"347","WK38":"330","WK37":"313","WK36":"298","MNTH-2022_8":"285","WK35":"282","WK34":"266","WK33":"249","WK32":"232","WK31":"216","MNTH-2022_7":"211","WK30":"200","WK29":"184","WK28":"168","WK27":"151","MNTH-2022_6":"139","WK26":"135","WK25":"119","WK24":"103","WK23":"86","MNTH-2022_5":"69","WK22":"69","WK21":"52","WK20":"35","WK19":"17"}