{"SENSORNAME":"HVC PRODUCTION","SENSORTYPE":"WISENSOR","DTUID":"-1","SENSORID":"B0-82-F1-93-8B-0D","DATE0":"2022-11-28T13:00:01.862Z","DATE1":"2021-12-20T22:14:11.083Z","DAYDATA":[{"modelID":"b0-82-f1-93-8b-0d","modelType":"Wi-SHT10","DATAS":["Temperature","Humidity"],"Temperature":23.76,"Humidity":29.404799999999998,"TIMESTAMP":"2022-11-28T13:00:01.862Z","BATT":100,"INTERVAL":600},{"modelID":"b0-82-f1-93-8b-0d","modelType":"Wi-SHT10","DATAS":["Temperature","Humidity"],"Temperature":21.94,"Humidity":34.809599999999996,"TIMESTAMP":"2022-11-28T12:39:43.637Z","BATT":100,"INTERVAL":600},{"modelID":"b0-82-f1-93-8b-0d","modelType":"Wi-SHT10","DATAS":["Temperature","Humidity"],"Temperature":24.15,"Humidity":28.9632,"TIMESTAMP":"2022-11-28T12:29:50.117Z","BATT":100,"INTERVAL":600},{"modelID":"b0-82-f1-93-8b-0d","modelType":"Wi-SHT10","DATAS":["Temperature","Humidity"],"Temperature":23.97,"Humidity":28.924799999999998,"TIMESTAMP":"2022-11-28T12:20:04.918Z","BATT":100,"INTERVAL":600},{"modelID":"b0-82-f1-93-8b-0d","modelType":"Wi-SHT10","DATAS":["Temperature","Humidity"],"Temperature":23.66,"Humidity":29.4912,"TIMESTAMP":"2022-11-28T12:10:00.659Z","BATT":100,"INTERVAL":600},{"modelID":"b0-82-f1-93-8b-0d","modelType":"Wi-SHT10","DATAS":["Temperature","Humidity"],"Temperature":23.65,"Humidity":29.8656,"TIMESTAMP":"2022-11-28T12:00:06.758Z","BATT":100,"INTERVAL":600},{"modelID":"b0-82-f1-93-8b-0d","modelType":"Wi-SHT10","DATAS":["Temperature","Humidity"],"Temperature":23.67,"Humidity":30.019199999999998,"TIMESTAMP":"2022-11-28T11:49:38.887Z","BATT":100,"INTERVAL":600},{"modelID":"b0-82-f1-93-8b-0d","modelType":"Wi-SHT10","DATAS":["Temperature","Humidity"],"Temperature":23.97,"Humidity":29.8944,"TIMESTAMP":"2022-11-28T11:40:05.295Z","BATT":100,"INTERVAL":600},{"modelID":"b0-82-f1-93-8b-0d","modelType":"Wi-SHT10","DATAS":["Temperature","Humidity"],"Temperature":23.69,"Humidity":30.672,"TIMESTAMP":"2022-11-28T11:30:01.009Z","BATT":100,"INTERVAL":600},{"modelID":"b0-82-f1-93-8b-0d","modelType":"Wi-SHT10","DATAS":["Temperature","Humidity"],"Temperature":23.74,"Humidity":30.883200000000002,"TIMESTAMP":"2022-11-28T11:19:56.629Z","BATT":100,"INTERVAL":600},{"modelID":"b0-82-f1-93-8b-0d","modelType":"Wi-SHT10","DATAS":["Temperature","Humidity"],"Temperature":23.56,"Humidity":31.487999999999996,"TIMESTAMP":"2022-11-28T11:10:01.030Z","BATT":100,"INTERVAL":600},{"modelID":"b0-82-f1-93-8b-0d","modelType":"Wi-SHT10","DATAS":["Temperature","Humidity"],"Temperature":23.28,"Humidity":31.929599999999997,"TIMESTAMP":"2022-11-28T10:59:53.477Z","BATT":100,"INTERVAL":600},{"modelID":"b0-82-f1-93-8b-0d","modelType":"Wi-SHT10","DATAS":["Temperature","Humidity"],"Temperature":23.16,"Humidity":32.112,"TIMESTAMP":"2022-11-28T10:50:04.290Z","BATT":100,"INTERVAL":600},{"modelID":"b0-82-f1-93-8b-0d","modelType":"Wi-SHT10","DATAS":["Temperature","Humidity"],"Temperature":23.07,"Humidity":32.0256,"TIMESTAMP":"2022-11-28T10:40:07.665Z","BATT":100,"INTERVAL":600},{"modelID":"b0-82-f1-93-8b-0d","modelType":"Wi-SHT10","DATAS":["Temperature","Humidity"],"Temperature":23.03,"Humidity":31.6128,"TIMESTAMP":"2022-11-28T10:29:43.303Z","BATT":100,"INTERVAL":600},{"modelID":"b0-82-f1-93-8b-0d","modelType":"Wi-SHT10","DATAS":["Temperature","Humidity"],"Temperature":23.37,"Humidity":31.6896,"TIMESTAMP":"2022-11-28T10:19:59.691Z","BATT":100,"INTERVAL":600},{"modelID":"b0-82-f1-93-8b-0d","modelType":"Wi-SHT10","DATAS":["Temperature","Humidity"],"Temperature":23.33,"Humidity":32.150400000000005,"TIMESTAMP":"2022-11-28T10:10:07.503Z","BATT":100,"INTERVAL":600},{"modelID":"b0-82-f1-93-8b-0d","modelType":"Wi-SHT10","DATAS":["Temperature","Humidity"],"Temperature":23.32,"Humidity":32.2656,"TIMESTAMP":"2022-11-28T09:59:53.224Z","BATT":100,"INTERVAL":600},{"modelID":"b0-82-f1-93-8b-0d","modelType":"Wi-SHT10","DATAS":["Temperature","Humidity"],"Temperature":23.2,"Humidity":32.3424,"TIMESTAMP":"2022-11-28T09:50:12.724Z","BATT":100,"INTERVAL":600},{"modelID":"b0-82-f1-93-8b-0d","modelType":"Wi-SHT10","DATAS":["Temperature","Humidity"],"Temperature":23.47,"Humidity":32.2944,"TIMESTAMP":"2022-11-28T09:39:56.453Z","BATT":100,"INTERVAL":600},{"modelID":"b0-82-f1-93-8b-0d","modelType":"Wi-SHT10","DATAS":["Temperature","Humidity"],"Temperature":23.35,"Humidity":31.8528,"TIMESTAMP":"2022-11-28T09:29:43.440Z","BATT":100,"INTERVAL":600},{"modelID":"b0-82-f1-93-8b-0d","modelType":"Wi-SHT10","DATAS":["Temperature","Humidity"],"Temperature":23.26,"Humidity":31.584,"TIMESTAMP":"2022-11-28T09:20:10.839Z","BATT":100,"INTERVAL":600},{"modelID":"b0-82-f1-93-8b-0d","modelType":"Wi-SHT10","DATAS":["Temperature","Humidity"],"Temperature":23.68,"Humidity":30.6528,"TIMESTAMP":"2022-11-28T08:59:57.680Z","BATT":100,"INTERVAL":600},{"modelID":"b0-82-f1-93-8b-0d","modelType":"Wi-SHT10","DATAS":["Temperature","Humidity"],"Temperature":23.42,"Humidity":31.2288,"TIMESTAMP":"2022-11-28T08:50:08.226Z","BATT":100,"INTERVAL":600},{"modelID":"b0-82-f1-93-8b-0d","modelType":"Wi-SHT10","DATAS":["Temperature","Humidity"],"Temperature":23.63,"Humidity":31.353599999999997,"TIMESTAMP":"2022-11-28T08:40:03.124Z","BATT":100,"INTERVAL":600},{"modelID":"b0-82-f1-93-8b-0d","modelType":"Wi-SHT10","DATAS":["Temperature","Humidity"],"Temperature":23.57,"Humidity":31.449599999999997,"TIMESTAMP":"2022-11-28T08:19:59.758Z","BATT":100,"INTERVAL":600},{"modelID":"b0-82-f1-93-8b-0d","modelType":"Wi-SHT10","DATAS":["Temperature","Humidity"],"Temperature":23.51,"Humidity":31.6128,"TIMESTAMP":"2022-11-28T08:09:46.950Z","BATT":100,"INTERVAL":600},{"modelID":"b0-82-f1-93-8b-0d","modelType":"Wi-SHT10","DATAS":["Temperature","Humidity"],"Temperature":23.8,"Humidity":31.420799999999996,"TIMESTAMP":"2022-11-28T08:00:11.525Z","BATT":100,"INTERVAL":600},{"modelID":"b0-82-f1-93-8b-0d","modelType":"Wi-SHT10","DATAS":["Temperature","Humidity"],"Temperature":23.47,"Humidity":31.948800000000002,"TIMESTAMP":"2022-11-28T07:49:45.241Z","BATT":100,"INTERVAL":600},{"modelID":"b0-82-f1-93-8b-0d","modelType":"Wi-SHT10","DATAS":["Temperature","Humidity"],"Temperature":23.53,"Humidity":31.967999999999996,"TIMESTAMP":"2022-11-28T07:40:02.405Z","BATT":100,"INTERVAL":600},{"modelID":"b0-82-f1-93-8b-0d","modelType":"Wi-SHT10","DATAS":["Temperature","Humidity"],"Temperature":23.87,"Humidity":31.343999999999998,"TIMESTAMP":"2022-11-28T07:29:47.300Z","BATT":100,"INTERVAL":600},{"modelID":"b0-82-f1-93-8b-0d","modelType":"Wi-SHT10","DATAS":["Temperature","Humidity"],"Temperature":23.62,"Humidity":31.727999999999998,"TIMESTAMP":"2022-11-28T07:19:55.005Z","BATT":100,"INTERVAL":600},{"modelID":"b0-82-f1-93-8b-0d","modelType":"Wi-SHT10","DATAS":["Temperature","Humidity"],"Temperature":23.67,"Humidity":31.6896,"TIMESTAMP":"2022-11-28T07:10:05.108Z","BATT":100,"INTERVAL":600},{"modelID":"b0-82-f1-93-8b-0d","modelType":"Wi-SHT10","DATAS":["Temperature","Humidity"],"Temperature":23.49,"Humidity":31.7856,"TIMESTAMP":"2022-11-28T06:59:57.042Z","BATT":100,"INTERVAL":600},{"modelID":"b0-82-f1-93-8b-0d","modelType":"Wi-SHT10","DATAS":["Temperature","Humidity"],"Temperature":23.84,"Humidity":31.411199999999997,"TIMESTAMP":"2022-11-28T06:50:05.225Z","BATT":100,"INTERVAL":600},{"modelID":"b0-82-f1-93-8b-0d","modelType":"Wi-SHT10","DATAS":["Temperature","Humidity"],"Temperature":23.64,"Humidity":31.7472,"TIMESTAMP":"2022-11-28T06:39:40.368Z","BATT":100,"INTERVAL":600},{"modelID":"b0-82-f1-93-8b-0d","modelType":"Wi-SHT10","DATAS":["Temperature","Humidity"],"Temperature":23.89,"Humidity":31.3056,"TIMESTAMP":"2022-11-28T06:29:58.782Z","BATT":100,"INTERVAL":600},{"modelID":"b0-82-f1-93-8b-0d","modelType":"Wi-SHT10","DATAS":["Temperature","Humidity"],"Temperature":23.5,"Humidity":32.16,"TIMESTAMP":"2022-11-28T06:19:38.760Z","BATT":100,"INTERVAL":600},{"modelID":"b0-82-f1-93-8b-0d","modelType":"Wi-SHT10","DATAS":["Temperature","Humidity"],"Temperature":23.48,"Humidity":32.035199999999996,"TIMESTAMP":"2022-11-28T06:09:56.225Z","BATT":100,"INTERVAL":600},{"modelID":"b0-82-f1-93-8b-0d","modelType":"Wi-SHT10","DATAS":["Temperature","Humidity"],"Temperature":23.51,"Humidity":32.2656,"TIMESTAMP":"2022-11-28T06:00:05.273Z","BATT":100,"INTERVAL":600},{"modelID":"b0-82-f1-93-8b-0d","modelType":"Wi-SHT10","DATAS":["Temperature","Humidity"],"Temperature":23.69,"Humidity":31.7568,"TIMESTAMP":"2022-11-28T05:50:06.639Z","BATT":100,"INTERVAL":600},{"modelID":"b0-82-f1-93-8b-0d","modelType":"Wi-SHT10","DATAS":["Temperature","Humidity"],"Temperature":23.63,"Humidity":31.353599999999997,"TIMESTAMP":"2022-11-28T05:39:41.571Z","BATT":100,"INTERVAL":600},{"modelID":"b0-82-f1-93-8b-0d","modelType":"Wi-SHT10","DATAS":["Temperature","Humidity"],"Temperature":23.67,"Humidity":30.863999999999997,"TIMESTAMP":"2022-11-28T05:29:56.531Z","BATT":100,"INTERVAL":600},{"modelID":"b0-82-f1-93-8b-0d","modelType":"Wi-SHT10","DATAS":["Temperature","Humidity"],"Temperature":24.13,"Humidity":30.5184,"TIMESTAMP":"2022-11-28T05:19:48.037Z","BATT":100,"INTERVAL":600},{"modelID":"b0-82-f1-93-8b-0d","modelType":"Wi-SHT10","DATAS":["Temperature","Humidity"],"Temperature":23.74,"Humidity":31.420799999999996,"TIMESTAMP":"2022-11-28T05:09:45.166Z","BATT":100,"INTERVAL":600},{"modelID":"b0-82-f1-93-8b-0d","modelType":"Wi-SHT10","DATAS":["Temperature","Humidity"],"Temperature":23.63,"Humidity":31.967999999999996,"TIMESTAMP":"2022-11-28T05:00:07.232Z","BATT":100,"INTERVAL":600},{"modelID":"b0-82-f1-93-8b-0d","modelType":"Wi-SHT10","DATAS":["Temperature","Humidity"],"Temperature":23.65,"Humidity":32.3616,"TIMESTAMP":"2022-11-28T04:50:10.058Z","BATT":100,"INTERVAL":600},{"modelID":"b0-82-f1-93-8b-0d","modelType":"Wi-SHT10","DATAS":["Temperature","Humidity"],"Temperature":23.75,"Humidity":34.1376,"TIMESTAMP":"2022-11-28T04:40:08.812Z","BATT":100,"INTERVAL":600},{"modelID":"b0-82-f1-93-8b-0d","modelType":"Wi-SHT10","DATAS":["Temperature","Humidity"],"Temperature":23.94,"Humidity":33.407999999999994,"TIMESTAMP":"2022-11-28T04:29:50.743Z","BATT":100,"INTERVAL":600},{"modelID":"b0-82-f1-93-8b-0d","modelType":"Wi-SHT10","DATAS":["Temperature","Humidity"],"Temperature":23.82,"Humidity":33.1008,"TIMESTAMP":"2022-11-28T04:20:06.991Z","BATT":100,"INTERVAL":600},{"modelID":"b0-82-f1-93-8b-0d","modelType":"Wi-SHT10","DATAS":["Temperature","Humidity"],"Temperature":23.71,"Humidity":32.7744,"TIMESTAMP":"2022-11-28T04:09:43.311Z","BATT":100,"INTERVAL":600},{"modelID":"b0-82-f1-93-8b-0d","modelType":"Wi-SHT10","DATAS":["Temperature","Humidity"],"Temperature":24.18,"Humidity":30.863999999999997,"TIMESTAMP":"2022-11-28T04:00:01.566Z","BATT":100,"INTERVAL":600},{"modelID":"b0-82-f1-93-8b-0d","modelType":"Wi-SHT10","DATAS":["Temperature","Humidity"],"Temperature":23.79,"Humidity":30.057599999999997,"TIMESTAMP":"2022-11-28T03:50:08.464Z","BATT":100,"INTERVAL":600},{"modelID":"b0-82-f1-93-8b-0d","modelType":"Wi-SHT10","DATAS":["Temperature","Humidity"],"Temperature":23.69,"Humidity":30.048000000000002,"TIMESTAMP":"2022-11-28T03:40:05.833Z","BATT":100,"INTERVAL":600},{"modelID":"b0-82-f1-93-8b-0d","modelType":"Wi-SHT10","DATAS":["Temperature","Humidity"],"Temperature":23.69,"Humidity":30.3264,"TIMESTAMP":"2022-11-28T03:29:58.561Z","BATT":100,"INTERVAL":600},{"modelID":"b0-82-f1-93-8b-0d","modelType":"Wi-SHT10","DATAS":["Temperature","Humidity"],"Temperature":23.65,"Humidity":30.844800000000003,"TIMESTAMP":"2022-11-28T03:19:52.195Z","BATT":100,"INTERVAL":600},{"modelID":"b0-82-f1-93-8b-0d","modelType":"Wi-SHT10","DATAS":["Temperature","Humidity"],"Temperature":23.65,"Humidity":31.296000000000003,"TIMESTAMP":"2022-11-28T03:09:54.213Z","BATT":100,"INTERVAL":600},{"modelID":"b0-82-f1-93-8b-0d","modelType":"Wi-SHT10","DATAS":["Temperature","Humidity"],"Temperature":23.87,"Humidity":31.247999999999998,"TIMESTAMP":"2022-11-28T03:00:07.596Z","BATT":100,"INTERVAL":600},{"modelID":"b0-82-f1-93-8b-0d","modelType":"Wi-SHT10","DATAS":["Temperature","Humidity"],"Temperature":23.79,"Humidity":31.7856,"TIMESTAMP":"2022-11-28T02:50:04.025Z","BATT":100,"INTERVAL":600},{"modelID":"b0-82-f1-93-8b-0d","modelType":"Wi-SHT10","DATAS":["Temperature","Humidity"],"Temperature":23.62,"Humidity":32.1984,"TIMESTAMP":"2022-11-28T02:30:12.850Z","BATT":100,"INTERVAL":600},{"modelID":"b0-82-f1-93-8b-0d","modelType":"Wi-SHT10","DATAS":["Temperature","Humidity"],"Temperature":23.55,"Humidity":32.2272,"TIMESTAMP":"2022-11-28T02:19:40.156Z","BATT":100,"INTERVAL":600},{"modelID":"b0-82-f1-93-8b-0d","modelType":"Wi-SHT10","DATAS":["Temperature","Humidity"],"Temperature":23.5,"Humidity":32.3424,"TIMESTAMP":"2022-11-28T02:09:57.866Z","BATT":100,"INTERVAL":600},{"modelID":"b0-82-f1-93-8b-0d","modelType":"Wi-SHT10","DATAS":["Temperature","Humidity"],"Temperature":23.65,"Humidity":32.0448,"TIMESTAMP":"2022-11-28T02:00:05.947Z","BATT":100,"INTERVAL":600},{"modelID":"b0-82-f1-93-8b-0d","modelType":"Wi-SHT10","DATAS":["Temperature","Humidity"],"Temperature":24.21,"Humidity":30.729599999999998,"TIMESTAMP":"2022-11-28T01:39:39.090Z","BATT":100,"INTERVAL":600},{"modelID":"b0-82-f1-93-8b-0d","modelType":"Wi-SHT10","DATAS":["Temperature","Humidity"],"Temperature":24.46,"Humidity":28.9536,"TIMESTAMP":"2022-11-28T01:09:55.089Z","BATT":100,"INTERVAL":600},{"modelID":"b0-82-f1-93-8b-0d","modelType":"Wi-SHT10","DATAS":["Temperature","Humidity"],"Temperature":24.39,"Humidity":28.8864,"TIMESTAMP":"2022-11-28T01:00:10.303Z","BATT":100,"INTERVAL":600},{"modelID":"b0-82-f1-93-8b-0d","modelType":"Wi-SHT10","DATAS":["Temperature","Humidity"],"Temperature":24.12,"Humidity":28.915200000000002,"TIMESTAMP":"2022-11-28T00:49:49.915Z","BATT":100,"INTERVAL":600},{"modelID":"b0-82-f1-93-8b-0d","modelType":"Wi-SHT10","DATAS":["Temperature","Humidity"],"Temperature":24.2,"Humidity":28.4064,"TIMESTAMP":"2022-11-28T00:40:01.333Z","BATT":100,"INTERVAL":600},{"modelID":"b0-82-f1-93-8b-0d","modelType":"Wi-SHT10","DATAS":["Temperature","Humidity"],"Temperature":24.73,"Humidity":27.1968,"TIMESTAMP":"2022-11-28T00:29:41.473Z","BATT":100,"INTERVAL":600},{"modelID":"b0-82-f1-93-8b-0d","modelType":"Wi-SHT10","DATAS":["Temperature","Humidity"],"Temperature":25.08,"Humidity":26.8992,"TIMESTAMP":"2022-11-28T00:20:06.481Z","BATT":100,"INTERVAL":600},{"modelID":"b0-82-f1-93-8b-0d","modelType":"Wi-SHT10","DATAS":["Temperature","Humidity"],"Temperature":25.31,"Humidity":26.217599999999997,"TIMESTAMP":"2022-11-28T00:09:58.133Z","BATT":100,"INTERVAL":600},{"modelID":"b0-82-f1-93-8b-0d","modelType":"Wi-SHT10","DATAS":["Temperature","Humidity"],"Temperature":24.83,"Humidity":26.1408,"TIMESTAMP":"2022-11-27T23:59:54.697Z","BATT":100,"INTERVAL":600},{"modelID":"b0-82-f1-93-8b-0d","modelType":"Wi-SHT10","DATAS":["Temperature","Humidity"],"Temperature":25.06,"Humidity":25.209600000000002,"TIMESTAMP":"2022-11-27T23:49:44.416Z","BATT":100,"INTERVAL":600},{"modelID":"b0-82-f1-93-8b-0d","modelType":"Wi-SHT10","DATAS":["Temperature","Humidity"],"Temperature":25,"Humidity":24.9408,"TIMESTAMP":"2022-11-27T23:39:43.545Z","BATT":100,"INTERVAL":600},{"modelID":"b0-82-f1-93-8b-0d","modelType":"Wi-SHT10","DATAS":["Temperature","Humidity"],"Temperature":25.19,"Humidity":24.3648,"TIMESTAMP":"2022-11-27T23:29:50.896Z","BATT":100,"INTERVAL":600},{"modelID":"b0-82-f1-93-8b-0d","modelType":"Wi-SHT10","DATAS":["Temperature","Humidity"],"Temperature":24.28,"Humidity":24.8352,"TIMESTAMP":"2022-11-27T23:19:59.885Z","BATT":100,"INTERVAL":600},{"modelID":"b0-82-f1-93-8b-0d","modelType":"Wi-SHT10","DATAS":["Temperature","Humidity"],"Temperature":24.27,"Humidity":24.7104,"TIMESTAMP":"2022-11-27T23:09:47.476Z","BATT":100,"INTERVAL":600},{"modelID":"b0-82-f1-93-8b-0d","modelType":"Wi-SHT10","DATAS":["Temperature","Humidity"],"Temperature":24.22,"Humidity":23.9328,"TIMESTAMP":"2022-11-27T22:59:48.017Z","BATT":100,"INTERVAL":600},{"modelID":"b0-82-f1-93-8b-0d","modelType":"Wi-SHT10","DATAS":["Temperature","Humidity"],"Temperature":24.31,"Humidity":23.721600000000002,"TIMESTAMP":"2022-11-27T22:50:03.485Z","BATT":100,"INTERVAL":600},{"modelID":"b0-82-f1-93-8b-0d","modelType":"Wi-SHT10","DATAS":["Temperature","Humidity"],"Temperature":24.32,"Humidity":23.8944,"TIMESTAMP":"2022-11-27T22:39:40.477Z","BATT":100,"INTERVAL":600},{"modelID":"b0-82-f1-93-8b-0d","modelType":"Wi-SHT10","DATAS":["Temperature","Humidity"],"Temperature":24.33,"Humidity":23.980800000000002,"TIMESTAMP":"2022-11-27T22:29:39.856Z","BATT":100,"INTERVAL":600},{"modelID":"b0-82-f1-93-8b-0d","modelType":"Wi-SHT10","DATAS":["Temperature","Humidity"],"Temperature":24.32,"Humidity":23.980800000000002,"TIMESTAMP":"2022-11-27T22:19:49.276Z","BATT":100,"INTERVAL":600},{"modelID":"b0-82-f1-93-8b-0d","modelType":"Wi-SHT10","DATAS":["Temperature","Humidity"],"Temperature":24.27,"Humidity":23.942400000000003,"TIMESTAMP":"2022-11-27T22:09:53.637Z","BATT":100,"INTERVAL":600},{"modelID":"b0-82-f1-93-8b-0d","modelType":"Wi-SHT10","DATAS":["Temperature","Humidity"],"Temperature":24.34,"Humidity":23.6064,"TIMESTAMP":"2022-11-27T21:59:49.798Z","BATT":100,"INTERVAL":600},{"modelID":"b0-82-f1-93-8b-0d","modelType":"Wi-SHT10","DATAS":["Temperature","Humidity"],"Temperature":24.43,"Humidity":23.5488,"TIMESTAMP":"2022-11-27T21:49:59.526Z","BATT":100,"INTERVAL":600},{"modelID":"b0-82-f1-93-8b-0d","modelType":"Wi-SHT10","DATAS":["Temperature","Humidity"],"Temperature":24.65,"Humidity":23.395200000000003,"TIMESTAMP":"2022-11-27T21:40:08.825Z","BATT":100,"INTERVAL":600},{"modelID":"b0-82-f1-93-8b-0d","modelType":"Wi-SHT10","DATAS":["Temperature","Humidity"],"Temperature":24.68,"Humidity":23.510399999999997,"TIMESTAMP":"2022-11-27T21:29:53.121Z","BATT":100,"INTERVAL":600},{"modelID":"b0-82-f1-93-8b-0d","modelType":"Wi-SHT10","DATAS":["Temperature","Humidity"],"Temperature":24.69,"Humidity":23.6064,"TIMESTAMP":"2022-11-27T21:19:59.491Z","BATT":100,"INTERVAL":600},{"modelID":"b0-82-f1-93-8b-0d","modelType":"Wi-SHT10","DATAS":["Temperature","Humidity"],"Temperature":24.74,"Humidity":23.568,"TIMESTAMP":"2022-11-27T21:10:00.982Z","BATT":100,"INTERVAL":600},{"modelID":"b0-82-f1-93-8b-0d","modelType":"Wi-SHT10","DATAS":["Temperature","Humidity"],"Temperature":24.61,"Humidity":23.731199999999998,"TIMESTAMP":"2022-11-27T21:00:11.082Z","BATT":100,"INTERVAL":600},{"modelID":"b0-82-f1-93-8b-0d","modelType":"Wi-SHT10","DATAS":["Temperature","Humidity"],"Temperature":24.87,"Humidity":23.4336,"TIMESTAMP":"2022-11-27T20:50:12.155Z","BATT":100,"INTERVAL":600},{"modelID":"b0-82-f1-93-8b-0d","modelType":"Wi-SHT10","DATAS":["Temperature","Humidity"],"Temperature":24.45,"Humidity":24.0768,"TIMESTAMP":"2022-11-27T20:39:58.957Z","BATT":100,"INTERVAL":600},{"modelID":"b0-82-f1-93-8b-0d","modelType":"Wi-SHT10","DATAS":["Temperature","Humidity"],"Temperature":24.46,"Humidity":24.0384,"TIMESTAMP":"2022-11-27T20:29:45.855Z","BATT":100,"INTERVAL":600},{"modelID":"b0-82-f1-93-8b-0d","modelType":"Wi-SHT10","DATAS":["Temperature","Humidity"],"Temperature":24.41,"Humidity":24.0384,"TIMESTAMP":"2022-11-27T20:19:44.242Z","BATT":100,"INTERVAL":600},{"modelID":"b0-82-f1-93-8b-0d","modelType":"Wi-SHT10","DATAS":["Temperature","Humidity"],"Temperature":24.52,"Humidity":23.9232,"TIMESTAMP":"2022-11-27T20:09:39.972Z","BATT":100,"INTERVAL":600},{"modelID":"b0-82-f1-93-8b-0d","modelType":"Wi-SHT10","DATAS":["Temperature","Humidity"],"Temperature":24.72,"Humidity":23.7696,"TIMESTAMP":"2022-11-27T20:00:08.761Z","BATT":100,"INTERVAL":600},{"modelID":"b0-82-f1-93-8b-0d","modelType":"Wi-SHT10","DATAS":["Temperature","Humidity"],"Temperature":24.85,"Humidity":23.6256,"TIMESTAMP":"2022-11-27T19:50:02.780Z","BATT":100,"INTERVAL":600},{"modelID":"b0-82-f1-93-8b-0d","modelType":"Wi-SHT10","DATAS":["Temperature","Humidity"],"Temperature":24.73,"Humidity":23.808,"TIMESTAMP":"2022-11-27T19:39:39.016Z","BATT":100,"INTERVAL":600},{"modelID":"b0-82-f1-93-8b-0d","modelType":"Wi-SHT10","DATAS":["Temperature","Humidity"],"Temperature":24.75,"Humidity":23.904,"TIMESTAMP":"2022-11-27T19:20:10.885Z","BATT":100,"INTERVAL":600},{"modelID":"b0-82-f1-93-8b-0d","modelType":"Wi-SHT10","DATAS":["Temperature","Humidity"],"Temperature":24.63,"Humidity":24.1728,"TIMESTAMP":"2022-11-27T19:10:05.685Z","BATT":100,"INTERVAL":600},{"modelID":"b0-82-f1-93-8b-0d","modelType":"Wi-SHT10","DATAS":["Temperature","Humidity"],"Temperature":24.82,"Humidity":24.048000000000002,"TIMESTAMP":"2022-11-27T19:00:10.958Z","BATT":100,"INTERVAL":600},{"modelID":"b0-82-f1-93-8b-0d","modelType":"Wi-SHT10","DATAS":["Temperature","Humidity"],"Temperature":24.71,"Humidity":24.4128,"TIMESTAMP":"2022-11-27T18:49:40.236Z","BATT":100,"INTERVAL":600},{"modelID":"b0-82-f1-93-8b-0d","modelType":"Wi-SHT10","DATAS":["Temperature","Humidity"],"Temperature":24.81,"Humidity":24.2016,"TIMESTAMP":"2022-11-27T18:39:53.374Z","BATT":100,"INTERVAL":600},{"modelID":"b0-82-f1-93-8b-0d","modelType":"Wi-SHT10","DATAS":["Temperature","Humidity"],"Temperature":24.72,"Humidity":24.4992,"TIMESTAMP":"2022-11-27T18:29:48.695Z","BATT":100,"INTERVAL":600},{"modelID":"b0-82-f1-93-8b-0d","modelType":"Wi-SHT10","DATAS":["Temperature","Humidity"],"Temperature":24.52,"Humidity":24.9024,"TIMESTAMP":"2022-11-27T18:19:40.193Z","BATT":100,"INTERVAL":600},{"modelID":"b0-82-f1-93-8b-0d","modelType":"Wi-SHT10","DATAS":["Temperature","Humidity"],"Temperature":24.53,"Humidity":24.854400000000002,"TIMESTAMP":"2022-11-27T18:09:41.893Z","BATT":100,"INTERVAL":600},{"modelID":"b0-82-f1-93-8b-0d","modelType":"Wi-SHT10","DATAS":["Temperature","Humidity"],"Temperature":24.45,"Humidity":24.7392,"TIMESTAMP":"2022-11-27T18:00:07.294Z","BATT":100,"INTERVAL":600},{"modelID":"b0-82-f1-93-8b-0d","modelType":"Wi-SHT10","DATAS":["Temperature","Humidity"],"Temperature":24.53,"Humidity":24.432,"TIMESTAMP":"2022-11-27T17:50:03.395Z","BATT":100,"INTERVAL":600},{"modelID":"b0-82-f1-93-8b-0d","modelType":"Wi-SHT10","DATAS":["Temperature","Humidity"],"Temperature":24.42,"Humidity":24.48,"TIMESTAMP":"2022-11-27T17:40:05.054Z","BATT":100,"INTERVAL":600},{"modelID":"b0-82-f1-93-8b-0d","modelType":"Wi-SHT10","DATAS":["Temperature","Humidity"],"Temperature":24.53,"Humidity":24.2976,"TIMESTAMP":"2022-11-27T17:29:50.222Z","BATT":100,"INTERVAL":600},{"modelID":"b0-82-f1-93-8b-0d","modelType":"Wi-SHT10","DATAS":["Temperature","Humidity"],"Temperature":24.72,"Humidity":24.048000000000002,"TIMESTAMP":"2022-11-27T17:20:06.774Z","BATT":100,"INTERVAL":600},{"modelID":"b0-82-f1-93-8b-0d","modelType":"Wi-SHT10","DATAS":["Temperature","Humidity"],"Temperature":24.79,"Humidity":23.7504,"TIMESTAMP":"2022-11-27T17:09:53.315Z","BATT":100,"INTERVAL":600},{"modelID":"b0-82-f1-93-8b-0d","modelType":"Wi-SHT10","DATAS":["Temperature","Humidity"],"Temperature":24.42,"Humidity":24.288,"TIMESTAMP":"2022-11-27T16:59:54.797Z","BATT":100,"INTERVAL":600},{"modelID":"b0-82-f1-93-8b-0d","modelType":"Wi-SHT10","DATAS":["Temperature","Humidity"],"Temperature":24.53,"Humidity":24.163200000000003,"TIMESTAMP":"2022-11-27T16:49:46.816Z","BATT":100,"INTERVAL":600},{"modelID":"b0-82-f1-93-8b-0d","modelType":"Wi-SHT10","DATAS":["Temperature","Humidity"],"Temperature":24.83,"Humidity":23.712,"TIMESTAMP":"2022-11-27T16:39:42.160Z","BATT":100,"INTERVAL":600},{"modelID":"b0-82-f1-93-8b-0d","modelType":"Wi-SHT10","DATAS":["Temperature","Humidity"],"Temperature":24.81,"Humidity":24.1056,"TIMESTAMP":"2022-11-27T16:29:47.951Z","BATT":100,"INTERVAL":600}],"DAYHOURS":["21","20","19","18","17","16","15","14","13","12","11","10","9","8","7","6","5","4","3","2","1","0"]}