{"SENSORNAME":"DH2 - FE/HVC/R&D","SENSORTYPE":"PWRMTR(485)","DTUID":"107","SENSORID":1,"PWRMTR0":"416670","PWRMTR1":"11668","DAYDATA":[{"DTUID":"107","SENSORID":1,"FUNCID":3,"NDATA":2,"SENSORTYPE":"PWR-METER-POWER","RCV_BYTES":["027B","C9E0"],"DATAS":[635,-13856],"DATAS1":[],"DATAS2":[],"TIMESTAMP":"2022-11-28T11:56:39.608Z"},{"DTUID":"107","SENSORID":1,"FUNCID":3,"NDATA":2,"SENSORTYPE":"PWR-METER-POWER","RCV_BYTES":["027B","93A8"],"DATAS":[635,-27736],"DATAS1":[],"DATAS2":[],"TIMESTAMP":"2022-11-28T10:06:04.944Z"},{"DTUID":"107","SENSORID":1,"FUNCID":3,"NDATA":2,"SENSORTYPE":"PWR-METER-POWER","RCV_BYTES":["027B","6450"],"DATAS":[635,25680],"DATAS1":[],"DATAS2":[],"TIMESTAMP":"2022-11-28T08:29:32.778Z"},{"DTUID":"107","SENSORID":1,"FUNCID":3,"NDATA":2,"SENSORTYPE":"PWR-METER-POWER","RCV_BYTES":["027B","0CD0"],"DATAS":[635,3280],"DATAS1":[],"DATAS2":[],"TIMESTAMP":"2022-11-28T05:29:16.711Z"},{"DTUID":"107","SENSORID":1,"FUNCID":3,"NDATA":2,"SENSORTYPE":"PWR-METER-POWER","RCV_BYTES":["027A","7798"],"DATAS":[634,30616],"DATAS1":[],"DATAS2":[],"TIMESTAMP":"2022-11-28T01:00:30.742Z"},{"DTUID":"107","SENSORID":1,"FUNCID":3,"NDATA":2,"SENSORTYPE":"PWR-METER-POWER","RCV_BYTES":["027A","1190"],"DATAS":[634,4496],"DATAS1":[],"DATAS2":[],"TIMESTAMP":"2022-11-27T22:15:17.864Z"},{"DTUID":"107","SENSORID":1,"FUNCID":3,"NDATA":2,"SENSORTYPE":"PWR-METER-POWER","RCV_BYTES":["0279","D3D8"],"DATAS":[633,-11304],"DATAS1":[],"DATAS2":[],"TIMESTAMP":"2022-11-27T20:35:07.912Z"},{"DTUID":"107","SENSORID":1,"FUNCID":3,"NDATA":2,"SENSORTYPE":"PWR-METER-POWER","RCV_BYTES":["0279","C780"],"DATAS":[633,-14464],"DATAS1":[],"DATAS2":[],"TIMESTAMP":"2022-11-27T20:15:08.732Z"},{"DTUID":"107","SENSORID":1,"FUNCID":3,"NDATA":2,"SENSORTYPE":"PWR-METER-POWER","RCV_BYTES":["0279","AED0"],"DATAS":[633,-20784],"DATAS1":[],"DATAS2":[],"TIMESTAMP":"2022-11-27T19:35:02.864Z"},{"DTUID":"107","SENSORID":1,"FUNCID":3,"NDATA":2,"SENSORTYPE":"PWR-METER-POWER","RCV_BYTES":["0279","89F0"],"DATAS":[633,-30224],"DATAS1":[],"DATAS2":[],"TIMESTAMP":"2022-11-27T18:34:59.973Z"},{"DTUID":"107","SENSORID":1,"FUNCID":3,"NDATA":2,"SENSORTYPE":"PWR-METER-POWER","RCV_BYTES":["0279","7D98"],"DATAS":[633,32152],"DATAS1":[],"DATAS2":[],"TIMESTAMP":"2022-11-27T18:15:00.933Z"},{"DTUID":"107","SENSORID":1,"FUNCID":3,"NDATA":2,"SENSORTYPE":"PWR-METER-POWER","RCV_BYTES":["0279","5890"],"DATAS":[633,22672],"DATAS1":[],"DATAS2":[],"TIMESTAMP":"2022-11-27T17:14:53.715Z"}],"DAYHOURS":["19","18","16","13","9","6","4","3","2","1"],"MNTH-2022_11":"416670","WK48":"416670","WK47":"403606","WK46":"387640","WK45":"372280","WK44":"359752","MNTH-2022_10":"357897","WK43":"345227","WK42":"336073","WK41":"325365","WK40":"314554","MNTH-2022_9":"308448","WK39":"301374","WK38":"287141","WK37":"275557","WK36":"265840","MNTH-2022_8":"253979","WK35":"252019","WK34":"238032","WK33":"224850","WK32":"212126","WK31":"197129","MNTH-2022_7":"192760","WK30":"182170","WK29":"167591","WK28":"152268","WK27":"136482","MNTH-2022_6":"124986","WK26":"120662","WK25":"105214","WK24":"89947","WK23":"75701","MNTH-2022_5":"60780","WK22":"60780","WK21":"45838","WK20":"30624","WK19":"15366"}