{"SENSORNAME":"DEHUMIDIFER (PASTE ROOM)","SENSORTYPE":"AIRFLW(485)","DTUID":"215","SENSORID":"69","DATE0":"2022-11-28T11:56:35.388Z","DATE1":"2022-02-13T09:06:27.812Z","DAYDATA":[{"DTUID":"215","SENSORID":69,"FUNCID":3,"NDATA":2,"SENSORTYPE":"AIRFLOW-VEL","RCV_BYTES":["0032","4650"],"DATAS":[50,18000],"DATAS1":[],"DATAS2":[],"TIMESTAMP":"2022-11-28T11:56:35.388Z"},{"DTUID":"215","SENSORID":69,"FUNCID":3,"NDATA":2,"SENSORTYPE":"AIRFLOW-VEL","RCV_BYTES":["002E","40B0"],"DATAS":[46,16560],"DATAS1":[],"DATAS2":[],"TIMESTAMP":"2022-11-28T11:26:06.948Z"},{"DTUID":"215","SENSORID":69,"FUNCID":3,"NDATA":2,"SENSORTYPE":"AIRFLOW-VEL","RCV_BYTES":["0035","4A88"],"DATAS":[53,19080],"DATAS1":[],"DATAS2":[],"TIMESTAMP":"2022-11-28T11:06:12.709Z"},{"DTUID":"215","SENSORID":69,"FUNCID":3,"NDATA":2,"SENSORTYPE":"AIRFLOW-VEL","RCV_BYTES":["0032","4650"],"DATAS":[50,18000],"DATAS1":[],"DATAS2":[],"TIMESTAMP":"2022-11-28T10:06:03.204Z"},{"DTUID":"215","SENSORID":69,"FUNCID":3,"NDATA":2,"SENSORTYPE":"AIRFLOW-VEL","RCV_BYTES":["002F","4218"],"DATAS":[47,16920],"DATAS1":[],"DATAS2":[],"TIMESTAMP":"2022-11-28T09:25:56.359Z"},{"DTUID":"215","SENSORID":69,"FUNCID":3,"NDATA":2,"SENSORTYPE":"AIRFLOW-VEL","RCV_BYTES":["0031","44E8"],"DATAS":[49,17640],"DATAS1":[],"DATAS2":[],"TIMESTAMP":"2022-11-28T09:05:55.340Z"},{"DTUID":"215","SENSORID":69,"FUNCID":3,"NDATA":2,"SENSORTYPE":"AIRFLOW-VEL","RCV_BYTES":["0031","44E8"],"DATAS":[49,17640],"DATAS1":[],"DATAS2":[],"TIMESTAMP":"2022-11-28T08:29:28.558Z"},{"DTUID":"215","SENSORID":69,"FUNCID":3,"NDATA":2,"SENSORTYPE":"AIRFLOW-VEL","RCV_BYTES":["0031","44E8"],"DATAS":[49,17640],"DATAS1":[],"DATAS2":[],"TIMESTAMP":"2022-11-28T05:29:15.591Z"},{"DTUID":"215","SENSORID":69,"FUNCID":3,"NDATA":2,"SENSORTYPE":"AIRFLOW-VEL","RCV_BYTES":["002D","3F48"],"DATAS":[45,16200],"DATAS1":[],"DATAS2":[],"TIMESTAMP":"2022-11-28T04:49:04.928Z"},{"DTUID":"215","SENSORID":69,"FUNCID":3,"NDATA":2,"SENSORTYPE":"AIRFLOW-VEL","RCV_BYTES":["002D","3F48"],"DATAS":[45,16200],"DATAS1":[],"DATAS2":[],"TIMESTAMP":"2022-11-28T04:29:07.410Z"},{"DTUID":"215","SENSORID":69,"FUNCID":3,"NDATA":2,"SENSORTYPE":"AIRFLOW-VEL","RCV_BYTES":["0031","44E8"],"DATAS":[49,17640],"DATAS1":[],"DATAS2":[],"TIMESTAMP":"2022-11-28T03:03:43.553Z"},{"DTUID":"215","SENSORID":69,"FUNCID":3,"NDATA":2,"SENSORTYPE":"AIRFLOW-VEL","RCV_BYTES":["0034","4920"],"DATAS":[52,18720],"DATAS1":[],"DATAS2":[],"TIMESTAMP":"2022-11-28T01:00:26.642Z"},{"DTUID":"215","SENSORID":69,"FUNCID":3,"NDATA":2,"SENSORTYPE":"AIRFLOW-VEL","RCV_BYTES":["0032","4650"],"DATAS":[50,18000],"DATAS1":[],"DATAS2":[],"TIMESTAMP":"2022-11-27T22:35:13.688Z"},{"DTUID":"215","SENSORID":69,"FUNCID":3,"NDATA":2,"SENSORTYPE":"AIRFLOW-VEL","RCV_BYTES":["0036","4BF0"],"DATAS":[54,19440],"DATAS1":[],"DATAS2":[],"TIMESTAMP":"2022-11-27T22:15:13.758Z"},{"DTUID":"215","SENSORID":69,"FUNCID":3,"NDATA":2,"SENSORTYPE":"AIRFLOW-VEL","RCV_BYTES":["0033","47B8"],"DATAS":[51,18360],"DATAS1":[],"DATAS2":[],"TIMESTAMP":"2022-11-27T21:15:14.982Z"},{"DTUID":"215","SENSORID":69,"FUNCID":3,"NDATA":2,"SENSORTYPE":"AIRFLOW-VEL","RCV_BYTES":["0031","44E8"],"DATAS":[49,17640],"DATAS1":[],"DATAS2":[],"TIMESTAMP":"2022-11-27T20:35:03.920Z"},{"DTUID":"215","SENSORID":69,"FUNCID":3,"NDATA":2,"SENSORTYPE":"AIRFLOW-VEL","RCV_BYTES":["0031","44E8"],"DATAS":[49,17640],"DATAS1":[],"DATAS2":[],"TIMESTAMP":"2022-11-27T19:35:08.924Z"},{"DTUID":"215","SENSORID":69,"FUNCID":3,"NDATA":2,"SENSORTYPE":"AIRFLOW-VEL","RCV_BYTES":["0033","47B8"],"DATAS":[51,18360],"DATAS1":[],"DATAS2":[],"TIMESTAMP":"2022-11-27T19:14:58.861Z"},{"DTUID":"215","SENSORID":69,"FUNCID":3,"NDATA":2,"SENSORTYPE":"AIRFLOW-VEL","RCV_BYTES":["0035","4A88"],"DATAS":[53,19080],"DATAS1":[],"DATAS2":[],"TIMESTAMP":"2022-11-27T18:34:58.832Z"},{"DTUID":"215","SENSORID":69,"FUNCID":3,"NDATA":2,"SENSORTYPE":"AIRFLOW-VEL","RCV_BYTES":["0034","4920"],"DATAS":[52,18720],"DATAS1":[],"DATAS2":[],"TIMESTAMP":"2022-11-27T18:14:57.292Z"},{"DTUID":"215","SENSORID":69,"FUNCID":3,"NDATA":2,"SENSORTYPE":"AIRFLOW-VEL","RCV_BYTES":["0034","4920"],"DATAS":[52,18720],"DATAS1":[],"DATAS2":[],"TIMESTAMP":"2022-11-27T17:34:51.995Z"}],"DAYHOURS":["19","18","17","16","13","12","11","9","6","5","4","3","2","1"]}