{"SENSORNAME":"L3-Treatment 2 (oncology)","SENSORTYPE":"WISENSOR","DTUID":"-1","SENSORID":"BA-18-63-D6-C8-D0","DATE0":"2022-11-28T13:05:37.344Z","DATE1":"2022-03-22T00:13:59.492Z","DAYDATA":[{"modelID":"ba-18-63-d6-c8-d0","modelType":"Wi-SHT10A","DATAS":["Temperature","Humidity"],"Temperature":6.3,"Humidity":0,"TIMESTAMP":"2022-11-28T13:05:37.344Z","BATT":100,"INTERVAL":1200},{"modelID":"ba-18-63-d6-c8-d0","modelType":"Wi-SHT10A","DATAS":["Temperature","Humidity"],"Temperature":6.63,"Humidity":0,"TIMESTAMP":"2022-11-28T12:26:13.601Z","BATT":100,"INTERVAL":1200},{"modelID":"ba-18-63-d6-c8-d0","modelType":"Wi-SHT10A","DATAS":["Temperature","Humidity"],"Temperature":6.4,"Humidity":0,"TIMESTAMP":"2022-11-28T12:06:28.788Z","BATT":100,"INTERVAL":1200},{"modelID":"ba-18-63-d6-c8-d0","modelType":"Wi-SHT10A","DATAS":["Temperature","Humidity"],"Temperature":5.79,"Humidity":0,"TIMESTAMP":"2022-11-28T11:46:00.851Z","BATT":100,"INTERVAL":1200},{"modelID":"ba-18-63-d6-c8-d0","modelType":"Wi-SHT10A","DATAS":["Temperature","Humidity"],"Temperature":5.59,"Humidity":0,"TIMESTAMP":"2022-11-28T11:26:33.286Z","BATT":100,"INTERVAL":1200},{"modelID":"ba-18-63-d6-c8-d0","modelType":"Wi-SHT10A","DATAS":["Temperature","Humidity"],"Temperature":5.15,"Humidity":0,"TIMESTAMP":"2022-11-28T11:06:07.186Z","BATT":100,"INTERVAL":1200},{"modelID":"ba-18-63-d6-c8-d0","modelType":"Wi-SHT10A","DATAS":["Temperature","Humidity"],"Temperature":4.92,"Humidity":0,"TIMESTAMP":"2022-11-28T10:46:06.727Z","BATT":100,"INTERVAL":1200},{"modelID":"ba-18-63-d6-c8-d0","modelType":"Wi-SHT10A","DATAS":["Temperature","Humidity"],"Temperature":4.85,"Humidity":0,"TIMESTAMP":"2022-11-28T10:26:06.827Z","BATT":100,"INTERVAL":1200},{"modelID":"ba-18-63-d6-c8-d0","modelType":"Wi-SHT10A","DATAS":["Temperature","Humidity"],"Temperature":4.85,"Humidity":0,"TIMESTAMP":"2022-11-28T10:06:33.695Z","BATT":100,"INTERVAL":1200},{"modelID":"ba-18-63-d6-c8-d0","modelType":"Wi-SHT10A","DATAS":["Temperature","Humidity"],"Temperature":5.15,"Humidity":0,"TIMESTAMP":"2022-11-28T09:46:21.092Z","BATT":100,"INTERVAL":1200},{"modelID":"ba-18-63-d6-c8-d0","modelType":"Wi-SHT10A","DATAS":["Temperature","Humidity"],"Temperature":5.86,"Humidity":0,"TIMESTAMP":"2022-11-28T09:25:54.249Z","BATT":100,"INTERVAL":1200},{"modelID":"ba-18-63-d6-c8-d0","modelType":"Wi-SHT10A","DATAS":["Temperature","Humidity"],"Temperature":6.06,"Humidity":0,"TIMESTAMP":"2022-11-28T09:06:14.634Z","BATT":100,"INTERVAL":1200},{"modelID":"ba-18-63-d6-c8-d0","modelType":"Wi-SHT10A","DATAS":["Temperature","Humidity"],"Temperature":6.26,"Humidity":0,"TIMESTAMP":"2022-11-28T08:46:14.732Z","BATT":100,"INTERVAL":1200},{"modelID":"ba-18-63-d6-c8-d0","modelType":"Wi-SHT10A","DATAS":["Temperature","Humidity"],"Temperature":6.4,"Humidity":0,"TIMESTAMP":"2022-11-28T08:26:06.468Z","BATT":100,"INTERVAL":1200},{"modelID":"ba-18-63-d6-c8-d0","modelType":"Wi-SHT10A","DATAS":["Temperature","Humidity"],"Temperature":6.13,"Humidity":0,"TIMESTAMP":"2022-11-28T08:06:24.069Z","BATT":100,"INTERVAL":1200},{"modelID":"ba-18-63-d6-c8-d0","modelType":"Wi-SHT10A","DATAS":["Temperature","Humidity"],"Temperature":5.29,"Humidity":0,"TIMESTAMP":"2022-11-28T07:45:37.251Z","BATT":100,"INTERVAL":1200},{"modelID":"ba-18-63-d6-c8-d0","modelType":"Wi-SHT10A","DATAS":["Temperature","Humidity"],"Temperature":5.05,"Humidity":0,"TIMESTAMP":"2022-11-28T07:26:08.444Z","BATT":100,"INTERVAL":1200},{"modelID":"ba-18-63-d6-c8-d0","modelType":"Wi-SHT10A","DATAS":["Temperature","Humidity"],"Temperature":4.85,"Humidity":0,"TIMESTAMP":"2022-11-28T07:06:09.065Z","BATT":100,"INTERVAL":1200},{"modelID":"ba-18-63-d6-c8-d0","modelType":"Wi-SHT10A","DATAS":["Temperature","Humidity"],"Temperature":4.92,"Humidity":0,"TIMESTAMP":"2022-11-28T06:46:11.495Z","BATT":100,"INTERVAL":1200},{"modelID":"ba-18-63-d6-c8-d0","modelType":"Wi-SHT10A","DATAS":["Temperature","Humidity"],"Temperature":5.36,"Humidity":0,"TIMESTAMP":"2022-11-28T06:26:12.837Z","BATT":100,"INTERVAL":1200},{"modelID":"ba-18-63-d6-c8-d0","modelType":"Wi-SHT10A","DATAS":["Temperature","Humidity"],"Temperature":5.89,"Humidity":0,"TIMESTAMP":"2022-11-28T06:06:14.135Z","BATT":100,"INTERVAL":1200},{"modelID":"ba-18-63-d6-c8-d0","modelType":"Wi-SHT10A","DATAS":["Temperature","Humidity"],"Temperature":6.2,"Humidity":0,"TIMESTAMP":"2022-11-28T05:46:15.676Z","BATT":100,"INTERVAL":1200},{"modelID":"ba-18-63-d6-c8-d0","modelType":"Wi-SHT10A","DATAS":["Temperature","Humidity"],"Temperature":6.26,"Humidity":0,"TIMESTAMP":"2022-11-28T05:26:18.494Z","BATT":100,"INTERVAL":1200},{"modelID":"ba-18-63-d6-c8-d0","modelType":"Wi-SHT10A","DATAS":["Temperature","Humidity"],"Temperature":6.43,"Humidity":0,"TIMESTAMP":"2022-11-28T05:06:13.015Z","BATT":100,"INTERVAL":1200},{"modelID":"ba-18-63-d6-c8-d0","modelType":"Wi-SHT10A","DATAS":["Temperature","Humidity"],"Temperature":5.89,"Humidity":0,"TIMESTAMP":"2022-11-28T04:45:47.693Z","BATT":100,"INTERVAL":1200},{"modelID":"ba-18-63-d6-c8-d0","modelType":"Wi-SHT10A","DATAS":["Temperature","Humidity"],"Temperature":5.52,"Humidity":0,"TIMESTAMP":"2022-11-28T04:26:31.299Z","BATT":100,"INTERVAL":1200},{"modelID":"ba-18-63-d6-c8-d0","modelType":"Wi-SHT10A","DATAS":["Temperature","Humidity"],"Temperature":5.02,"Humidity":0,"TIMESTAMP":"2022-11-28T04:05:56.948Z","BATT":100,"INTERVAL":1200},{"modelID":"ba-18-63-d6-c8-d0","modelType":"Wi-SHT10A","DATAS":["Temperature","Humidity"],"Temperature":4.82,"Humidity":0,"TIMESTAMP":"2022-11-28T03:45:38.697Z","BATT":100,"INTERVAL":1200},{"modelID":"ba-18-63-d6-c8-d0","modelType":"Wi-SHT10A","DATAS":["Temperature","Humidity"],"Temperature":4.89,"Humidity":0,"TIMESTAMP":"2022-11-28T03:25:51.302Z","BATT":100,"INTERVAL":1200},{"modelID":"ba-18-63-d6-c8-d0","modelType":"Wi-SHT10A","DATAS":["Temperature","Humidity"],"Temperature":4.99,"Humidity":0,"TIMESTAMP":"2022-11-28T03:06:11.427Z","BATT":100,"INTERVAL":1200},{"modelID":"ba-18-63-d6-c8-d0","modelType":"Wi-SHT10A","DATAS":["Temperature","Humidity"],"Temperature":5.36,"Humidity":0,"TIMESTAMP":"2022-11-28T02:46:05.754Z","BATT":100,"INTERVAL":1200},{"modelID":"ba-18-63-d6-c8-d0","modelType":"Wi-SHT10A","DATAS":["Temperature","Humidity"],"Temperature":5.83,"Humidity":0,"TIMESTAMP":"2022-11-28T02:26:16.723Z","BATT":100,"INTERVAL":1200},{"modelID":"ba-18-63-d6-c8-d0","modelType":"Wi-SHT10A","DATAS":["Temperature","Humidity"],"Temperature":6.3,"Humidity":0,"TIMESTAMP":"2022-11-28T01:26:17.016Z","BATT":100,"INTERVAL":1200},{"modelID":"ba-18-63-d6-c8-d0","modelType":"Wi-SHT10A","DATAS":["Temperature","Humidity"],"Temperature":6.4,"Humidity":0,"TIMESTAMP":"2022-11-28T01:06:23.797Z","BATT":100,"INTERVAL":1200},{"modelID":"ba-18-63-d6-c8-d0","modelType":"Wi-SHT10A","DATAS":["Temperature","Humidity"],"Temperature":5.86,"Humidity":0,"TIMESTAMP":"2022-11-28T00:45:51.096Z","BATT":100,"INTERVAL":1200},{"modelID":"ba-18-63-d6-c8-d0","modelType":"Wi-SHT10A","DATAS":["Temperature","Humidity"],"Temperature":5.66,"Humidity":0,"TIMESTAMP":"2022-11-28T00:26:36.698Z","BATT":100,"INTERVAL":1200},{"modelID":"ba-18-63-d6-c8-d0","modelType":"Wi-SHT10A","DATAS":["Temperature","Humidity"],"Temperature":5.15,"Humidity":0,"TIMESTAMP":"2022-11-28T00:05:47.516Z","BATT":100,"INTERVAL":1200},{"modelID":"ba-18-63-d6-c8-d0","modelType":"Wi-SHT10A","DATAS":["Temperature","Humidity"],"Temperature":4.99,"Humidity":0,"TIMESTAMP":"2022-11-27T23:46:10.717Z","BATT":100,"INTERVAL":1200},{"modelID":"ba-18-63-d6-c8-d0","modelType":"Wi-SHT10A","DATAS":["Temperature","Humidity"],"Temperature":4.92,"Humidity":0,"TIMESTAMP":"2022-11-27T23:26:10.833Z","BATT":100,"INTERVAL":1200},{"modelID":"ba-18-63-d6-c8-d0","modelType":"Wi-SHT10A","DATAS":["Temperature","Humidity"],"Temperature":4.92,"Humidity":0,"TIMESTAMP":"2022-11-27T23:06:10.536Z","BATT":100,"INTERVAL":1200},{"modelID":"ba-18-63-d6-c8-d0","modelType":"Wi-SHT10A","DATAS":["Temperature","Humidity"],"Temperature":5.09,"Humidity":0,"TIMESTAMP":"2022-11-27T22:45:47.269Z","BATT":100,"INTERVAL":1200},{"modelID":"ba-18-63-d6-c8-d0","modelType":"Wi-SHT10A","DATAS":["Temperature","Humidity"],"Temperature":5.49,"Humidity":0,"TIMESTAMP":"2022-11-27T22:25:40.076Z","BATT":100,"INTERVAL":1200},{"modelID":"ba-18-63-d6-c8-d0","modelType":"Wi-SHT10A","DATAS":["Temperature","Humidity"],"Temperature":5.76,"Humidity":0,"TIMESTAMP":"2022-11-27T22:05:57.776Z","BATT":100,"INTERVAL":1200},{"modelID":"ba-18-63-d6-c8-d0","modelType":"Wi-SHT10A","DATAS":["Temperature","Humidity"],"Temperature":6.06,"Humidity":0,"TIMESTAMP":"2022-11-27T21:45:42.114Z","BATT":100,"INTERVAL":1200},{"modelID":"ba-18-63-d6-c8-d0","modelType":"Wi-SHT10A","DATAS":["Temperature","Humidity"],"Temperature":6.3,"Humidity":0,"TIMESTAMP":"2022-11-27T21:25:43.432Z","BATT":100,"INTERVAL":1200},{"modelID":"ba-18-63-d6-c8-d0","modelType":"Wi-SHT10A","DATAS":["Temperature","Humidity"],"Temperature":6.6,"Humidity":0,"TIMESTAMP":"2022-11-27T21:05:38.039Z","BATT":100,"INTERVAL":1200},{"modelID":"ba-18-63-d6-c8-d0","modelType":"Wi-SHT10A","DATAS":["Temperature","Humidity"],"Temperature":6.47,"Humidity":0,"TIMESTAMP":"2022-11-27T20:46:21.192Z","BATT":100,"INTERVAL":1200},{"modelID":"ba-18-63-d6-c8-d0","modelType":"Wi-SHT10A","DATAS":["Temperature","Humidity"],"Temperature":6.43,"Humidity":0,"TIMESTAMP":"2022-11-27T20:25:37.984Z","BATT":100,"INTERVAL":1200},{"modelID":"ba-18-63-d6-c8-d0","modelType":"Wi-SHT10A","DATAS":["Temperature","Humidity"],"Temperature":6.47,"Humidity":0,"TIMESTAMP":"2022-11-27T20:05:42.613Z","BATT":100,"INTERVAL":1200},{"modelID":"ba-18-63-d6-c8-d0","modelType":"Wi-SHT10A","DATAS":["Temperature","Humidity"],"Temperature":6.3,"Humidity":0,"TIMESTAMP":"2022-11-27T19:46:00.429Z","BATT":100,"INTERVAL":1200},{"modelID":"ba-18-63-d6-c8-d0","modelType":"Wi-SHT10A","DATAS":["Temperature","Humidity"],"Temperature":5.99,"Humidity":0,"TIMESTAMP":"2022-11-27T19:26:20.445Z","BATT":100,"INTERVAL":1200},{"modelID":"ba-18-63-d6-c8-d0","modelType":"Wi-SHT10A","DATAS":["Temperature","Humidity"],"Temperature":5.42,"Humidity":0,"TIMESTAMP":"2022-11-27T19:05:40.633Z","BATT":100,"INTERVAL":1200},{"modelID":"ba-18-63-d6-c8-d0","modelType":"Wi-SHT10A","DATAS":["Temperature","Humidity"],"Temperature":5.19,"Humidity":0,"TIMESTAMP":"2022-11-27T18:45:49.171Z","BATT":100,"INTERVAL":1200},{"modelID":"ba-18-63-d6-c8-d0","modelType":"Wi-SHT10A","DATAS":["Temperature","Humidity"],"Temperature":4.99,"Humidity":0,"TIMESTAMP":"2022-11-27T18:25:49.273Z","BATT":100,"INTERVAL":1200},{"modelID":"ba-18-63-d6-c8-d0","modelType":"Wi-SHT10A","DATAS":["Temperature","Humidity"],"Temperature":4.99,"Humidity":0,"TIMESTAMP":"2022-11-27T18:06:30.292Z","BATT":100,"INTERVAL":1200},{"modelID":"ba-18-63-d6-c8-d0","modelType":"Wi-SHT10A","DATAS":["Temperature","Humidity"],"Temperature":5.12,"Humidity":0,"TIMESTAMP":"2022-11-27T17:46:12.576Z","BATT":100,"INTERVAL":1200},{"modelID":"ba-18-63-d6-c8-d0","modelType":"Wi-SHT10A","DATAS":["Temperature","Humidity"],"Temperature":5.39,"Humidity":0,"TIMESTAMP":"2022-11-27T17:26:34.472Z","BATT":100,"INTERVAL":1200},{"modelID":"ba-18-63-d6-c8-d0","modelType":"Wi-SHT10A","DATAS":["Temperature","Humidity"],"Temperature":5.79,"Humidity":0,"TIMESTAMP":"2022-11-27T17:06:18.166Z","BATT":100,"INTERVAL":1200},{"modelID":"ba-18-63-d6-c8-d0","modelType":"Wi-SHT10A","DATAS":["Temperature","Humidity"],"Temperature":6.2,"Humidity":0,"TIMESTAMP":"2022-11-27T16:45:44.207Z","BATT":100,"INTERVAL":1200},{"modelID":"ba-18-63-d6-c8-d0","modelType":"Wi-SHT10A","DATAS":["Temperature","Humidity"],"Temperature":6.3,"Humidity":0,"TIMESTAMP":"2022-11-27T16:26:19.796Z","BATT":100,"INTERVAL":1200}],"DAYHOURS":["21","20","19","18","17","16","15","14","13","12","11","10","9","8","7","6","5","4","3","2","1","0"]}