{"SENSORNAME":"L1 - CYTOTOXIC FRIDGE","SENSORTYPE":"WISENSOR","DTUID":"-1","SENSORID":"B0-2F-E0-3F-DC-9B","DATE0":"2022-11-28T13:08:16.548Z","DATE1":"2021-11-03T03:43:57.798Z","DAYDATA":[{"modelID":"b0-2f-e0-3f-dc-9b","modelType":"Wi-SHT10","DATAS":["Temperature","Humidity"],"Temperature":4.52,"Humidity":-959.04,"TIMESTAMP":"2022-11-28T13:08:16.548Z","BATT":100,"INTERVAL":1200},{"modelID":"b0-2f-e0-3f-dc-9b","modelType":"Wi-SHT10","DATAS":["Temperature","Humidity"],"Temperature":3.41,"Humidity":-959.04,"TIMESTAMP":"2022-11-28T12:28:05.765Z","BATT":100,"INTERVAL":1200},{"modelID":"b0-2f-e0-3f-dc-9b","modelType":"Wi-SHT10","DATAS":["Temperature","Humidity"],"Temperature":4.96,"Humidity":-959.04,"TIMESTAMP":"2022-11-28T11:47:50.453Z","BATT":100,"INTERVAL":1200},{"modelID":"b0-2f-e0-3f-dc-9b","modelType":"Wi-SHT10","DATAS":["Temperature","Humidity"],"Temperature":3.41,"Humidity":-959.04,"TIMESTAMP":"2022-11-28T11:27:47.301Z","BATT":100,"INTERVAL":1200},{"modelID":"b0-2f-e0-3f-dc-9b","modelType":"Wi-SHT10","DATAS":["Temperature","Humidity"],"Temperature":4.35,"Humidity":-959.04,"TIMESTAMP":"2022-11-28T11:08:04.020Z","BATT":100,"INTERVAL":1200},{"modelID":"b0-2f-e0-3f-dc-9b","modelType":"Wi-SHT10","DATAS":["Temperature","Humidity"],"Temperature":5.09,"Humidity":-959.04,"TIMESTAMP":"2022-11-28T10:47:44.638Z","BATT":100,"INTERVAL":1200},{"modelID":"b0-2f-e0-3f-dc-9b","modelType":"Wi-SHT10","DATAS":["Temperature","Humidity"],"Temperature":3.61,"Humidity":-959.04,"TIMESTAMP":"2022-11-28T10:28:15.143Z","BATT":100,"INTERVAL":1200},{"modelID":"b0-2f-e0-3f-dc-9b","modelType":"Wi-SHT10","DATAS":["Temperature","Humidity"],"Temperature":4.25,"Humidity":-959.04,"TIMESTAMP":"2022-11-28T10:07:33.114Z","BATT":100,"INTERVAL":1200},{"modelID":"b0-2f-e0-3f-dc-9b","modelType":"Wi-SHT10","DATAS":["Temperature","Humidity"],"Temperature":5.06,"Humidity":-959.04,"TIMESTAMP":"2022-11-28T09:48:06.226Z","BATT":100,"INTERVAL":1200},{"modelID":"b0-2f-e0-3f-dc-9b","modelType":"Wi-SHT10","DATAS":["Temperature","Humidity"],"Temperature":3.65,"Humidity":-959.04,"TIMESTAMP":"2022-11-28T09:27:32.342Z","BATT":100,"INTERVAL":1200},{"modelID":"b0-2f-e0-3f-dc-9b","modelType":"Wi-SHT10","DATAS":["Temperature","Humidity"],"Temperature":4.05,"Humidity":-959.04,"TIMESTAMP":"2022-11-28T09:07:40.593Z","BATT":100,"INTERVAL":1200},{"modelID":"b0-2f-e0-3f-dc-9b","modelType":"Wi-SHT10","DATAS":["Temperature","Humidity"],"Temperature":4.99,"Humidity":-959.04,"TIMESTAMP":"2022-11-28T08:48:02.378Z","BATT":100,"INTERVAL":1200},{"modelID":"b0-2f-e0-3f-dc-9b","modelType":"Wi-SHT10","DATAS":["Temperature","Humidity"],"Temperature":3.85,"Humidity":-959.04,"TIMESTAMP":"2022-11-28T08:27:53.882Z","BATT":100,"INTERVAL":1200},{"modelID":"b0-2f-e0-3f-dc-9b","modelType":"Wi-SHT10","DATAS":["Temperature","Humidity"],"Temperature":4.02,"Humidity":-959.04,"TIMESTAMP":"2022-11-28T08:07:32.362Z","BATT":100,"INTERVAL":1200},{"modelID":"b0-2f-e0-3f-dc-9b","modelType":"Wi-SHT10","DATAS":["Temperature","Humidity"],"Temperature":4.89,"Humidity":-959.04,"TIMESTAMP":"2022-11-28T07:48:23.562Z","BATT":100,"INTERVAL":1200},{"modelID":"b0-2f-e0-3f-dc-9b","modelType":"Wi-SHT10","DATAS":["Temperature","Humidity"],"Temperature":3.95,"Humidity":-959.04,"TIMESTAMP":"2022-11-28T07:27:34.478Z","BATT":100,"INTERVAL":1200},{"modelID":"b0-2f-e0-3f-dc-9b","modelType":"Wi-SHT10","DATAS":["Temperature","Humidity"],"Temperature":3.75,"Humidity":-959.04,"TIMESTAMP":"2022-11-28T07:07:50.185Z","BATT":100,"INTERVAL":1200},{"modelID":"b0-2f-e0-3f-dc-9b","modelType":"Wi-SHT10","DATAS":["Temperature","Humidity"],"Temperature":4.82,"Humidity":-959.04,"TIMESTAMP":"2022-11-28T06:47:55.468Z","BATT":100,"INTERVAL":1200},{"modelID":"b0-2f-e0-3f-dc-9b","modelType":"Wi-SHT10","DATAS":["Temperature","Humidity"],"Temperature":4.22,"Humidity":-959.04,"TIMESTAMP":"2022-11-28T06:27:43.172Z","BATT":100,"INTERVAL":1200},{"modelID":"b0-2f-e0-3f-dc-9b","modelType":"Wi-SHT10","DATAS":["Temperature","Humidity"],"Temperature":3.61,"Humidity":-959.04,"TIMESTAMP":"2022-11-28T06:08:07.191Z","BATT":100,"INTERVAL":1200},{"modelID":"b0-2f-e0-3f-dc-9b","modelType":"Wi-SHT10","DATAS":["Temperature","Humidity"],"Temperature":4.62,"Humidity":-959.04,"TIMESTAMP":"2022-11-28T05:48:09.688Z","BATT":100,"INTERVAL":1200},{"modelID":"b0-2f-e0-3f-dc-9b","modelType":"Wi-SHT10","DATAS":["Temperature","Humidity"],"Temperature":4.65,"Humidity":-959.04,"TIMESTAMP":"2022-11-28T05:28:18.685Z","BATT":100,"INTERVAL":1200},{"modelID":"b0-2f-e0-3f-dc-9b","modelType":"Wi-SHT10","DATAS":["Temperature","Humidity"],"Temperature":3.48,"Humidity":-959.04,"TIMESTAMP":"2022-11-28T05:07:54.176Z","BATT":100,"INTERVAL":1200},{"modelID":"b0-2f-e0-3f-dc-9b","modelType":"Wi-SHT10","DATAS":["Temperature","Humidity"],"Temperature":4.45,"Humidity":-959.04,"TIMESTAMP":"2022-11-28T04:48:20.069Z","BATT":100,"INTERVAL":1200},{"modelID":"b0-2f-e0-3f-dc-9b","modelType":"Wi-SHT10","DATAS":["Temperature","Humidity"],"Temperature":4.96,"Humidity":-959.04,"TIMESTAMP":"2022-11-28T04:28:17.645Z","BATT":100,"INTERVAL":1200},{"modelID":"b0-2f-e0-3f-dc-9b","modelType":"Wi-SHT10","DATAS":["Temperature","Humidity"],"Temperature":4.35,"Humidity":-959.04,"TIMESTAMP":"2022-11-28T03:48:19.661Z","BATT":100,"INTERVAL":1200},{"modelID":"b0-2f-e0-3f-dc-9b","modelType":"Wi-SHT10","DATAS":["Temperature","Humidity"],"Temperature":4.96,"Humidity":-959.04,"TIMESTAMP":"2022-11-28T03:27:46.873Z","BATT":100,"INTERVAL":1200},{"modelID":"b0-2f-e0-3f-dc-9b","modelType":"Wi-SHT10","DATAS":["Temperature","Humidity"],"Temperature":3.41,"Humidity":-959.04,"TIMESTAMP":"2022-11-28T03:07:35.544Z","BATT":100,"INTERVAL":1200},{"modelID":"b0-2f-e0-3f-dc-9b","modelType":"Wi-SHT10","DATAS":["Temperature","Humidity"],"Temperature":4.32,"Humidity":-959.04,"TIMESTAMP":"2022-11-28T02:48:00.614Z","BATT":100,"INTERVAL":1200},{"modelID":"b0-2f-e0-3f-dc-9b","modelType":"Wi-SHT10","DATAS":["Temperature","Humidity"],"Temperature":5.09,"Humidity":-959.04,"TIMESTAMP":"2022-11-28T02:28:17.075Z","BATT":100,"INTERVAL":1200},{"modelID":"b0-2f-e0-3f-dc-9b","modelType":"Wi-SHT10","DATAS":["Temperature","Humidity"],"Temperature":3.58,"Humidity":-959.04,"TIMESTAMP":"2022-11-28T02:08:04.933Z","BATT":100,"INTERVAL":1200},{"modelID":"b0-2f-e0-3f-dc-9b","modelType":"Wi-SHT10","DATAS":["Temperature","Humidity"],"Temperature":4.18,"Humidity":-959.04,"TIMESTAMP":"2022-11-28T01:48:00.124Z","BATT":100,"INTERVAL":1200},{"modelID":"b0-2f-e0-3f-dc-9b","modelType":"Wi-SHT10","DATAS":["Temperature","Humidity"],"Temperature":5.09,"Humidity":-959.04,"TIMESTAMP":"2022-11-28T01:27:40.778Z","BATT":100,"INTERVAL":1200},{"modelID":"b0-2f-e0-3f-dc-9b","modelType":"Wi-SHT10","DATAS":["Temperature","Humidity"],"Temperature":3.61,"Humidity":-959.04,"TIMESTAMP":"2022-11-28T01:07:46.231Z","BATT":100,"INTERVAL":1200},{"modelID":"b0-2f-e0-3f-dc-9b","modelType":"Wi-SHT10","DATAS":["Temperature","Humidity"],"Temperature":4.12,"Humidity":-959.04,"TIMESTAMP":"2022-11-28T00:47:29.078Z","BATT":100,"INTERVAL":1200},{"modelID":"b0-2f-e0-3f-dc-9b","modelType":"Wi-SHT10","DATAS":["Temperature","Humidity"],"Temperature":5.06,"Humidity":-959.04,"TIMESTAMP":"2022-11-28T00:28:14.724Z","BATT":100,"INTERVAL":1200},{"modelID":"b0-2f-e0-3f-dc-9b","modelType":"Wi-SHT10","DATAS":["Temperature","Humidity"],"Temperature":3.58,"Humidity":-959.04,"TIMESTAMP":"2022-11-28T00:07:28.521Z","BATT":100,"INTERVAL":1200},{"modelID":"b0-2f-e0-3f-dc-9b","modelType":"Wi-SHT10","DATAS":["Temperature","Humidity"],"Temperature":4.08,"Humidity":-959.04,"TIMESTAMP":"2022-11-27T23:47:36.994Z","BATT":100,"INTERVAL":1200},{"modelID":"b0-2f-e0-3f-dc-9b","modelType":"Wi-SHT10","DATAS":["Temperature","Humidity"],"Temperature":4.99,"Humidity":-959.04,"TIMESTAMP":"2022-11-27T23:28:15.447Z","BATT":100,"INTERVAL":1200},{"modelID":"b0-2f-e0-3f-dc-9b","modelType":"Wi-SHT10","DATAS":["Temperature","Humidity"],"Temperature":3.95,"Humidity":-959.04,"TIMESTAMP":"2022-11-27T23:07:55.391Z","BATT":100,"INTERVAL":1200},{"modelID":"b0-2f-e0-3f-dc-9b","modelType":"Wi-SHT10","DATAS":["Temperature","Humidity"],"Temperature":3.98,"Humidity":-959.04,"TIMESTAMP":"2022-11-27T22:47:36.107Z","BATT":100,"INTERVAL":1200},{"modelID":"b0-2f-e0-3f-dc-9b","modelType":"Wi-SHT10","DATAS":["Temperature","Humidity"],"Temperature":4.99,"Humidity":-959.04,"TIMESTAMP":"2022-11-27T22:27:27.796Z","BATT":100,"INTERVAL":1200},{"modelID":"b0-2f-e0-3f-dc-9b","modelType":"Wi-SHT10","DATAS":["Temperature","Humidity"],"Temperature":4.05,"Humidity":-959.04,"TIMESTAMP":"2022-11-27T22:07:49.490Z","BATT":100,"INTERVAL":1200},{"modelID":"b0-2f-e0-3f-dc-9b","modelType":"Wi-SHT10","DATAS":["Temperature","Humidity"],"Temperature":3.78,"Humidity":-959.04,"TIMESTAMP":"2022-11-27T21:47:58.238Z","BATT":100,"INTERVAL":1200},{"modelID":"b0-2f-e0-3f-dc-9b","modelType":"Wi-SHT10","DATAS":["Temperature","Humidity"],"Temperature":4.86,"Humidity":-959.04,"TIMESTAMP":"2022-11-27T21:27:59.504Z","BATT":100,"INTERVAL":1200},{"modelID":"b0-2f-e0-3f-dc-9b","modelType":"Wi-SHT10","DATAS":["Temperature","Humidity"],"Temperature":4.39,"Humidity":-959.04,"TIMESTAMP":"2022-11-27T21:08:13.213Z","BATT":100,"INTERVAL":1200},{"modelID":"b0-2f-e0-3f-dc-9b","modelType":"Wi-SHT10","DATAS":["Temperature","Humidity"],"Temperature":3.58,"Humidity":-959.04,"TIMESTAMP":"2022-11-27T20:48:18.211Z","BATT":100,"INTERVAL":1200},{"modelID":"b0-2f-e0-3f-dc-9b","modelType":"Wi-SHT10","DATAS":["Temperature","Humidity"],"Temperature":4.76,"Humidity":-959.04,"TIMESTAMP":"2022-11-27T20:27:48.904Z","BATT":100,"INTERVAL":1200},{"modelID":"b0-2f-e0-3f-dc-9b","modelType":"Wi-SHT10","DATAS":["Temperature","Humidity"],"Temperature":4.45,"Humidity":-959.04,"TIMESTAMP":"2022-11-27T20:08:04.311Z","BATT":100,"INTERVAL":1200},{"modelID":"b0-2f-e0-3f-dc-9b","modelType":"Wi-SHT10","DATAS":["Temperature","Humidity"],"Temperature":3.55,"Humidity":-959.04,"TIMESTAMP":"2022-11-27T19:48:11.835Z","BATT":100,"INTERVAL":1200},{"modelID":"b0-2f-e0-3f-dc-9b","modelType":"Wi-SHT10","DATAS":["Temperature","Humidity"],"Temperature":4.59,"Humidity":-959.04,"TIMESTAMP":"2022-11-27T19:28:11.621Z","BATT":100,"INTERVAL":1200},{"modelID":"b0-2f-e0-3f-dc-9b","modelType":"Wi-SHT10","DATAS":["Temperature","Humidity"],"Temperature":4.59,"Humidity":-959.04,"TIMESTAMP":"2022-11-27T19:08:03.726Z","BATT":100,"INTERVAL":1200},{"modelID":"b0-2f-e0-3f-dc-9b","modelType":"Wi-SHT10","DATAS":["Temperature","Humidity"],"Temperature":3.55,"Humidity":-959.04,"TIMESTAMP":"2022-11-27T18:47:48.309Z","BATT":100,"INTERVAL":1200},{"modelID":"b0-2f-e0-3f-dc-9b","modelType":"Wi-SHT10","DATAS":["Temperature","Humidity"],"Temperature":4.45,"Humidity":-959.04,"TIMESTAMP":"2022-11-27T18:28:17.279Z","BATT":100,"INTERVAL":1200},{"modelID":"b0-2f-e0-3f-dc-9b","modelType":"Wi-SHT10","DATAS":["Temperature","Humidity"],"Temperature":4.76,"Humidity":-959.04,"TIMESTAMP":"2022-11-27T18:07:42.920Z","BATT":100,"INTERVAL":1200},{"modelID":"b0-2f-e0-3f-dc-9b","modelType":"Wi-SHT10","DATAS":["Temperature","Humidity"],"Temperature":3.41,"Humidity":-959.04,"TIMESTAMP":"2022-11-27T17:47:57.956Z","BATT":100,"INTERVAL":1200},{"modelID":"b0-2f-e0-3f-dc-9b","modelType":"Wi-SHT10","DATAS":["Temperature","Humidity"],"Temperature":4.39,"Humidity":-959.04,"TIMESTAMP":"2022-11-27T17:28:15.285Z","BATT":100,"INTERVAL":1200},{"modelID":"b0-2f-e0-3f-dc-9b","modelType":"Wi-SHT10","DATAS":["Temperature","Humidity"],"Temperature":4.96,"Humidity":-959.04,"TIMESTAMP":"2022-11-27T17:07:42.584Z","BATT":100,"INTERVAL":1200},{"modelID":"b0-2f-e0-3f-dc-9b","modelType":"Wi-SHT10","DATAS":["Temperature","Humidity"],"Temperature":3.41,"Humidity":-959.04,"TIMESTAMP":"2022-11-27T16:47:48.257Z","BATT":100,"INTERVAL":1200},{"modelID":"b0-2f-e0-3f-dc-9b","modelType":"Wi-SHT10","DATAS":["Temperature","Humidity"],"Temperature":5.13,"Humidity":-959.04,"TIMESTAMP":"2022-11-27T16:08:11.413Z","BATT":100,"INTERVAL":1200}],"DAYHOURS":["21","20","19","18","17","16","15","14","13","12","11","10","9","8","7","6","5","4","3","2","1","0"]}