{"SENSORNAME":"SSB2-2","SENSORTYPE":"PWRMTR(485)","DTUID":"3","SENSORID":2,"PWRMTR0":"268566","PWRMTR1":"5862","DAYDATA":[{"DTUID":"3","SENSORID":2,"FUNCID":3,"NDATA":2,"SENSORTYPE":"PWR-METER-POWER","RCV_BYTES":["0199","CCC0"],"DATAS":[409,-13120],"DATAS1":[],"DATAS2":[],"TIMESTAMP":"2022-11-28T10:07:00.084Z"},{"DTUID":"3","SENSORID":2,"FUNCID":3,"NDATA":2,"SENSORTYPE":"PWR-METER-POWER","RCV_BYTES":["0199","BD20"],"DATAS":[409,-17120],"DATAS1":[],"DATAS2":[],"TIMESTAMP":"2022-11-28T09:26:55.329Z"},{"DTUID":"3","SENSORID":2,"FUNCID":3,"NDATA":2,"SENSORTYPE":"PWR-METER-POWER","RCV_BYTES":["0199","B460"],"DATAS":[409,-19360],"DATAS1":[],"DATAS2":[],"TIMESTAMP":"2022-11-28T09:06:54.588Z"},{"DTUID":"3","SENSORID":2,"FUNCID":3,"NDATA":2,"SENSORTYPE":"PWR-METER-POWER","RCV_BYTES":["0199","6280"],"DATAS":[409,25216],"DATAS1":[],"DATAS2":[],"TIMESTAMP":"2022-11-28T05:30:31.419Z"},{"DTUID":"3","SENSORID":2,"FUNCID":3,"NDATA":2,"SENSORTYPE":"PWR-METER-POWER","RCV_BYTES":["0199","52E0"],"DATAS":[409,21216],"DATAS1":[],"DATAS2":[],"TIMESTAMP":"2022-11-28T04:50:17.583Z"},{"DTUID":"3","SENSORID":2,"FUNCID":3,"NDATA":2,"SENSORTYPE":"PWR-METER-POWER","RCV_BYTES":["0199","4B60"],"DATAS":[409,19296],"DATAS1":[],"DATAS2":[],"TIMESTAMP":"2022-11-28T04:30:13.548Z"},{"DTUID":"3","SENSORID":2,"FUNCID":3,"NDATA":2,"SENSORTYPE":"PWR-METER-POWER","RCV_BYTES":["0198","DE00"],"DATAS":[408,-8704],"DATAS1":[],"DATAS2":[],"TIMESTAMP":"2022-11-27T23:16:23.303Z"},{"DTUID":"3","SENSORID":2,"FUNCID":3,"NDATA":2,"SENSORTYPE":"PWR-METER-POWER","RCV_BYTES":["0198","D2C0"],"DATAS":[408,-11584],"DATAS1":[],"DATAS2":[],"TIMESTAMP":"2022-11-27T22:36:19.196Z"},{"DTUID":"3","SENSORID":2,"FUNCID":3,"NDATA":2,"SENSORTYPE":"PWR-METER-POWER","RCV_BYTES":["0198","CDC0"],"DATAS":[408,-12864],"DATAS1":[],"DATAS2":[],"TIMESTAMP":"2022-11-27T22:16:18.376Z"},{"DTUID":"3","SENSORID":2,"FUNCID":3,"NDATA":2,"SENSORTYPE":"PWR-METER-POWER","RCV_BYTES":["0198","A3E0"],"DATAS":[408,-23584],"DATAS1":[],"DATAS2":[],"TIMESTAMP":"2022-11-27T19:36:03.777Z"},{"DTUID":"3","SENSORID":2,"FUNCID":3,"NDATA":2,"SENSORTYPE":"PWR-METER-POWER","RCV_BYTES":["0198","9E40"],"DATAS":[408,-25024],"DATAS1":[],"DATAS2":[],"TIMESTAMP":"2022-11-27T19:16:03.676Z"},{"DTUID":"3","SENSORID":2,"FUNCID":3,"NDATA":2,"SENSORTYPE":"PWR-METER-POWER","RCV_BYTES":["0198","8EA0"],"DATAS":[408,-29024],"DATAS1":[],"DATAS2":[],"TIMESTAMP":"2022-11-27T18:16:01.898Z"},{"DTUID":"3","SENSORID":2,"FUNCID":3,"NDATA":2,"SENSORTYPE":"PWR-METER-POWER","RCV_BYTES":["0198","8400"],"DATAS":[408,-31744],"DATAS1":[],"DATAS2":[],"TIMESTAMP":"2022-11-27T17:35:57.135Z"}],"DAYHOURS":["18","17","13","12","7","6","3","2","1"],"MNTH-2022_11":"268566","WK48":"268566","WK47":"261942","WK46":"252549","WK45":"244138","WK44":"235349","MNTH-2022_10":"233795","WK43":"225822","WK42":"216869","WK41":"206984","WK40":"197642","MNTH-2022_9":"192928","WK39":"188478","WK38":"178542","WK37":"170155","WK36":"161051","MNTH-2022_8":"152974","WK35":"151682","WK34":"141685","WK33":"131950","WK32":"122058","WK31":"113285","MNTH-2022_7":"110747","WK30":"104707","WK29":"96053","WK28":"87221","WK27":"79022","MNTH-2022_6":"72342","WK26":"69522","WK25":"59818","WK24":"51717","WK23":"43538","MNTH-2022_5":"34869","WK22":"34869","WK21":"26483","WK20":"17706","WK19":"8264"}