{"SENSORNAME":"SSB5-1","SENSORTYPE":"PWRMTR(485)","DTUID":"7","SENSORID":1,"PWRMTR0":"168110","PWRMTR1":"3384","DAYDATA":[{"DTUID":"7","SENSORID":1,"FUNCID":3,"NDATA":2,"SENSORTYPE":"PWR-METER-POWER","RCV_BYTES":["0100","8420"],"DATAS":[256,-31712],"DATAS1":[],"DATAS2":[],"TIMESTAMP":"2022-11-28T11:27:09.007Z"},{"DTUID":"7","SENSORID":1,"FUNCID":3,"NDATA":2,"SENSORTYPE":"PWR-METER-POWER","RCV_BYTES":["0100","7E80"],"DATAS":[256,32384],"DATAS1":[],"DATAS2":[],"TIMESTAMP":"2022-11-28T11:07:14.794Z"},{"DTUID":"7","SENSORID":1,"FUNCID":3,"NDATA":2,"SENSORTYPE":"PWR-METER-POWER","RCV_BYTES":["0100","6E90"],"DATAS":[256,28304],"DATAS1":[],"DATAS2":[],"TIMESTAMP":"2022-11-28T10:07:02.944Z"},{"DTUID":"7","SENSORID":1,"FUNCID":3,"NDATA":2,"SENSORTYPE":"PWR-METER-POWER","RCV_BYTES":["0100","6350"],"DATAS":[256,25424],"DATAS1":[],"DATAS2":[],"TIMESTAMP":"2022-11-28T09:26:58.188Z"},{"DTUID":"7","SENSORID":1,"FUNCID":3,"NDATA":2,"SENSORTYPE":"PWR-METER-POWER","RCV_BYTES":["0100","5450"],"DATAS":[256,21584],"DATAS1":[],"DATAS2":[],"TIMESTAMP":"2022-11-28T08:30:30.718Z"},{"DTUID":"7","SENSORID":1,"FUNCID":3,"NDATA":2,"SENSORTYPE":"PWR-METER-POWER","RCV_BYTES":["0100","2570"],"DATAS":[256,9584],"DATAS1":[],"DATAS2":[],"TIMESTAMP":"2022-11-28T05:30:20.131Z"},{"DTUID":"7","SENSORID":1,"FUNCID":3,"NDATA":2,"SENSORTYPE":"PWR-METER-POWER","RCV_BYTES":["00FF","E1F0"],"DATAS":[255,-7696],"DATAS1":[],"DATAS2":[],"TIMESTAMP":"2022-11-28T01:01:28.969Z"},{"DTUID":"7","SENSORID":1,"FUNCID":3,"NDATA":2,"SENSORTYPE":"PWR-METER-POWER","RCV_BYTES":["00FF","D6B0"],"DATAS":[255,-10576],"DATAS1":[],"DATAS2":[],"TIMESTAMP":"2022-11-28T00:16:30.812Z"},{"DTUID":"7","SENSORID":1,"FUNCID":3,"NDATA":2,"SENSORTYPE":"PWR-METER-POWER","RCV_BYTES":["00FF","B6D0"],"DATAS":[255,-18736],"DATAS1":[],"DATAS2":[],"TIMESTAMP":"2022-11-27T18:36:03.533Z"},{"DTUID":"7","SENSORID":1,"FUNCID":3,"NDATA":2,"SENSORTYPE":"PWR-METER-POWER","RCV_BYTES":["00FF","B5E0"],"DATAS":[255,-18976],"DATAS1":[],"DATAS2":[],"TIMESTAMP":"2022-11-27T18:16:04.779Z"}],"DAYHOURS":["19","18","17","16","13","9","8","2"],"MNTH-2022_11":"168110","WK48":"168110","WK47":"164753","WK46":"159293","WK45":"153468","WK44":"147842","MNTH-2022_10":"146902","WK43":"141881","WK42":"136154","WK41":"130589","WK40":"125143","MNTH-2022_9":"122527","WK39":"119813","WK38":"114055","WK37":"105720","WK36":"103793","MNTH-2022_8":"99427","WK35":"98638","WK34":"93317","WK33":"87950","WK32":"81919","WK31":"76039","MNTH-2022_7":"74357","WK30":"70133","WK29":"64162","WK28":"58334","WK27":"52198","MNTH-2022_6":"47866","WK26":"45878","WK25":"39492","WK24":"34356","WK23":"28476","MNTH-2022_5":"22630","WK22":"22630","WK21":"16649","WK20":"10867","WK19":"4903"}