{"SENSORNAME":"WATER COOLING PACK UNIT B - CWR PRESS 2","SENSORTYPE":"WTRPRS(485)","DTUID":"215","SENSORID":"31","DATE0":"2022-11-28T09:05:22.421Z","DATE1":"2022-02-13T09:05:21.172Z","DAYDATA":[{"DTUID":"215","SENSORID":31,"FUNCID":3,"NDATA":2,"SENSORTYPE":"WATER-PRES","RCV_BYTES":["4333","E20C"],"DATAS":[17203,-7668],"DATAS1":[],"DATAS2":[],"TIMESTAMP":"2022-11-28T09:05:22.421Z"},{"DTUID":"215","SENSORID":31,"FUNCID":3,"NDATA":2,"SENSORTYPE":"WATER-PRES","RCV_BYTES":["432F","DBE7"],"DATAS":[17199,-9241],"DATAS1":[],"DATAS2":[],"TIMESTAMP":"2022-11-28T08:28:55.780Z"},{"DTUID":"215","SENSORID":31,"FUNCID":3,"NDATA":2,"SENSORTYPE":"WATER-PRES","RCV_BYTES":["432C","3CAC"],"DATAS":[17196,15532],"DATAS1":[],"DATAS2":[],"TIMESTAMP":"2022-11-27T23:14:44.976Z"},{"DTUID":"215","SENSORID":31,"FUNCID":3,"NDATA":2,"SENSORTYPE":"WATER-PRES","RCV_BYTES":["4324","30A4"],"DATAS":[17188,12452],"DATAS1":[],"DATAS2":[],"TIMESTAMP":"2022-11-27T20:34:30.852Z"},{"DTUID":"215","SENSORID":31,"FUNCID":3,"NDATA":2,"SENSORTYPE":"WATER-PRES","RCV_BYTES":["4328","3687"],"DATAS":[17192,13959],"DATAS1":[],"DATAS2":[],"TIMESTAMP":"2022-11-27T17:34:18.895Z"}],"DAYHOURS":["17","16","7","4","1"]}