{"SENSORNAME":"CHILLER A","SENSORTYPE":"PWRMTR(485)","DTUID":"110","SENSORID":5,"PWRMTR0":"6392","PWRMTR1":"143","DAYDATA":[{"DTUID":"110","SENSORID":5,"FUNCID":3,"NDATA":2,"SENSORTYPE":"PWR-METER-POWER","RCV_BYTES":["0009","C0B0"],"DATAS":[9,-16208],"DATAS1":[],"DATAS2":[],"TIMESTAMP":"2022-11-28T11:56:43.608Z"},{"DTUID":"110","SENSORID":5,"FUNCID":3,"NDATA":2,"SENSORTYPE":"PWR-METER-POWER","RCV_BYTES":["0009","C07C"],"DATAS":[9,-16260],"DATAS1":[],"DATAS2":[],"TIMESTAMP":"2022-11-28T11:26:15.008Z"},{"DTUID":"110","SENSORID":5,"FUNCID":3,"NDATA":2,"SENSORTYPE":"PWR-METER-POWER","RCV_BYTES":["0009","C05A"],"DATAS":[9,-16294],"DATAS1":[],"DATAS2":[],"TIMESTAMP":"2022-11-28T11:06:20.768Z"},{"DTUID":"110","SENSORID":5,"FUNCID":3,"NDATA":2,"SENSORTYPE":"PWR-METER-POWER","RCV_BYTES":["0009","BFD4"],"DATAS":[9,-16428],"DATAS1":[],"DATAS2":[],"TIMESTAMP":"2022-11-28T10:06:09.069Z"},{"DTUID":"110","SENSORID":5,"FUNCID":3,"NDATA":2,"SENSORTYPE":"PWR-METER-POWER","RCV_BYTES":["0009","BF26"],"DATAS":[9,-16602],"DATAS1":[],"DATAS2":[],"TIMESTAMP":"2022-11-28T09:06:03.241Z"},{"DTUID":"110","SENSORID":5,"FUNCID":3,"NDATA":2,"SENSORTYPE":"PWR-METER-POWER","RCV_BYTES":["0009","BEC4"],"DATAS":[9,-16700],"DATAS1":[],"DATAS2":[],"TIMESTAMP":"2022-11-28T08:29:36.778Z"},{"DTUID":"110","SENSORID":5,"FUNCID":3,"NDATA":2,"SENSORTYPE":"PWR-METER-POWER","RCV_BYTES":["0009","BCB3"],"DATAS":[9,-17229],"DATAS1":[],"DATAS2":[],"TIMESTAMP":"2022-11-28T05:29:20.730Z"},{"DTUID":"110","SENSORID":5,"FUNCID":3,"NDATA":2,"SENSORTYPE":"PWR-METER-POWER","RCV_BYTES":["0009","BC37"],"DATAS":[9,-17353],"DATAS1":[],"DATAS2":[],"TIMESTAMP":"2022-11-28T04:49:13.216Z"},{"DTUID":"110","SENSORID":5,"FUNCID":3,"NDATA":2,"SENSORTYPE":"PWR-METER-POWER","RCV_BYTES":["0009","BBFE"],"DATAS":[9,-17410],"DATAS1":[],"DATAS2":[],"TIMESTAMP":"2022-11-28T04:29:15.528Z"},{"DTUID":"110","SENSORID":5,"FUNCID":3,"NDATA":2,"SENSORTYPE":"PWR-METER-POWER","RCV_BYTES":["0009","B828"],"DATAS":[9,-18392],"DATAS1":[],"DATAS2":[],"TIMESTAMP":"2022-11-27T21:15:19.782Z"},{"DTUID":"110","SENSORID":5,"FUNCID":3,"NDATA":2,"SENSORTYPE":"PWR-METER-POWER","RCV_BYTES":["0009","B7F2"],"DATAS":[9,-18446],"DATAS1":[],"DATAS2":[],"TIMESTAMP":"2022-11-27T20:35:11.932Z"},{"DTUID":"110","SENSORID":5,"FUNCID":3,"NDATA":2,"SENSORTYPE":"PWR-METER-POWER","RCV_BYTES":["0009","B7D6"],"DATAS":[9,-18474],"DATAS1":[],"DATAS2":[],"TIMESTAMP":"2022-11-27T20:15:12.760Z"},{"DTUID":"110","SENSORID":5,"FUNCID":3,"NDATA":2,"SENSORTYPE":"PWR-METER-POWER","RCV_BYTES":["0009","B7A0"],"DATAS":[9,-18528],"DATAS1":[],"DATAS2":[],"TIMESTAMP":"2022-11-27T19:35:06.975Z"},{"DTUID":"110","SENSORID":5,"FUNCID":3,"NDATA":2,"SENSORTYPE":"PWR-METER-POWER","RCV_BYTES":["0009","B784"],"DATAS":[9,-18556],"DATAS1":[],"DATAS2":[],"TIMESTAMP":"2022-11-27T19:15:06.917Z"},{"DTUID":"110","SENSORID":5,"FUNCID":3,"NDATA":2,"SENSORTYPE":"PWR-METER-POWER","RCV_BYTES":["0009","B74D"],"DATAS":[9,-18611],"DATAS1":[],"DATAS2":[],"TIMESTAMP":"2022-11-27T18:35:05.872Z"},{"DTUID":"110","SENSORID":5,"FUNCID":3,"NDATA":2,"SENSORTYPE":"PWR-METER-POWER","RCV_BYTES":["0009","B6F2"],"DATAS":[9,-18702],"DATAS1":[],"DATAS2":[],"TIMESTAMP":"2022-11-27T17:35:00.054Z"},{"DTUID":"110","SENSORID":5,"FUNCID":3,"NDATA":2,"SENSORTYPE":"PWR-METER-POWER","RCV_BYTES":["0009","B6D2"],"DATAS":[9,-18734],"DATAS1":[],"DATAS2":[],"TIMESTAMP":"2022-11-27T17:14:57.722Z"}],"DAYHOURS":["19","18","17","16","13","12","5","4","3","2","1"],"MNTH-2022_11":"6392","WK48":"6392","WK47":"6230","WK46":"6029","WK45":"5811","WK44":"5590","MNTH-2022_10":"5552","WK43":"5368","WK42":"5186","WK41":"4977","WK40":"4786","MNTH-2022_9":"4683","WK39":"4572","WK38":"4346","WK37":"4122","WK36":"3972","MNTH-2022_8":"3803","WK35":"3778","WK34":"3570","WK33":"3362","WK32":"3115","WK31":"2909","MNTH-2022_7":"2837","WK30":"2655","WK29":"2427","WK28":"2216","WK27":"1971","MNTH-2022_6":"1815","WK26":"1745","WK25":"1529","WK24":"1291","WK23":"1071","MNTH-2022_5":"835","WK22":"835","WK21":"628","WK20":"396","WK19":"201"}