{"SENSORNAME":"CHEMICAL STORE","SENSORTYPE":"WISENSOR","DTUID":"-1","SENSORID":"B0-84-88-E0-CE-E7","DATE0":"2022-11-28T13:02:04.297Z","DATE1":"2021-04-19T16:37:07.921Z","DAYDATA":[{"modelID":"b0-84-88-e0-ce-e7","modelType":"Wi-SHT10","DATAS":["Temperature","Humidity"],"Temperature":23.09,"Humidity":32.726400000000005,"TIMESTAMP":"2022-11-28T13:02:04.297Z","BATT":100,"INTERVAL":600},{"modelID":"b0-84-88-e0-ce-e7","modelType":"Wi-SHT10","DATAS":["Temperature","Humidity"],"Temperature":23.07,"Humidity":32.4576,"TIMESTAMP":"2022-11-28T12:41:40.913Z","BATT":100,"INTERVAL":600},{"modelID":"b0-84-88-e0-ce-e7","modelType":"Wi-SHT10","DATAS":["Temperature","Humidity"],"Temperature":23.04,"Humidity":32.448,"TIMESTAMP":"2022-11-28T12:31:52.357Z","BATT":100,"INTERVAL":600},{"modelID":"b0-84-88-e0-ce-e7","modelType":"Wi-SHT10","DATAS":["Temperature","Humidity"],"Temperature":23.02,"Humidity":32.284800000000004,"TIMESTAMP":"2022-11-28T12:22:26.386Z","BATT":100,"INTERVAL":600},{"modelID":"b0-84-88-e0-ce-e7","modelType":"Wi-SHT10","DATAS":["Temperature","Humidity"],"Temperature":23.04,"Humidity":32.8896,"TIMESTAMP":"2022-11-28T12:11:52.404Z","BATT":100,"INTERVAL":600},{"modelID":"b0-84-88-e0-ce-e7","modelType":"Wi-SHT10","DATAS":["Temperature","Humidity"],"Temperature":23.02,"Humidity":32.5344,"TIMESTAMP":"2022-11-28T12:01:50.418Z","BATT":100,"INTERVAL":600},{"modelID":"b0-84-88-e0-ce-e7","modelType":"Wi-SHT10","DATAS":["Temperature","Humidity"],"Temperature":23.02,"Humidity":32.4864,"TIMESTAMP":"2022-11-28T11:52:18.668Z","BATT":100,"INTERVAL":600},{"modelID":"b0-84-88-e0-ce-e7","modelType":"Wi-SHT10","DATAS":["Temperature","Humidity"],"Temperature":22.99,"Humidity":32.9472,"TIMESTAMP":"2022-11-28T11:42:22.447Z","BATT":100,"INTERVAL":600},{"modelID":"b0-84-88-e0-ce-e7","modelType":"Wi-SHT10","DATAS":["Temperature","Humidity"],"Temperature":22.98,"Humidity":32.803200000000004,"TIMESTAMP":"2022-11-28T11:32:02.223Z","BATT":100,"INTERVAL":600},{"modelID":"b0-84-88-e0-ce-e7","modelType":"Wi-SHT10","DATAS":["Temperature","Humidity"],"Temperature":23,"Humidity":33.263999999999996,"TIMESTAMP":"2022-11-28T11:21:54.489Z","BATT":100,"INTERVAL":600},{"modelID":"b0-84-88-e0-ce-e7","modelType":"Wi-SHT10","DATAS":["Temperature","Humidity"],"Temperature":22.99,"Humidity":33.5136,"TIMESTAMP":"2022-11-28T11:11:39.510Z","BATT":100,"INTERVAL":600},{"modelID":"b0-84-88-e0-ce-e7","modelType":"Wi-SHT10","DATAS":["Temperature","Humidity"],"Temperature":22.92,"Humidity":33.5712,"TIMESTAMP":"2022-11-28T11:02:07.528Z","BATT":100,"INTERVAL":600},{"modelID":"b0-84-88-e0-ce-e7","modelType":"Wi-SHT10","DATAS":["Temperature","Humidity"],"Temperature":22.94,"Humidity":33.6576,"TIMESTAMP":"2022-11-28T10:52:01.548Z","BATT":100,"INTERVAL":600},{"modelID":"b0-84-88-e0-ce-e7","modelType":"Wi-SHT10","DATAS":["Temperature","Humidity"],"Temperature":22.92,"Humidity":33.4752,"TIMESTAMP":"2022-11-28T10:42:06.571Z","BATT":100,"INTERVAL":600},{"modelID":"b0-84-88-e0-ce-e7","modelType":"Wi-SHT10","DATAS":["Temperature","Humidity"],"Temperature":22.9,"Humidity":33.4272,"TIMESTAMP":"2022-11-28T10:32:13.584Z","BATT":100,"INTERVAL":600},{"modelID":"b0-84-88-e0-ce-e7","modelType":"Wi-SHT10","DATAS":["Temperature","Humidity"],"Temperature":22.93,"Humidity":33.7728,"TIMESTAMP":"2022-11-28T10:21:40.605Z","BATT":100,"INTERVAL":600},{"modelID":"b0-84-88-e0-ce-e7","modelType":"Wi-SHT10","DATAS":["Temperature","Humidity"],"Temperature":22.93,"Humidity":34.0224,"TIMESTAMP":"2022-11-28T10:12:26.631Z","BATT":100,"INTERVAL":600},{"modelID":"b0-84-88-e0-ce-e7","modelType":"Wi-SHT10","DATAS":["Temperature","Humidity"],"Temperature":23.04,"Humidity":34.6944,"TIMESTAMP":"2022-11-28T10:01:50.646Z","BATT":100,"INTERVAL":600},{"modelID":"b0-84-88-e0-ce-e7","modelType":"Wi-SHT10","DATAS":["Temperature","Humidity"],"Temperature":23.02,"Humidity":34.656,"TIMESTAMP":"2022-11-28T09:51:50.665Z","BATT":100,"INTERVAL":600},{"modelID":"b0-84-88-e0-ce-e7","modelType":"Wi-SHT10","DATAS":["Temperature","Humidity"],"Temperature":23.02,"Humidity":34.9056,"TIMESTAMP":"2022-11-28T09:42:22.680Z","BATT":100,"INTERVAL":600},{"modelID":"b0-84-88-e0-ce-e7","modelType":"Wi-SHT10","DATAS":["Temperature","Humidity"],"Temperature":23.01,"Humidity":34.3296,"TIMESTAMP":"2022-11-28T09:31:52.700Z","BATT":100,"INTERVAL":600},{"modelID":"b0-84-88-e0-ce-e7","modelType":"Wi-SHT10","DATAS":["Temperature","Humidity"],"Temperature":23.02,"Humidity":34.1952,"TIMESTAMP":"2022-11-28T09:22:00.711Z","BATT":100,"INTERVAL":600},{"modelID":"b0-84-88-e0-ce-e7","modelType":"Wi-SHT10","DATAS":["Temperature","Humidity"],"Temperature":23.02,"Humidity":33.6576,"TIMESTAMP":"2022-11-28T09:12:27.740Z","BATT":100,"INTERVAL":600},{"modelID":"b0-84-88-e0-ce-e7","modelType":"Wi-SHT10","DATAS":["Temperature","Humidity"],"Temperature":23.01,"Humidity":33.763200000000005,"TIMESTAMP":"2022-11-28T09:02:26.760Z","BATT":100,"INTERVAL":600},{"modelID":"b0-84-88-e0-ce-e7","modelType":"Wi-SHT10","DATAS":["Temperature","Humidity"],"Temperature":23.04,"Humidity":33.84,"TIMESTAMP":"2022-11-28T08:52:24.781Z","BATT":100,"INTERVAL":600},{"modelID":"b0-84-88-e0-ce-e7","modelType":"Wi-SHT10","DATAS":["Temperature","Humidity"],"Temperature":23.05,"Humidity":33.7056,"TIMESTAMP":"2022-11-28T08:41:51.799Z","BATT":100,"INTERVAL":600},{"modelID":"b0-84-88-e0-ce-e7","modelType":"Wi-SHT10","DATAS":["Temperature","Humidity"],"Temperature":23.03,"Humidity":33.792,"TIMESTAMP":"2022-11-28T08:32:16.807Z","BATT":100,"INTERVAL":600},{"modelID":"b0-84-88-e0-ce-e7","modelType":"Wi-SHT10","DATAS":["Temperature","Humidity"],"Temperature":23.03,"Humidity":33.9264,"TIMESTAMP":"2022-11-28T08:22:26.838Z","BATT":100,"INTERVAL":600},{"modelID":"b0-84-88-e0-ce-e7","modelType":"Wi-SHT10","DATAS":["Temperature","Humidity"],"Temperature":23.04,"Humidity":33.8592,"TIMESTAMP":"2022-11-28T08:12:24.858Z","BATT":100,"INTERVAL":600},{"modelID":"b0-84-88-e0-ce-e7","modelType":"Wi-SHT10","DATAS":["Temperature","Humidity"],"Temperature":23.05,"Humidity":34.0992,"TIMESTAMP":"2022-11-28T08:01:50.872Z","BATT":100,"INTERVAL":600},{"modelID":"b0-84-88-e0-ce-e7","modelType":"Wi-SHT10","DATAS":["Temperature","Humidity"],"Temperature":23.02,"Humidity":33.9552,"TIMESTAMP":"2022-11-28T07:52:26.883Z","BATT":100,"INTERVAL":600},{"modelID":"b0-84-88-e0-ce-e7","modelType":"Wi-SHT10","DATAS":["Temperature","Humidity"],"Temperature":23.04,"Humidity":34.176,"TIMESTAMP":"2022-11-28T07:42:16.904Z","BATT":100,"INTERVAL":600},{"modelID":"b0-84-88-e0-ce-e7","modelType":"Wi-SHT10","DATAS":["Temperature","Humidity"],"Temperature":23.03,"Humidity":34.1856,"TIMESTAMP":"2022-11-28T07:31:51.925Z","BATT":100,"INTERVAL":600},{"modelID":"b0-84-88-e0-ce-e7","modelType":"Wi-SHT10","DATAS":["Temperature","Humidity"],"Temperature":23.03,"Humidity":34.233599999999996,"TIMESTAMP":"2022-11-28T07:21:51.944Z","BATT":100,"INTERVAL":600},{"modelID":"b0-84-88-e0-ce-e7","modelType":"Wi-SHT10","DATAS":["Temperature","Humidity"],"Temperature":23.03,"Humidity":34.656,"TIMESTAMP":"2022-11-28T07:12:26.963Z","BATT":100,"INTERVAL":600},{"modelID":"b0-84-88-e0-ce-e7","modelType":"Wi-SHT10","DATAS":["Temperature","Humidity"],"Temperature":23.04,"Humidity":34.2432,"TIMESTAMP":"2022-11-28T07:02:25.000Z","BATT":100,"INTERVAL":600},{"modelID":"b0-84-88-e0-ce-e7","modelType":"Wi-SHT10","DATAS":["Temperature","Humidity"],"Temperature":23.05,"Humidity":34.272000000000006,"TIMESTAMP":"2022-11-28T06:52:03.396Z","BATT":100,"INTERVAL":600},{"modelID":"b0-84-88-e0-ce-e7","modelType":"Wi-SHT10","DATAS":["Temperature","Humidity"],"Temperature":23,"Humidity":34.1088,"TIMESTAMP":"2022-11-28T06:42:07.278Z","BATT":100,"INTERVAL":600},{"modelID":"b0-84-88-e0-ce-e7","modelType":"Wi-SHT10","DATAS":["Temperature","Humidity"],"Temperature":22.98,"Humidity":34.272000000000006,"TIMESTAMP":"2022-11-28T06:32:05.995Z","BATT":100,"INTERVAL":600},{"modelID":"b0-84-88-e0-ce-e7","modelType":"Wi-SHT10","DATAS":["Temperature","Humidity"],"Temperature":22.97,"Humidity":34.2624,"TIMESTAMP":"2022-11-28T06:22:14.137Z","BATT":100,"INTERVAL":600},{"modelID":"b0-84-88-e0-ce-e7","modelType":"Wi-SHT10","DATAS":["Temperature","Humidity"],"Temperature":22.99,"Humidity":34.300799999999995,"TIMESTAMP":"2022-11-28T06:12:19.081Z","BATT":100,"INTERVAL":600},{"modelID":"b0-84-88-e0-ce-e7","modelType":"Wi-SHT10","DATAS":["Temperature","Humidity"],"Temperature":22.97,"Humidity":34.4736,"TIMESTAMP":"2022-11-28T06:01:58.093Z","BATT":100,"INTERVAL":600},{"modelID":"b0-84-88-e0-ce-e7","modelType":"Wi-SHT10","DATAS":["Temperature","Humidity"],"Temperature":22.95,"Humidity":34.4256,"TIMESTAMP":"2022-11-28T05:51:41.112Z","BATT":100,"INTERVAL":600},{"modelID":"b0-84-88-e0-ce-e7","modelType":"Wi-SHT10","DATAS":["Temperature","Humidity"],"Temperature":22.93,"Humidity":33.897600000000004,"TIMESTAMP":"2022-11-28T05:41:42.152Z","BATT":100,"INTERVAL":600},{"modelID":"b0-84-88-e0-ce-e7","modelType":"Wi-SHT10","DATAS":["Temperature","Humidity"],"Temperature":22.95,"Humidity":33.7728,"TIMESTAMP":"2022-11-28T05:32:00.965Z","BATT":100,"INTERVAL":600},{"modelID":"b0-84-88-e0-ce-e7","modelType":"Wi-SHT10","DATAS":["Temperature","Humidity"],"Temperature":22.9,"Humidity":34.233599999999996,"TIMESTAMP":"2022-11-28T05:22:05.904Z","BATT":100,"INTERVAL":600},{"modelID":"b0-84-88-e0-ce-e7","modelType":"Wi-SHT10","DATAS":["Temperature","Humidity"],"Temperature":22.87,"Humidity":34.300799999999995,"TIMESTAMP":"2022-11-28T05:12:00.956Z","BATT":100,"INTERVAL":600},{"modelID":"b0-84-88-e0-ce-e7","modelType":"Wi-SHT10","DATAS":["Temperature","Humidity"],"Temperature":22.9,"Humidity":34.9824,"TIMESTAMP":"2022-11-28T05:02:14.196Z","BATT":100,"INTERVAL":600},{"modelID":"b0-84-88-e0-ce-e7","modelType":"Wi-SHT10","DATAS":["Temperature","Humidity"],"Temperature":22.85,"Humidity":35.395199999999996,"TIMESTAMP":"2022-11-28T04:52:07.055Z","BATT":100,"INTERVAL":600},{"modelID":"b0-84-88-e0-ce-e7","modelType":"Wi-SHT10","DATAS":["Temperature","Humidity"],"Temperature":22.89,"Humidity":36.028800000000004,"TIMESTAMP":"2022-11-28T04:42:14.084Z","BATT":100,"INTERVAL":600},{"modelID":"b0-84-88-e0-ce-e7","modelType":"Wi-SHT10","DATAS":["Temperature","Humidity"],"Temperature":22.85,"Humidity":35.9424,"TIMESTAMP":"2022-11-28T04:32:16.272Z","BATT":100,"INTERVAL":600},{"modelID":"b0-84-88-e0-ce-e7","modelType":"Wi-SHT10","DATAS":["Temperature","Humidity"],"Temperature":22.85,"Humidity":35.76,"TIMESTAMP":"2022-11-28T04:21:53.642Z","BATT":100,"INTERVAL":600},{"modelID":"b0-84-88-e0-ce-e7","modelType":"Wi-SHT10","DATAS":["Temperature","Humidity"],"Temperature":22.81,"Humidity":35.2224,"TIMESTAMP":"2022-11-28T04:12:13.052Z","BATT":100,"INTERVAL":600},{"modelID":"b0-84-88-e0-ce-e7","modelType":"Wi-SHT10","DATAS":["Temperature","Humidity"],"Temperature":22.8,"Humidity":34.5984,"TIMESTAMP":"2022-11-28T04:01:49.334Z","BATT":100,"INTERVAL":600},{"modelID":"b0-84-88-e0-ce-e7","modelType":"Wi-SHT10","DATAS":["Temperature","Humidity"],"Temperature":22.83,"Humidity":33.504,"TIMESTAMP":"2022-11-28T03:51:47.368Z","BATT":100,"INTERVAL":600},{"modelID":"b0-84-88-e0-ce-e7","modelType":"Wi-SHT10","DATAS":["Temperature","Humidity"],"Temperature":24.47,"Humidity":42.3456,"TIMESTAMP":"2022-11-28T03:22:13.871Z","BATT":100,"INTERVAL":600},{"modelID":"b0-84-88-e0-ce-e7","modelType":"Wi-SHT10","DATAS":["Temperature","Humidity"],"Temperature":22.8,"Humidity":34.3968,"TIMESTAMP":"2022-11-28T03:12:09.295Z","BATT":100,"INTERVAL":600},{"modelID":"b0-84-88-e0-ce-e7","modelType":"Wi-SHT10","DATAS":["Temperature","Humidity"],"Temperature":22.82,"Humidity":34.464,"TIMESTAMP":"2022-11-28T03:01:47.437Z","BATT":100,"INTERVAL":600},{"modelID":"b0-84-88-e0-ce-e7","modelType":"Wi-SHT10","DATAS":["Temperature","Humidity"],"Temperature":22.8,"Humidity":34.358399999999996,"TIMESTAMP":"2022-11-28T02:52:06.811Z","BATT":100,"INTERVAL":600},{"modelID":"b0-84-88-e0-ce-e7","modelType":"Wi-SHT10","DATAS":["Temperature","Humidity"],"Temperature":22.81,"Humidity":34.367999999999995,"TIMESTAMP":"2022-11-28T02:41:49.130Z","BATT":100,"INTERVAL":600},{"modelID":"b0-84-88-e0-ce-e7","modelType":"Wi-SHT10","DATAS":["Temperature","Humidity"],"Temperature":22.83,"Humidity":34.300799999999995,"TIMESTAMP":"2022-11-28T02:32:25.500Z","BATT":100,"INTERVAL":600},{"modelID":"b0-84-88-e0-ce-e7","modelType":"Wi-SHT10","DATAS":["Temperature","Humidity"],"Temperature":22.85,"Humidity":34.0896,"TIMESTAMP":"2022-11-28T02:22:12.526Z","BATT":100,"INTERVAL":600},{"modelID":"b0-84-88-e0-ce-e7","modelType":"Wi-SHT10","DATAS":["Temperature","Humidity"],"Temperature":22.85,"Humidity":34.0512,"TIMESTAMP":"2022-11-28T02:11:40.536Z","BATT":100,"INTERVAL":600},{"modelID":"b0-84-88-e0-ce-e7","modelType":"Wi-SHT10","DATAS":["Temperature","Humidity"],"Temperature":22.87,"Humidity":33.792,"TIMESTAMP":"2022-11-28T02:02:01.554Z","BATT":100,"INTERVAL":600},{"modelID":"b0-84-88-e0-ce-e7","modelType":"Wi-SHT10","DATAS":["Temperature","Humidity"],"Temperature":22.87,"Humidity":33.8112,"TIMESTAMP":"2022-11-28T01:52:02.881Z","BATT":100,"INTERVAL":600},{"modelID":"b0-84-88-e0-ce-e7","modelType":"Wi-SHT10","DATAS":["Temperature","Humidity"],"Temperature":22.93,"Humidity":33.1584,"TIMESTAMP":"2022-11-28T01:42:14.590Z","BATT":100,"INTERVAL":600},{"modelID":"b0-84-88-e0-ce-e7","modelType":"Wi-SHT10","DATAS":["Temperature","Humidity"],"Temperature":22.93,"Humidity":32.726400000000005,"TIMESTAMP":"2022-11-28T01:31:49.925Z","BATT":100,"INTERVAL":600},{"modelID":"b0-84-88-e0-ce-e7","modelType":"Wi-SHT10","DATAS":["Temperature","Humidity"],"Temperature":22.96,"Humidity":32.3616,"TIMESTAMP":"2022-11-28T01:22:28.623Z","BATT":100,"INTERVAL":600},{"modelID":"b0-84-88-e0-ce-e7","modelType":"Wi-SHT10","DATAS":["Temperature","Humidity"],"Temperature":23.01,"Humidity":32.16,"TIMESTAMP":"2022-11-28T01:12:25.650Z","BATT":100,"INTERVAL":600},{"modelID":"b0-84-88-e0-ce-e7","modelType":"Wi-SHT10","DATAS":["Temperature","Humidity"],"Temperature":23.05,"Humidity":32.006400000000006,"TIMESTAMP":"2022-11-28T01:02:25.670Z","BATT":100,"INTERVAL":600},{"modelID":"b0-84-88-e0-ce-e7","modelType":"Wi-SHT10","DATAS":["Temperature","Humidity"],"Temperature":23.05,"Humidity":31.449599999999997,"TIMESTAMP":"2022-11-28T00:52:20.710Z","BATT":100,"INTERVAL":600},{"modelID":"b0-84-88-e0-ce-e7","modelType":"Wi-SHT10","DATAS":["Temperature","Humidity"],"Temperature":23.1,"Humidity":31.180799999999998,"TIMESTAMP":"2022-11-28T00:41:40.703Z","BATT":100,"INTERVAL":600},{"modelID":"b0-84-88-e0-ce-e7","modelType":"Wi-SHT10","DATAS":["Temperature","Humidity"],"Temperature":23.22,"Humidity":30.672,"TIMESTAMP":"2022-11-28T00:21:58.732Z","BATT":100,"INTERVAL":600},{"modelID":"b0-84-88-e0-ce-e7","modelType":"Wi-SHT10","DATAS":["Temperature","Humidity"],"Temperature":23.22,"Humidity":30.1728,"TIMESTAMP":"2022-11-28T00:11:53.754Z","BATT":100,"INTERVAL":600},{"modelID":"b0-84-88-e0-ce-e7","modelType":"Wi-SHT10","DATAS":["Temperature","Humidity"],"Temperature":23.2,"Humidity":29.980800000000002,"TIMESTAMP":"2022-11-28T00:02:17.773Z","BATT":100,"INTERVAL":600},{"modelID":"b0-84-88-e0-ce-e7","modelType":"Wi-SHT10","DATAS":["Temperature","Humidity"],"Temperature":23.2,"Humidity":29.0784,"TIMESTAMP":"2022-11-27T23:52:04.796Z","BATT":100,"INTERVAL":600},{"modelID":"b0-84-88-e0-ce-e7","modelType":"Wi-SHT10","DATAS":["Temperature","Humidity"],"Temperature":23.19,"Humidity":28.752,"TIMESTAMP":"2022-11-27T23:42:11.820Z","BATT":100,"INTERVAL":600},{"modelID":"b0-84-88-e0-ce-e7","modelType":"Wi-SHT10","DATAS":["Temperature","Humidity"],"Temperature":23.15,"Humidity":28.3584,"TIMESTAMP":"2022-11-27T23:32:04.836Z","BATT":100,"INTERVAL":600},{"modelID":"b0-84-88-e0-ce-e7","modelType":"Wi-SHT10","DATAS":["Temperature","Humidity"],"Temperature":23.19,"Humidity":27.888,"TIMESTAMP":"2022-11-27T23:22:28.856Z","BATT":100,"INTERVAL":600},{"modelID":"b0-84-88-e0-ce-e7","modelType":"Wi-SHT10","DATAS":["Temperature","Humidity"],"Temperature":23.15,"Humidity":27.264,"TIMESTAMP":"2022-11-27T23:11:57.877Z","BATT":100,"INTERVAL":600},{"modelID":"b0-84-88-e0-ce-e7","modelType":"Wi-SHT10","DATAS":["Temperature","Humidity"],"Temperature":23.18,"Humidity":26.8416,"TIMESTAMP":"2022-11-27T23:02:21.896Z","BATT":100,"INTERVAL":600},{"modelID":"b0-84-88-e0-ce-e7","modelType":"Wi-SHT10","DATAS":["Temperature","Humidity"],"Temperature":23.2,"Humidity":26.4864,"TIMESTAMP":"2022-11-27T22:51:40.926Z","BATT":100,"INTERVAL":600},{"modelID":"b0-84-88-e0-ce-e7","modelType":"Wi-SHT10","DATAS":["Temperature","Humidity"],"Temperature":23.19,"Humidity":26.4864,"TIMESTAMP":"2022-11-27T22:41:57.936Z","BATT":100,"INTERVAL":600},{"modelID":"b0-84-88-e0-ce-e7","modelType":"Wi-SHT10","DATAS":["Temperature","Humidity"],"Temperature":23.18,"Humidity":26.6784,"TIMESTAMP":"2022-11-27T22:32:17.957Z","BATT":100,"INTERVAL":600},{"modelID":"b0-84-88-e0-ce-e7","modelType":"Wi-SHT10","DATAS":["Temperature","Humidity"],"Temperature":23.18,"Humidity":26.7456,"TIMESTAMP":"2022-11-27T22:22:22.977Z","BATT":100,"INTERVAL":600},{"modelID":"b0-84-88-e0-ce-e7","modelType":"Wi-SHT10","DATAS":["Temperature","Humidity"],"Temperature":23.21,"Humidity":26.688000000000002,"TIMESTAMP":"2022-11-27T22:12:14.995Z","BATT":100,"INTERVAL":600},{"modelID":"b0-84-88-e0-ce-e7","modelType":"Wi-SHT10","DATAS":["Temperature","Humidity"],"Temperature":23.22,"Humidity":26.726399999999998,"TIMESTAMP":"2022-11-27T22:02:18.497Z","BATT":100,"INTERVAL":600},{"modelID":"b0-84-88-e0-ce-e7","modelType":"Wi-SHT10","DATAS":["Temperature","Humidity"],"Temperature":23.19,"Humidity":26.7936,"TIMESTAMP":"2022-11-27T21:51:48.882Z","BATT":100,"INTERVAL":600},{"modelID":"b0-84-88-e0-ce-e7","modelType":"Wi-SHT10","DATAS":["Temperature","Humidity"],"Temperature":23.24,"Humidity":26.9088,"TIMESTAMP":"2022-11-27T21:42:16.041Z","BATT":100,"INTERVAL":600},{"modelID":"b0-84-88-e0-ce-e7","modelType":"Wi-SHT10","DATAS":["Temperature","Humidity"],"Temperature":23.23,"Humidity":26.822400000000002,"TIMESTAMP":"2022-11-27T21:32:20.062Z","BATT":100,"INTERVAL":600},{"modelID":"b0-84-88-e0-ce-e7","modelType":"Wi-SHT10","DATAS":["Temperature","Humidity"],"Temperature":23.24,"Humidity":26.6592,"TIMESTAMP":"2022-11-27T21:22:17.081Z","BATT":100,"INTERVAL":600},{"modelID":"b0-84-88-e0-ce-e7","modelType":"Wi-SHT10","DATAS":["Temperature","Humidity"],"Temperature":23.25,"Humidity":26.976000000000003,"TIMESTAMP":"2022-11-27T21:12:19.109Z","BATT":100,"INTERVAL":600},{"modelID":"b0-84-88-e0-ce-e7","modelType":"Wi-SHT10","DATAS":["Temperature","Humidity"],"Temperature":23.24,"Humidity":26.9664,"TIMESTAMP":"2022-11-27T21:01:48.122Z","BATT":100,"INTERVAL":600},{"modelID":"b0-84-88-e0-ce-e7","modelType":"Wi-SHT10","DATAS":["Temperature","Humidity"],"Temperature":23.24,"Humidity":27.1008,"TIMESTAMP":"2022-11-27T20:51:40.153Z","BATT":100,"INTERVAL":600},{"modelID":"b0-84-88-e0-ce-e7","modelType":"Wi-SHT10","DATAS":["Temperature","Humidity"],"Temperature":23.25,"Humidity":26.9088,"TIMESTAMP":"2022-11-27T20:42:20.952Z","BATT":100,"INTERVAL":600},{"modelID":"b0-84-88-e0-ce-e7","modelType":"Wi-SHT10","DATAS":["Temperature","Humidity"],"Temperature":23.27,"Humidity":27.1104,"TIMESTAMP":"2022-11-27T20:32:25.190Z","BATT":100,"INTERVAL":600},{"modelID":"b0-84-88-e0-ce-e7","modelType":"Wi-SHT10","DATAS":["Temperature","Humidity"],"Temperature":23.27,"Humidity":27.302400000000002,"TIMESTAMP":"2022-11-27T20:22:20.193Z","BATT":100,"INTERVAL":600},{"modelID":"b0-84-88-e0-ce-e7","modelType":"Wi-SHT10","DATAS":["Temperature","Humidity"],"Temperature":23.27,"Humidity":27.2064,"TIMESTAMP":"2022-11-27T20:11:46.221Z","BATT":100,"INTERVAL":600},{"modelID":"b0-84-88-e0-ce-e7","modelType":"Wi-SHT10","DATAS":["Temperature","Humidity"],"Temperature":23.29,"Humidity":27.1488,"TIMESTAMP":"2022-11-27T20:01:46.233Z","BATT":100,"INTERVAL":600},{"modelID":"b0-84-88-e0-ce-e7","modelType":"Wi-SHT10","DATAS":["Temperature","Humidity"],"Temperature":23.29,"Humidity":27.1392,"TIMESTAMP":"2022-11-27T19:52:14.996Z","BATT":100,"INTERVAL":600},{"modelID":"b0-84-88-e0-ce-e7","modelType":"Wi-SHT10","DATAS":["Temperature","Humidity"],"Temperature":23.3,"Humidity":27.1584,"TIMESTAMP":"2022-11-27T19:42:21.156Z","BATT":100,"INTERVAL":600},{"modelID":"b0-84-88-e0-ce-e7","modelType":"Wi-SHT10","DATAS":["Temperature","Humidity"],"Temperature":23.27,"Humidity":27.0816,"TIMESTAMP":"2022-11-27T19:32:07.281Z","BATT":100,"INTERVAL":600},{"modelID":"b0-84-88-e0-ce-e7","modelType":"Wi-SHT10","DATAS":["Temperature","Humidity"],"Temperature":23.3,"Humidity":27.177599999999998,"TIMESTAMP":"2022-11-27T19:22:18.317Z","BATT":100,"INTERVAL":600},{"modelID":"b0-84-88-e0-ce-e7","modelType":"Wi-SHT10","DATAS":["Temperature","Humidity"],"Temperature":23.3,"Humidity":27.1968,"TIMESTAMP":"2022-11-27T19:11:53.338Z","BATT":100,"INTERVAL":600},{"modelID":"b0-84-88-e0-ce-e7","modelType":"Wi-SHT10","DATAS":["Temperature","Humidity"],"Temperature":23.32,"Humidity":27.2832,"TIMESTAMP":"2022-11-27T19:02:16.365Z","BATT":100,"INTERVAL":600},{"modelID":"b0-84-88-e0-ce-e7","modelType":"Wi-SHT10","DATAS":["Temperature","Humidity"],"Temperature":23.31,"Humidity":27.648,"TIMESTAMP":"2022-11-27T18:51:53.373Z","BATT":100,"INTERVAL":600},{"modelID":"b0-84-88-e0-ce-e7","modelType":"Wi-SHT10","DATAS":["Temperature","Humidity"],"Temperature":23.33,"Humidity":27.5424,"TIMESTAMP":"2022-11-27T18:41:42.393Z","BATT":100,"INTERVAL":600},{"modelID":"b0-84-88-e0-ce-e7","modelType":"Wi-SHT10","DATAS":["Temperature","Humidity"],"Temperature":23.31,"Humidity":27.7536,"TIMESTAMP":"2022-11-27T18:31:53.394Z","BATT":100,"INTERVAL":600},{"modelID":"b0-84-88-e0-ce-e7","modelType":"Wi-SHT10","DATAS":["Temperature","Humidity"],"Temperature":23.32,"Humidity":27.8784,"TIMESTAMP":"2022-11-27T18:22:19.435Z","BATT":100,"INTERVAL":600},{"modelID":"b0-84-88-e0-ce-e7","modelType":"Wi-SHT10","DATAS":["Temperature","Humidity"],"Temperature":23.34,"Humidity":27.6768,"TIMESTAMP":"2022-11-27T18:11:53.456Z","BATT":100,"INTERVAL":600},{"modelID":"b0-84-88-e0-ce-e7","modelType":"Wi-SHT10","DATAS":["Temperature","Humidity"],"Temperature":23.32,"Humidity":27.5136,"TIMESTAMP":"2022-11-27T18:01:53.511Z","BATT":100,"INTERVAL":600},{"modelID":"b0-84-88-e0-ce-e7","modelType":"Wi-SHT10","DATAS":["Temperature","Humidity"],"Temperature":23.32,"Humidity":27.311999999999998,"TIMESTAMP":"2022-11-27T17:52:23.475Z","BATT":100,"INTERVAL":600},{"modelID":"b0-84-88-e0-ce-e7","modelType":"Wi-SHT10","DATAS":["Temperature","Humidity"],"Temperature":23.35,"Humidity":27.235200000000003,"TIMESTAMP":"2022-11-27T17:42:23.496Z","BATT":100,"INTERVAL":600},{"modelID":"b0-84-88-e0-ce-e7","modelType":"Wi-SHT10","DATAS":["Temperature","Humidity"],"Temperature":23.35,"Humidity":27.2064,"TIMESTAMP":"2022-11-27T17:32:17.514Z","BATT":100,"INTERVAL":600},{"modelID":"b0-84-88-e0-ce-e7","modelType":"Wi-SHT10","DATAS":["Temperature","Humidity"],"Temperature":23.34,"Humidity":27.3888,"TIMESTAMP":"2022-11-27T17:22:13.536Z","BATT":100,"INTERVAL":600},{"modelID":"b0-84-88-e0-ce-e7","modelType":"Wi-SHT10","DATAS":["Temperature","Humidity"],"Temperature":23.37,"Humidity":27.7536,"TIMESTAMP":"2022-11-27T17:12:02.551Z","BATT":100,"INTERVAL":600},{"modelID":"b0-84-88-e0-ce-e7","modelType":"Wi-SHT10","DATAS":["Temperature","Humidity"],"Temperature":23.39,"Humidity":27.503999999999998,"TIMESTAMP":"2022-11-27T17:01:58.574Z","BATT":100,"INTERVAL":600},{"modelID":"b0-84-88-e0-ce-e7","modelType":"Wi-SHT10","DATAS":["Temperature","Humidity"],"Temperature":23.42,"Humidity":27.3984,"TIMESTAMP":"2022-11-27T16:52:06.585Z","BATT":100,"INTERVAL":600},{"modelID":"b0-84-88-e0-ce-e7","modelType":"Wi-SHT10","DATAS":["Temperature","Humidity"],"Temperature":23.44,"Humidity":27.552,"TIMESTAMP":"2022-11-27T16:31:49.640Z","BATT":100,"INTERVAL":600},{"modelID":"b0-84-88-e0-ce-e7","modelType":"Wi-SHT10","DATAS":["Temperature","Humidity"],"Temperature":23.46,"Humidity":27.888,"TIMESTAMP":"2022-11-27T16:22:03.660Z","BATT":100,"INTERVAL":600},{"modelID":"b0-84-88-e0-ce-e7","modelType":"Wi-SHT10","DATAS":["Temperature","Humidity"],"Temperature":23.45,"Humidity":28.032,"TIMESTAMP":"2022-11-27T16:12:07.680Z","BATT":100,"INTERVAL":600}],"DAYHOURS":["21","20","19","18","17","16","15","14","13","12","11","10","9","8","7","6","5","4","3","2","1","0"]}