{"SENSORNAME":"WATER COOLING PACK UNIT B - CWS PRESS","SENSORTYPE":"WTRPRS(485)","DTUID":"215","SENSORID":"43","DATE0":"2022-11-28T11:05:54.707Z","DATE1":"2022-02-13T09:05:51.540Z","DAYDATA":[{"DTUID":"215","SENSORID":43,"FUNCID":3,"NDATA":2,"SENSORTYPE":"WATER-PRES","RCV_BYTES":["436E","6CCD"],"DATAS":[17262,27853],"DATAS1":[],"DATAS2":[],"TIMESTAMP":"2022-11-28T11:05:54.707Z"},{"DTUID":"215","SENSORID":43,"FUNCID":3,"NDATA":2,"SENSORTYPE":"WATER-PRES","RCV_BYTES":["436E","39DB"],"DATAS":[17262,14811],"DATAS1":[],"DATAS2":[],"TIMESTAMP":"2022-11-28T10:05:43.223Z"},{"DTUID":"215","SENSORID":43,"FUNCID":3,"NDATA":2,"SENSORTYPE":"WATER-PRES","RCV_BYTES":["436E","6CCD"],"DATAS":[17262,27853],"DATAS1":[],"DATAS2":[],"TIMESTAMP":"2022-11-28T09:05:37.388Z"},{"DTUID":"215","SENSORID":43,"FUNCID":3,"NDATA":2,"SENSORTYPE":"WATER-PRES","RCV_BYTES":["436F","3B23"],"DATAS":[17263,15139],"DATAS1":[],"DATAS2":[],"TIMESTAMP":"2022-11-28T08:29:10.799Z"},{"DTUID":"215","SENSORID":43,"FUNCID":3,"NDATA":2,"SENSORTYPE":"WATER-PRES","RCV_BYTES":["436F","072B"],"DATAS":[17263,1835],"DATAS1":[],"DATAS2":[],"TIMESTAMP":"2022-11-28T04:48:47.189Z"},{"DTUID":"215","SENSORID":43,"FUNCID":3,"NDATA":2,"SENSORTYPE":"WATER-PRES","RCV_BYTES":["436E","D47B"],"DATAS":[17262,-11141],"DATAS1":[],"DATAS2":[],"TIMESTAMP":"2022-11-28T03:03:25.773Z"},{"DTUID":"215","SENSORID":43,"FUNCID":3,"NDATA":2,"SENSORTYPE":"WATER-PRES","RCV_BYTES":["436F","3B23"],"DATAS":[17263,15139],"DATAS1":[],"DATAS2":[],"TIMESTAMP":"2022-11-27T22:14:55.880Z"},{"DTUID":"215","SENSORID":43,"FUNCID":3,"NDATA":2,"SENSORTYPE":"WATER-PRES","RCV_BYTES":["436F","A1CB"],"DATAS":[17263,-24117],"DATAS1":[],"DATAS2":[],"TIMESTAMP":"2022-11-27T21:14:54.081Z"},{"DTUID":"215","SENSORID":43,"FUNCID":3,"NDATA":2,"SENSORTYPE":"WATER-PRES","RCV_BYTES":["436F","3B23"],"DATAS":[17263,15139],"DATAS1":[],"DATAS2":[],"TIMESTAMP":"2022-11-27T20:34:45.873Z"},{"DTUID":"215","SENSORID":43,"FUNCID":3,"NDATA":2,"SENSORTYPE":"WATER-PRES","RCV_BYTES":["436E","A083"],"DATAS":[17262,-24445],"DATAS1":[],"DATAS2":[],"TIMESTAMP":"2022-11-27T19:14:40.736Z"},{"DTUID":"215","SENSORID":43,"FUNCID":3,"NDATA":2,"SENSORTYPE":"WATER-PRES","RCV_BYTES":["436F","072B"],"DATAS":[17263,1835],"DATAS1":[],"DATAS2":[],"TIMESTAMP":"2022-11-27T17:34:33.783Z"},{"DTUID":"215","SENSORID":43,"FUNCID":3,"NDATA":2,"SENSORTYPE":"WATER-PRES","RCV_BYTES":["436F","6ED9"],"DATAS":[17263,28377],"DATAS1":[],"DATAS2":[],"TIMESTAMP":"2022-11-27T17:14:31.908Z"}],"DAYHOURS":["19","18","17","16","12","11","6","5","4","3","1"]}