{"SENSORNAME":"CCU CALIBRATION ROOM","SENSORTYPE":"WISENSOR","DTUID":"-1","SENSORID":"B0-DA-23-27-E0-2A","DATE0":"2022-11-28T12:58:00.640Z","DATE1":"2021-12-20T22:17:17.999Z","DAYDATA":[{"modelID":"b0-da-23-27-e0-2a","modelType":"Wi-SHT10","DATAS":["Temperature","Humidity"],"Temperature":23.49,"Humidity":29.7024,"TIMESTAMP":"2022-11-28T12:58:00.640Z","BATT":100,"INTERVAL":600},{"modelID":"b0-da-23-27-e0-2a","modelType":"Wi-SHT10","DATAS":["Temperature","Humidity"],"Temperature":23.48,"Humidity":29.6352,"TIMESTAMP":"2022-11-28T12:27:58.950Z","BATT":100,"INTERVAL":600},{"modelID":"b0-da-23-27-e0-2a","modelType":"Wi-SHT10","DATAS":["Temperature","Humidity"],"Temperature":23.47,"Humidity":29.6256,"TIMESTAMP":"2022-11-28T12:18:16.039Z","BATT":100,"INTERVAL":600},{"modelID":"b0-da-23-27-e0-2a","modelType":"Wi-SHT10","DATAS":["Temperature","Humidity"],"Temperature":23.49,"Humidity":29.942400000000003,"TIMESTAMP":"2022-11-28T11:58:03.341Z","BATT":100,"INTERVAL":600},{"modelID":"b0-da-23-27-e0-2a","modelType":"Wi-SHT10","DATAS":["Temperature","Humidity"],"Temperature":23.53,"Humidity":30.1152,"TIMESTAMP":"2022-11-28T11:48:12.552Z","BATT":100,"INTERVAL":600},{"modelID":"b0-da-23-27-e0-2a","modelType":"Wi-SHT10","DATAS":["Temperature","Humidity"],"Temperature":23.5,"Humidity":30.288,"TIMESTAMP":"2022-11-28T11:38:24.690Z","BATT":100,"INTERVAL":600},{"modelID":"b0-da-23-27-e0-2a","modelType":"Wi-SHT10","DATAS":["Temperature","Humidity"],"Temperature":23.51,"Humidity":30.4224,"TIMESTAMP":"2022-11-28T11:28:14.489Z","BATT":100,"INTERVAL":600},{"modelID":"b0-da-23-27-e0-2a","modelType":"Wi-SHT10","DATAS":["Temperature","Humidity"],"Temperature":23.52,"Humidity":30.6816,"TIMESTAMP":"2022-11-28T11:18:23.628Z","BATT":100,"INTERVAL":600},{"modelID":"b0-da-23-27-e0-2a","modelType":"Wi-SHT10","DATAS":["Temperature","Humidity"],"Temperature":23.51,"Humidity":30.940799999999996,"TIMESTAMP":"2022-11-28T11:07:57.109Z","BATT":100,"INTERVAL":600},{"modelID":"b0-da-23-27-e0-2a","modelType":"Wi-SHT10","DATAS":["Temperature","Humidity"],"Temperature":23.5,"Humidity":31.247999999999998,"TIMESTAMP":"2022-11-28T10:58:11.674Z","BATT":100,"INTERVAL":600},{"modelID":"b0-da-23-27-e0-2a","modelType":"Wi-SHT10","DATAS":["Temperature","Humidity"],"Temperature":23.44,"Humidity":31.487999999999996,"TIMESTAMP":"2022-11-28T10:47:59.471Z","BATT":100,"INTERVAL":600},{"modelID":"b0-da-23-27-e0-2a","modelType":"Wi-SHT10","DATAS":["Temperature","Humidity"],"Temperature":23.51,"Humidity":31.219200000000004,"TIMESTAMP":"2022-11-28T10:37:55.584Z","BATT":100,"INTERVAL":600},{"modelID":"b0-da-23-27-e0-2a","modelType":"Wi-SHT10","DATAS":["Temperature","Humidity"],"Temperature":23.77,"Humidity":31.0752,"TIMESTAMP":"2022-11-28T10:28:00.649Z","BATT":100,"INTERVAL":600},{"modelID":"b0-da-23-27-e0-2a","modelType":"Wi-SHT10","DATAS":["Temperature","Humidity"],"Temperature":23.93,"Humidity":31.929599999999997,"TIMESTAMP":"2022-11-28T10:18:04.143Z","BATT":100,"INTERVAL":600},{"modelID":"b0-da-23-27-e0-2a","modelType":"Wi-SHT10","DATAS":["Temperature","Humidity"],"Temperature":23.71,"Humidity":32.1984,"TIMESTAMP":"2022-11-28T10:08:04.883Z","BATT":100,"INTERVAL":600},{"modelID":"b0-da-23-27-e0-2a","modelType":"Wi-SHT10","DATAS":["Temperature","Humidity"],"Temperature":23.52,"Humidity":31.7376,"TIMESTAMP":"2022-11-28T09:48:22.694Z","BATT":100,"INTERVAL":600},{"modelID":"b0-da-23-27-e0-2a","modelType":"Wi-SHT10","DATAS":["Temperature","Humidity"],"Temperature":23.54,"Humidity":31.113599999999998,"TIMESTAMP":"2022-11-28T09:38:27.881Z","BATT":100,"INTERVAL":600},{"modelID":"b0-da-23-27-e0-2a","modelType":"Wi-SHT10","DATAS":["Temperature","Humidity"],"Temperature":23.71,"Humidity":31.0656,"TIMESTAMP":"2022-11-28T09:28:15.781Z","BATT":100,"INTERVAL":600},{"modelID":"b0-da-23-27-e0-2a","modelType":"Wi-SHT10","DATAS":["Temperature","Humidity"],"Temperature":23.5,"Humidity":30.8928,"TIMESTAMP":"2022-11-28T09:18:21.879Z","BATT":100,"INTERVAL":600},{"modelID":"b0-da-23-27-e0-2a","modelType":"Wi-SHT10","DATAS":["Temperature","Humidity"],"Temperature":23.55,"Humidity":30.883200000000002,"TIMESTAMP":"2022-11-28T09:08:03.959Z","BATT":100,"INTERVAL":600},{"modelID":"b0-da-23-27-e0-2a","modelType":"Wi-SHT10","DATAS":["Temperature","Humidity"],"Temperature":23.68,"Humidity":30.950400000000002,"TIMESTAMP":"2022-11-28T08:57:59.600Z","BATT":100,"INTERVAL":600},{"modelID":"b0-da-23-27-e0-2a","modelType":"Wi-SHT10","DATAS":["Temperature","Humidity"],"Temperature":23.83,"Humidity":31.1904,"TIMESTAMP":"2022-11-28T08:48:22.620Z","BATT":100,"INTERVAL":600},{"modelID":"b0-da-23-27-e0-2a","modelType":"Wi-SHT10","DATAS":["Temperature","Humidity"],"Temperature":24.02,"Humidity":32.832,"TIMESTAMP":"2022-11-28T08:38:22.877Z","BATT":100,"INTERVAL":600},{"modelID":"b0-da-23-27-e0-2a","modelType":"Wi-SHT10","DATAS":["Temperature","Humidity"],"Temperature":23.48,"Humidity":31.0656,"TIMESTAMP":"2022-11-28T08:17:59.560Z","BATT":100,"INTERVAL":600},{"modelID":"b0-da-23-27-e0-2a","modelType":"Wi-SHT10","DATAS":["Temperature","Humidity"],"Temperature":23.56,"Humidity":30.9984,"TIMESTAMP":"2022-11-28T07:58:08.380Z","BATT":100,"INTERVAL":600},{"modelID":"b0-da-23-27-e0-2a","modelType":"Wi-SHT10","DATAS":["Temperature","Humidity"],"Temperature":23.55,"Humidity":31.0272,"TIMESTAMP":"2022-11-28T07:48:25.763Z","BATT":100,"INTERVAL":600},{"modelID":"b0-da-23-27-e0-2a","modelType":"Wi-SHT10","DATAS":["Temperature","Humidity"],"Temperature":23.66,"Humidity":31.0176,"TIMESTAMP":"2022-11-28T07:38:26.522Z","BATT":100,"INTERVAL":600},{"modelID":"b0-da-23-27-e0-2a","modelType":"Wi-SHT10","DATAS":["Temperature","Humidity"],"Temperature":23.71,"Humidity":30.796799999999998,"TIMESTAMP":"2022-11-28T07:18:18.371Z","BATT":100,"INTERVAL":600},{"modelID":"b0-da-23-27-e0-2a","modelType":"Wi-SHT10","DATAS":["Temperature","Humidity"],"Temperature":23.8,"Humidity":30.5856,"TIMESTAMP":"2022-11-28T06:58:28.621Z","BATT":100,"INTERVAL":600},{"modelID":"b0-da-23-27-e0-2a","modelType":"Wi-SHT10","DATAS":["Temperature","Humidity"],"Temperature":23.88,"Humidity":30.489600000000003,"TIMESTAMP":"2022-11-28T06:48:19.248Z","BATT":100,"INTERVAL":600},{"modelID":"b0-da-23-27-e0-2a","modelType":"Wi-SHT10","DATAS":["Temperature","Humidity"],"Temperature":23.93,"Humidity":30.4416,"TIMESTAMP":"2022-11-28T06:38:08.183Z","BATT":100,"INTERVAL":600},{"modelID":"b0-da-23-27-e0-2a","modelType":"Wi-SHT10","DATAS":["Temperature","Humidity"],"Temperature":24.02,"Humidity":30.1536,"TIMESTAMP":"2022-11-28T06:28:24.143Z","BATT":100,"INTERVAL":600},{"modelID":"b0-da-23-27-e0-2a","modelType":"Wi-SHT10","DATAS":["Temperature","Humidity"],"Temperature":24.03,"Humidity":30.1248,"TIMESTAMP":"2022-11-28T06:17:58.626Z","BATT":100,"INTERVAL":600},{"modelID":"b0-da-23-27-e0-2a","modelType":"Wi-SHT10","DATAS":["Temperature","Humidity"],"Temperature":23.99,"Humidity":30.24,"TIMESTAMP":"2022-11-28T05:58:20.572Z","BATT":100,"INTERVAL":600},{"modelID":"b0-da-23-27-e0-2a","modelType":"Wi-SHT10","DATAS":["Temperature","Humidity"],"Temperature":23.98,"Humidity":30.2016,"TIMESTAMP":"2022-11-28T05:48:09.671Z","BATT":100,"INTERVAL":600},{"modelID":"b0-da-23-27-e0-2a","modelType":"Wi-SHT10","DATAS":["Temperature","Humidity"],"Temperature":23.98,"Humidity":29.9616,"TIMESTAMP":"2022-11-28T05:37:58.580Z","BATT":100,"INTERVAL":600},{"modelID":"b0-da-23-27-e0-2a","modelType":"Wi-SHT10","DATAS":["Temperature","Humidity"],"Temperature":23.97,"Humidity":29.904,"TIMESTAMP":"2022-11-28T05:28:26.599Z","BATT":100,"INTERVAL":600},{"modelID":"b0-da-23-27-e0-2a","modelType":"Wi-SHT10","DATAS":["Temperature","Humidity"],"Temperature":23.92,"Humidity":30.163200000000003,"TIMESTAMP":"2022-11-28T05:18:01.213Z","BATT":100,"INTERVAL":600},{"modelID":"b0-da-23-27-e0-2a","modelType":"Wi-SHT10","DATAS":["Temperature","Humidity"],"Temperature":23.94,"Humidity":30.6144,"TIMESTAMP":"2022-11-28T04:58:00.961Z","BATT":100,"INTERVAL":600},{"modelID":"b0-da-23-27-e0-2a","modelType":"Wi-SHT10","DATAS":["Temperature","Humidity"],"Temperature":23.97,"Humidity":32.1216,"TIMESTAMP":"2022-11-28T04:38:27.531Z","BATT":100,"INTERVAL":600},{"modelID":"b0-da-23-27-e0-2a","modelType":"Wi-SHT10","DATAS":["Temperature","Humidity"],"Temperature":23.98,"Humidity":31.6608,"TIMESTAMP":"2022-11-28T04:18:24.908Z","BATT":100,"INTERVAL":600},{"modelID":"b0-da-23-27-e0-2a","modelType":"Wi-SHT10","DATAS":["Temperature","Humidity"],"Temperature":23.9,"Humidity":31.363200000000003,"TIMESTAMP":"2022-11-28T04:08:15.568Z","BATT":100,"INTERVAL":600},{"modelID":"b0-da-23-27-e0-2a","modelType":"Wi-SHT10","DATAS":["Temperature","Humidity"],"Temperature":23.49,"Humidity":29.6448,"TIMESTAMP":"2022-11-28T03:48:27.702Z","BATT":100,"INTERVAL":600},{"modelID":"b0-da-23-27-e0-2a","modelType":"Wi-SHT10","DATAS":["Temperature","Humidity"],"Temperature":23.5,"Humidity":29.7504,"TIMESTAMP":"2022-11-28T03:38:12.774Z","BATT":100,"INTERVAL":600},{"modelID":"b0-da-23-27-e0-2a","modelType":"Wi-SHT10","DATAS":["Temperature","Humidity"],"Temperature":23.32,"Humidity":30.2304,"TIMESTAMP":"2022-11-28T03:18:07.142Z","BATT":100,"INTERVAL":600},{"modelID":"b0-da-23-27-e0-2a","modelType":"Wi-SHT10","DATAS":["Temperature","Humidity"],"Temperature":23.29,"Humidity":30.5856,"TIMESTAMP":"2022-11-28T03:08:20.754Z","BATT":100,"INTERVAL":600},{"modelID":"b0-da-23-27-e0-2a","modelType":"Wi-SHT10","DATAS":["Temperature","Humidity"],"Temperature":23.27,"Humidity":30.7008,"TIMESTAMP":"2022-11-28T02:58:22.414Z","BATT":100,"INTERVAL":600},{"modelID":"b0-da-23-27-e0-2a","modelType":"Wi-SHT10","DATAS":["Temperature","Humidity"],"Temperature":23.24,"Humidity":30.950400000000002,"TIMESTAMP":"2022-11-28T02:48:01.898Z","BATT":100,"INTERVAL":600},{"modelID":"b0-da-23-27-e0-2a","modelType":"Wi-SHT10","DATAS":["Temperature","Humidity"],"Temperature":23.31,"Humidity":30.854400000000002,"TIMESTAMP":"2022-11-28T02:38:18.018Z","BATT":100,"INTERVAL":600},{"modelID":"b0-da-23-27-e0-2a","modelType":"Wi-SHT10","DATAS":["Temperature","Humidity"],"Temperature":23.28,"Humidity":30.9216,"TIMESTAMP":"2022-11-28T02:28:17.097Z","BATT":100,"INTERVAL":600},{"modelID":"b0-da-23-27-e0-2a","modelType":"Wi-SHT10","DATAS":["Temperature","Humidity"],"Temperature":23.33,"Humidity":31.363200000000003,"TIMESTAMP":"2022-11-28T02:18:15.238Z","BATT":100,"INTERVAL":600},{"modelID":"b0-da-23-27-e0-2a","modelType":"Wi-SHT10","DATAS":["Temperature","Humidity"],"Temperature":23.16,"Humidity":30.863999999999997,"TIMESTAMP":"2022-11-28T02:08:08.265Z","BATT":100,"INTERVAL":600},{"modelID":"b0-da-23-27-e0-2a","modelType":"Wi-SHT10","DATAS":["Temperature","Humidity"],"Temperature":23.22,"Humidity":30.336000000000002,"TIMESTAMP":"2022-11-28T01:48:07.731Z","BATT":100,"INTERVAL":600},{"modelID":"b0-da-23-27-e0-2a","modelType":"Wi-SHT10","DATAS":["Temperature","Humidity"],"Temperature":23.24,"Humidity":30.1344,"TIMESTAMP":"2022-11-28T01:38:25.613Z","BATT":100,"INTERVAL":600},{"modelID":"b0-da-23-27-e0-2a","modelType":"Wi-SHT10","DATAS":["Temperature","Humidity"],"Temperature":23.3,"Humidity":29.8464,"TIMESTAMP":"2022-11-28T01:28:10.088Z","BATT":100,"INTERVAL":600},{"modelID":"b0-da-23-27-e0-2a","modelType":"Wi-SHT10","DATAS":["Temperature","Humidity"],"Temperature":23.61,"Humidity":29.2128,"TIMESTAMP":"2022-11-28T01:08:04.408Z","BATT":100,"INTERVAL":600},{"modelID":"b0-da-23-27-e0-2a","modelType":"Wi-SHT10","DATAS":["Temperature","Humidity"],"Temperature":23.81,"Humidity":28.809600000000003,"TIMESTAMP":"2022-11-28T00:58:27.730Z","BATT":100,"INTERVAL":600},{"modelID":"b0-da-23-27-e0-2a","modelType":"Wi-SHT10","DATAS":["Temperature","Humidity"],"Temperature":24.52,"Humidity":28.3872,"TIMESTAMP":"2022-11-28T00:48:18.524Z","BATT":100,"INTERVAL":600},{"modelID":"b0-da-23-27-e0-2a","modelType":"Wi-SHT10","DATAS":["Temperature","Humidity"],"Temperature":24.28,"Humidity":28.8768,"TIMESTAMP":"2022-11-28T00:28:20.241Z","BATT":100,"INTERVAL":600},{"modelID":"b0-da-23-27-e0-2a","modelType":"Wi-SHT10","DATAS":["Temperature","Humidity"],"Temperature":23.49,"Humidity":28.464,"TIMESTAMP":"2022-11-28T00:18:05.533Z","BATT":100,"INTERVAL":600},{"modelID":"b0-da-23-27-e0-2a","modelType":"Wi-SHT10","DATAS":["Temperature","Humidity"],"Temperature":23.31,"Humidity":27.552,"TIMESTAMP":"2022-11-28T00:08:06.356Z","BATT":100,"INTERVAL":600},{"modelID":"b0-da-23-27-e0-2a","modelType":"Wi-SHT10","DATAS":["Temperature","Humidity"],"Temperature":23.26,"Humidity":27.1488,"TIMESTAMP":"2022-11-27T23:58:20.466Z","BATT":100,"INTERVAL":600},{"modelID":"b0-da-23-27-e0-2a","modelType":"Wi-SHT10","DATAS":["Temperature","Humidity"],"Temperature":23.27,"Humidity":26.726399999999998,"TIMESTAMP":"2022-11-27T23:48:02.557Z","BATT":100,"INTERVAL":600},{"modelID":"b0-da-23-27-e0-2a","modelType":"Wi-SHT10","DATAS":["Temperature","Humidity"],"Temperature":23.19,"Humidity":26.8608,"TIMESTAMP":"2022-11-27T23:38:20.596Z","BATT":100,"INTERVAL":600},{"modelID":"b0-da-23-27-e0-2a","modelType":"Wi-SHT10","DATAS":["Temperature","Humidity"],"Temperature":23.18,"Humidity":26.0256,"TIMESTAMP":"2022-11-27T23:28:04.945Z","BATT":100,"INTERVAL":600},{"modelID":"b0-da-23-27-e0-2a","modelType":"Wi-SHT10","DATAS":["Temperature","Humidity"],"Temperature":23.16,"Humidity":25.728,"TIMESTAMP":"2022-11-27T23:18:08.417Z","BATT":100,"INTERVAL":600},{"modelID":"b0-da-23-27-e0-2a","modelType":"Wi-SHT10","DATAS":["Temperature","Humidity"],"Temperature":23.18,"Humidity":25.891199999999998,"TIMESTAMP":"2022-11-27T23:08:14.758Z","BATT":100,"INTERVAL":600},{"modelID":"b0-da-23-27-e0-2a","modelType":"Wi-SHT10","DATAS":["Temperature","Humidity"],"Temperature":23.22,"Humidity":25.9872,"TIMESTAMP":"2022-11-27T22:58:24.515Z","BATT":100,"INTERVAL":600},{"modelID":"b0-da-23-27-e0-2a","modelType":"Wi-SHT10","DATAS":["Temperature","Humidity"],"Temperature":23.25,"Humidity":26.649600000000003,"TIMESTAMP":"2022-11-27T22:48:24.697Z","BATT":100,"INTERVAL":600},{"modelID":"b0-da-23-27-e0-2a","modelType":"Wi-SHT10","DATAS":["Temperature","Humidity"],"Temperature":23.12,"Humidity":25.209600000000002,"TIMESTAMP":"2022-11-27T22:37:56.225Z","BATT":100,"INTERVAL":600},{"modelID":"b0-da-23-27-e0-2a","modelType":"Wi-SHT10","DATAS":["Temperature","Humidity"],"Temperature":23.13,"Humidity":25.2,"TIMESTAMP":"2022-11-27T22:28:23.397Z","BATT":100,"INTERVAL":600},{"modelID":"b0-da-23-27-e0-2a","modelType":"Wi-SHT10","DATAS":["Temperature","Humidity"],"Temperature":23.12,"Humidity":25.2288,"TIMESTAMP":"2022-11-27T22:18:09.157Z","BATT":100,"INTERVAL":600},{"modelID":"b0-da-23-27-e0-2a","modelType":"Wi-SHT10","DATAS":["Temperature","Humidity"],"Temperature":23.07,"Humidity":25.2672,"TIMESTAMP":"2022-11-27T22:08:18.116Z","BATT":100,"INTERVAL":600},{"modelID":"b0-da-23-27-e0-2a","modelType":"Wi-SHT10","DATAS":["Temperature","Humidity"],"Temperature":23.11,"Humidity":25.3056,"TIMESTAMP":"2022-11-27T21:58:12.556Z","BATT":100,"INTERVAL":600},{"modelID":"b0-da-23-27-e0-2a","modelType":"Wi-SHT10","DATAS":["Temperature","Humidity"],"Temperature":23.12,"Humidity":25.2672,"TIMESTAMP":"2022-11-27T21:47:59.062Z","BATT":100,"INTERVAL":600},{"modelID":"b0-da-23-27-e0-2a","modelType":"Wi-SHT10","DATAS":["Temperature","Humidity"],"Temperature":23.19,"Humidity":25.296000000000003,"TIMESTAMP":"2022-11-27T21:37:59.103Z","BATT":100,"INTERVAL":600},{"modelID":"b0-da-23-27-e0-2a","modelType":"Wi-SHT10","DATAS":["Temperature","Humidity"],"Temperature":23.14,"Humidity":25.392,"TIMESTAMP":"2022-11-27T21:28:12.242Z","BATT":100,"INTERVAL":600},{"modelID":"b0-da-23-27-e0-2a","modelType":"Wi-SHT10","DATAS":["Temperature","Humidity"],"Temperature":23.15,"Humidity":25.2864,"TIMESTAMP":"2022-11-27T21:18:28.424Z","BATT":100,"INTERVAL":600},{"modelID":"b0-da-23-27-e0-2a","modelType":"Wi-SHT10","DATAS":["Temperature","Humidity"],"Temperature":23.18,"Humidity":25.343999999999998,"TIMESTAMP":"2022-11-27T21:08:20.011Z","BATT":100,"INTERVAL":600},{"modelID":"b0-da-23-27-e0-2a","modelType":"Wi-SHT10","DATAS":["Temperature","Humidity"],"Temperature":23.19,"Humidity":25.334400000000002,"TIMESTAMP":"2022-11-27T20:58:10.803Z","BATT":100,"INTERVAL":600},{"modelID":"b0-da-23-27-e0-2a","modelType":"Wi-SHT10","DATAS":["Temperature","Humidity"],"Temperature":23.22,"Humidity":25.334400000000002,"TIMESTAMP":"2022-11-27T20:48:15.233Z","BATT":100,"INTERVAL":600},{"modelID":"b0-da-23-27-e0-2a","modelType":"Wi-SHT10","DATAS":["Temperature","Humidity"],"Temperature":23.18,"Humidity":25.276799999999998,"TIMESTAMP":"2022-11-27T20:38:12.494Z","BATT":100,"INTERVAL":600},{"modelID":"b0-da-23-27-e0-2a","modelType":"Wi-SHT10","DATAS":["Temperature","Humidity"],"Temperature":23.16,"Humidity":25.343999999999998,"TIMESTAMP":"2022-11-27T20:28:09.432Z","BATT":100,"INTERVAL":600},{"modelID":"b0-da-23-27-e0-2a","modelType":"Wi-SHT10","DATAS":["Temperature","Humidity"],"Temperature":23.22,"Humidity":25.392,"TIMESTAMP":"2022-11-27T20:18:10.232Z","BATT":100,"INTERVAL":600},{"modelID":"b0-da-23-27-e0-2a","modelType":"Wi-SHT10","DATAS":["Temperature","Humidity"],"Temperature":23.22,"Humidity":25.44,"TIMESTAMP":"2022-11-27T20:07:56.781Z","BATT":100,"INTERVAL":600},{"modelID":"b0-da-23-27-e0-2a","modelType":"Wi-SHT10","DATAS":["Temperature","Humidity"],"Temperature":23.23,"Humidity":25.6032,"TIMESTAMP":"2022-11-27T19:57:56.534Z","BATT":100,"INTERVAL":600},{"modelID":"b0-da-23-27-e0-2a","modelType":"Wi-SHT10","DATAS":["Temperature","Humidity"],"Temperature":23.23,"Humidity":25.6416,"TIMESTAMP":"2022-11-27T19:48:17.501Z","BATT":100,"INTERVAL":600},{"modelID":"b0-da-23-27-e0-2a","modelType":"Wi-SHT10","DATAS":["Temperature","Humidity"],"Temperature":23.23,"Humidity":25.622400000000003,"TIMESTAMP":"2022-11-27T19:38:23.618Z","BATT":100,"INTERVAL":600},{"modelID":"b0-da-23-27-e0-2a","modelType":"Wi-SHT10","DATAS":["Temperature","Humidity"],"Temperature":23.26,"Humidity":25.622400000000003,"TIMESTAMP":"2022-11-27T19:28:18.784Z","BATT":100,"INTERVAL":600},{"modelID":"b0-da-23-27-e0-2a","modelType":"Wi-SHT10","DATAS":["Temperature","Humidity"],"Temperature":23.23,"Humidity":25.68,"TIMESTAMP":"2022-11-27T19:18:12.301Z","BATT":100,"INTERVAL":600},{"modelID":"b0-da-23-27-e0-2a","modelType":"Wi-SHT10","DATAS":["Temperature","Humidity"],"Temperature":23.23,"Humidity":25.823999999999998,"TIMESTAMP":"2022-11-27T19:08:22.697Z","BATT":100,"INTERVAL":600},{"modelID":"b0-da-23-27-e0-2a","modelType":"Wi-SHT10","DATAS":["Temperature","Humidity"],"Temperature":23.24,"Humidity":25.872,"TIMESTAMP":"2022-11-27T18:58:16.467Z","BATT":100,"INTERVAL":600},{"modelID":"b0-da-23-27-e0-2a","modelType":"Wi-SHT10","DATAS":["Temperature","Humidity"],"Temperature":23.26,"Humidity":25.881600000000002,"TIMESTAMP":"2022-11-27T18:48:18.634Z","BATT":100,"INTERVAL":600},{"modelID":"b0-da-23-27-e0-2a","modelType":"Wi-SHT10","DATAS":["Temperature","Humidity"],"Temperature":23.26,"Humidity":26.0544,"TIMESTAMP":"2022-11-27T18:38:09.993Z","BATT":100,"INTERVAL":600},{"modelID":"b0-da-23-27-e0-2a","modelType":"Wi-SHT10","DATAS":["Temperature","Humidity"],"Temperature":23.28,"Humidity":26.0064,"TIMESTAMP":"2022-11-27T18:28:27.434Z","BATT":100,"INTERVAL":600},{"modelID":"b0-da-23-27-e0-2a","modelType":"Wi-SHT10","DATAS":["Temperature","Humidity"],"Temperature":23.31,"Humidity":26.0928,"TIMESTAMP":"2022-11-27T18:18:16.173Z","BATT":100,"INTERVAL":600},{"modelID":"b0-da-23-27-e0-2a","modelType":"Wi-SHT10","DATAS":["Temperature","Humidity"],"Temperature":23.32,"Humidity":26.0544,"TIMESTAMP":"2022-11-27T18:08:06.434Z","BATT":100,"INTERVAL":600},{"modelID":"b0-da-23-27-e0-2a","modelType":"Wi-SHT10","DATAS":["Temperature","Humidity"],"Temperature":23.31,"Humidity":26.016000000000002,"TIMESTAMP":"2022-11-27T17:58:18.136Z","BATT":100,"INTERVAL":600},{"modelID":"b0-da-23-27-e0-2a","modelType":"Wi-SHT10","DATAS":["Temperature","Humidity"],"Temperature":23.24,"Humidity":25.891199999999998,"TIMESTAMP":"2022-11-27T17:47:57.901Z","BATT":100,"INTERVAL":600},{"modelID":"b0-da-23-27-e0-2a","modelType":"Wi-SHT10","DATAS":["Temperature","Humidity"],"Temperature":23.27,"Humidity":25.8144,"TIMESTAMP":"2022-11-27T17:38:25.636Z","BATT":100,"INTERVAL":600},{"modelID":"b0-da-23-27-e0-2a","modelType":"Wi-SHT10","DATAS":["Temperature","Humidity"],"Temperature":23.28,"Humidity":25.8048,"TIMESTAMP":"2022-11-27T17:27:59.955Z","BATT":100,"INTERVAL":600},{"modelID":"b0-da-23-27-e0-2a","modelType":"Wi-SHT10","DATAS":["Temperature","Humidity"],"Temperature":23.27,"Humidity":25.891199999999998,"TIMESTAMP":"2022-11-27T17:17:56.942Z","BATT":100,"INTERVAL":600},{"modelID":"b0-da-23-27-e0-2a","modelType":"Wi-SHT10","DATAS":["Temperature","Humidity"],"Temperature":23.31,"Humidity":25.9776,"TIMESTAMP":"2022-11-27T17:08:25.834Z","BATT":100,"INTERVAL":600},{"modelID":"b0-da-23-27-e0-2a","modelType":"Wi-SHT10","DATAS":["Temperature","Humidity"],"Temperature":23.28,"Humidity":26.0928,"TIMESTAMP":"2022-11-27T16:58:24.314Z","BATT":100,"INTERVAL":600},{"modelID":"b0-da-23-27-e0-2a","modelType":"Wi-SHT10","DATAS":["Temperature","Humidity"],"Temperature":23.32,"Humidity":26.0256,"TIMESTAMP":"2022-11-27T16:48:26.557Z","BATT":100,"INTERVAL":600},{"modelID":"b0-da-23-27-e0-2a","modelType":"Wi-SHT10","DATAS":["Temperature","Humidity"],"Temperature":23.31,"Humidity":26.0352,"TIMESTAMP":"2022-11-27T16:38:17.284Z","BATT":100,"INTERVAL":600},{"modelID":"b0-da-23-27-e0-2a","modelType":"Wi-SHT10","DATAS":["Temperature","Humidity"],"Temperature":23.34,"Humidity":25.9296,"TIMESTAMP":"2022-11-27T16:28:17.575Z","BATT":100,"INTERVAL":600},{"modelID":"b0-da-23-27-e0-2a","modelType":"Wi-SHT10","DATAS":["Temperature","Humidity"],"Temperature":23.34,"Humidity":26.150399999999998,"TIMESTAMP":"2022-11-27T16:17:58.416Z","BATT":100,"INTERVAL":600},{"modelID":"b0-da-23-27-e0-2a","modelType":"Wi-SHT10","DATAS":["Temperature","Humidity"],"Temperature":23.4,"Humidity":26.256,"TIMESTAMP":"2022-11-27T16:07:57.026Z","BATT":100,"INTERVAL":600}],"DAYHOURS":["20","19","18","17","16","15","14","13","12","11","10","9","8","7","6","5","4","3","2","1","0"]}