{"SENSORNAME":"IQA STORE","SENSORTYPE":"WISENSOR","DTUID":"-1","SENSORID":"B0-5A-AA-22-D5-1F","DATE0":"2022-11-28T13:02:29.888Z","DATE1":"2021-04-19T16:35:16.899Z","DAYDATA":[{"modelID":"b0-5a-aa-22-d5-1f","modelType":"Wi-SHT10","DATAS":["Temperature","Humidity"],"Temperature":23.04,"Humidity":65.8848,"TIMESTAMP":"2022-11-28T13:02:29.888Z","BATT":100,"INTERVAL":600},{"modelID":"b0-5a-aa-22-d5-1f","modelType":"Wi-SHT10","DATAS":["Temperature","Humidity"],"Temperature":23.1,"Humidity":61.5648,"TIMESTAMP":"2022-11-28T12:31:47.925Z","BATT":100,"INTERVAL":600},{"modelID":"b0-5a-aa-22-d5-1f","modelType":"Wi-SHT10","DATAS":["Temperature","Humidity"],"Temperature":23.08,"Humidity":59.980799999999995,"TIMESTAMP":"2022-11-28T12:22:13.917Z","BATT":100,"INTERVAL":600},{"modelID":"b0-5a-aa-22-d5-1f","modelType":"Wi-SHT10","DATAS":["Temperature","Humidity"],"Temperature":23.15,"Humidity":64.464,"TIMESTAMP":"2022-11-28T12:12:30.939Z","BATT":100,"INTERVAL":600},{"modelID":"b0-5a-aa-22-d5-1f","modelType":"Wi-SHT10","DATAS":["Temperature","Humidity"],"Temperature":23.15,"Humidity":60.096000000000004,"TIMESTAMP":"2022-11-28T12:02:16.949Z","BATT":100,"INTERVAL":600},{"modelID":"b0-5a-aa-22-d5-1f","modelType":"Wi-SHT10","DATAS":["Temperature","Humidity"],"Temperature":23.22,"Humidity":60.9888,"TIMESTAMP":"2022-11-28T11:51:43.948Z","BATT":100,"INTERVAL":600},{"modelID":"b0-5a-aa-22-d5-1f","modelType":"Wi-SHT10","DATAS":["Temperature","Humidity"],"Temperature":23.31,"Humidity":61.584,"TIMESTAMP":"2022-11-28T11:41:49.967Z","BATT":100,"INTERVAL":600},{"modelID":"b0-5a-aa-22-d5-1f","modelType":"Wi-SHT10","DATAS":["Temperature","Humidity"],"Temperature":23.39,"Humidity":68.7072,"TIMESTAMP":"2022-11-28T11:32:01.323Z","BATT":100,"INTERVAL":600},{"modelID":"b0-5a-aa-22-d5-1f","modelType":"Wi-SHT10","DATAS":["Temperature","Humidity"],"Temperature":23.46,"Humidity":65.8176,"TIMESTAMP":"2022-11-28T11:22:07.997Z","BATT":100,"INTERVAL":600},{"modelID":"b0-5a-aa-22-d5-1f","modelType":"Wi-SHT10","DATAS":["Temperature","Humidity"],"Temperature":23.63,"Humidity":70.848,"TIMESTAMP":"2022-11-28T11:11:50.078Z","BATT":100,"INTERVAL":600},{"modelID":"b0-5a-aa-22-d5-1f","modelType":"Wi-SHT10","DATAS":["Temperature","Humidity"],"Temperature":23.75,"Humidity":69.0624,"TIMESTAMP":"2022-11-28T11:01:46.989Z","INTERVAL":600},{"modelID":"b0-5a-aa-22-d5-1f","modelType":"Wi-SHT10","DATAS":["Temperature","Humidity"],"Temperature":23.81,"Humidity":70.8192,"TIMESTAMP":"2022-11-28T10:51:47.008Z","BATT":100,"INTERVAL":600},{"modelID":"b0-5a-aa-22-d5-1f","modelType":"Wi-SHT10","DATAS":["Temperature","Humidity"],"Temperature":23.81,"Humidity":60.144,"TIMESTAMP":"2022-11-28T10:41:54.024Z","BATT":100,"INTERVAL":600},{"modelID":"b0-5a-aa-22-d5-1f","modelType":"Wi-SHT10","DATAS":["Temperature","Humidity"],"Temperature":24.32,"Humidity":62.2848,"TIMESTAMP":"2022-11-28T10:22:03.045Z","BATT":100,"INTERVAL":600},{"modelID":"b0-5a-aa-22-d5-1f","modelType":"Wi-SHT10","DATAS":["Temperature","Humidity"],"Temperature":24.7,"Humidity":55.6128,"TIMESTAMP":"2022-11-28T10:12:06.065Z","BATT":100,"INTERVAL":600},{"modelID":"b0-5a-aa-22-d5-1f","modelType":"Wi-SHT10","DATAS":["Temperature","Humidity"],"Temperature":25.06,"Humidity":52.8192,"TIMESTAMP":"2022-11-28T10:02:11.065Z","BATT":100,"INTERVAL":600},{"modelID":"b0-5a-aa-22-d5-1f","modelType":"Wi-SHT10","DATAS":["Temperature","Humidity"],"Temperature":25.37,"Humidity":50.870400000000004,"TIMESTAMP":"2022-11-28T09:52:27.085Z","BATT":100,"INTERVAL":600},{"modelID":"b0-5a-aa-22-d5-1f","modelType":"Wi-SHT10","DATAS":["Temperature","Humidity"],"Temperature":25.46,"Humidity":49.9968,"TIMESTAMP":"2022-11-28T09:42:09.101Z","BATT":100,"INTERVAL":600},{"modelID":"b0-5a-aa-22-d5-1f","modelType":"Wi-SHT10","DATAS":["Temperature","Humidity"],"Temperature":25.73,"Humidity":56.1408,"TIMESTAMP":"2022-11-28T09:32:26.100Z","BATT":100,"INTERVAL":600},{"modelID":"b0-5a-aa-22-d5-1f","modelType":"Wi-SHT10","DATAS":["Temperature","Humidity"],"Temperature":25.71,"Humidity":54.144,"TIMESTAMP":"2022-11-28T09:21:45.101Z","BATT":100,"INTERVAL":600},{"modelID":"b0-5a-aa-22-d5-1f","modelType":"Wi-SHT10","DATAS":["Temperature","Humidity"],"Temperature":25.63,"Humidity":63.6768,"TIMESTAMP":"2022-11-28T09:12:18.121Z","BATT":100,"INTERVAL":600},{"modelID":"b0-5a-aa-22-d5-1f","modelType":"Wi-SHT10","DATAS":["Temperature","Humidity"],"Temperature":25.4,"Humidity":59.2224,"TIMESTAMP":"2022-11-28T09:02:00.121Z","BATT":100,"INTERVAL":600},{"modelID":"b0-5a-aa-22-d5-1f","modelType":"Wi-SHT10","DATAS":["Temperature","Humidity"],"Temperature":25.38,"Humidity":56.668800000000005,"TIMESTAMP":"2022-11-28T08:52:05.140Z","BATT":100,"INTERVAL":600},{"modelID":"b0-5a-aa-22-d5-1f","modelType":"Wi-SHT10","DATAS":["Temperature","Humidity"],"Temperature":25.39,"Humidity":57.782399999999996,"TIMESTAMP":"2022-11-28T08:42:09.159Z","BATT":100,"INTERVAL":600},{"modelID":"b0-5a-aa-22-d5-1f","modelType":"Wi-SHT10","DATAS":["Temperature","Humidity"],"Temperature":25.49,"Humidity":62.4768,"TIMESTAMP":"2022-11-28T08:32:19.177Z","BATT":100,"INTERVAL":600},{"modelID":"b0-5a-aa-22-d5-1f","modelType":"Wi-SHT10","DATAS":["Temperature","Humidity"],"Temperature":25.61,"Humidity":63.331199999999995,"TIMESTAMP":"2022-11-28T08:22:27.925Z","BATT":100,"INTERVAL":600},{"modelID":"b0-5a-aa-22-d5-1f","modelType":"Wi-SHT10","DATAS":["Temperature","Humidity"],"Temperature":25.69,"Humidity":62.361599999999996,"TIMESTAMP":"2022-11-28T08:12:25.945Z","BATT":100,"INTERVAL":600},{"modelID":"b0-5a-aa-22-d5-1f","modelType":"Wi-SHT10","DATAS":["Temperature","Humidity"],"Temperature":25.87,"Humidity":64.38719999999999,"TIMESTAMP":"2022-11-28T08:02:22.182Z","BATT":100,"INTERVAL":600},{"modelID":"b0-5a-aa-22-d5-1f","modelType":"Wi-SHT10","DATAS":["Temperature","Humidity"],"Temperature":26.23,"Humidity":60.4128,"TIMESTAMP":"2022-11-28T07:52:28.203Z","BATT":100,"INTERVAL":600},{"modelID":"b0-5a-aa-22-d5-1f","modelType":"Wi-SHT10","DATAS":["Temperature","Humidity"],"Temperature":26.65,"Humidity":56.4,"TIMESTAMP":"2022-11-28T07:42:29.202Z","BATT":100,"INTERVAL":600},{"modelID":"b0-5a-aa-22-d5-1f","modelType":"Wi-SHT10","DATAS":["Temperature","Humidity"],"Temperature":27.34,"Humidity":58.8288,"TIMESTAMP":"2022-11-28T07:32:13.428Z","BATT":100,"INTERVAL":600},{"modelID":"b0-5a-aa-22-d5-1f","modelType":"Wi-SHT10","DATAS":["Temperature","Humidity"],"Temperature":27.94,"Humidity":57.888,"TIMESTAMP":"2022-11-28T07:22:13.814Z","BATT":100,"INTERVAL":600},{"modelID":"b0-5a-aa-22-d5-1f","modelType":"Wi-SHT10","DATAS":["Temperature","Humidity"],"Temperature":28.57,"Humidity":60.9504,"TIMESTAMP":"2022-11-28T07:12:00.902Z","BATT":100,"INTERVAL":600},{"modelID":"b0-5a-aa-22-d5-1f","modelType":"Wi-SHT10","DATAS":["Temperature","Humidity"],"Temperature":29.36,"Humidity":51.696,"TIMESTAMP":"2022-11-28T06:52:14.503Z","BATT":100,"INTERVAL":600},{"modelID":"b0-5a-aa-22-d5-1f","modelType":"Wi-SHT10","DATAS":["Temperature","Humidity"],"Temperature":29.8,"Humidity":54.32640000000001,"TIMESTAMP":"2022-11-28T06:42:20.290Z","BATT":100,"INTERVAL":600},{"modelID":"b0-5a-aa-22-d5-1f","modelType":"Wi-SHT10","DATAS":["Temperature","Humidity"],"Temperature":30.13,"Humidity":53.9424,"TIMESTAMP":"2022-11-28T06:32:26.280Z","BATT":100,"INTERVAL":600},{"modelID":"b0-5a-aa-22-d5-1f","modelType":"Wi-SHT10","DATAS":["Temperature","Humidity"],"Temperature":30.65,"Humidity":51.4752,"TIMESTAMP":"2022-11-28T06:21:47.301Z","BATT":100,"INTERVAL":600},{"modelID":"b0-5a-aa-22-d5-1f","modelType":"Wi-SHT10","DATAS":["Temperature","Humidity"],"Temperature":31.13,"Humidity":48.556799999999996,"TIMESTAMP":"2022-11-28T06:12:00.590Z","BATT":100,"INTERVAL":600},{"modelID":"b0-5a-aa-22-d5-1f","modelType":"Wi-SHT10","DATAS":["Temperature","Humidity"],"Temperature":31.74,"Humidity":44.006400000000006,"TIMESTAMP":"2022-11-28T06:02:24.315Z","BATT":100,"INTERVAL":600},{"modelID":"b0-5a-aa-22-d5-1f","modelType":"Wi-SHT10","DATAS":["Temperature","Humidity"],"Temperature":32.01,"Humidity":41.52,"TIMESTAMP":"2022-11-28T05:52:17.315Z","BATT":100,"INTERVAL":600},{"modelID":"b0-5a-aa-22-d5-1f","modelType":"Wi-SHT10","DATAS":["Temperature","Humidity"],"Temperature":32.02,"Humidity":44.976,"TIMESTAMP":"2022-11-28T05:42:02.318Z","BATT":100,"INTERVAL":600},{"modelID":"b0-5a-aa-22-d5-1f","modelType":"Wi-SHT10","DATAS":["Temperature","Humidity"],"Temperature":32.47,"Humidity":46.752,"TIMESTAMP":"2022-11-28T05:32:11.104Z","BATT":100,"INTERVAL":600},{"modelID":"b0-5a-aa-22-d5-1f","modelType":"Wi-SHT10","DATAS":["Temperature","Humidity"],"Temperature":33.44,"Humidity":44.7648,"TIMESTAMP":"2022-11-28T05:22:02.832Z","BATT":100,"INTERVAL":600},{"modelID":"b0-5a-aa-22-d5-1f","modelType":"Wi-SHT10","DATAS":["Temperature","Humidity"],"Temperature":34.69,"Humidity":41.7792,"TIMESTAMP":"2022-11-28T05:12:26.360Z","BATT":100,"INTERVAL":600},{"modelID":"b0-5a-aa-22-d5-1f","modelType":"Wi-SHT10","DATAS":["Temperature","Humidity"],"Temperature":35.79,"Humidity":46.608,"TIMESTAMP":"2022-11-28T05:02:00.821Z","BATT":100,"INTERVAL":600},{"modelID":"b0-5a-aa-22-d5-1f","modelType":"Wi-SHT10","DATAS":["Temperature","Humidity"],"Temperature":35.43,"Humidity":42.3648,"TIMESTAMP":"2022-11-28T04:52:04.131Z","BATT":100,"INTERVAL":600},{"modelID":"b0-5a-aa-22-d5-1f","modelType":"Wi-SHT10","DATAS":["Temperature","Humidity"],"Temperature":34.87,"Humidity":39.3696,"TIMESTAMP":"2022-11-28T04:41:58.397Z","BATT":100,"INTERVAL":600},{"modelID":"b0-5a-aa-22-d5-1f","modelType":"Wi-SHT10","DATAS":["Temperature","Humidity"],"Temperature":34.01,"Humidity":40.704,"TIMESTAMP":"2022-11-28T04:31:46.399Z","BATT":100,"INTERVAL":600},{"modelID":"b0-5a-aa-22-d5-1f","modelType":"Wi-SHT10","DATAS":["Temperature","Humidity"],"Temperature":34.01,"Humidity":40.9152,"TIMESTAMP":"2022-11-28T04:22:05.535Z","BATT":100,"INTERVAL":600},{"modelID":"b0-5a-aa-22-d5-1f","modelType":"Wi-SHT10","DATAS":["Temperature","Humidity"],"Temperature":34.38,"Humidity":42.0672,"TIMESTAMP":"2022-11-28T04:11:45.408Z","BATT":100,"INTERVAL":600},{"modelID":"b0-5a-aa-22-d5-1f","modelType":"Wi-SHT10","DATAS":["Temperature","Humidity"],"Temperature":34.91,"Humidity":45.6096,"TIMESTAMP":"2022-11-28T04:02:06.869Z","BATT":100,"INTERVAL":600},{"modelID":"b0-5a-aa-22-d5-1f","modelType":"Wi-SHT10","DATAS":["Temperature","Humidity"],"Temperature":34.44,"Humidity":65.51039999999999,"TIMESTAMP":"2022-11-28T03:51:52.433Z","BATT":100,"INTERVAL":600},{"modelID":"b0-5a-aa-22-d5-1f","modelType":"Wi-SHT10","DATAS":["Temperature","Humidity"],"Temperature":32.18,"Humidity":66.0096,"TIMESTAMP":"2022-11-28T03:22:02.927Z","BATT":100,"INTERVAL":600},{"modelID":"b0-5a-aa-22-d5-1f","modelType":"Wi-SHT10","DATAS":["Temperature","Humidity"],"Temperature":31.68,"Humidity":71.1648,"TIMESTAMP":"2022-11-28T03:12:15.390Z","BATT":100,"INTERVAL":600},{"modelID":"b0-5a-aa-22-d5-1f","modelType":"Wi-SHT10","DATAS":["Temperature","Humidity"],"Temperature":31.31,"Humidity":72.576,"TIMESTAMP":"2022-11-28T03:02:07.778Z","BATT":100,"INTERVAL":600},{"modelID":"b0-5a-aa-22-d5-1f","modelType":"Wi-SHT10","DATAS":["Temperature","Humidity"],"Temperature":30.29,"Humidity":71.6832,"TIMESTAMP":"2022-11-28T02:52:13.836Z","BATT":100,"INTERVAL":600},{"modelID":"b0-5a-aa-22-d5-1f","modelType":"Wi-SHT10","DATAS":["Temperature","Humidity"],"Temperature":29.01,"Humidity":77.33760000000001,"TIMESTAMP":"2022-11-28T02:22:23.526Z","BATT":100,"INTERVAL":600},{"modelID":"b0-5a-aa-22-d5-1f","modelType":"Wi-SHT10","DATAS":["Temperature","Humidity"],"Temperature":28.08,"Humidity":73.9104,"TIMESTAMP":"2022-11-28T02:12:14.516Z","BATT":100,"INTERVAL":600},{"modelID":"b0-5a-aa-22-d5-1f","modelType":"Wi-SHT10","DATAS":["Temperature","Humidity"],"Temperature":27.37,"Humidity":77.7984,"TIMESTAMP":"2022-11-28T02:01:51.547Z","BATT":100,"INTERVAL":600},{"modelID":"b0-5a-aa-22-d5-1f","modelType":"Wi-SHT10","DATAS":["Temperature","Humidity"],"Temperature":26.67,"Humidity":74.2752,"TIMESTAMP":"2022-11-28T01:51:55.230Z","BATT":100,"INTERVAL":600},{"modelID":"b0-5a-aa-22-d5-1f","modelType":"Wi-SHT10","DATAS":["Temperature","Humidity"],"Temperature":26.08,"Humidity":78.1344,"TIMESTAMP":"2022-11-28T01:42:05.549Z","BATT":100,"INTERVAL":600},{"modelID":"b0-5a-aa-22-d5-1f","modelType":"Wi-SHT10","DATAS":["Temperature","Humidity"],"Temperature":25.39,"Humidity":83.10719999999999,"TIMESTAMP":"2022-11-28T01:32:05.569Z","BATT":100,"INTERVAL":600},{"modelID":"b0-5a-aa-22-d5-1f","modelType":"Wi-SHT10","DATAS":["Temperature","Humidity"],"Temperature":24.61,"Humidity":82.6848,"TIMESTAMP":"2022-11-28T01:21:49.624Z","BATT":100,"INTERVAL":600},{"modelID":"b0-5a-aa-22-d5-1f","modelType":"Wi-SHT10","DATAS":["Temperature","Humidity"],"Temperature":23.88,"Humidity":80.87039999999999,"TIMESTAMP":"2022-11-28T01:11:53.443Z","BATT":100,"INTERVAL":600},{"modelID":"b0-5a-aa-22-d5-1f","modelType":"Wi-SHT10","DATAS":["Temperature","Humidity"],"Temperature":23.46,"Humidity":77.64479999999999,"TIMESTAMP":"2022-11-28T01:02:14.602Z","BATT":100,"INTERVAL":600},{"modelID":"b0-5a-aa-22-d5-1f","modelType":"Wi-SHT10","DATAS":["Temperature","Humidity"],"Temperature":23.15,"Humidity":75.696,"TIMESTAMP":"2022-11-28T00:52:22.611Z","BATT":100,"INTERVAL":600},{"modelID":"b0-5a-aa-22-d5-1f","modelType":"Wi-SHT10","DATAS":["Temperature","Humidity"],"Temperature":23.05,"Humidity":78.4128,"TIMESTAMP":"2022-11-28T00:42:23.631Z","BATT":100,"INTERVAL":600},{"modelID":"b0-5a-aa-22-d5-1f","modelType":"Wi-SHT10","DATAS":["Temperature","Humidity"],"Temperature":22.83,"Humidity":83.0784,"TIMESTAMP":"2022-11-28T00:22:16.634Z","BATT":100,"INTERVAL":600},{"modelID":"b0-5a-aa-22-d5-1f","modelType":"Wi-SHT10","DATAS":["Temperature","Humidity"],"Temperature":22.65,"Humidity":81.48479999999999,"TIMESTAMP":"2022-11-28T00:12:24.661Z","BATT":100,"INTERVAL":600},{"modelID":"b0-5a-aa-22-d5-1f","modelType":"Wi-SHT10","DATAS":["Temperature","Humidity"],"Temperature":22.32,"Humidity":81.5712,"TIMESTAMP":"2022-11-28T00:02:13.954Z","BATT":100,"INTERVAL":600},{"modelID":"b0-5a-aa-22-d5-1f","modelType":"Wi-SHT10","DATAS":["Temperature","Humidity"],"Temperature":21.97,"Humidity":81.18719999999999,"TIMESTAMP":"2022-11-27T23:51:44.680Z","BATT":100,"INTERVAL":600},{"modelID":"b0-5a-aa-22-d5-1f","modelType":"Wi-SHT10","DATAS":["Temperature","Humidity"],"Temperature":21.69,"Humidity":81.1392,"TIMESTAMP":"2022-11-27T23:42:07.678Z","BATT":100,"INTERVAL":600},{"modelID":"b0-5a-aa-22-d5-1f","modelType":"Wi-SHT10","DATAS":["Temperature","Humidity"],"Temperature":21.52,"Humidity":75.93599999999999,"TIMESTAMP":"2022-11-27T23:32:07.696Z","BATT":100,"INTERVAL":600},{"modelID":"b0-5a-aa-22-d5-1f","modelType":"Wi-SHT10","DATAS":["Temperature","Humidity"],"Temperature":21.57,"Humidity":78.2208,"TIMESTAMP":"2022-11-27T23:22:01.696Z","BATT":100,"INTERVAL":600},{"modelID":"b0-5a-aa-22-d5-1f","modelType":"Wi-SHT10","DATAS":["Temperature","Humidity"],"Temperature":21.73,"Humidity":81.552,"TIMESTAMP":"2022-11-27T23:11:55.717Z","BATT":100,"INTERVAL":600},{"modelID":"b0-5a-aa-22-d5-1f","modelType":"Wi-SHT10","DATAS":["Temperature","Humidity"],"Temperature":21.48,"Humidity":81.7248,"TIMESTAMP":"2022-11-27T23:02:23.044Z","BATT":100,"INTERVAL":600},{"modelID":"b0-5a-aa-22-d5-1f","modelType":"Wi-SHT10","DATAS":["Temperature","Humidity"],"Temperature":21.32,"Humidity":76.6752,"TIMESTAMP":"2022-11-27T22:51:48.744Z","BATT":100,"INTERVAL":600},{"modelID":"b0-5a-aa-22-d5-1f","modelType":"Wi-SHT10","DATAS":["Temperature","Humidity"],"Temperature":21.14,"Humidity":74.6688,"TIMESTAMP":"2022-11-27T22:42:24.736Z","BATT":100,"INTERVAL":600},{"modelID":"b0-5a-aa-22-d5-1f","modelType":"Wi-SHT10","DATAS":["Temperature","Humidity"],"Temperature":21.13,"Humidity":79.5552,"TIMESTAMP":"2022-11-27T22:31:49.757Z","BATT":100,"INTERVAL":600},{"modelID":"b0-5a-aa-22-d5-1f","modelType":"Wi-SHT10","DATAS":["Temperature","Humidity"],"Temperature":21.16,"Humidity":78.2976,"TIMESTAMP":"2022-11-27T22:22:09.757Z","BATT":100,"INTERVAL":600},{"modelID":"b0-5a-aa-22-d5-1f","modelType":"Wi-SHT10","DATAS":["Temperature","Humidity"],"Temperature":21.17,"Humidity":79.9968,"TIMESTAMP":"2022-11-27T22:12:13.776Z","BATT":100,"INTERVAL":600},{"modelID":"b0-5a-aa-22-d5-1f","modelType":"Wi-SHT10","DATAS":["Temperature","Humidity"],"Temperature":21.26,"Humidity":79.488,"TIMESTAMP":"2022-11-27T22:01:49.777Z","BATT":100,"INTERVAL":600},{"modelID":"b0-5a-aa-22-d5-1f","modelType":"Wi-SHT10","DATAS":["Temperature","Humidity"],"Temperature":21.2,"Humidity":78.96,"TIMESTAMP":"2022-11-27T21:51:47.802Z","BATT":100,"INTERVAL":600},{"modelID":"b0-5a-aa-22-d5-1f","modelType":"Wi-SHT10","DATAS":["Temperature","Humidity"],"Temperature":21.21,"Humidity":79.2576,"TIMESTAMP":"2022-11-27T21:42:18.802Z","BATT":100,"INTERVAL":600},{"modelID":"b0-5a-aa-22-d5-1f","modelType":"Wi-SHT10","DATAS":["Temperature","Humidity"],"Temperature":21.22,"Humidity":77.8848,"TIMESTAMP":"2022-11-27T21:32:01.121Z","BATT":100,"INTERVAL":600},{"modelID":"b0-5a-aa-22-d5-1f","modelType":"Wi-SHT10","DATAS":["Temperature","Humidity"],"Temperature":21.26,"Humidity":80.0352,"TIMESTAMP":"2022-11-27T21:22:20.821Z","BATT":100,"INTERVAL":600},{"modelID":"b0-5a-aa-22-d5-1f","modelType":"Wi-SHT10","DATAS":["Temperature","Humidity"],"Temperature":21.27,"Humidity":78.7872,"TIMESTAMP":"2022-11-27T21:12:00.843Z","BATT":100,"INTERVAL":600},{"modelID":"b0-5a-aa-22-d5-1f","modelType":"Wi-SHT10","DATAS":["Temperature","Humidity"],"Temperature":21.28,"Humidity":78.17280000000001,"TIMESTAMP":"2022-11-27T21:02:09.842Z","BATT":100,"INTERVAL":600},{"modelID":"b0-5a-aa-22-d5-1f","modelType":"Wi-SHT10","DATAS":["Temperature","Humidity"],"Temperature":21.34,"Humidity":79.47840000000001,"TIMESTAMP":"2022-11-27T20:52:27.852Z","BATT":100,"INTERVAL":600},{"modelID":"b0-5a-aa-22-d5-1f","modelType":"Wi-SHT10","DATAS":["Temperature","Humidity"],"Temperature":21.34,"Humidity":79.11359999999999,"TIMESTAMP":"2022-11-27T20:42:19.880Z","BATT":100,"INTERVAL":600},{"modelID":"b0-5a-aa-22-d5-1f","modelType":"Wi-SHT10","DATAS":["Temperature","Humidity"],"Temperature":21.35,"Humidity":77.8464,"TIMESTAMP":"2022-11-27T20:32:16.874Z","BATT":100,"INTERVAL":600},{"modelID":"b0-5a-aa-22-d5-1f","modelType":"Wi-SHT10","DATAS":["Temperature","Humidity"],"Temperature":21.42,"Humidity":79.24799999999999,"TIMESTAMP":"2022-11-27T20:21:54.894Z","BATT":100,"INTERVAL":600},{"modelID":"b0-5a-aa-22-d5-1f","modelType":"Wi-SHT10","DATAS":["Temperature","Humidity"],"Temperature":21.41,"Humidity":78.9024,"TIMESTAMP":"2022-11-27T20:12:25.885Z","BATT":100,"INTERVAL":600},{"modelID":"b0-5a-aa-22-d5-1f","modelType":"Wi-SHT10","DATAS":["Temperature","Humidity"],"Temperature":21.48,"Humidity":79.4976,"TIMESTAMP":"2022-11-27T20:01:44.913Z","BATT":100,"INTERVAL":600},{"modelID":"b0-5a-aa-22-d5-1f","modelType":"Wi-SHT10","DATAS":["Temperature","Humidity"],"Temperature":21.49,"Humidity":80.24640000000001,"TIMESTAMP":"2022-11-27T19:51:50.918Z","BATT":100,"INTERVAL":600},{"modelID":"b0-5a-aa-22-d5-1f","modelType":"Wi-SHT10","DATAS":["Temperature","Humidity"],"Temperature":21.54,"Humidity":80.928,"TIMESTAMP":"2022-11-27T19:42:19.944Z","BATT":100,"INTERVAL":600},{"modelID":"b0-5a-aa-22-d5-1f","modelType":"Wi-SHT10","DATAS":["Temperature","Humidity"],"Temperature":21.58,"Humidity":78.71039999999999,"TIMESTAMP":"2022-11-27T19:32:08.945Z","BATT":100,"INTERVAL":600},{"modelID":"b0-5a-aa-22-d5-1f","modelType":"Wi-SHT10","DATAS":["Temperature","Humidity"],"Temperature":21.62,"Humidity":78.81599999999999,"TIMESTAMP":"2022-11-27T19:22:19.436Z","BATT":100,"INTERVAL":600},{"modelID":"b0-5a-aa-22-d5-1f","modelType":"Wi-SHT10","DATAS":["Temperature","Humidity"],"Temperature":21.63,"Humidity":77.90400000000001,"TIMESTAMP":"2022-11-27T19:12:28.965Z","BATT":100,"INTERVAL":600},{"modelID":"b0-5a-aa-22-d5-1f","modelType":"Wi-SHT10","DATAS":["Temperature","Humidity"],"Temperature":21.77,"Humidity":79.68,"TIMESTAMP":"2022-11-27T19:01:59.971Z","BATT":100,"INTERVAL":600},{"modelID":"b0-5a-aa-22-d5-1f","modelType":"Wi-SHT10","DATAS":["Temperature","Humidity"],"Temperature":21.8,"Humidity":79.392,"TIMESTAMP":"2022-11-27T18:51:57.980Z","BATT":100,"INTERVAL":600},{"modelID":"b0-5a-aa-22-d5-1f","modelType":"Wi-SHT10","DATAS":["Temperature","Humidity"],"Temperature":21.82,"Humidity":78.2784,"TIMESTAMP":"2022-11-27T18:41:47.993Z","BATT":100,"INTERVAL":600},{"modelID":"b0-5a-aa-22-d5-1f","modelType":"Wi-SHT10","DATAS":["Temperature","Humidity"],"Temperature":21.7,"Humidity":78.4992,"TIMESTAMP":"2022-11-27T18:32:09.019Z","BATT":100,"INTERVAL":600},{"modelID":"b0-5a-aa-22-d5-1f","modelType":"Wi-SHT10","DATAS":["Temperature","Humidity"],"Temperature":21.79,"Humidity":78.336,"TIMESTAMP":"2022-11-27T18:22:32.013Z","BATT":100,"INTERVAL":600},{"modelID":"b0-5a-aa-22-d5-1f","modelType":"Wi-SHT10","DATAS":["Temperature","Humidity"],"Temperature":21.8,"Humidity":79.6896,"TIMESTAMP":"2022-11-27T18:12:19.034Z","BATT":100,"INTERVAL":600},{"modelID":"b0-5a-aa-22-d5-1f","modelType":"Wi-SHT10","DATAS":["Temperature","Humidity"],"Temperature":21.83,"Humidity":79.09440000000001,"TIMESTAMP":"2022-11-27T18:02:16.034Z","BATT":100,"INTERVAL":600},{"modelID":"b0-5a-aa-22-d5-1f","modelType":"Wi-SHT10","DATAS":["Temperature","Humidity"],"Temperature":21.85,"Humidity":79.4112,"TIMESTAMP":"2022-11-27T17:51:44.175Z","BATT":100,"INTERVAL":600},{"modelID":"b0-5a-aa-22-d5-1f","modelType":"Wi-SHT10","DATAS":["Temperature","Humidity"],"Temperature":21.86,"Humidity":77.568,"TIMESTAMP":"2022-11-27T17:42:28.055Z","BATT":100,"INTERVAL":600},{"modelID":"b0-5a-aa-22-d5-1f","modelType":"Wi-SHT10","DATAS":["Temperature","Humidity"],"Temperature":21.89,"Humidity":78.5952,"TIMESTAMP":"2022-11-27T17:32:09.073Z","BATT":100,"INTERVAL":600},{"modelID":"b0-5a-aa-22-d5-1f","modelType":"Wi-SHT10","DATAS":["Temperature","Humidity"],"Temperature":21.92,"Humidity":78.3168,"TIMESTAMP":"2022-11-27T17:22:18.084Z","BATT":100,"INTERVAL":600},{"modelID":"b0-5a-aa-22-d5-1f","modelType":"Wi-SHT10","DATAS":["Temperature","Humidity"],"Temperature":21.98,"Humidity":76.8192,"TIMESTAMP":"2022-11-27T17:11:45.095Z","BATT":100,"INTERVAL":600},{"modelID":"b0-5a-aa-22-d5-1f","modelType":"Wi-SHT10","DATAS":["Temperature","Humidity"],"Temperature":21.97,"Humidity":77.47200000000001,"TIMESTAMP":"2022-11-27T17:01:48.115Z","BATT":100,"INTERVAL":600},{"modelID":"b0-5a-aa-22-d5-1f","modelType":"Wi-SHT10","DATAS":["Temperature","Humidity"],"Temperature":22.04,"Humidity":78.8352,"TIMESTAMP":"2022-11-27T16:51:45.104Z","BATT":100,"INTERVAL":600},{"modelID":"b0-5a-aa-22-d5-1f","modelType":"Wi-SHT10","DATAS":["Temperature","Humidity"],"Temperature":22.11,"Humidity":77.952,"TIMESTAMP":"2022-11-27T16:32:18.133Z","BATT":100,"INTERVAL":600},{"modelID":"b0-5a-aa-22-d5-1f","modelType":"Wi-SHT10","DATAS":["Temperature","Humidity"],"Temperature":22.16,"Humidity":79.1232,"TIMESTAMP":"2022-11-27T16:21:56.148Z","BATT":100,"INTERVAL":600},{"modelID":"b0-5a-aa-22-d5-1f","modelType":"Wi-SHT10","DATAS":["Temperature","Humidity"],"Temperature":22.16,"Humidity":77.52,"TIMESTAMP":"2022-11-27T16:12:27.137Z","BATT":100,"INTERVAL":600}],"DAYHOURS":["21","20","19","18","17","16","15","14","13","12","11","10","9","8","7","6","5","4","3","2","1","0"]}