{"SENSORNAME":"L5-Corridor 2 D0-17(inpatient)","SENSORTYPE":"WISENSOR","DTUID":"-1","SENSORID":"BA-61-FB-EC-D0-17","DATE0":"2022-11-28T13:15:00.538Z","DATE1":"2022-03-26T09:17:21.911Z","DAYDATA":[{"modelID":"ba-61-fb-ec-d0-17","modelType":"Wi-SHT10","DATAS":["Temperature","Humidity"],"Temperature":4.17,"Humidity":-959.04,"TIMESTAMP":"2022-11-28T13:15:00.538Z","BATT":1,"INTERVAL":300},{"modelID":"ba-61-fb-ec-d0-17","modelType":"Wi-SHT10","DATAS":["Temperature","Humidity"],"Temperature":3.94,"Humidity":-959.04,"TIMESTAMP":"2022-11-28T13:05:12.316Z","BATT":1,"INTERVAL":300},{"modelID":"ba-61-fb-ec-d0-17","modelType":"Wi-SHT10","DATAS":["Temperature","Humidity"],"Temperature":4.24,"Humidity":-959.04,"TIMESTAMP":"2022-11-28T12:59:26.873Z","BATT":1,"INTERVAL":300},{"modelID":"ba-61-fb-ec-d0-17","modelType":"Wi-SHT10","DATAS":["Temperature","Humidity"],"Temperature":3.8,"Humidity":-959.04,"TIMESTAMP":"2022-11-28T12:30:10.461Z","BATT":1,"INTERVAL":300},{"modelID":"ba-61-fb-ec-d0-17","modelType":"Wi-SHT10","DATAS":["Temperature","Humidity"],"Temperature":4.04,"Humidity":-959.04,"TIMESTAMP":"2022-11-28T12:25:12.437Z","BATT":1,"INTERVAL":300},{"modelID":"ba-61-fb-ec-d0-17","modelType":"Wi-SHT10","DATAS":["Temperature","Humidity"],"Temperature":4.24,"Humidity":-959.04,"TIMESTAMP":"2022-11-28T12:19:37.514Z","BATT":1,"INTERVAL":300},{"modelID":"ba-61-fb-ec-d0-17","modelType":"Wi-SHT10","DATAS":["Temperature","Humidity"],"Temperature":4.07,"Humidity":-959.04,"TIMESTAMP":"2022-11-28T12:14:42.933Z","BATT":1,"INTERVAL":300},{"modelID":"ba-61-fb-ec-d0-17","modelType":"Wi-SHT10","DATAS":["Temperature","Humidity"],"Temperature":3.8,"Humidity":-959.04,"TIMESTAMP":"2022-11-28T12:10:17.091Z","BATT":1,"INTERVAL":300},{"modelID":"ba-61-fb-ec-d0-17","modelType":"Wi-SHT10","DATAS":["Temperature","Humidity"],"Temperature":4.01,"Humidity":-959.04,"TIMESTAMP":"2022-11-28T12:05:12.652Z","BATT":1,"INTERVAL":300},{"modelID":"ba-61-fb-ec-d0-17","modelType":"Wi-SHT10","DATAS":["Temperature","Humidity"],"Temperature":4.24,"Humidity":-959.04,"TIMESTAMP":"2022-11-28T11:59:33.784Z","BATT":1,"INTERVAL":300},{"modelID":"ba-61-fb-ec-d0-17","modelType":"Wi-SHT10","DATAS":["Temperature","Humidity"],"Temperature":4.07,"Humidity":-959.04,"TIMESTAMP":"2022-11-28T11:54:57.336Z","BATT":1,"INTERVAL":300},{"modelID":"ba-61-fb-ec-d0-17","modelType":"Wi-SHT10","DATAS":["Temperature","Humidity"],"Temperature":3.84,"Humidity":-959.04,"TIMESTAMP":"2022-11-28T11:50:10.552Z","BATT":1,"INTERVAL":300},{"modelID":"ba-61-fb-ec-d0-17","modelType":"Wi-SHT10","DATAS":["Temperature","Humidity"],"Temperature":4.04,"Humidity":-959.04,"TIMESTAMP":"2022-11-28T11:45:12.686Z","BATT":1,"INTERVAL":300},{"modelID":"ba-61-fb-ec-d0-17","modelType":"Wi-SHT10","DATAS":["Temperature","Humidity"],"Temperature":4.24,"Humidity":-959.04,"TIMESTAMP":"2022-11-28T11:40:17.177Z","BATT":1,"INTERVAL":300},{"modelID":"ba-61-fb-ec-d0-17","modelType":"Wi-SHT10","DATAS":["Temperature","Humidity"],"Temperature":3.84,"Humidity":-959.04,"TIMESTAMP":"2022-11-28T11:29:52.670Z","BATT":1,"INTERVAL":300},{"modelID":"ba-61-fb-ec-d0-17","modelType":"Wi-SHT10","DATAS":["Temperature","Humidity"],"Temperature":4.11,"Humidity":-959.04,"TIMESTAMP":"2022-11-28T11:25:19.061Z","BATT":1,"INTERVAL":300},{"modelID":"ba-61-fb-ec-d0-17","modelType":"Wi-SHT10","DATAS":["Temperature","Humidity"],"Temperature":4.28,"Humidity":-959.04,"TIMESTAMP":"2022-11-28T11:19:51.890Z","BATT":1,"INTERVAL":300},{"modelID":"ba-61-fb-ec-d0-17","modelType":"Wi-SHT10","DATAS":["Temperature","Humidity"],"Temperature":3.97,"Humidity":-959.04,"TIMESTAMP":"2022-11-28T11:14:57.512Z","BATT":1,"INTERVAL":300},{"modelID":"ba-61-fb-ec-d0-17","modelType":"Wi-SHT10","DATAS":["Temperature","Humidity"],"Temperature":3.84,"Humidity":-959.04,"TIMESTAMP":"2022-11-28T11:09:27.300Z","BATT":1,"INTERVAL":300},{"modelID":"ba-61-fb-ec-d0-17","modelType":"Wi-SHT10","DATAS":["Temperature","Humidity"],"Temperature":4.14,"Humidity":-959.04,"TIMESTAMP":"2022-11-28T11:04:28.579Z","BATT":1,"INTERVAL":300},{"modelID":"ba-61-fb-ec-d0-17","modelType":"Wi-SHT10","DATAS":["Temperature","Humidity"],"Temperature":4.21,"Humidity":-959.04,"TIMESTAMP":"2022-11-28T10:59:51.956Z","BATT":1,"INTERVAL":300},{"modelID":"ba-61-fb-ec-d0-17","modelType":"Wi-SHT10","DATAS":["Temperature","Humidity"],"Temperature":3.97,"Humidity":-959.04,"TIMESTAMP":"2022-11-28T10:54:57.601Z","BATT":1,"INTERVAL":300},{"modelID":"ba-61-fb-ec-d0-17","modelType":"Wi-SHT10","DATAS":["Temperature","Humidity"],"Temperature":3.84,"Humidity":-959.04,"TIMESTAMP":"2022-11-28T10:49:35.199Z","BATT":1,"INTERVAL":300},{"modelID":"ba-61-fb-ec-d0-17","modelType":"Wi-SHT10","DATAS":["Temperature","Humidity"],"Temperature":4.17,"Humidity":-959.04,"TIMESTAMP":"2022-11-28T10:44:28.683Z","BATT":1,"INTERVAL":300},{"modelID":"ba-61-fb-ec-d0-17","modelType":"Wi-SHT10","DATAS":["Temperature","Humidity"],"Temperature":4.21,"Humidity":-959.04,"TIMESTAMP":"2022-11-28T10:39:33.292Z","BATT":1,"INTERVAL":300},{"modelID":"ba-61-fb-ec-d0-17","modelType":"Wi-SHT10","DATAS":["Temperature","Humidity"],"Temperature":3.91,"Humidity":-959.04,"TIMESTAMP":"2022-11-28T10:34:33.310Z","BATT":1,"INTERVAL":300},{"modelID":"ba-61-fb-ec-d0-17","modelType":"Wi-SHT10","DATAS":["Temperature","Humidity"],"Temperature":3.91,"Humidity":-959.04,"TIMESTAMP":"2022-11-28T10:29:27.569Z","BATT":1,"INTERVAL":300},{"modelID":"ba-61-fb-ec-d0-17","modelType":"Wi-SHT10","DATAS":["Temperature","Humidity"],"Temperature":4.24,"Humidity":-959.04,"TIMESTAMP":"2022-11-28T10:20:20.212Z","BATT":1,"INTERVAL":300},{"modelID":"ba-61-fb-ec-d0-17","modelType":"Wi-SHT10","DATAS":["Temperature","Humidity"],"Temperature":3.94,"Humidity":-959.04,"TIMESTAMP":"2022-11-28T10:14:33.295Z","BATT":1,"INTERVAL":300},{"modelID":"ba-61-fb-ec-d0-17","modelType":"Wi-SHT10","DATAS":["Temperature","Humidity"],"Temperature":3.91,"Humidity":-959.04,"TIMESTAMP":"2022-11-28T10:09:35.486Z","BATT":1,"INTERVAL":300},{"modelID":"ba-61-fb-ec-d0-17","modelType":"Wi-SHT10","DATAS":["Temperature","Humidity"],"Temperature":4.17,"Humidity":-959.04,"TIMESTAMP":"2022-11-28T10:05:19.463Z","BATT":1,"INTERVAL":300},{"modelID":"ba-61-fb-ec-d0-17","modelType":"Wi-SHT10","DATAS":["Temperature","Humidity"],"Temperature":4.28,"Humidity":-959.04,"TIMESTAMP":"2022-11-28T09:59:52.270Z","BATT":1,"INTERVAL":300},{"modelID":"ba-61-fb-ec-d0-17","modelType":"Wi-SHT10","DATAS":["Temperature","Humidity"],"Temperature":3.97,"Humidity":-959.04,"TIMESTAMP":"2022-11-28T09:55:19.472Z","BATT":1,"INTERVAL":300},{"modelID":"ba-61-fb-ec-d0-17","modelType":"Wi-SHT10","DATAS":["Temperature","Humidity"],"Temperature":3.94,"Humidity":-959.04,"TIMESTAMP":"2022-11-28T09:50:13.214Z","BATT":1,"INTERVAL":300},{"modelID":"ba-61-fb-ec-d0-17","modelType":"Wi-SHT10","DATAS":["Temperature","Humidity"],"Temperature":4.24,"Humidity":-959.04,"TIMESTAMP":"2022-11-28T09:44:28.978Z","BATT":1,"INTERVAL":300},{"modelID":"ba-61-fb-ec-d0-17","modelType":"Wi-SHT10","DATAS":["Temperature","Humidity"],"Temperature":4.21,"Humidity":-959.04,"TIMESTAMP":"2022-11-28T09:39:33.568Z","BATT":1,"INTERVAL":300},{"modelID":"ba-61-fb-ec-d0-17","modelType":"Wi-SHT10","DATAS":["Temperature","Humidity"],"Temperature":3.91,"Humidity":-959.04,"TIMESTAMP":"2022-11-28T09:35:19.457Z","BATT":1,"INTERVAL":300},{"modelID":"ba-61-fb-ec-d0-17","modelType":"Wi-SHT10","DATAS":["Temperature","Humidity"],"Temperature":3.94,"Humidity":-959.04,"TIMESTAMP":"2022-11-28T09:30:13.253Z","BATT":1,"INTERVAL":300},{"modelID":"ba-61-fb-ec-d0-17","modelType":"Wi-SHT10","DATAS":["Temperature","Humidity"],"Temperature":4.24,"Humidity":-959.04,"TIMESTAMP":"2022-11-28T09:25:13.256Z","BATT":1,"INTERVAL":300},{"modelID":"ba-61-fb-ec-d0-17","modelType":"Wi-SHT10","DATAS":["Temperature","Humidity"],"Temperature":4.24,"Humidity":-959.04,"TIMESTAMP":"2022-11-28T09:20:19.554Z","BATT":1,"INTERVAL":300},{"modelID":"ba-61-fb-ec-d0-17","modelType":"Wi-SHT10","DATAS":["Temperature","Humidity"],"Temperature":3.94,"Humidity":-959.04,"TIMESTAMP":"2022-11-28T09:15:17.774Z","BATT":1,"INTERVAL":300},{"modelID":"ba-61-fb-ec-d0-17","modelType":"Wi-SHT10","DATAS":["Temperature","Humidity"],"Temperature":4.01,"Humidity":-959.04,"TIMESTAMP":"2022-11-28T09:10:19.780Z","BATT":1,"INTERVAL":300},{"modelID":"ba-61-fb-ec-d0-17","modelType":"Wi-SHT10","DATAS":["Temperature","Humidity"],"Temperature":4.28,"Humidity":-959.04,"TIMESTAMP":"2022-11-28T09:05:19.816Z","BATT":1,"INTERVAL":300},{"modelID":"ba-61-fb-ec-d0-17","modelType":"Wi-SHT10","DATAS":["Temperature","Humidity"],"Temperature":4.28,"Humidity":-959.04,"TIMESTAMP":"2022-11-28T09:00:19.726Z","BATT":1,"INTERVAL":300},{"modelID":"ba-61-fb-ec-d0-17","modelType":"Wi-SHT10","DATAS":["Temperature","Humidity"],"Temperature":3.94,"Humidity":-959.04,"TIMESTAMP":"2022-11-28T08:54:34.713Z","BATT":1,"INTERVAL":300},{"modelID":"ba-61-fb-ec-d0-17","modelType":"Wi-SHT10","DATAS":["Temperature","Humidity"],"Temperature":4.07,"Humidity":-959.04,"TIMESTAMP":"2022-11-28T08:49:31.863Z","BATT":1,"INTERVAL":300},{"modelID":"ba-61-fb-ec-d0-17","modelType":"Wi-SHT10","DATAS":["Temperature","Humidity"],"Temperature":4.31,"Humidity":-959.04,"TIMESTAMP":"2022-11-28T08:45:13.529Z","BATT":1,"INTERVAL":300},{"modelID":"ba-61-fb-ec-d0-17","modelType":"Wi-SHT10","DATAS":["Temperature","Humidity"],"Temperature":4.24,"Humidity":-959.04,"TIMESTAMP":"2022-11-28T08:39:52.656Z","BATT":1,"INTERVAL":300},{"modelID":"ba-61-fb-ec-d0-17","modelType":"Wi-SHT10","DATAS":["Temperature","Humidity"],"Temperature":3.97,"Humidity":-959.04,"TIMESTAMP":"2022-11-28T08:34:53.418Z","BATT":1,"INTERVAL":300},{"modelID":"ba-61-fb-ec-d0-17","modelType":"Wi-SHT10","DATAS":["Temperature","Humidity"],"Temperature":4.11,"Humidity":-959.04,"TIMESTAMP":"2022-11-28T08:30:02.743Z","BATT":1,"INTERVAL":300},{"modelID":"ba-61-fb-ec-d0-17","modelType":"Wi-SHT10","DATAS":["Temperature","Humidity"],"Temperature":4.34,"Humidity":-959.04,"TIMESTAMP":"2022-11-28T08:25:13.605Z","BATT":1,"INTERVAL":300},{"modelID":"ba-61-fb-ec-d0-17","modelType":"Wi-SHT10","DATAS":["Temperature","Humidity"],"Temperature":4.24,"Humidity":-959.04,"TIMESTAMP":"2022-11-28T08:20:18.472Z","BATT":1,"INTERVAL":300},{"modelID":"ba-61-fb-ec-d0-17","modelType":"Wi-SHT10","DATAS":["Temperature","Humidity"],"Temperature":4.01,"Humidity":-959.04,"TIMESTAMP":"2022-11-28T08:14:35.903Z","BATT":1,"INTERVAL":300},{"modelID":"ba-61-fb-ec-d0-17","modelType":"Wi-SHT10","DATAS":["Temperature","Humidity"],"Temperature":4.17,"Humidity":-959.04,"TIMESTAMP":"2022-11-28T08:10:14.738Z","BATT":1,"INTERVAL":300},{"modelID":"ba-61-fb-ec-d0-17","modelType":"Wi-SHT10","DATAS":["Temperature","Humidity"],"Temperature":4.41,"Humidity":-959.04,"TIMESTAMP":"2022-11-28T08:05:20.134Z","BATT":1,"INTERVAL":300},{"modelID":"ba-61-fb-ec-d0-17","modelType":"Wi-SHT10","DATAS":["Temperature","Humidity"],"Temperature":4.28,"Humidity":-959.04,"TIMESTAMP":"2022-11-28T07:59:53.581Z","BATT":1,"INTERVAL":300},{"modelID":"ba-61-fb-ec-d0-17","modelType":"Wi-SHT10","DATAS":["Temperature","Humidity"],"Temperature":4.11,"Humidity":-959.04,"TIMESTAMP":"2022-11-28T07:54:32.116Z","BATT":1,"INTERVAL":300},{"modelID":"ba-61-fb-ec-d0-17","modelType":"Wi-SHT10","DATAS":["Temperature","Humidity"],"Temperature":4.31,"Humidity":-959.04,"TIMESTAMP":"2022-11-28T07:49:39.691Z","BATT":1,"INTERVAL":300},{"modelID":"ba-61-fb-ec-d0-17","modelType":"Wi-SHT10","DATAS":["Temperature","Humidity"],"Temperature":4.51,"Humidity":-959.04,"TIMESTAMP":"2022-11-28T07:45:20.171Z","BATT":1,"INTERVAL":300},{"modelID":"ba-61-fb-ec-d0-17","modelType":"Wi-SHT10","DATAS":["Temperature","Humidity"],"Temperature":4.28,"Humidity":-959.04,"TIMESTAMP":"2022-11-28T07:39:29.471Z","BATT":1,"INTERVAL":300},{"modelID":"ba-61-fb-ec-d0-17","modelType":"Wi-SHT10","DATAS":["Temperature","Humidity"],"Temperature":4.21,"Humidity":-959.04,"TIMESTAMP":"2022-11-28T07:35:14.915Z","BATT":1,"INTERVAL":300},{"modelID":"ba-61-fb-ec-d0-17","modelType":"Wi-SHT10","DATAS":["Temperature","Humidity"],"Temperature":4.41,"Humidity":-959.04,"TIMESTAMP":"2022-11-28T07:30:03.319Z","BATT":1,"INTERVAL":300},{"modelID":"ba-61-fb-ec-d0-17","modelType":"Wi-SHT10","DATAS":["Temperature","Humidity"],"Temperature":4.54,"Humidity":-959.04,"TIMESTAMP":"2022-11-28T07:24:54.247Z","BATT":1,"INTERVAL":300},{"modelID":"ba-61-fb-ec-d0-17","modelType":"Wi-SHT10","DATAS":["Temperature","Humidity"],"Temperature":4.38,"Humidity":-959.04,"TIMESTAMP":"2022-11-28T07:20:03.095Z","BATT":1,"INTERVAL":300},{"modelID":"ba-61-fb-ec-d0-17","modelType":"Wi-SHT10","DATAS":["Temperature","Humidity"],"Temperature":4.34,"Humidity":-959.04,"TIMESTAMP":"2022-11-28T07:14:40.864Z","BATT":1,"INTERVAL":300},{"modelID":"ba-61-fb-ec-d0-17","modelType":"Wi-SHT10","DATAS":["Temperature","Humidity"],"Temperature":4.51,"Humidity":-959.04,"TIMESTAMP":"2022-11-28T07:09:47.844Z","BATT":1,"INTERVAL":300},{"modelID":"ba-61-fb-ec-d0-17","modelType":"Wi-SHT10","DATAS":["Temperature","Humidity"],"Temperature":4.61,"Humidity":-959.04,"TIMESTAMP":"2022-11-28T07:05:10.238Z","BATT":1,"INTERVAL":300},{"modelID":"ba-61-fb-ec-d0-17","modelType":"Wi-SHT10","DATAS":["Temperature","Humidity"],"Temperature":4.48,"Humidity":-959.04,"TIMESTAMP":"2022-11-28T07:00:10.258Z","BATT":1,"INTERVAL":300},{"modelID":"ba-61-fb-ec-d0-17","modelType":"Wi-SHT10","DATAS":["Temperature","Humidity"],"Temperature":4.48,"Humidity":-959.04,"TIMESTAMP":"2022-11-28T06:54:32.121Z","BATT":1,"INTERVAL":300},{"modelID":"ba-61-fb-ec-d0-17","modelType":"Wi-SHT10","DATAS":["Temperature","Humidity"],"Temperature":4.68,"Humidity":-959.04,"TIMESTAMP":"2022-11-28T06:49:30.023Z","BATT":1,"INTERVAL":300},{"modelID":"ba-61-fb-ec-d0-17","modelType":"Wi-SHT10","DATAS":["Temperature","Humidity"],"Temperature":4.78,"Humidity":-959.04,"TIMESTAMP":"2022-11-28T06:44:48.083Z","BATT":1,"INTERVAL":300},{"modelID":"ba-61-fb-ec-d0-17","modelType":"Wi-SHT10","DATAS":["Temperature","Humidity"],"Temperature":4.61,"Humidity":-959.04,"TIMESTAMP":"2022-11-28T06:40:03.655Z","BATT":1,"INTERVAL":300},{"modelID":"ba-61-fb-ec-d0-17","modelType":"Wi-SHT10","DATAS":["Temperature","Humidity"],"Temperature":4.54,"Humidity":-959.04,"TIMESTAMP":"2022-11-28T06:34:30.087Z","BATT":1,"INTERVAL":300},{"modelID":"ba-61-fb-ec-d0-17","modelType":"Wi-SHT10","DATAS":["Temperature","Humidity"],"Temperature":4.78,"Humidity":-959.04,"TIMESTAMP":"2022-11-28T06:30:16.205Z","BATT":1,"INTERVAL":300},{"modelID":"ba-61-fb-ec-d0-17","modelType":"Wi-SHT10","DATAS":["Temperature","Humidity"],"Temperature":4.88,"Humidity":-959.04,"TIMESTAMP":"2022-11-28T06:25:04.300Z","BATT":1,"INTERVAL":300},{"modelID":"ba-61-fb-ec-d0-17","modelType":"Wi-SHT10","DATAS":["Temperature","Humidity"],"Temperature":4.75,"Humidity":-959.04,"TIMESTAMP":"2022-11-28T06:20:21.755Z","BATT":1,"INTERVAL":300},{"modelID":"ba-61-fb-ec-d0-17","modelType":"Wi-SHT10","DATAS":["Temperature","Humidity"],"Temperature":4.71,"Humidity":-959.04,"TIMESTAMP":"2022-11-28T06:15:06.252Z","BATT":1,"INTERVAL":300},{"modelID":"ba-61-fb-ec-d0-17","modelType":"Wi-SHT10","DATAS":["Temperature","Humidity"],"Temperature":4.91,"Humidity":-959.04,"TIMESTAMP":"2022-11-28T06:09:29.516Z","BATT":1,"INTERVAL":300},{"modelID":"ba-61-fb-ec-d0-17","modelType":"Wi-SHT10","DATAS":["Temperature","Humidity"],"Temperature":5.02,"Humidity":-959.04,"TIMESTAMP":"2022-11-28T06:05:16.283Z","BATT":1,"INTERVAL":300},{"modelID":"ba-61-fb-ec-d0-17","modelType":"Wi-SHT10","DATAS":["Temperature","Humidity"],"Temperature":4.88,"Humidity":-959.04,"TIMESTAMP":"2022-11-28T06:00:04.481Z","BATT":1,"INTERVAL":300},{"modelID":"ba-61-fb-ec-d0-17","modelType":"Wi-SHT10","DATAS":["Temperature","Humidity"],"Temperature":4.75,"Humidity":-959.04,"TIMESTAMP":"2022-11-28T05:54:35.092Z","BATT":1,"INTERVAL":300},{"modelID":"ba-61-fb-ec-d0-17","modelType":"Wi-SHT10","DATAS":["Temperature","Humidity"],"Temperature":4.98,"Humidity":-959.04,"TIMESTAMP":"2022-11-28T05:49:26.083Z","BATT":1,"INTERVAL":300},{"modelID":"ba-61-fb-ec-d0-17","modelType":"Wi-SHT10","DATAS":["Temperature","Humidity"],"Temperature":5.05,"Humidity":-959.04,"TIMESTAMP":"2022-11-28T05:44:50.326Z","BATT":1,"INTERVAL":300},{"modelID":"ba-61-fb-ec-d0-17","modelType":"Wi-SHT10","DATAS":["Temperature","Humidity"],"Temperature":4.85,"Humidity":-959.04,"TIMESTAMP":"2022-11-28T05:40:15.210Z","BATT":1,"INTERVAL":300},{"modelID":"ba-61-fb-ec-d0-17","modelType":"Wi-SHT10","DATAS":["Temperature","Humidity"],"Temperature":4.58,"Humidity":-959.04,"TIMESTAMP":"2022-11-28T05:34:55.358Z","BATT":1,"INTERVAL":300},{"modelID":"ba-61-fb-ec-d0-17","modelType":"Wi-SHT10","DATAS":["Temperature","Humidity"],"Temperature":4.65,"Humidity":-959.04,"TIMESTAMP":"2022-11-28T05:30:14.262Z","BATT":1,"INTERVAL":300},{"modelID":"ba-61-fb-ec-d0-17","modelType":"Wi-SHT10","DATAS":["Temperature","Humidity"],"Temperature":4.58,"Humidity":-959.04,"TIMESTAMP":"2022-11-28T05:24:30.117Z","BATT":1,"INTERVAL":300},{"modelID":"ba-61-fb-ec-d0-17","modelType":"Wi-SHT10","DATAS":["Temperature","Humidity"],"Temperature":4.21,"Humidity":-959.04,"TIMESTAMP":"2022-11-28T05:19:59.169Z","BATT":1,"INTERVAL":300},{"modelID":"ba-61-fb-ec-d0-17","modelType":"Wi-SHT10","DATAS":["Temperature","Humidity"],"Temperature":3.84,"Humidity":-959.04,"TIMESTAMP":"2022-11-28T05:14:54.711Z","BATT":1,"INTERVAL":300},{"modelID":"ba-61-fb-ec-d0-17","modelType":"Wi-SHT10","DATAS":["Temperature","Humidity"],"Temperature":3.97,"Humidity":-959.04,"TIMESTAMP":"2022-11-28T05:10:03.016Z","BATT":1,"INTERVAL":300},{"modelID":"ba-61-fb-ec-d0-17","modelType":"Wi-SHT10","DATAS":["Temperature","Humidity"],"Temperature":3.67,"Humidity":-959.04,"TIMESTAMP":"2022-11-28T05:05:06.693Z","BATT":1,"INTERVAL":300},{"modelID":"ba-61-fb-ec-d0-17","modelType":"Wi-SHT10","DATAS":["Temperature","Humidity"],"Temperature":3.37,"Humidity":-959.04,"TIMESTAMP":"2022-11-28T04:59:59.250Z","BATT":1,"INTERVAL":300},{"modelID":"ba-61-fb-ec-d0-17","modelType":"Wi-SHT10","DATAS":["Temperature","Humidity"],"Temperature":3.84,"Humidity":-959.04,"TIMESTAMP":"2022-11-28T04:54:35.823Z","BATT":1,"INTERVAL":300},{"modelID":"ba-61-fb-ec-d0-17","modelType":"Wi-SHT10","DATAS":["Temperature","Humidity"],"Temperature":3.8,"Humidity":-959.04,"TIMESTAMP":"2022-11-28T04:44:35.445Z","BATT":1,"INTERVAL":300},{"modelID":"ba-61-fb-ec-d0-17","modelType":"Wi-SHT10","DATAS":["Temperature","Humidity"],"Temperature":3.4,"Humidity":-959.04,"TIMESTAMP":"2022-11-28T04:39:31.043Z","BATT":1,"INTERVAL":300},{"modelID":"ba-61-fb-ec-d0-17","modelType":"Wi-SHT10","DATAS":["Temperature","Humidity"],"Temperature":3.7,"Humidity":-959.04,"TIMESTAMP":"2022-11-28T04:35:21.105Z","BATT":1,"INTERVAL":300},{"modelID":"ba-61-fb-ec-d0-17","modelType":"Wi-SHT10","DATAS":["Temperature","Humidity"],"Temperature":4.28,"Humidity":-959.04,"TIMESTAMP":"2022-11-28T04:29:41.542Z","BATT":1,"INTERVAL":300},{"modelID":"ba-61-fb-ec-d0-17","modelType":"Wi-SHT10","DATAS":["Temperature","Humidity"],"Temperature":4.51,"Humidity":-959.04,"TIMESTAMP":"2022-11-28T04:25:03.164Z","BATT":1,"INTERVAL":300},{"modelID":"ba-61-fb-ec-d0-17","modelType":"Wi-SHT10","DATAS":["Temperature","Humidity"],"Temperature":3.67,"Humidity":-959.04,"TIMESTAMP":"2022-11-28T04:19:40.109Z","BATT":1,"INTERVAL":300},{"modelID":"ba-61-fb-ec-d0-17","modelType":"Wi-SHT10","DATAS":["Temperature","Humidity"],"Temperature":3.87,"Humidity":-959.04,"TIMESTAMP":"2022-11-28T04:14:30.132Z","BATT":1,"INTERVAL":300},{"modelID":"ba-61-fb-ec-d0-17","modelType":"Wi-SHT10","DATAS":["Temperature","Humidity"],"Temperature":4.14,"Humidity":-959.04,"TIMESTAMP":"2022-11-28T04:09:38.206Z","BATT":1,"INTERVAL":300},{"modelID":"ba-61-fb-ec-d0-17","modelType":"Wi-SHT10","DATAS":["Temperature","Humidity"],"Temperature":3.87,"Humidity":-959.04,"TIMESTAMP":"2022-11-28T04:04:26.748Z","BATT":1,"INTERVAL":300},{"modelID":"ba-61-fb-ec-d0-17","modelType":"Wi-SHT10","DATAS":["Temperature","Humidity"],"Temperature":3.6,"Humidity":-959.04,"TIMESTAMP":"2022-11-28T04:00:21.112Z","BATT":1,"INTERVAL":300},{"modelID":"ba-61-fb-ec-d0-17","modelType":"Wi-SHT10","DATAS":["Temperature","Humidity"],"Temperature":3.94,"Humidity":-959.04,"TIMESTAMP":"2022-11-28T03:55:21.107Z","BATT":1,"INTERVAL":300},{"modelID":"ba-61-fb-ec-d0-17","modelType":"Wi-SHT10","DATAS":["Temperature","Humidity"],"Temperature":3.5,"Humidity":-959.04,"TIMESTAMP":"2022-11-28T03:45:04.870Z","BATT":1,"INTERVAL":300},{"modelID":"ba-61-fb-ec-d0-17","modelType":"Wi-SHT10","DATAS":["Temperature","Humidity"],"Temperature":3.77,"Humidity":-959.04,"TIMESTAMP":"2022-11-28T03:39:36.173Z","BATT":1,"INTERVAL":300},{"modelID":"ba-61-fb-ec-d0-17","modelType":"Wi-SHT10","DATAS":["Temperature","Humidity"],"Temperature":4.01,"Humidity":-959.04,"TIMESTAMP":"2022-11-28T03:29:35.651Z","BATT":1,"INTERVAL":300},{"modelID":"ba-61-fb-ec-d0-17","modelType":"Wi-SHT10","DATAS":["Temperature","Humidity"],"Temperature":3.7,"Humidity":-959.04,"TIMESTAMP":"2022-11-28T03:25:12.883Z","BATT":1,"INTERVAL":300},{"modelID":"ba-61-fb-ec-d0-17","modelType":"Wi-SHT10","DATAS":["Temperature","Humidity"],"Temperature":4.28,"Humidity":-959.04,"TIMESTAMP":"2022-11-28T03:14:30.592Z","BATT":1,"INTERVAL":300},{"modelID":"ba-61-fb-ec-d0-17","modelType":"Wi-SHT10","DATAS":["Temperature","Humidity"],"Temperature":4.14,"Humidity":-959.04,"TIMESTAMP":"2022-11-28T03:09:35.314Z","BATT":1,"INTERVAL":300},{"modelID":"ba-61-fb-ec-d0-17","modelType":"Wi-SHT10","DATAS":["Temperature","Humidity"],"Temperature":3.91,"Humidity":-959.04,"TIMESTAMP":"2022-11-28T03:04:30.778Z","BATT":1,"INTERVAL":300},{"modelID":"ba-61-fb-ec-d0-17","modelType":"Wi-SHT10","DATAS":["Temperature","Humidity"],"Temperature":4.21,"Humidity":-959.04,"TIMESTAMP":"2022-11-28T03:00:16.961Z","BATT":1,"INTERVAL":300},{"modelID":"ba-61-fb-ec-d0-17","modelType":"Wi-SHT10","DATAS":["Temperature","Humidity"],"Temperature":4.58,"Humidity":-959.04,"TIMESTAMP":"2022-11-28T02:54:36.395Z","BATT":1,"INTERVAL":300},{"modelID":"ba-61-fb-ec-d0-17","modelType":"Wi-SHT10","DATAS":["Temperature","Humidity"],"Temperature":4.07,"Humidity":-959.04,"TIMESTAMP":"2022-11-28T02:49:31.531Z","BATT":1,"INTERVAL":300},{"modelID":"ba-61-fb-ec-d0-17","modelType":"Wi-SHT10","DATAS":["Temperature","Humidity"],"Temperature":3.7,"Humidity":-959.04,"TIMESTAMP":"2022-11-28T02:44:38.736Z","BATT":1,"INTERVAL":300},{"modelID":"ba-61-fb-ec-d0-17","modelType":"Wi-SHT10","DATAS":["Temperature","Humidity"],"Temperature":3.87,"Humidity":-959.04,"TIMESTAMP":"2022-11-28T02:39:36.251Z","BATT":1,"INTERVAL":300},{"modelID":"ba-61-fb-ec-d0-17","modelType":"Wi-SHT10","DATAS":["Temperature","Humidity"],"Temperature":4.14,"Humidity":-959.04,"TIMESTAMP":"2022-11-28T02:34:36.487Z","BATT":1,"INTERVAL":300},{"modelID":"ba-61-fb-ec-d0-17","modelType":"Wi-SHT10","DATAS":["Temperature","Humidity"],"Temperature":4.07,"Humidity":-959.04,"TIMESTAMP":"2022-11-28T02:29:31.638Z","BATT":1,"INTERVAL":300},{"modelID":"ba-61-fb-ec-d0-17","modelType":"Wi-SHT10","DATAS":["Temperature","Humidity"],"Temperature":3.7,"Humidity":-959.04,"TIMESTAMP":"2022-11-28T02:24:36.463Z","BATT":1,"INTERVAL":300},{"modelID":"ba-61-fb-ec-d0-17","modelType":"Wi-SHT10","DATAS":["Temperature","Humidity"],"Temperature":4.07,"Humidity":-959.04,"TIMESTAMP":"2022-11-28T02:19:56.293Z","BATT":1,"INTERVAL":300},{"modelID":"ba-61-fb-ec-d0-17","modelType":"Wi-SHT10","DATAS":["Temperature","Humidity"],"Temperature":4.38,"Humidity":-959.04,"TIMESTAMP":"2022-11-28T02:14:33.633Z","BATT":1,"INTERVAL":300},{"modelID":"ba-61-fb-ec-d0-17","modelType":"Wi-SHT10","DATAS":["Temperature","Humidity"],"Temperature":4.31,"Humidity":-959.04,"TIMESTAMP":"2022-11-28T02:09:37.651Z","BATT":1,"INTERVAL":300},{"modelID":"ba-61-fb-ec-d0-17","modelType":"Wi-SHT10","DATAS":["Temperature","Humidity"],"Temperature":4.17,"Humidity":-959.04,"TIMESTAMP":"2022-11-28T02:04:40.099Z","BATT":1,"INTERVAL":300},{"modelID":"ba-61-fb-ec-d0-17","modelType":"Wi-SHT10","DATAS":["Temperature","Humidity"],"Temperature":4.81,"Humidity":-959.04,"TIMESTAMP":"2022-11-28T02:00:22.965Z","BATT":1,"INTERVAL":300},{"modelID":"ba-61-fb-ec-d0-17","modelType":"Wi-SHT10","DATAS":["Temperature","Humidity"],"Temperature":4.71,"Humidity":-959.04,"TIMESTAMP":"2022-11-28T01:54:47.998Z","BATT":1,"INTERVAL":300},{"modelID":"ba-61-fb-ec-d0-17","modelType":"Wi-SHT10","DATAS":["Temperature","Humidity"],"Temperature":5.52,"Humidity":-959.04,"TIMESTAMP":"2022-11-28T01:45:01.023Z","BATT":1,"INTERVAL":300},{"modelID":"ba-61-fb-ec-d0-17","modelType":"Wi-SHT10","DATAS":["Temperature","Humidity"],"Temperature":6.43,"Humidity":-959.04,"TIMESTAMP":"2022-11-28T01:39:38.914Z","BATT":1,"INTERVAL":300},{"modelID":"ba-61-fb-ec-d0-17","modelType":"Wi-SHT10","DATAS":["Temperature","Humidity"],"Temperature":3.87,"Humidity":-959.04,"TIMESTAMP":"2022-11-28T01:34:31.823Z","BATT":1,"INTERVAL":300},{"modelID":"ba-61-fb-ec-d0-17","modelType":"Wi-SHT10","DATAS":["Temperature","Humidity"],"Temperature":4.71,"Humidity":-959.04,"TIMESTAMP":"2022-11-28T01:25:05.090Z","BATT":1,"INTERVAL":300},{"modelID":"ba-61-fb-ec-d0-17","modelType":"Wi-SHT10","DATAS":["Temperature","Humidity"],"Temperature":3.97,"Humidity":-959.04,"TIMESTAMP":"2022-11-28T01:14:36.114Z","BATT":1,"INTERVAL":300},{"modelID":"ba-61-fb-ec-d0-17","modelType":"Wi-SHT10","DATAS":["Temperature","Humidity"],"Temperature":4.31,"Humidity":-959.04,"TIMESTAMP":"2022-11-28T01:09:51.962Z","BATT":1,"INTERVAL":300},{"modelID":"ba-61-fb-ec-d0-17","modelType":"Wi-SHT10","DATAS":["Temperature","Humidity"],"Temperature":4.85,"Humidity":-959.04,"TIMESTAMP":"2022-11-28T01:04:58.418Z","BATT":1,"INTERVAL":300},{"modelID":"ba-61-fb-ec-d0-17","modelType":"Wi-SHT10","DATAS":["Temperature","Humidity"],"Temperature":5.15,"Humidity":-959.04,"TIMESTAMP":"2022-11-28T00:59:35.677Z","BATT":1,"INTERVAL":300},{"modelID":"ba-61-fb-ec-d0-17","modelType":"Wi-SHT10","DATAS":["Temperature","Humidity"],"Temperature":4.44,"Humidity":-959.04,"TIMESTAMP":"2022-11-28T00:54:50.962Z","BATT":1,"INTERVAL":300},{"modelID":"ba-61-fb-ec-d0-17","modelType":"Wi-SHT10","DATAS":["Temperature","Humidity"],"Temperature":4.61,"Humidity":-959.04,"TIMESTAMP":"2022-11-28T00:50:15.509Z","BATT":1,"INTERVAL":300},{"modelID":"ba-61-fb-ec-d0-17","modelType":"Wi-SHT10","DATAS":["Temperature","Humidity"],"Temperature":4.58,"Humidity":-959.04,"TIMESTAMP":"2022-11-28T00:45:16.827Z","BATT":1,"INTERVAL":300},{"modelID":"ba-61-fb-ec-d0-17","modelType":"Wi-SHT10","DATAS":["Temperature","Humidity"],"Temperature":4.41,"Humidity":-959.04,"TIMESTAMP":"2022-11-28T00:40:12.036Z","BATT":1,"INTERVAL":300},{"modelID":"ba-61-fb-ec-d0-17","modelType":"Wi-SHT10","DATAS":["Temperature","Humidity"],"Temperature":4.48,"Humidity":-959.04,"TIMESTAMP":"2022-11-28T00:34:49.736Z","BATT":1,"INTERVAL":300},{"modelID":"ba-61-fb-ec-d0-17","modelType":"Wi-SHT10","DATAS":["Temperature","Humidity"],"Temperature":4.61,"Humidity":-959.04,"TIMESTAMP":"2022-11-28T00:30:05.250Z","BATT":1,"INTERVAL":300},{"modelID":"ba-61-fb-ec-d0-17","modelType":"Wi-SHT10","DATAS":["Temperature","Humidity"],"Temperature":4.41,"Humidity":-959.04,"TIMESTAMP":"2022-11-28T00:19:41.660Z","BATT":1,"INTERVAL":300},{"modelID":"ba-61-fb-ec-d0-17","modelType":"Wi-SHT10","DATAS":["Temperature","Humidity"],"Temperature":4.51,"Humidity":-959.04,"TIMESTAMP":"2022-11-28T00:14:49.791Z","BATT":1,"INTERVAL":300},{"modelID":"ba-61-fb-ec-d0-17","modelType":"Wi-SHT10","DATAS":["Temperature","Humidity"],"Temperature":4.61,"Humidity":-959.04,"TIMESTAMP":"2022-11-28T00:09:41.774Z","BATT":1,"INTERVAL":300},{"modelID":"ba-61-fb-ec-d0-17","modelType":"Wi-SHT10","DATAS":["Temperature","Humidity"],"Temperature":4.51,"Humidity":-959.04,"TIMESTAMP":"2022-11-28T00:05:17.009Z","BATT":1,"INTERVAL":300},{"modelID":"ba-61-fb-ec-d0-17","modelType":"Wi-SHT10","DATAS":["Temperature","Humidity"],"Temperature":4.41,"Humidity":-959.04,"TIMESTAMP":"2022-11-28T00:00:05.424Z","BATT":1,"INTERVAL":300},{"modelID":"ba-61-fb-ec-d0-17","modelType":"Wi-SHT10","DATAS":["Temperature","Humidity"],"Temperature":4.54,"Humidity":-959.04,"TIMESTAMP":"2022-11-27T23:55:15.828Z","BATT":1,"INTERVAL":300},{"modelID":"ba-61-fb-ec-d0-17","modelType":"Wi-SHT10","DATAS":["Temperature","Humidity"],"Temperature":4.58,"Humidity":-959.04,"TIMESTAMP":"2022-11-27T23:49:35.997Z","BATT":1,"INTERVAL":300},{"modelID":"ba-61-fb-ec-d0-17","modelType":"Wi-SHT10","DATAS":["Temperature","Humidity"],"Temperature":4.44,"Humidity":-959.04,"TIMESTAMP":"2022-11-27T23:45:17.038Z","BATT":1,"INTERVAL":300},{"modelID":"ba-61-fb-ec-d0-17","modelType":"Wi-SHT10","DATAS":["Temperature","Humidity"],"Temperature":4.41,"Humidity":-959.04,"TIMESTAMP":"2022-11-27T23:39:49.949Z","BATT":1,"INTERVAL":300},{"modelID":"ba-61-fb-ec-d0-17","modelType":"Wi-SHT10","DATAS":["Temperature","Humidity"],"Temperature":4.61,"Humidity":-959.04,"TIMESTAMP":"2022-11-27T23:35:15.836Z","BATT":1,"INTERVAL":300},{"modelID":"ba-61-fb-ec-d0-17","modelType":"Wi-SHT10","DATAS":["Temperature","Humidity"],"Temperature":4.58,"Humidity":-959.04,"TIMESTAMP":"2022-11-27T23:30:17.190Z","BATT":1,"INTERVAL":300},{"modelID":"ba-61-fb-ec-d0-17","modelType":"Wi-SHT10","DATAS":["Temperature","Humidity"],"Temperature":4.41,"Humidity":-959.04,"TIMESTAMP":"2022-11-27T23:25:12.305Z","BATT":1,"INTERVAL":300},{"modelID":"ba-61-fb-ec-d0-17","modelType":"Wi-SHT10","DATAS":["Temperature","Humidity"],"Temperature":4.48,"Humidity":-959.04,"TIMESTAMP":"2022-11-27T23:19:50.052Z","BATT":1,"INTERVAL":300},{"modelID":"ba-61-fb-ec-d0-17","modelType":"Wi-SHT10","DATAS":["Temperature","Humidity"],"Temperature":4.61,"Humidity":-959.04,"TIMESTAMP":"2022-11-27T23:14:42.417Z","BATT":1,"INTERVAL":300},{"modelID":"ba-61-fb-ec-d0-17","modelType":"Wi-SHT10","DATAS":["Temperature","Humidity"],"Temperature":4.51,"Humidity":-959.04,"TIMESTAMP":"2022-11-27T23:09:56.137Z","BATT":1,"INTERVAL":300},{"modelID":"ba-61-fb-ec-d0-17","modelType":"Wi-SHT10","DATAS":["Temperature","Humidity"],"Temperature":4.38,"Humidity":-959.04,"TIMESTAMP":"2022-11-27T23:05:05.721Z","BATT":1,"INTERVAL":300},{"modelID":"ba-61-fb-ec-d0-17","modelType":"Wi-SHT10","DATAS":["Temperature","Humidity"],"Temperature":4.54,"Humidity":-959.04,"TIMESTAMP":"2022-11-27T22:59:50.054Z","BATT":1,"INTERVAL":300},{"modelID":"ba-61-fb-ec-d0-17","modelType":"Wi-SHT10","DATAS":["Temperature","Humidity"],"Temperature":4.61,"Humidity":-959.04,"TIMESTAMP":"2022-11-27T22:55:12.536Z","BATT":1,"INTERVAL":300},{"modelID":"ba-61-fb-ec-d0-17","modelType":"Wi-SHT10","DATAS":["Temperature","Humidity"],"Temperature":4.48,"Humidity":-959.04,"TIMESTAMP":"2022-11-27T22:49:56.173Z","BATT":1,"INTERVAL":300},{"modelID":"ba-61-fb-ec-d0-17","modelType":"Wi-SHT10","DATAS":["Temperature","Humidity"],"Temperature":4.38,"Humidity":-959.04,"TIMESTAMP":"2022-11-27T22:44:50.241Z","BATT":1,"INTERVAL":300},{"modelID":"ba-61-fb-ec-d0-17","modelType":"Wi-SHT10","DATAS":["Temperature","Humidity"],"Temperature":4.61,"Humidity":-959.04,"TIMESTAMP":"2022-11-27T22:39:50.203Z","BATT":1,"INTERVAL":300},{"modelID":"ba-61-fb-ec-d0-17","modelType":"Wi-SHT10","DATAS":["Temperature","Humidity"],"Temperature":4.61,"Humidity":-959.04,"TIMESTAMP":"2022-11-27T22:35:12.615Z","BATT":1,"INTERVAL":300},{"modelID":"ba-61-fb-ec-d0-17","modelType":"Wi-SHT10","DATAS":["Temperature","Humidity"],"Temperature":4.48,"Humidity":-959.04,"TIMESTAMP":"2022-11-27T22:30:12.638Z","BATT":1,"INTERVAL":300},{"modelID":"ba-61-fb-ec-d0-17","modelType":"Wi-SHT10","DATAS":["Temperature","Humidity"],"Temperature":4.48,"Humidity":-959.04,"TIMESTAMP":"2022-11-27T22:24:50.213Z","BATT":1,"INTERVAL":300},{"modelID":"ba-61-fb-ec-d0-17","modelType":"Wi-SHT10","DATAS":["Temperature","Humidity"],"Temperature":4.61,"Humidity":-959.04,"TIMESTAMP":"2022-11-27T22:20:16.179Z","BATT":1,"INTERVAL":300},{"modelID":"ba-61-fb-ec-d0-17","modelType":"Wi-SHT10","DATAS":["Temperature","Humidity"],"Temperature":4.58,"Humidity":-959.04,"TIMESTAMP":"2022-11-27T22:15:17.594Z","BATT":1,"INTERVAL":300},{"modelID":"ba-61-fb-ec-d0-17","modelType":"Wi-SHT10","DATAS":["Temperature","Humidity"],"Temperature":4.41,"Humidity":-959.04,"TIMESTAMP":"2022-11-27T22:09:42.266Z","BATT":1,"INTERVAL":300},{"modelID":"ba-61-fb-ec-d0-17","modelType":"Wi-SHT10","DATAS":["Temperature","Humidity"],"Temperature":4.51,"Humidity":-959.04,"TIMESTAMP":"2022-11-27T22:04:50.388Z","BATT":1,"INTERVAL":300},{"modelID":"ba-61-fb-ec-d0-17","modelType":"Wi-SHT10","DATAS":["Temperature","Humidity"],"Temperature":4.61,"Humidity":-959.04,"TIMESTAMP":"2022-11-27T21:59:42.291Z","BATT":1,"INTERVAL":300},{"modelID":"ba-61-fb-ec-d0-17","modelType":"Wi-SHT10","DATAS":["Temperature","Humidity"],"Temperature":4.51,"Humidity":-959.04,"TIMESTAMP":"2022-11-27T21:55:17.626Z","BATT":1,"INTERVAL":300},{"modelID":"ba-61-fb-ec-d0-17","modelType":"Wi-SHT10","DATAS":["Temperature","Humidity"],"Temperature":4.41,"Humidity":-959.04,"TIMESTAMP":"2022-11-27T21:50:16.457Z","BATT":1,"INTERVAL":300},{"modelID":"ba-61-fb-ec-d0-17","modelType":"Wi-SHT10","DATAS":["Temperature","Humidity"],"Temperature":4.61,"Humidity":-959.04,"TIMESTAMP":"2022-11-27T21:39:36.631Z","BATT":1,"INTERVAL":300},{"modelID":"ba-61-fb-ec-d0-17","modelType":"Wi-SHT10","DATAS":["Temperature","Humidity"],"Temperature":4.44,"Humidity":-959.04,"TIMESTAMP":"2022-11-27T21:34:56.596Z","BATT":1,"INTERVAL":300},{"modelID":"ba-61-fb-ec-d0-17","modelType":"Wi-SHT10","DATAS":["Temperature","Humidity"],"Temperature":4.38,"Humidity":-959.04,"TIMESTAMP":"2022-11-27T21:30:16.450Z","BATT":1,"INTERVAL":300},{"modelID":"ba-61-fb-ec-d0-17","modelType":"Wi-SHT10","DATAS":["Temperature","Humidity"],"Temperature":4.58,"Humidity":-959.04,"TIMESTAMP":"2022-11-27T21:25:16.451Z","BATT":1,"INTERVAL":300},{"modelID":"ba-61-fb-ec-d0-17","modelType":"Wi-SHT10","DATAS":["Temperature","Humidity"],"Temperature":4.58,"Humidity":-959.04,"TIMESTAMP":"2022-11-27T21:20:17.697Z","BATT":1,"INTERVAL":300},{"modelID":"ba-61-fb-ec-d0-17","modelType":"Wi-SHT10","DATAS":["Temperature","Humidity"],"Temperature":4.41,"Humidity":-959.04,"TIMESTAMP":"2022-11-27T21:14:36.815Z","BATT":1,"INTERVAL":300},{"modelID":"ba-61-fb-ec-d0-17","modelType":"Wi-SHT10","DATAS":["Temperature","Humidity"],"Temperature":4.44,"Humidity":-959.04,"TIMESTAMP":"2022-11-27T21:09:50.935Z","BATT":1,"INTERVAL":300},{"modelID":"ba-61-fb-ec-d0-17","modelType":"Wi-SHT10","DATAS":["Temperature","Humidity"],"Temperature":4.61,"Humidity":-959.04,"TIMESTAMP":"2022-11-27T21:05:06.376Z","BATT":1,"INTERVAL":300},{"modelID":"ba-61-fb-ec-d0-17","modelType":"Wi-SHT10","DATAS":["Temperature","Humidity"],"Temperature":4.54,"Humidity":-959.04,"TIMESTAMP":"2022-11-27T21:00:17.881Z","BATT":1,"INTERVAL":300},{"modelID":"ba-61-fb-ec-d0-17","modelType":"Wi-SHT10","DATAS":["Temperature","Humidity"],"Temperature":4.41,"Humidity":-959.04,"TIMESTAMP":"2022-11-27T20:55:13.084Z","BATT":1,"INTERVAL":300},{"modelID":"ba-61-fb-ec-d0-17","modelType":"Wi-SHT10","DATAS":["Temperature","Humidity"],"Temperature":4.48,"Humidity":-959.04,"TIMESTAMP":"2022-11-27T20:50:16.608Z","BATT":1,"INTERVAL":300},{"modelID":"ba-61-fb-ec-d0-17","modelType":"Wi-SHT10","DATAS":["Temperature","Humidity"],"Temperature":4.58,"Humidity":-959.04,"TIMESTAMP":"2022-11-27T20:44:42.746Z","BATT":1,"INTERVAL":300},{"modelID":"ba-61-fb-ec-d0-17","modelType":"Wi-SHT10","DATAS":["Temperature","Humidity"],"Temperature":4.51,"Humidity":-959.04,"TIMESTAMP":"2022-11-27T20:40:06.065Z","BATT":1,"INTERVAL":300},{"modelID":"ba-61-fb-ec-d0-17","modelType":"Wi-SHT10","DATAS":["Temperature","Humidity"],"Temperature":4.34,"Humidity":-959.04,"TIMESTAMP":"2022-11-27T20:34:42.668Z","BATT":1,"INTERVAL":300},{"modelID":"ba-61-fb-ec-d0-17","modelType":"Wi-SHT10","DATAS":["Temperature","Humidity"],"Temperature":4.51,"Humidity":-959.04,"TIMESTAMP":"2022-11-27T20:30:16.739Z","BATT":1,"INTERVAL":300},{"modelID":"ba-61-fb-ec-d0-17","modelType":"Wi-SHT10","DATAS":["Temperature","Humidity"],"Temperature":4.58,"Humidity":-959.04,"TIMESTAMP":"2022-11-27T20:24:37.039Z","BATT":1,"INTERVAL":300},{"modelID":"ba-61-fb-ec-d0-17","modelType":"Wi-SHT10","DATAS":["Temperature","Humidity"],"Temperature":4.44,"Humidity":-959.04,"TIMESTAMP":"2022-11-27T20:19:56.900Z","BATT":1,"INTERVAL":300},{"modelID":"ba-61-fb-ec-d0-17","modelType":"Wi-SHT10","DATAS":["Temperature","Humidity"],"Temperature":4.38,"Humidity":-959.04,"TIMESTAMP":"2022-11-27T20:15:06.547Z","BATT":1,"INTERVAL":300},{"modelID":"ba-61-fb-ec-d0-17","modelType":"Wi-SHT10","DATAS":["Temperature","Humidity"],"Temperature":4.54,"Humidity":-959.04,"TIMESTAMP":"2022-11-27T20:10:16.784Z","BATT":1,"INTERVAL":300},{"modelID":"ba-61-fb-ec-d0-17","modelType":"Wi-SHT10","DATAS":["Temperature","Humidity"],"Temperature":4.58,"Humidity":-959.04,"TIMESTAMP":"2022-11-27T20:05:18.053Z","BATT":1,"INTERVAL":300},{"modelID":"ba-61-fb-ec-d0-17","modelType":"Wi-SHT10","DATAS":["Temperature","Humidity"],"Temperature":4.41,"Humidity":-959.04,"TIMESTAMP":"2022-11-27T19:59:37.054Z","BATT":1,"INTERVAL":300},{"modelID":"ba-61-fb-ec-d0-17","modelType":"Wi-SHT10","DATAS":["Temperature","Humidity"],"Temperature":4.44,"Humidity":-959.04,"TIMESTAMP":"2022-11-27T19:54:51.007Z","BATT":1,"INTERVAL":300},{"modelID":"ba-61-fb-ec-d0-17","modelType":"Wi-SHT10","DATAS":["Temperature","Humidity"],"Temperature":4.61,"Humidity":-959.04,"TIMESTAMP":"2022-11-27T19:50:06.560Z","BATT":1,"INTERVAL":300},{"modelID":"ba-61-fb-ec-d0-17","modelType":"Wi-SHT10","DATAS":["Temperature","Humidity"],"Temperature":4.54,"Humidity":-959.04,"TIMESTAMP":"2022-11-27T19:44:57.117Z","BATT":1,"INTERVAL":300},{"modelID":"ba-61-fb-ec-d0-17","modelType":"Wi-SHT10","DATAS":["Temperature","Humidity"],"Temperature":4.38,"Humidity":-959.04,"TIMESTAMP":"2022-11-27T19:39:42.970Z","BATT":1,"INTERVAL":300},{"modelID":"ba-61-fb-ec-d0-17","modelType":"Wi-SHT10","DATAS":["Temperature","Humidity"],"Temperature":4.51,"Humidity":-959.04,"TIMESTAMP":"2022-11-27T19:34:51.084Z","BATT":1,"INTERVAL":300},{"modelID":"ba-61-fb-ec-d0-17","modelType":"Wi-SHT10","DATAS":["Temperature","Humidity"],"Temperature":4.61,"Humidity":-959.04,"TIMESTAMP":"2022-11-27T19:29:42.993Z","BATT":1,"INTERVAL":300},{"modelID":"ba-61-fb-ec-d0-17","modelType":"Wi-SHT10","DATAS":["Temperature","Humidity"],"Temperature":4.51,"Humidity":-959.04,"TIMESTAMP":"2022-11-27T19:24:57.130Z","BATT":1,"INTERVAL":300},{"modelID":"ba-61-fb-ec-d0-17","modelType":"Wi-SHT10","DATAS":["Temperature","Humidity"],"Temperature":4.38,"Humidity":-959.04,"TIMESTAMP":"2022-11-27T19:20:06.725Z","BATT":1,"INTERVAL":300},{"modelID":"ba-61-fb-ec-d0-17","modelType":"Wi-SHT10","DATAS":["Temperature","Humidity"],"Temperature":4.54,"Humidity":-959.04,"TIMESTAMP":"2022-11-27T19:15:17.045Z","BATT":1,"INTERVAL":300},{"modelID":"ba-61-fb-ec-d0-17","modelType":"Wi-SHT10","DATAS":["Temperature","Humidity"],"Temperature":4.58,"Humidity":-959.04,"TIMESTAMP":"2022-11-27T19:09:37.407Z","BATT":1,"INTERVAL":300},{"modelID":"ba-61-fb-ec-d0-17","modelType":"Wi-SHT10","DATAS":["Temperature","Humidity"],"Temperature":4.44,"Humidity":-959.04,"TIMESTAMP":"2022-11-27T19:05:18.327Z","BATT":1,"INTERVAL":300},{"modelID":"ba-61-fb-ec-d0-17","modelType":"Wi-SHT10","DATAS":["Temperature","Humidity"],"Temperature":4.41,"Humidity":-959.04,"TIMESTAMP":"2022-11-27T19:00:17.115Z","BATT":1,"INTERVAL":300},{"modelID":"ba-61-fb-ec-d0-17","modelType":"Wi-SHT10","DATAS":["Temperature","Humidity"],"Temperature":4.58,"Humidity":-959.04,"TIMESTAMP":"2022-11-27T18:55:06.834Z","BATT":1,"INTERVAL":300},{"modelID":"ba-61-fb-ec-d0-17","modelType":"Wi-SHT10","DATAS":["Temperature","Humidity"],"Temperature":4.54,"Humidity":-959.04,"TIMESTAMP":"2022-11-27T18:49:57.286Z","BATT":1,"INTERVAL":300},{"modelID":"ba-61-fb-ec-d0-17","modelType":"Wi-SHT10","DATAS":["Temperature","Humidity"],"Temperature":4.38,"Humidity":-959.04,"TIMESTAMP":"2022-11-27T18:45:13.697Z","BATT":1,"INTERVAL":300},{"modelID":"ba-61-fb-ec-d0-17","modelType":"Wi-SHT10","DATAS":["Temperature","Humidity"],"Temperature":4.48,"Humidity":-959.04,"TIMESTAMP":"2022-11-27T18:39:51.352Z","BATT":1,"INTERVAL":300},{"modelID":"ba-61-fb-ec-d0-17","modelType":"Wi-SHT10","DATAS":["Temperature","Humidity"],"Temperature":4.61,"Humidity":-959.04,"TIMESTAMP":"2022-11-27T18:35:06.980Z","BATT":1,"INTERVAL":300},{"modelID":"ba-61-fb-ec-d0-17","modelType":"Wi-SHT10","DATAS":["Temperature","Humidity"],"Temperature":4.54,"Humidity":-959.04,"TIMESTAMP":"2022-11-27T18:29:57.457Z","BATT":1,"INTERVAL":300},{"modelID":"ba-61-fb-ec-d0-17","modelType":"Wi-SHT10","DATAS":["Temperature","Humidity"],"Temperature":4.38,"Humidity":-959.04,"TIMESTAMP":"2022-11-27T18:25:06.978Z","BATT":1,"INTERVAL":300},{"modelID":"ba-61-fb-ec-d0-17","modelType":"Wi-SHT10","DATAS":["Temperature","Humidity"],"Temperature":4.54,"Humidity":-959.04,"TIMESTAMP":"2022-11-27T18:19:51.359Z","BATT":1,"INTERVAL":300},{"modelID":"ba-61-fb-ec-d0-17","modelType":"Wi-SHT10","DATAS":["Temperature","Humidity"],"Temperature":4.61,"Humidity":-959.04,"TIMESTAMP":"2022-11-27T18:15:13.836Z","BATT":1,"INTERVAL":300},{"modelID":"ba-61-fb-ec-d0-17","modelType":"Wi-SHT10","DATAS":["Temperature","Humidity"],"Temperature":4.48,"Humidity":-959.04,"TIMESTAMP":"2022-11-27T18:09:57.566Z","BATT":1,"INTERVAL":300},{"modelID":"ba-61-fb-ec-d0-17","modelType":"Wi-SHT10","DATAS":["Temperature","Humidity"],"Temperature":4.38,"Humidity":-959.04,"TIMESTAMP":"2022-11-27T18:05:07.148Z","BATT":1,"INTERVAL":300},{"modelID":"ba-61-fb-ec-d0-17","modelType":"Wi-SHT10","DATAS":["Temperature","Humidity"],"Temperature":4.54,"Humidity":-959.04,"TIMESTAMP":"2022-11-27T17:59:51.542Z","BATT":1,"INTERVAL":300},{"modelID":"ba-61-fb-ec-d0-17","modelType":"Wi-SHT10","DATAS":["Temperature","Humidity"],"Temperature":4.61,"Humidity":-959.04,"TIMESTAMP":"2022-11-27T17:55:18.737Z","BATT":1,"INTERVAL":300},{"modelID":"ba-61-fb-ec-d0-17","modelType":"Wi-SHT10","DATAS":["Temperature","Humidity"],"Temperature":4.41,"Humidity":-959.04,"TIMESTAMP":"2022-11-27T17:49:37.698Z","BATT":1,"INTERVAL":300},{"modelID":"ba-61-fb-ec-d0-17","modelType":"Wi-SHT10","DATAS":["Temperature","Humidity"],"Temperature":4.44,"Humidity":-959.04,"TIMESTAMP":"2022-11-27T17:45:17.541Z","BATT":1,"INTERVAL":300},{"modelID":"ba-61-fb-ec-d0-17","modelType":"Wi-SHT10","DATAS":["Temperature","Humidity"],"Temperature":4.58,"Humidity":-959.04,"TIMESTAMP":"2022-11-27T17:40:07.185Z","BATT":1,"INTERVAL":300},{"modelID":"ba-61-fb-ec-d0-17","modelType":"Wi-SHT10","DATAS":["Temperature","Humidity"],"Temperature":4.54,"Humidity":-959.04,"TIMESTAMP":"2022-11-27T17:34:57.719Z","BATT":1,"INTERVAL":300},{"modelID":"ba-61-fb-ec-d0-17","modelType":"Wi-SHT10","DATAS":["Temperature","Humidity"],"Temperature":4.38,"Humidity":-959.04,"TIMESTAMP":"2022-11-27T17:30:13.935Z","BATT":1,"INTERVAL":300},{"modelID":"ba-61-fb-ec-d0-17","modelType":"Wi-SHT10","DATAS":["Temperature","Humidity"],"Temperature":4.48,"Humidity":-959.04,"TIMESTAMP":"2022-11-27T17:24:51.695Z","BATT":1,"INTERVAL":300},{"modelID":"ba-61-fb-ec-d0-17","modelType":"Wi-SHT10","DATAS":["Temperature","Humidity"],"Temperature":4.61,"Humidity":-959.04,"TIMESTAMP":"2022-11-27T17:19:43.989Z","BATT":1,"INTERVAL":300},{"modelID":"ba-61-fb-ec-d0-17","modelType":"Wi-SHT10","DATAS":["Temperature","Humidity"],"Temperature":4.51,"Humidity":-959.04,"TIMESTAMP":"2022-11-27T17:14:57.800Z","BATT":1,"INTERVAL":300},{"modelID":"ba-61-fb-ec-d0-17","modelType":"Wi-SHT10","DATAS":["Temperature","Humidity"],"Temperature":4.38,"Humidity":-959.04,"TIMESTAMP":"2022-11-27T17:10:07.319Z","BATT":1,"INTERVAL":300},{"modelID":"ba-61-fb-ec-d0-17","modelType":"Wi-SHT10","DATAS":["Temperature","Humidity"],"Temperature":4.54,"Humidity":-959.04,"TIMESTAMP":"2022-11-27T17:04:51.779Z","BATT":1,"INTERVAL":300},{"modelID":"ba-61-fb-ec-d0-17","modelType":"Wi-SHT10","DATAS":["Temperature","Humidity"],"Temperature":4.61,"Humidity":-959.04,"TIMESTAMP":"2022-11-27T16:59:39.122Z","BATT":1,"INTERVAL":300},{"modelID":"ba-61-fb-ec-d0-17","modelType":"Wi-SHT10","DATAS":["Temperature","Humidity"],"Temperature":4.44,"Humidity":-959.04,"TIMESTAMP":"2022-11-27T16:54:57.794Z","BATT":1,"INTERVAL":300},{"modelID":"ba-61-fb-ec-d0-17","modelType":"Wi-SHT10","DATAS":["Temperature","Humidity"],"Temperature":4.38,"Humidity":-959.04,"TIMESTAMP":"2022-11-27T16:50:17.835Z","BATT":1,"INTERVAL":300},{"modelID":"ba-61-fb-ec-d0-17","modelType":"Wi-SHT10","DATAS":["Temperature","Humidity"],"Temperature":4.58,"Humidity":-959.04,"TIMESTAMP":"2022-11-27T16:44:51.891Z","BATT":1,"INTERVAL":300},{"modelID":"ba-61-fb-ec-d0-17","modelType":"Wi-SHT10","DATAS":["Temperature","Humidity"],"Temperature":4.51,"Humidity":-959.04,"TIMESTAMP":"2022-11-27T16:00:01.160Z","BATT":1,"INTERVAL":300}],"DAYHOURS":["21","20","19","18","17","16","15","14","13","12","11","10","9","8","7","6","5","4","3","2","1","0"]}