{"SENSORNAME":"GFC STORE","SENSORTYPE":"WISENSOR","DTUID":"-1","SENSORID":"B0-21-0A-47-FA-53","DATE0":"2022-11-28T13:17:42.464Z","DATE1":"2021-04-19T16:38:54.948Z","DAYDATA":[{"modelID":"b0-21-0a-47-fa-53","modelType":"Wi-SHT10","DATAS":["Temperature","Humidity"],"Temperature":21.62,"Humidity":48.9504,"TIMESTAMP":"2022-11-28T13:17:42.464Z","BATT":100,"INTERVAL":600},{"modelID":"b0-21-0a-47-fa-53","modelType":"Wi-SHT10","DATAS":["Temperature","Humidity"],"Temperature":21.69,"Humidity":50.236799999999995,"TIMESTAMP":"2022-11-28T13:07:44.478Z","BATT":100,"INTERVAL":600},{"modelID":"b0-21-0a-47-fa-53","modelType":"Wi-SHT10","DATAS":["Temperature","Humidity"],"Temperature":21.73,"Humidity":47.7888,"TIMESTAMP":"2022-11-28T12:57:54.481Z","BATT":100,"INTERVAL":600},{"modelID":"b0-21-0a-47-fa-53","modelType":"Wi-SHT10","DATAS":["Temperature","Humidity"],"Temperature":21.77,"Humidity":49.651199999999996,"TIMESTAMP":"2022-11-28T12:27:57.804Z","BATT":100,"INTERVAL":600},{"modelID":"b0-21-0a-47-fa-53","modelType":"Wi-SHT10","DATAS":["Temperature","Humidity"],"Temperature":21.97,"Humidity":51.5904,"TIMESTAMP":"2022-11-28T12:17:29.539Z","BATT":100,"INTERVAL":600},{"modelID":"b0-21-0a-47-fa-53","modelType":"Wi-SHT10","DATAS":["Temperature","Humidity"],"Temperature":22.01,"Humidity":47.376000000000005,"TIMESTAMP":"2022-11-28T11:58:11.585Z","BATT":100,"INTERVAL":600},{"modelID":"b0-21-0a-47-fa-53","modelType":"Wi-SHT10","DATAS":["Temperature","Humidity"],"Temperature":22.08,"Humidity":48.1824,"TIMESTAMP":"2022-11-28T11:47:32.589Z","BATT":100,"INTERVAL":600},{"modelID":"b0-21-0a-47-fa-53","modelType":"Wi-SHT10","DATAS":["Temperature","Humidity"],"Temperature":22.07,"Humidity":54.336,"TIMESTAMP":"2022-11-28T11:37:32.589Z","BATT":100,"INTERVAL":600},{"modelID":"b0-21-0a-47-fa-53","modelType":"Wi-SHT10","DATAS":["Temperature","Humidity"],"Temperature":22.13,"Humidity":46.3296,"TIMESTAMP":"2022-11-28T11:27:52.618Z","BATT":100,"INTERVAL":600},{"modelID":"b0-21-0a-47-fa-53","modelType":"Wi-SHT10","DATAS":["Temperature","Humidity"],"Temperature":22.27,"Humidity":47.366400000000006,"TIMESTAMP":"2022-11-28T11:17:49.627Z","BATT":100,"INTERVAL":600},{"modelID":"b0-21-0a-47-fa-53","modelType":"Wi-SHT10","DATAS":["Temperature","Humidity"],"Temperature":22.41,"Humidity":46.9056,"TIMESTAMP":"2022-11-28T11:07:37.629Z","BATT":100,"INTERVAL":600},{"modelID":"b0-21-0a-47-fa-53","modelType":"Wi-SHT10","DATAS":["Temperature","Humidity"],"Temperature":22.53,"Humidity":46.1376,"TIMESTAMP":"2022-11-28T10:57:58.657Z","BATT":100,"INTERVAL":600},{"modelID":"b0-21-0a-47-fa-53","modelType":"Wi-SHT10","DATAS":["Temperature","Humidity"],"Temperature":22.63,"Humidity":48.3648,"TIMESTAMP":"2022-11-28T10:48:03.668Z","BATT":100,"INTERVAL":600},{"modelID":"b0-21-0a-47-fa-53","modelType":"Wi-SHT10","DATAS":["Temperature","Humidity"],"Temperature":22.91,"Humidity":48.2208,"TIMESTAMP":"2022-11-28T10:37:33.684Z","BATT":100,"INTERVAL":600},{"modelID":"b0-21-0a-47-fa-53","modelType":"Wi-SHT10","DATAS":["Temperature","Humidity"],"Temperature":22.96,"Humidity":45.84,"TIMESTAMP":"2022-11-28T10:27:43.684Z","BATT":100,"INTERVAL":600},{"modelID":"b0-21-0a-47-fa-53","modelType":"Wi-SHT10","DATAS":["Temperature","Humidity"],"Temperature":23.12,"Humidity":45.4272,"TIMESTAMP":"2022-11-28T10:17:57.711Z","BATT":100,"INTERVAL":600},{"modelID":"b0-21-0a-47-fa-53","modelType":"Wi-SHT10","DATAS":["Temperature","Humidity"],"Temperature":23.39,"Humidity":47.3088,"TIMESTAMP":"2022-11-28T10:07:41.725Z","BATT":100,"INTERVAL":600},{"modelID":"b0-21-0a-47-fa-53","modelType":"Wi-SHT10","DATAS":["Temperature","Humidity"],"Temperature":23.6,"Humidity":46.3872,"TIMESTAMP":"2022-11-28T09:57:51.744Z","BATT":100,"INTERVAL":600},{"modelID":"b0-21-0a-47-fa-53","modelType":"Wi-SHT10","DATAS":["Temperature","Humidity"],"Temperature":23.73,"Humidity":47.2416,"TIMESTAMP":"2022-11-28T09:47:50.746Z","BATT":100,"INTERVAL":600},{"modelID":"b0-21-0a-47-fa-53","modelType":"Wi-SHT10","DATAS":["Temperature","Humidity"],"Temperature":23.86,"Humidity":46.8192,"TIMESTAMP":"2022-11-28T09:37:51.759Z","BATT":100,"INTERVAL":600},{"modelID":"b0-21-0a-47-fa-53","modelType":"Wi-SHT10","DATAS":["Temperature","Humidity"],"Temperature":23.94,"Humidity":49.123200000000004,"TIMESTAMP":"2022-11-28T09:27:42.797Z","BATT":100,"INTERVAL":600},{"modelID":"b0-21-0a-47-fa-53","modelType":"Wi-SHT10","DATAS":["Temperature","Humidity"],"Temperature":23.88,"Humidity":48.384,"TIMESTAMP":"2022-11-28T09:17:39.781Z","BATT":100,"INTERVAL":600},{"modelID":"b0-21-0a-47-fa-53","modelType":"Wi-SHT10","DATAS":["Temperature","Humidity"],"Temperature":23.81,"Humidity":46.224,"TIMESTAMP":"2022-11-28T09:08:01.820Z","BATT":100,"INTERVAL":600},{"modelID":"b0-21-0a-47-fa-53","modelType":"Wi-SHT10","DATAS":["Temperature","Humidity"],"Temperature":23.69,"Humidity":49.3152,"TIMESTAMP":"2022-11-28T08:57:55.820Z","BATT":100,"INTERVAL":600},{"modelID":"b0-21-0a-47-fa-53","modelType":"Wi-SHT10","DATAS":["Temperature","Humidity"],"Temperature":23.74,"Humidity":52.7136,"TIMESTAMP":"2022-11-28T08:47:41.841Z","BATT":100,"INTERVAL":600},{"modelID":"b0-21-0a-47-fa-53","modelType":"Wi-SHT10","DATAS":["Temperature","Humidity"],"Temperature":23.6,"Humidity":50.976,"TIMESTAMP":"2022-11-28T08:37:35.859Z","BATT":100,"INTERVAL":600},{"modelID":"b0-21-0a-47-fa-53","modelType":"Wi-SHT10","DATAS":["Temperature","Humidity"],"Temperature":23.79,"Humidity":52.5888,"TIMESTAMP":"2022-11-28T08:17:51.878Z","BATT":100,"INTERVAL":600},{"modelID":"b0-21-0a-47-fa-53","modelType":"Wi-SHT10","DATAS":["Temperature","Humidity"],"Temperature":23.87,"Humidity":49.3632,"TIMESTAMP":"2022-11-28T08:07:30.883Z","BATT":100,"INTERVAL":600},{"modelID":"b0-21-0a-47-fa-53","modelType":"Wi-SHT10","DATAS":["Temperature","Humidity"],"Temperature":24.36,"Humidity":49.7184,"TIMESTAMP":"2022-11-28T07:47:38.923Z","BATT":100,"INTERVAL":600},{"modelID":"b0-21-0a-47-fa-53","modelType":"Wi-SHT10","DATAS":["Temperature","Humidity"],"Temperature":24.56,"Humidity":48.1632,"TIMESTAMP":"2022-11-28T07:38:11.924Z","BATT":100,"INTERVAL":600},{"modelID":"b0-21-0a-47-fa-53","modelType":"Wi-SHT10","DATAS":["Temperature","Humidity"],"Temperature":24.96,"Humidity":49.872,"TIMESTAMP":"2022-11-28T07:27:49.945Z","BATT":100,"INTERVAL":600},{"modelID":"b0-21-0a-47-fa-53","modelType":"Wi-SHT10","DATAS":["Temperature","Humidity"],"Temperature":25.69,"Humidity":49.4016,"TIMESTAMP":"2022-11-28T07:17:35.968Z","BATT":100,"INTERVAL":600},{"modelID":"b0-21-0a-47-fa-53","modelType":"Wi-SHT10","DATAS":["Temperature","Humidity"],"Temperature":26.12,"Humidity":48.1824,"TIMESTAMP":"2022-11-28T07:07:41.987Z","BATT":100,"INTERVAL":600},{"modelID":"b0-21-0a-47-fa-53","modelType":"Wi-SHT10","DATAS":["Temperature","Humidity"],"Temperature":26.25,"Humidity":47.3184,"TIMESTAMP":"2022-11-28T06:57:54.985Z","BATT":100,"INTERVAL":600},{"modelID":"b0-21-0a-47-fa-53","modelType":"Wi-SHT10","DATAS":["Temperature","Humidity"],"Temperature":26.71,"Humidity":54.604800000000004,"TIMESTAMP":"2022-11-28T06:47:26.221Z","BATT":100,"INTERVAL":600},{"modelID":"b0-21-0a-47-fa-53","modelType":"Wi-SHT10","DATAS":["Temperature","Humidity"],"Temperature":26.89,"Humidity":47.913599999999995,"TIMESTAMP":"2022-11-28T06:38:15.021Z","BATT":100,"INTERVAL":600},{"modelID":"b0-21-0a-47-fa-53","modelType":"Wi-SHT10","DATAS":["Temperature","Humidity"],"Temperature":27.14,"Humidity":47.232,"TIMESTAMP":"2022-11-28T06:27:46.022Z","BATT":100,"INTERVAL":600},{"modelID":"b0-21-0a-47-fa-53","modelType":"Wi-SHT10","DATAS":["Temperature","Humidity"],"Temperature":27.34,"Humidity":45.024,"TIMESTAMP":"2022-11-28T06:17:50.042Z","BATT":100,"INTERVAL":600},{"modelID":"b0-21-0a-47-fa-53","modelType":"Wi-SHT10","DATAS":["Temperature","Humidity"],"Temperature":27.62,"Humidity":42.3072,"TIMESTAMP":"2022-11-28T06:07:32.053Z","BATT":100,"INTERVAL":600},{"modelID":"b0-21-0a-47-fa-53","modelType":"Wi-SHT10","DATAS":["Temperature","Humidity"],"Temperature":27.96,"Humidity":42.489599999999996,"TIMESTAMP":"2022-11-28T05:57:59.071Z","BATT":100,"INTERVAL":600},{"modelID":"b0-21-0a-47-fa-53","modelType":"Wi-SHT10","DATAS":["Temperature","Humidity"],"Temperature":27.39,"Humidity":39.4176,"TIMESTAMP":"2022-11-28T05:47:38.094Z","BATT":100,"INTERVAL":600},{"modelID":"b0-21-0a-47-fa-53","modelType":"Wi-SHT10","DATAS":["Temperature","Humidity"],"Temperature":27.4,"Humidity":43.296,"TIMESTAMP":"2022-11-28T05:37:43.098Z","BATT":100,"INTERVAL":600},{"modelID":"b0-21-0a-47-fa-53","modelType":"Wi-SHT10","DATAS":["Temperature","Humidity"],"Temperature":28.39,"Humidity":37.4784,"TIMESTAMP":"2022-11-28T05:17:28.142Z","BATT":100,"INTERVAL":600},{"modelID":"b0-21-0a-47-fa-53","modelType":"Wi-SHT10","DATAS":["Temperature","Humidity"],"Temperature":31.09,"Humidity":38.0736,"TIMESTAMP":"2022-11-28T04:57:44.149Z","BATT":100,"INTERVAL":600},{"modelID":"b0-21-0a-47-fa-53","modelType":"Wi-SHT10","DATAS":["Temperature","Humidity"],"Temperature":30.57,"Humidity":38.3328,"TIMESTAMP":"2022-11-28T04:47:32.477Z","BATT":100,"INTERVAL":600},{"modelID":"b0-21-0a-47-fa-53","modelType":"Wi-SHT10","DATAS":["Temperature","Humidity"],"Temperature":30.06,"Humidity":39.6672,"TIMESTAMP":"2022-11-28T04:37:26.170Z","BATT":100,"INTERVAL":600},{"modelID":"b0-21-0a-47-fa-53","modelType":"Wi-SHT10","DATAS":["Temperature","Humidity"],"Temperature":29.81,"Humidity":38.419200000000004,"TIMESTAMP":"2022-11-28T04:27:40.187Z","BATT":100,"INTERVAL":600},{"modelID":"b0-21-0a-47-fa-53","modelType":"Wi-SHT10","DATAS":["Temperature","Humidity"],"Temperature":29.56,"Humidity":39.196799999999996,"TIMESTAMP":"2022-11-28T04:18:01.211Z","BATT":100,"INTERVAL":600},{"modelID":"b0-21-0a-47-fa-53","modelType":"Wi-SHT10","DATAS":["Temperature","Humidity"],"Temperature":29.83,"Humidity":44.1216,"TIMESTAMP":"2022-11-28T03:48:11.255Z","BATT":100,"INTERVAL":600},{"modelID":"b0-21-0a-47-fa-53","modelType":"Wi-SHT10","DATAS":["Temperature","Humidity"],"Temperature":29.29,"Humidity":44.1408,"TIMESTAMP":"2022-11-28T03:27:45.283Z","BATT":100,"INTERVAL":600},{"modelID":"b0-21-0a-47-fa-53","modelType":"Wi-SHT10","DATAS":["Temperature","Humidity"],"Temperature":28.77,"Humidity":44.832,"TIMESTAMP":"2022-11-28T03:18:06.737Z","BATT":100,"INTERVAL":600},{"modelID":"b0-21-0a-47-fa-53","modelType":"Wi-SHT10","DATAS":["Temperature","Humidity"],"Temperature":28.2,"Humidity":49.4112,"TIMESTAMP":"2022-11-28T03:07:41.303Z","BATT":100,"INTERVAL":600},{"modelID":"b0-21-0a-47-fa-53","modelType":"Wi-SHT10","DATAS":["Temperature","Humidity"],"Temperature":27.74,"Humidity":50.0928,"TIMESTAMP":"2022-11-28T02:57:29.327Z","BATT":100,"INTERVAL":600},{"modelID":"b0-21-0a-47-fa-53","modelType":"Wi-SHT10","DATAS":["Temperature","Humidity"],"Temperature":26.97,"Humidity":53.443200000000004,"TIMESTAMP":"2022-11-28T02:47:29.334Z","BATT":100,"INTERVAL":600},{"modelID":"b0-21-0a-47-fa-53","modelType":"Wi-SHT10","DATAS":["Temperature","Humidity"],"Temperature":26.82,"Humidity":50.4864,"TIMESTAMP":"2022-11-28T02:37:33.340Z","BATT":100,"INTERVAL":600},{"modelID":"b0-21-0a-47-fa-53","modelType":"Wi-SHT10","DATAS":["Temperature","Humidity"],"Temperature":26.02,"Humidity":55.0848,"TIMESTAMP":"2022-11-28T02:17:29.388Z","BATT":100,"INTERVAL":600},{"modelID":"b0-21-0a-47-fa-53","modelType":"Wi-SHT10","DATAS":["Temperature","Humidity"],"Temperature":25.41,"Humidity":55.296,"TIMESTAMP":"2022-11-28T02:08:09.333Z","BATT":100,"INTERVAL":600},{"modelID":"b0-21-0a-47-fa-53","modelType":"Wi-SHT10","DATAS":["Temperature","Humidity"],"Temperature":24.76,"Humidity":52.4256,"TIMESTAMP":"2022-11-28T01:57:57.414Z","BATT":100,"INTERVAL":600},{"modelID":"b0-21-0a-47-fa-53","modelType":"Wi-SHT10","DATAS":["Temperature","Humidity"],"Temperature":24.46,"Humidity":55.209599999999995,"TIMESTAMP":"2022-11-28T01:47:35.686Z","BATT":100,"INTERVAL":600},{"modelID":"b0-21-0a-47-fa-53","modelType":"Wi-SHT10","DATAS":["Temperature","Humidity"],"Temperature":24.15,"Humidity":55.5072,"TIMESTAMP":"2022-11-28T01:37:57.415Z","BATT":100,"INTERVAL":600},{"modelID":"b0-21-0a-47-fa-53","modelType":"Wi-SHT10","DATAS":["Temperature","Humidity"],"Temperature":23.61,"Humidity":59.4336,"TIMESTAMP":"2022-11-28T01:28:00.448Z","BATT":100,"INTERVAL":600},{"modelID":"b0-21-0a-47-fa-53","modelType":"Wi-SHT10","DATAS":["Temperature","Humidity"],"Temperature":22.47,"Humidity":59.9904,"TIMESTAMP":"2022-11-28T01:08:02.467Z","BATT":100,"INTERVAL":600},{"modelID":"b0-21-0a-47-fa-53","modelType":"Wi-SHT10","DATAS":["Temperature","Humidity"],"Temperature":22.13,"Humidity":59.2224,"TIMESTAMP":"2022-11-28T00:57:57.491Z","BATT":100,"INTERVAL":600},{"modelID":"b0-21-0a-47-fa-53","modelType":"Wi-SHT10","DATAS":["Temperature","Humidity"],"Temperature":22.04,"Humidity":59.4816,"TIMESTAMP":"2022-11-28T00:47:40.503Z","BATT":100,"INTERVAL":600},{"modelID":"b0-21-0a-47-fa-53","modelType":"Wi-SHT10","DATAS":["Temperature","Humidity"],"Temperature":21.8,"Humidity":61.50719999999999,"TIMESTAMP":"2022-11-28T00:27:52.533Z","BATT":100,"INTERVAL":600},{"modelID":"b0-21-0a-47-fa-53","modelType":"Wi-SHT10","DATAS":["Temperature","Humidity"],"Temperature":21.71,"Humidity":57.552,"TIMESTAMP":"2022-11-28T00:17:35.543Z","BATT":100,"INTERVAL":600},{"modelID":"b0-21-0a-47-fa-53","modelType":"Wi-SHT10","DATAS":["Temperature","Humidity"],"Temperature":21.62,"Humidity":63.39840000000001,"TIMESTAMP":"2022-11-28T00:07:42.554Z","BATT":100,"INTERVAL":600},{"modelID":"b0-21-0a-47-fa-53","modelType":"Wi-SHT10","DATAS":["Temperature","Humidity"],"Temperature":21.51,"Humidity":62.70719999999999,"TIMESTAMP":"2022-11-27T23:57:43.578Z","BATT":100,"INTERVAL":600},{"modelID":"b0-21-0a-47-fa-53","modelType":"Wi-SHT10","DATAS":["Temperature","Humidity"],"Temperature":21.28,"Humidity":58.32,"TIMESTAMP":"2022-11-27T23:48:08.586Z","BATT":100,"INTERVAL":600},{"modelID":"b0-21-0a-47-fa-53","modelType":"Wi-SHT10","DATAS":["Temperature","Humidity"],"Temperature":21.09,"Humidity":58.300799999999995,"TIMESTAMP":"2022-11-27T23:38:10.597Z","BATT":100,"INTERVAL":600},{"modelID":"b0-21-0a-47-fa-53","modelType":"Wi-SHT10","DATAS":["Temperature","Humidity"],"Temperature":21.05,"Humidity":52.5408,"TIMESTAMP":"2022-11-27T23:28:10.597Z","BATT":100,"INTERVAL":600},{"modelID":"b0-21-0a-47-fa-53","modelType":"Wi-SHT10","DATAS":["Temperature","Humidity"],"Temperature":21.05,"Humidity":51.0144,"TIMESTAMP":"2022-11-27T23:18:14.616Z","BATT":100,"INTERVAL":600},{"modelID":"b0-21-0a-47-fa-53","modelType":"Wi-SHT10","DATAS":["Temperature","Humidity"],"Temperature":21.07,"Humidity":56.620799999999996,"TIMESTAMP":"2022-11-27T23:07:43.638Z","BATT":100,"INTERVAL":600},{"modelID":"b0-21-0a-47-fa-53","modelType":"Wi-SHT10","DATAS":["Temperature","Humidity"],"Temperature":21.06,"Humidity":57.715199999999996,"TIMESTAMP":"2022-11-27T22:58:10.665Z","BATT":100,"INTERVAL":600},{"modelID":"b0-21-0a-47-fa-53","modelType":"Wi-SHT10","DATAS":["Temperature","Humidity"],"Temperature":21.19,"Humidity":52.790400000000005,"TIMESTAMP":"2022-11-27T22:48:13.657Z","BATT":100,"INTERVAL":600},{"modelID":"b0-21-0a-47-fa-53","modelType":"Wi-SHT10","DATAS":["Temperature","Humidity"],"Temperature":21.33,"Humidity":54.9984,"TIMESTAMP":"2022-11-27T22:37:48.684Z","BATT":100,"INTERVAL":600},{"modelID":"b0-21-0a-47-fa-53","modelType":"Wi-SHT10","DATAS":["Temperature","Humidity"],"Temperature":21.42,"Humidity":57.4272,"TIMESTAMP":"2022-11-27T22:28:10.697Z","BATT":100,"INTERVAL":600},{"modelID":"b0-21-0a-47-fa-53","modelType":"Wi-SHT10","DATAS":["Temperature","Humidity"],"Temperature":21.38,"Humidity":56.208,"TIMESTAMP":"2022-11-27T22:17:31.696Z","BATT":100,"INTERVAL":600},{"modelID":"b0-21-0a-47-fa-53","modelType":"Wi-SHT10","DATAS":["Temperature","Humidity"],"Temperature":21.36,"Humidity":56.1888,"TIMESTAMP":"2022-11-27T22:08:11.719Z","BATT":100,"INTERVAL":600},{"modelID":"b0-21-0a-47-fa-53","modelType":"Wi-SHT10","DATAS":["Temperature","Humidity"],"Temperature":21.34,"Humidity":56.313599999999994,"TIMESTAMP":"2022-11-27T21:57:49.741Z","BATT":100,"INTERVAL":600},{"modelID":"b0-21-0a-47-fa-53","modelType":"Wi-SHT10","DATAS":["Temperature","Humidity"],"Temperature":21.35,"Humidity":54.7872,"TIMESTAMP":"2022-11-27T21:47:55.743Z","BATT":100,"INTERVAL":600},{"modelID":"b0-21-0a-47-fa-53","modelType":"Wi-SHT10","DATAS":["Temperature","Humidity"],"Temperature":21.35,"Humidity":58.0416,"TIMESTAMP":"2022-11-27T21:37:46.763Z","BATT":100,"INTERVAL":600},{"modelID":"b0-21-0a-47-fa-53","modelType":"Wi-SHT10","DATAS":["Temperature","Humidity"],"Temperature":21.32,"Humidity":61.0176,"TIMESTAMP":"2022-11-27T21:28:13.783Z","BATT":100,"INTERVAL":600},{"modelID":"b0-21-0a-47-fa-53","modelType":"Wi-SHT10","DATAS":["Temperature","Humidity"],"Temperature":21.46,"Humidity":60.7488,"TIMESTAMP":"2022-11-27T21:18:05.783Z","BATT":100,"INTERVAL":600},{"modelID":"b0-21-0a-47-fa-53","modelType":"Wi-SHT10","DATAS":["Temperature","Humidity"],"Temperature":21.38,"Humidity":59.299200000000006,"TIMESTAMP":"2022-11-27T21:08:15.803Z","BATT":100,"INTERVAL":600},{"modelID":"b0-21-0a-47-fa-53","modelType":"Wi-SHT10","DATAS":["Temperature","Humidity"],"Temperature":21.31,"Humidity":60.3456,"TIMESTAMP":"2022-11-27T20:57:26.803Z","BATT":100,"INTERVAL":600},{"modelID":"b0-21-0a-47-fa-53","modelType":"Wi-SHT10","DATAS":["Temperature","Humidity"],"Temperature":21.31,"Humidity":62.0352,"TIMESTAMP":"2022-11-27T20:48:05.840Z","BATT":100,"INTERVAL":600},{"modelID":"b0-21-0a-47-fa-53","modelType":"Wi-SHT10","DATAS":["Temperature","Humidity"],"Temperature":21.08,"Humidity":57.647999999999996,"TIMESTAMP":"2022-11-27T20:37:55.834Z","BATT":100,"INTERVAL":600},{"modelID":"b0-21-0a-47-fa-53","modelType":"Wi-SHT10","DATAS":["Temperature","Humidity"],"Temperature":21.05,"Humidity":53.913599999999995,"TIMESTAMP":"2022-11-27T20:27:29.853Z","BATT":100,"INTERVAL":600},{"modelID":"b0-21-0a-47-fa-53","modelType":"Wi-SHT10","DATAS":["Temperature","Humidity"],"Temperature":20.9,"Humidity":49.9008,"TIMESTAMP":"2022-11-27T20:17:28.873Z","BATT":100,"INTERVAL":600},{"modelID":"b0-21-0a-47-fa-53","modelType":"Wi-SHT10","DATAS":["Temperature","Humidity"],"Temperature":21.02,"Humidity":49.7184,"TIMESTAMP":"2022-11-27T20:07:42.874Z","BATT":100,"INTERVAL":600},{"modelID":"b0-21-0a-47-fa-53","modelType":"Wi-SHT10","DATAS":["Temperature","Humidity"],"Temperature":20.97,"Humidity":49.104,"TIMESTAMP":"2022-11-27T19:57:43.922Z","BATT":100,"INTERVAL":600},{"modelID":"b0-21-0a-47-fa-53","modelType":"Wi-SHT10","DATAS":["Temperature","Humidity"],"Temperature":21.06,"Humidity":50.8512,"TIMESTAMP":"2022-11-27T19:47:58.919Z","BATT":100,"INTERVAL":600},{"modelID":"b0-21-0a-47-fa-53","modelType":"Wi-SHT10","DATAS":["Temperature","Humidity"],"Temperature":21.11,"Humidity":53.5008,"TIMESTAMP":"2022-11-27T19:37:52.918Z","BATT":100,"INTERVAL":600},{"modelID":"b0-21-0a-47-fa-53","modelType":"Wi-SHT10","DATAS":["Temperature","Humidity"],"Temperature":21.11,"Humidity":50.3712,"TIMESTAMP":"2022-11-27T19:28:03.954Z","BATT":100,"INTERVAL":600},{"modelID":"b0-21-0a-47-fa-53","modelType":"Wi-SHT10","DATAS":["Temperature","Humidity"],"Temperature":21.18,"Humidity":48.432,"TIMESTAMP":"2022-11-27T19:18:02.957Z","BATT":100,"INTERVAL":600},{"modelID":"b0-21-0a-47-fa-53","modelType":"Wi-SHT10","DATAS":["Temperature","Humidity"],"Temperature":21.36,"Humidity":49.967999999999996,"TIMESTAMP":"2022-11-27T19:08:03.965Z","BATT":100,"INTERVAL":600},{"modelID":"b0-21-0a-47-fa-53","modelType":"Wi-SHT10","DATAS":["Temperature","Humidity"],"Temperature":21.28,"Humidity":52.953599999999994,"TIMESTAMP":"2022-11-27T18:57:48.979Z","BATT":100,"INTERVAL":600},{"modelID":"b0-21-0a-47-fa-53","modelType":"Wi-SHT10","DATAS":["Temperature","Humidity"],"Temperature":21.42,"Humidity":52.272000000000006,"TIMESTAMP":"2022-11-27T18:47:52.000Z","BATT":100,"INTERVAL":600},{"modelID":"b0-21-0a-47-fa-53","modelType":"Wi-SHT10","DATAS":["Temperature","Humidity"],"Temperature":21.52,"Humidity":55.9392,"TIMESTAMP":"2022-11-27T18:37:40.013Z","BATT":100,"INTERVAL":600},{"modelID":"b0-21-0a-47-fa-53","modelType":"Wi-SHT10","DATAS":["Temperature","Humidity"],"Temperature":21.55,"Humidity":52.435199999999995,"TIMESTAMP":"2022-11-27T18:27:33.020Z","BATT":100,"INTERVAL":600},{"modelID":"b0-21-0a-47-fa-53","modelType":"Wi-SHT10","DATAS":["Temperature","Humidity"],"Temperature":21.77,"Humidity":54.528,"TIMESTAMP":"2022-11-27T18:17:49.022Z","BATT":100,"INTERVAL":600},{"modelID":"b0-21-0a-47-fa-53","modelType":"Wi-SHT10","DATAS":["Temperature","Humidity"],"Temperature":21.82,"Humidity":56.284800000000004,"TIMESTAMP":"2022-11-27T18:08:16.054Z","BATT":100,"INTERVAL":600},{"modelID":"b0-21-0a-47-fa-53","modelType":"Wi-SHT10","DATAS":["Temperature","Humidity"],"Temperature":21.8,"Humidity":58.704,"TIMESTAMP":"2022-11-27T17:57:45.054Z","BATT":100,"INTERVAL":600},{"modelID":"b0-21-0a-47-fa-53","modelType":"Wi-SHT10","DATAS":["Temperature","Humidity"],"Temperature":21.75,"Humidity":53.2512,"TIMESTAMP":"2022-11-27T17:47:42.062Z","BATT":100,"INTERVAL":600},{"modelID":"b0-21-0a-47-fa-53","modelType":"Wi-SHT10","DATAS":["Temperature","Humidity"],"Temperature":21.82,"Humidity":55.2192,"TIMESTAMP":"2022-11-27T17:38:04.095Z","BATT":100,"INTERVAL":600},{"modelID":"b0-21-0a-47-fa-53","modelType":"Wi-SHT10","DATAS":["Temperature","Humidity"],"Temperature":21.89,"Humidity":57.407999999999994,"TIMESTAMP":"2022-11-27T17:28:03.094Z","BATT":100,"INTERVAL":600},{"modelID":"b0-21-0a-47-fa-53","modelType":"Wi-SHT10","DATAS":["Temperature","Humidity"],"Temperature":21.83,"Humidity":58.2432,"TIMESTAMP":"2022-11-27T17:17:44.114Z","BATT":100,"INTERVAL":600},{"modelID":"b0-21-0a-47-fa-53","modelType":"Wi-SHT10","DATAS":["Temperature","Humidity"],"Temperature":21.9,"Humidity":57.263999999999996,"TIMESTAMP":"2022-11-27T17:07:37.142Z","BATT":100,"INTERVAL":600},{"modelID":"b0-21-0a-47-fa-53","modelType":"Wi-SHT10","DATAS":["Temperature","Humidity"],"Temperature":21.95,"Humidity":57.916799999999995,"TIMESTAMP":"2022-11-27T16:58:12.157Z","BATT":100,"INTERVAL":600},{"modelID":"b0-21-0a-47-fa-53","modelType":"Wi-SHT10","DATAS":["Temperature","Humidity"],"Temperature":21.89,"Humidity":58.3776,"TIMESTAMP":"2022-11-27T16:47:59.157Z","BATT":100,"INTERVAL":600},{"modelID":"b0-21-0a-47-fa-53","modelType":"Wi-SHT10","DATAS":["Temperature","Humidity"],"Temperature":21.58,"Humidity":55.2288,"TIMESTAMP":"2022-11-27T16:18:09.216Z","BATT":100,"INTERVAL":600},{"modelID":"b0-21-0a-47-fa-53","modelType":"Wi-SHT10","DATAS":["Temperature","Humidity"],"Temperature":21.6,"Humidity":53.1168,"TIMESTAMP":"2022-11-27T16:08:13.196Z","BATT":100,"INTERVAL":600}],"DAYHOURS":["21","20","19","18","17","16","15","14","13","12","11","10","9","8","7","6","5","4","3","2","1","0"]}