{"SENSORNAME":"CLEAN ROOM DB","SENSORTYPE":"PWRMTR(485)","DTUID":"101","SENSORID":3,"PWRMTR0":"182904","PWRMTR1":"4148","DAYDATA":[{"DTUID":"101","SENSORID":3,"FUNCID":3,"NDATA":2,"SENSORTYPE":"PWR-METER-POWER","RCV_BYTES":["0117","16E0"],"DATAS":[279,5856],"DATAS1":[],"DATAS2":[],"TIMESTAMP":"2022-11-28T11:56:41.328Z"},{"DTUID":"101","SENSORID":3,"FUNCID":3,"NDATA":2,"SENSORTYPE":"PWR-METER-POWER","RCV_BYTES":["0117","1078"],"DATAS":[279,4216],"DATAS1":[],"DATAS2":[],"TIMESTAMP":"2022-11-28T11:26:12.728Z"},{"DTUID":"101","SENSORID":3,"FUNCID":3,"NDATA":2,"SENSORTYPE":"PWR-METER-POWER","RCV_BYTES":["0117","0C18"],"DATAS":[279,3096],"DATAS1":[],"DATAS2":[],"TIMESTAMP":"2022-11-28T11:06:18.496Z"},{"DTUID":"101","SENSORID":3,"FUNCID":3,"NDATA":2,"SENSORTYPE":"PWR-METER-POWER","RCV_BYTES":["0116","FEF8"],"DATAS":[278,-264],"DATAS1":[],"DATAS2":[],"TIMESTAMP":"2022-11-28T10:06:07.206Z"},{"DTUID":"101","SENSORID":3,"FUNCID":3,"NDATA":2,"SENSORTYPE":"PWR-METER-POWER","RCV_BYTES":["0116","F1D8"],"DATAS":[278,-3624],"DATAS1":[],"DATAS2":[],"TIMESTAMP":"2022-11-28T09:06:01.528Z"},{"DTUID":"101","SENSORID":3,"FUNCID":3,"NDATA":2,"SENSORTYPE":"PWR-METER-POWER","RCV_BYTES":["0116","E9B8"],"DATAS":[278,-5704],"DATAS1":[],"DATAS2":[],"TIMESTAMP":"2022-11-28T08:29:34.497Z"},{"DTUID":"101","SENSORID":3,"FUNCID":3,"NDATA":2,"SENSORTYPE":"PWR-METER-POWER","RCV_BYTES":["0116","C140"],"DATAS":[278,-16064],"DATAS1":[],"DATAS2":[],"TIMESTAMP":"2022-11-28T05:29:18.454Z"},{"DTUID":"101","SENSORID":3,"FUNCID":3,"NDATA":2,"SENSORTYPE":"PWR-METER-POWER","RCV_BYTES":["0116","B790"],"DATAS":[278,-18544],"DATAS1":[],"DATAS2":[],"TIMESTAMP":"2022-11-28T04:49:10.928Z"},{"DTUID":"101","SENSORID":3,"FUNCID":3,"NDATA":2,"SENSORTYPE":"PWR-METER-POWER","RCV_BYTES":["0116","6588"],"DATAS":[278,25992],"DATAS1":[],"DATAS2":[],"TIMESTAMP":"2022-11-27T22:35:19.936Z"},{"DTUID":"101","SENSORID":3,"FUNCID":3,"NDATA":2,"SENSORTYPE":"PWR-METER-POWER","RCV_BYTES":["0116","6150"],"DATAS":[278,24912],"DATAS1":[],"DATAS2":[],"TIMESTAMP":"2022-11-27T22:15:19.576Z"},{"DTUID":"101","SENSORID":3,"FUNCID":3,"NDATA":2,"SENSORTYPE":"PWR-METER-POWER","RCV_BYTES":["0116","54D0"],"DATAS":[278,21712],"DATAS1":[],"DATAS2":[],"TIMESTAMP":"2022-11-27T21:15:18.062Z"},{"DTUID":"101","SENSORID":3,"FUNCID":3,"NDATA":2,"SENSORTYPE":"PWR-METER-POWER","RCV_BYTES":["0116","4C88"],"DATAS":[278,19592],"DATAS1":[],"DATAS2":[],"TIMESTAMP":"2022-11-27T20:35:09.661Z"},{"DTUID":"101","SENSORID":3,"FUNCID":3,"NDATA":2,"SENSORTYPE":"PWR-METER-POWER","RCV_BYTES":["0116","3C20"],"DATAS":[278,15392],"DATAS1":[],"DATAS2":[],"TIMESTAMP":"2022-11-27T19:15:04.636Z"},{"DTUID":"101","SENSORID":3,"FUNCID":3,"NDATA":2,"SENSORTYPE":"PWR-METER-POWER","RCV_BYTES":["0116","2708"],"DATAS":[278,9992],"DATAS1":[],"DATAS2":[],"TIMESTAMP":"2022-11-27T17:34:57.754Z"},{"DTUID":"101","SENSORID":3,"FUNCID":3,"NDATA":2,"SENSORTYPE":"PWR-METER-POWER","RCV_BYTES":["0116","22D0"],"DATAS":[278,8912],"DATAS1":[],"DATAS2":[],"TIMESTAMP":"2022-11-27T17:14:55.994Z"}],"DAYHOURS":["19","18","17","16","13","12","6","5","4","3","1"],"MNTH-2022_11":"182904","WK48":"182904","WK47":"178272","WK46":"172529","WK45":"166898","WK44":"161328","MNTH-2022_10":"160444","WK43":"155466","WK42":"148329","WK41":"143029","WK40":"136388","MNTH-2022_9":"132952","WK39":"129948","WK38":"123353","WK37":"116075","WK36":"111190","MNTH-2022_8":"105491","WK35":"104534","WK34":"97881","WK33":"91044","WK32":"84010","WK31":"78171","MNTH-2022_7":"76265","WK30":"72208","WK29":"66244","WK28":"59969","WK27":"54295","MNTH-2022_6":"49722","WK26":"47987","WK25":"41652","WK24":"35458","WK23":"29959","MNTH-2022_5":"24176","WK22":"24176","WK21":"17901","WK20":"11956","WK19":"5610"}