{"SENSORNAME":"RMS","SENSORTYPE":"WISENSOR","DTUID":"-1","SENSORID":"B0-F8-97-C3-7C-87","DATE0":"2022-11-28T13:01:55.899Z","DATE1":"2021-04-19T16:32:56.692Z","DAYDATA":[{"modelID":"b0-f8-97-c3-7c-87","modelType":"Wi-SHT10","DATAS":["Temperature","Humidity"],"Temperature":23.85,"Humidity":60.7488,"TIMESTAMP":"2022-11-28T13:01:55.899Z","BATT":100,"INTERVAL":600},{"modelID":"b0-f8-97-c3-7c-87","modelType":"Wi-SHT10","DATAS":["Temperature","Humidity"],"Temperature":23.89,"Humidity":60.9216,"TIMESTAMP":"2022-11-28T12:41:39.189Z","BATT":100,"INTERVAL":600},{"modelID":"b0-f8-97-c3-7c-87","modelType":"Wi-SHT10","DATAS":["Temperature","Humidity"],"Temperature":23.91,"Humidity":61.872,"TIMESTAMP":"2022-11-28T12:31:44.940Z","BATT":100,"INTERVAL":600},{"modelID":"b0-f8-97-c3-7c-87","modelType":"Wi-SHT10","DATAS":["Temperature","Humidity"],"Temperature":23.94,"Humidity":60.864,"TIMESTAMP":"2022-11-28T12:21:37.416Z","BATT":100,"INTERVAL":600},{"modelID":"b0-f8-97-c3-7c-87","modelType":"Wi-SHT10","DATAS":["Temperature","Humidity"],"Temperature":23.99,"Humidity":61.459199999999996,"TIMESTAMP":"2022-11-28T12:11:12.966Z","BATT":100,"INTERVAL":600},{"modelID":"b0-f8-97-c3-7c-87","modelType":"Wi-SHT10","DATAS":["Temperature","Humidity"],"Temperature":23.99,"Humidity":61.651199999999996,"TIMESTAMP":"2022-11-28T12:01:46.958Z","BATT":100,"INTERVAL":600},{"modelID":"b0-f8-97-c3-7c-87","modelType":"Wi-SHT10","DATAS":["Temperature","Humidity"],"Temperature":24.04,"Humidity":59.9328,"TIMESTAMP":"2022-11-28T11:51:59.988Z","BATT":100,"INTERVAL":600},{"modelID":"b0-f8-97-c3-7c-87","modelType":"Wi-SHT10","DATAS":["Temperature","Humidity"],"Temperature":24.12,"Humidity":59.8464,"TIMESTAMP":"2022-11-28T11:41:11.987Z","BATT":100,"INTERVAL":600},{"modelID":"b0-f8-97-c3-7c-87","modelType":"Wi-SHT10","DATAS":["Temperature","Humidity"],"Temperature":24.2,"Humidity":60.9024,"TIMESTAMP":"2022-11-28T11:31:33.173Z","BATT":100,"INTERVAL":600},{"modelID":"b0-f8-97-c3-7c-87","modelType":"Wi-SHT10","DATAS":["Temperature","Humidity"],"Temperature":24.22,"Humidity":60.4032,"TIMESTAMP":"2022-11-28T11:21:26.010Z","BATT":100,"INTERVAL":600},{"modelID":"b0-f8-97-c3-7c-87","modelType":"Wi-SHT10","DATAS":["Temperature","Humidity"],"Temperature":24.32,"Humidity":59.5488,"TIMESTAMP":"2022-11-28T11:11:42.009Z","BATT":100,"INTERVAL":600},{"modelID":"b0-f8-97-c3-7c-87","modelType":"Wi-SHT10","DATAS":["Temperature","Humidity"],"Temperature":24.39,"Humidity":58.512,"TIMESTAMP":"2022-11-28T11:01:41.029Z","BATT":100,"INTERVAL":600},{"modelID":"b0-f8-97-c3-7c-87","modelType":"Wi-SHT10","DATAS":["Temperature","Humidity"],"Temperature":24.41,"Humidity":58.3968,"TIMESTAMP":"2022-11-28T10:51:50.029Z","BATT":100,"INTERVAL":600},{"modelID":"b0-f8-97-c3-7c-87","modelType":"Wi-SHT10","DATAS":["Temperature","Humidity"],"Temperature":24.5,"Humidity":56.7648,"TIMESTAMP":"2022-11-28T10:41:28.056Z","BATT":100,"INTERVAL":600},{"modelID":"b0-f8-97-c3-7c-87","modelType":"Wi-SHT10","DATAS":["Temperature","Humidity"],"Temperature":24.58,"Humidity":60.3744,"TIMESTAMP":"2022-11-28T10:31:35.065Z","BATT":100,"INTERVAL":600},{"modelID":"b0-f8-97-c3-7c-87","modelType":"Wi-SHT10","DATAS":["Temperature","Humidity"],"Temperature":24.61,"Humidity":62.179199999999994,"TIMESTAMP":"2022-11-28T10:21:48.064Z","BATT":100,"INTERVAL":600},{"modelID":"b0-f8-97-c3-7c-87","modelType":"Wi-SHT10","DATAS":["Temperature","Humidity"],"Temperature":24.82,"Humidity":60.2784,"TIMESTAMP":"2022-11-28T10:11:56.086Z","BATT":100,"INTERVAL":600},{"modelID":"b0-f8-97-c3-7c-87","modelType":"Wi-SHT10","DATAS":["Temperature","Humidity"],"Temperature":24.83,"Humidity":61.958400000000005,"TIMESTAMP":"2022-11-28T10:01:52.085Z","BATT":100,"INTERVAL":600},{"modelID":"b0-f8-97-c3-7c-87","modelType":"Wi-SHT10","DATAS":["Temperature","Humidity"],"Temperature":24.79,"Humidity":62.16,"TIMESTAMP":"2022-11-28T09:51:13.084Z","BATT":100,"INTERVAL":600},{"modelID":"b0-f8-97-c3-7c-87","modelType":"Wi-SHT10","DATAS":["Temperature","Humidity"],"Temperature":24.67,"Humidity":63.2064,"TIMESTAMP":"2022-11-28T09:41:49.104Z","BATT":100,"INTERVAL":600},{"modelID":"b0-f8-97-c3-7c-87","modelType":"Wi-SHT10","DATAS":["Temperature","Humidity"],"Temperature":24.76,"Humidity":61.190400000000004,"TIMESTAMP":"2022-11-28T09:31:30.127Z","BATT":100,"INTERVAL":600},{"modelID":"b0-f8-97-c3-7c-87","modelType":"Wi-SHT10","DATAS":["Temperature","Humidity"],"Temperature":24.8,"Humidity":65.1168,"TIMESTAMP":"2022-11-28T09:21:39.121Z","BATT":100,"INTERVAL":600},{"modelID":"b0-f8-97-c3-7c-87","modelType":"Wi-SHT10","DATAS":["Temperature","Humidity"],"Temperature":24.83,"Humidity":58.8672,"TIMESTAMP":"2022-11-28T09:11:26.148Z","BATT":100,"INTERVAL":600},{"modelID":"b0-f8-97-c3-7c-87","modelType":"Wi-SHT10","DATAS":["Temperature","Humidity"],"Temperature":24.75,"Humidity":60.1248,"TIMESTAMP":"2022-11-28T09:01:50.158Z","BATT":100,"INTERVAL":600},{"modelID":"b0-f8-97-c3-7c-87","modelType":"Wi-SHT10","DATAS":["Temperature","Humidity"],"Temperature":24.5,"Humidity":59.712,"TIMESTAMP":"2022-11-28T08:51:51.180Z","BATT":100,"INTERVAL":600},{"modelID":"b0-f8-97-c3-7c-87","modelType":"Wi-SHT10","DATAS":["Temperature","Humidity"],"Temperature":24.47,"Humidity":59.366400000000006,"TIMESTAMP":"2022-11-28T08:41:50.157Z","BATT":100,"INTERVAL":600},{"modelID":"b0-f8-97-c3-7c-87","modelType":"Wi-SHT10","DATAS":["Temperature","Humidity"],"Temperature":24.5,"Humidity":58.032000000000004,"TIMESTAMP":"2022-11-28T08:31:32.171Z","BATT":100,"INTERVAL":600},{"modelID":"b0-f8-97-c3-7c-87","modelType":"Wi-SHT10","DATAS":["Temperature","Humidity"],"Temperature":24.45,"Humidity":57.3984,"TIMESTAMP":"2022-11-28T08:21:56.180Z","BATT":100,"INTERVAL":600},{"modelID":"b0-f8-97-c3-7c-87","modelType":"Wi-SHT10","DATAS":["Temperature","Humidity"],"Temperature":24.41,"Humidity":57.0816,"TIMESTAMP":"2022-11-28T08:11:26.165Z","BATT":100,"INTERVAL":600},{"modelID":"b0-f8-97-c3-7c-87","modelType":"Wi-SHT10","DATAS":["Temperature","Humidity"],"Temperature":24.44,"Humidity":59.059200000000004,"TIMESTAMP":"2022-11-28T08:01:42.215Z","BATT":100,"INTERVAL":600},{"modelID":"b0-f8-97-c3-7c-87","modelType":"Wi-SHT10","DATAS":["Temperature","Humidity"],"Temperature":24.39,"Humidity":58.358399999999996,"TIMESTAMP":"2022-11-28T07:51:24.223Z","BATT":100,"INTERVAL":600},{"modelID":"b0-f8-97-c3-7c-87","modelType":"Wi-SHT10","DATAS":["Temperature","Humidity"],"Temperature":24.49,"Humidity":57.1584,"TIMESTAMP":"2022-11-28T07:41:14.223Z","BATT":100,"INTERVAL":600},{"modelID":"b0-f8-97-c3-7c-87","modelType":"Wi-SHT10","DATAS":["Temperature","Humidity"],"Temperature":24.54,"Humidity":59.136,"TIMESTAMP":"2022-11-28T07:31:56.251Z","BATT":100,"INTERVAL":600},{"modelID":"b0-f8-97-c3-7c-87","modelType":"Wi-SHT10","DATAS":["Temperature","Humidity"],"Temperature":24.65,"Humidity":58.876799999999996,"TIMESTAMP":"2022-11-28T07:22:01.022Z","BATT":100,"INTERVAL":600},{"modelID":"b0-f8-97-c3-7c-87","modelType":"Wi-SHT10","DATAS":["Temperature","Humidity"],"Temperature":24.72,"Humidity":58.9152,"TIMESTAMP":"2022-11-28T07:11:27.263Z","BATT":100,"INTERVAL":600},{"modelID":"b0-f8-97-c3-7c-87","modelType":"Wi-SHT10","DATAS":["Temperature","Humidity"],"Temperature":24.73,"Humidity":57.2256,"TIMESTAMP":"2022-11-28T07:01:30.260Z","BATT":100,"INTERVAL":600},{"modelID":"b0-f8-97-c3-7c-87","modelType":"Wi-SHT10","DATAS":["Temperature","Humidity"],"Temperature":24.8,"Humidity":59.4912,"TIMESTAMP":"2022-11-28T06:51:54.280Z","BATT":100,"INTERVAL":600},{"modelID":"b0-f8-97-c3-7c-87","modelType":"Wi-SHT10","DATAS":["Temperature","Humidity"],"Temperature":24.86,"Humidity":58.9056,"TIMESTAMP":"2022-11-28T06:41:19.284Z","BATT":100,"INTERVAL":600},{"modelID":"b0-f8-97-c3-7c-87","modelType":"Wi-SHT10","DATAS":["Temperature","Humidity"],"Temperature":24.68,"Humidity":60.739200000000004,"TIMESTAMP":"2022-11-28T06:31:24.312Z","BATT":100,"INTERVAL":600},{"modelID":"b0-f8-97-c3-7c-87","modelType":"Wi-SHT10","DATAS":["Temperature","Humidity"],"Temperature":24.67,"Humidity":63.139199999999995,"TIMESTAMP":"2022-11-28T06:21:55.300Z","BATT":100,"INTERVAL":600},{"modelID":"b0-f8-97-c3-7c-87","modelType":"Wi-SHT10","DATAS":["Temperature","Humidity"],"Temperature":24.7,"Humidity":63.6192,"TIMESTAMP":"2022-11-28T06:11:47.321Z","BATT":100,"INTERVAL":600},{"modelID":"b0-f8-97-c3-7c-87","modelType":"Wi-SHT10","DATAS":["Temperature","Humidity"],"Temperature":24.77,"Humidity":64.0224,"TIMESTAMP":"2022-11-28T06:01:26.335Z","BATT":100,"INTERVAL":600},{"modelID":"b0-f8-97-c3-7c-87","modelType":"Wi-SHT10","DATAS":["Temperature","Humidity"],"Temperature":24.78,"Humidity":62.4864,"TIMESTAMP":"2022-11-28T05:51:27.336Z","BATT":100,"INTERVAL":600},{"modelID":"b0-f8-97-c3-7c-87","modelType":"Wi-SHT10","DATAS":["Temperature","Humidity"],"Temperature":24.8,"Humidity":62.409600000000005,"TIMESTAMP":"2022-11-28T05:41:55.351Z","BATT":100,"INTERVAL":600},{"modelID":"b0-f8-97-c3-7c-87","modelType":"Wi-SHT10","DATAS":["Temperature","Humidity"],"Temperature":24.77,"Humidity":62.1312,"TIMESTAMP":"2022-11-28T05:31:40.353Z","BATT":100,"INTERVAL":600},{"modelID":"b0-f8-97-c3-7c-87","modelType":"Wi-SHT10","DATAS":["Temperature","Humidity"],"Temperature":25.16,"Humidity":55.8912,"TIMESTAMP":"2022-11-28T05:21:14.372Z","BATT":100,"INTERVAL":600},{"modelID":"b0-f8-97-c3-7c-87","modelType":"Wi-SHT10","DATAS":["Temperature","Humidity"],"Temperature":25.23,"Humidity":57.1488,"TIMESTAMP":"2022-11-28T05:11:56.381Z","BATT":100,"INTERVAL":600},{"modelID":"b0-f8-97-c3-7c-87","modelType":"Wi-SHT10","DATAS":["Temperature","Humidity"],"Temperature":25.23,"Humidity":57.0528,"TIMESTAMP":"2022-11-28T05:01:47.408Z","BATT":100,"INTERVAL":600},{"modelID":"b0-f8-97-c3-7c-87","modelType":"Wi-SHT10","DATAS":["Temperature","Humidity"],"Temperature":25.12,"Humidity":57.3696,"TIMESTAMP":"2022-11-28T04:51:50.410Z","BATT":100,"INTERVAL":600},{"modelID":"b0-f8-97-c3-7c-87","modelType":"Wi-SHT10","DATAS":["Temperature","Humidity"],"Temperature":25.15,"Humidity":59.7504,"TIMESTAMP":"2022-11-28T04:41:50.410Z","BATT":100,"INTERVAL":600},{"modelID":"b0-f8-97-c3-7c-87","modelType":"Wi-SHT10","DATAS":["Temperature","Humidity"],"Temperature":25.08,"Humidity":59.1744,"TIMESTAMP":"2022-11-28T04:31:13.410Z","BATT":100,"INTERVAL":600},{"modelID":"b0-f8-97-c3-7c-87","modelType":"Wi-SHT10","DATAS":["Temperature","Humidity"],"Temperature":24.96,"Humidity":59.884800000000006,"TIMESTAMP":"2022-11-28T04:21:58.422Z","BATT":100,"INTERVAL":600},{"modelID":"b0-f8-97-c3-7c-87","modelType":"Wi-SHT10","DATAS":["Temperature","Humidity"],"Temperature":24.85,"Humidity":62.25599999999999,"TIMESTAMP":"2022-11-28T04:11:43.437Z","BATT":100,"INTERVAL":600},{"modelID":"b0-f8-97-c3-7c-87","modelType":"Wi-SHT10","DATAS":["Temperature","Humidity"],"Temperature":24.63,"Humidity":60.4608,"TIMESTAMP":"2022-11-28T03:51:22.457Z","BATT":100,"INTERVAL":600},{"modelID":"b0-f8-97-c3-7c-87","modelType":"Wi-SHT10","DATAS":["Temperature","Humidity"],"Temperature":24.32,"Humidity":64.0896,"TIMESTAMP":"2022-11-28T03:31:33.488Z","BATT":100,"INTERVAL":600},{"modelID":"b0-f8-97-c3-7c-87","modelType":"Wi-SHT10","DATAS":["Temperature","Humidity"],"Temperature":24.33,"Humidity":63.2256,"TIMESTAMP":"2022-11-28T03:11:50.505Z","BATT":100,"INTERVAL":600},{"modelID":"b0-f8-97-c3-7c-87","modelType":"Wi-SHT10","DATAS":["Temperature","Humidity"],"Temperature":24.27,"Humidity":64.944,"TIMESTAMP":"2022-11-28T03:01:33.943Z","BATT":100,"INTERVAL":600},{"modelID":"b0-f8-97-c3-7c-87","modelType":"Wi-SHT10","DATAS":["Temperature","Humidity"],"Temperature":24.29,"Humidity":65.6832,"TIMESTAMP":"2022-11-28T02:51:32.520Z","BATT":100,"INTERVAL":600},{"modelID":"b0-f8-97-c3-7c-87","modelType":"Wi-SHT10","DATAS":["Temperature","Humidity"],"Temperature":24.22,"Humidity":66.144,"TIMESTAMP":"2022-11-28T02:41:50.872Z","BATT":100,"INTERVAL":600},{"modelID":"b0-f8-97-c3-7c-87","modelType":"Wi-SHT10","DATAS":["Temperature","Humidity"],"Temperature":24.24,"Humidity":65.6928,"TIMESTAMP":"2022-11-28T02:31:18.603Z","BATT":100,"INTERVAL":600},{"modelID":"b0-f8-97-c3-7c-87","modelType":"Wi-SHT10","DATAS":["Temperature","Humidity"],"Temperature":24.15,"Humidity":67.82400000000001,"TIMESTAMP":"2022-11-28T02:22:00.558Z","BATT":100,"INTERVAL":600},{"modelID":"b0-f8-97-c3-7c-87","modelType":"Wi-SHT10","DATAS":["Temperature","Humidity"],"Temperature":24.12,"Humidity":68.51520000000001,"TIMESTAMP":"2022-11-28T02:11:41.915Z","BATT":100,"INTERVAL":600},{"modelID":"b0-f8-97-c3-7c-87","modelType":"Wi-SHT10","DATAS":["Temperature","Humidity"],"Temperature":24.06,"Humidity":66.03840000000001,"TIMESTAMP":"2022-11-28T02:01:37.579Z","BATT":100,"INTERVAL":600},{"modelID":"b0-f8-97-c3-7c-87","modelType":"Wi-SHT10","DATAS":["Temperature","Humidity"],"Temperature":23.99,"Humidity":66.336,"TIMESTAMP":"2022-11-28T01:41:27.587Z","BATT":100,"INTERVAL":600},{"modelID":"b0-f8-97-c3-7c-87","modelType":"Wi-SHT10","DATAS":["Temperature","Humidity"],"Temperature":23.96,"Humidity":65.9904,"TIMESTAMP":"2022-11-28T01:22:02.209Z","BATT":100,"INTERVAL":600},{"modelID":"b0-f8-97-c3-7c-87","modelType":"Wi-SHT10","DATAS":["Temperature","Humidity"],"Temperature":24.02,"Humidity":62.803200000000004,"TIMESTAMP":"2022-11-28T01:01:36.222Z","BATT":100,"INTERVAL":600},{"modelID":"b0-f8-97-c3-7c-87","modelType":"Wi-SHT10","DATAS":["Temperature","Humidity"],"Temperature":24.11,"Humidity":63.7536,"TIMESTAMP":"2022-11-28T00:51:31.644Z","BATT":100,"INTERVAL":600},{"modelID":"b0-f8-97-c3-7c-87","modelType":"Wi-SHT10","DATAS":["Temperature","Humidity"],"Temperature":24.16,"Humidity":65.088,"TIMESTAMP":"2022-11-28T00:41:35.643Z","BATT":100,"INTERVAL":600},{"modelID":"b0-f8-97-c3-7c-87","modelType":"Wi-SHT10","DATAS":["Temperature","Humidity"],"Temperature":24.16,"Humidity":65.5008,"TIMESTAMP":"2022-11-28T00:31:12.654Z","BATT":100,"INTERVAL":600},{"modelID":"b0-f8-97-c3-7c-87","modelType":"Wi-SHT10","DATAS":["Temperature","Humidity"],"Temperature":24.14,"Humidity":67.92,"TIMESTAMP":"2022-11-28T00:21:47.674Z","BATT":100,"INTERVAL":600},{"modelID":"b0-f8-97-c3-7c-87","modelType":"Wi-SHT10","DATAS":["Temperature","Humidity"],"Temperature":24.07,"Humidity":66.96,"TIMESTAMP":"2022-11-28T00:11:36.673Z","BATT":100,"INTERVAL":600},{"modelID":"b0-f8-97-c3-7c-87","modelType":"Wi-SHT10","DATAS":["Temperature","Humidity"],"Temperature":23.96,"Humidity":67.0272,"TIMESTAMP":"2022-11-28T00:01:51.695Z","BATT":100,"INTERVAL":600},{"modelID":"b0-f8-97-c3-7c-87","modelType":"Wi-SHT10","DATAS":["Temperature","Humidity"],"Temperature":23.89,"Humidity":67.1328,"TIMESTAMP":"2022-11-27T23:51:55.704Z","BATT":100,"INTERVAL":600},{"modelID":"b0-f8-97-c3-7c-87","modelType":"Wi-SHT10","DATAS":["Temperature","Humidity"],"Temperature":23.86,"Humidity":67.82400000000001,"TIMESTAMP":"2022-11-27T23:41:36.718Z","BATT":100,"INTERVAL":600},{"modelID":"b0-f8-97-c3-7c-87","modelType":"Wi-SHT10","DATAS":["Temperature","Humidity"],"Temperature":23.85,"Humidity":70.38719999999999,"TIMESTAMP":"2022-11-27T23:31:52.710Z","BATT":100,"INTERVAL":600},{"modelID":"b0-f8-97-c3-7c-87","modelType":"Wi-SHT10","DATAS":["Temperature","Humidity"],"Temperature":23.78,"Humidity":69.3792,"TIMESTAMP":"2022-11-27T23:21:56.735Z","BATT":100,"INTERVAL":600},{"modelID":"b0-f8-97-c3-7c-87","modelType":"Wi-SHT10","DATAS":["Temperature","Humidity"],"Temperature":23.67,"Humidity":64.992,"TIMESTAMP":"2022-11-27T23:11:34.736Z","BATT":100,"INTERVAL":600},{"modelID":"b0-f8-97-c3-7c-87","modelType":"Wi-SHT10","DATAS":["Temperature","Humidity"],"Temperature":23.57,"Humidity":63.1104,"TIMESTAMP":"2022-11-27T23:01:34.757Z","BATT":100,"INTERVAL":600},{"modelID":"b0-f8-97-c3-7c-87","modelType":"Wi-SHT10","DATAS":["Temperature","Humidity"],"Temperature":23.57,"Humidity":62.745599999999996,"TIMESTAMP":"2022-11-27T22:51:15.759Z","BATT":100,"INTERVAL":600},{"modelID":"b0-f8-97-c3-7c-87","modelType":"Wi-SHT10","DATAS":["Temperature","Humidity"],"Temperature":23.56,"Humidity":61.9968,"TIMESTAMP":"2022-11-27T22:41:31.776Z","BATT":100,"INTERVAL":600},{"modelID":"b0-f8-97-c3-7c-87","modelType":"Wi-SHT10","DATAS":["Temperature","Humidity"],"Temperature":23.59,"Humidity":62.140800000000006,"TIMESTAMP":"2022-11-27T22:31:12.799Z","BATT":100,"INTERVAL":600},{"modelID":"b0-f8-97-c3-7c-87","modelType":"Wi-SHT10","DATAS":["Temperature","Humidity"],"Temperature":23.61,"Humidity":62.0736,"TIMESTAMP":"2022-11-27T22:21:21.797Z","BATT":100,"INTERVAL":600},{"modelID":"b0-f8-97-c3-7c-87","modelType":"Wi-SHT10","DATAS":["Temperature","Humidity"],"Temperature":23.58,"Humidity":61.92960000000001,"TIMESTAMP":"2022-11-27T22:11:49.805Z","BATT":100,"INTERVAL":600},{"modelID":"b0-f8-97-c3-7c-87","modelType":"Wi-SHT10","DATAS":["Temperature","Humidity"],"Temperature":23.59,"Humidity":62.236799999999995,"TIMESTAMP":"2022-11-27T22:01:30.817Z","BATT":100,"INTERVAL":600},{"modelID":"b0-f8-97-c3-7c-87","modelType":"Wi-SHT10","DATAS":["Temperature","Humidity"],"Temperature":23.65,"Humidity":63.12,"TIMESTAMP":"2022-11-27T21:51:59.821Z","BATT":100,"INTERVAL":600},{"modelID":"b0-f8-97-c3-7c-87","modelType":"Wi-SHT10","DATAS":["Temperature","Humidity"],"Temperature":23.6,"Humidity":63.0624,"TIMESTAMP":"2022-11-27T21:41:42.821Z","BATT":100,"INTERVAL":600},{"modelID":"b0-f8-97-c3-7c-87","modelType":"Wi-SHT10","DATAS":["Temperature","Humidity"],"Temperature":23.61,"Humidity":62.044799999999995,"TIMESTAMP":"2022-11-27T21:31:59.842Z","BATT":100,"INTERVAL":600},{"modelID":"b0-f8-97-c3-7c-87","modelType":"Wi-SHT10","DATAS":["Temperature","Humidity"],"Temperature":23.6,"Humidity":61.92960000000001,"TIMESTAMP":"2022-11-27T21:21:14.863Z","BATT":100,"INTERVAL":600},{"modelID":"b0-f8-97-c3-7c-87","modelType":"Wi-SHT10","DATAS":["Temperature","Humidity"],"Temperature":23.63,"Humidity":62.304,"TIMESTAMP":"2022-11-27T21:11:30.863Z","BATT":100,"INTERVAL":600},{"modelID":"b0-f8-97-c3-7c-87","modelType":"Wi-SHT10","DATAS":["Temperature","Humidity"],"Temperature":23.65,"Humidity":62.84159999999999,"TIMESTAMP":"2022-11-27T21:01:13.891Z","BATT":100,"INTERVAL":600},{"modelID":"b0-f8-97-c3-7c-87","modelType":"Wi-SHT10","DATAS":["Temperature","Humidity"],"Temperature":23.66,"Humidity":62.3808,"TIMESTAMP":"2022-11-27T20:52:00.892Z","BATT":100,"INTERVAL":600},{"modelID":"b0-f8-97-c3-7c-87","modelType":"Wi-SHT10","DATAS":["Temperature","Humidity"],"Temperature":23.64,"Humidity":62.6208,"TIMESTAMP":"2022-11-27T20:41:14.893Z","BATT":100,"INTERVAL":600},{"modelID":"b0-f8-97-c3-7c-87","modelType":"Wi-SHT10","DATAS":["Temperature","Humidity"],"Temperature":23.63,"Humidity":63.696,"TIMESTAMP":"2022-11-27T20:31:14.914Z","BATT":100,"INTERVAL":600},{"modelID":"b0-f8-97-c3-7c-87","modelType":"Wi-SHT10","DATAS":["Temperature","Humidity"],"Temperature":23.65,"Humidity":63.29280000000001,"TIMESTAMP":"2022-11-27T20:21:23.914Z","BATT":100,"INTERVAL":600},{"modelID":"b0-f8-97-c3-7c-87","modelType":"Wi-SHT10","DATAS":["Temperature","Humidity"],"Temperature":23.66,"Humidity":62.1504,"TIMESTAMP":"2022-11-27T20:11:56.936Z","BATT":100,"INTERVAL":600},{"modelID":"b0-f8-97-c3-7c-87","modelType":"Wi-SHT10","DATAS":["Temperature","Humidity"],"Temperature":23.67,"Humidity":62.822399999999995,"TIMESTAMP":"2022-11-27T20:01:30.933Z","BATT":100,"INTERVAL":600},{"modelID":"b0-f8-97-c3-7c-87","modelType":"Wi-SHT10","DATAS":["Temperature","Humidity"],"Temperature":23.65,"Humidity":62.46719999999999,"TIMESTAMP":"2022-11-27T19:51:56.949Z","BATT":100,"INTERVAL":600},{"modelID":"b0-f8-97-c3-7c-87","modelType":"Wi-SHT10","DATAS":["Temperature","Humidity"],"Temperature":23.67,"Humidity":62.803200000000004,"TIMESTAMP":"2022-11-27T19:41:51.957Z","BATT":100,"INTERVAL":600},{"modelID":"b0-f8-97-c3-7c-87","modelType":"Wi-SHT10","DATAS":["Temperature","Humidity"],"Temperature":23.69,"Humidity":61.987199999999994,"TIMESTAMP":"2022-11-27T19:31:48.957Z","BATT":100,"INTERVAL":600},{"modelID":"b0-f8-97-c3-7c-87","modelType":"Wi-SHT10","DATAS":["Temperature","Humidity"],"Temperature":23.69,"Humidity":62.0544,"TIMESTAMP":"2022-11-27T19:21:17.978Z","BATT":100,"INTERVAL":600},{"modelID":"b0-f8-97-c3-7c-87","modelType":"Wi-SHT10","DATAS":["Temperature","Humidity"],"Temperature":23.71,"Humidity":64.4064,"TIMESTAMP":"2022-11-27T19:11:38.979Z","BATT":100,"INTERVAL":600},{"modelID":"b0-f8-97-c3-7c-87","modelType":"Wi-SHT10","DATAS":["Temperature","Humidity"],"Temperature":23.73,"Humidity":62.448,"TIMESTAMP":"2022-11-27T19:01:35.997Z","BATT":100,"INTERVAL":600},{"modelID":"b0-f8-97-c3-7c-87","modelType":"Wi-SHT10","DATAS":["Temperature","Humidity"],"Temperature":23.78,"Humidity":63.177600000000005,"TIMESTAMP":"2022-11-27T18:51:24.016Z","BATT":100,"INTERVAL":600},{"modelID":"b0-f8-97-c3-7c-87","modelType":"Wi-SHT10","DATAS":["Temperature","Humidity"],"Temperature":23.75,"Humidity":63.772800000000004,"TIMESTAMP":"2022-11-27T18:41:43.453Z","BATT":100,"INTERVAL":600},{"modelID":"b0-f8-97-c3-7c-87","modelType":"Wi-SHT10","DATAS":["Temperature","Humidity"],"Temperature":23.74,"Humidity":64.1856,"TIMESTAMP":"2022-11-27T18:31:59.034Z","BATT":100,"INTERVAL":600},{"modelID":"b0-f8-97-c3-7c-87","modelType":"Wi-SHT10","DATAS":["Temperature","Humidity"],"Temperature":23.74,"Humidity":63.02400000000001,"TIMESTAMP":"2022-11-27T18:21:24.036Z","BATT":100,"INTERVAL":600},{"modelID":"b0-f8-97-c3-7c-87","modelType":"Wi-SHT10","DATAS":["Temperature","Humidity"],"Temperature":23.75,"Humidity":63.4752,"TIMESTAMP":"2022-11-27T18:11:42.053Z","BATT":100,"INTERVAL":600},{"modelID":"b0-f8-97-c3-7c-87","modelType":"Wi-SHT10","DATAS":["Temperature","Humidity"],"Temperature":23.79,"Humidity":64.11840000000001,"TIMESTAMP":"2022-11-27T18:01:36.046Z","BATT":100,"INTERVAL":600},{"modelID":"b0-f8-97-c3-7c-87","modelType":"Wi-SHT10","DATAS":["Temperature","Humidity"],"Temperature":23.78,"Humidity":63.0432,"TIMESTAMP":"2022-11-27T17:51:43.055Z","BATT":100,"INTERVAL":600},{"modelID":"b0-f8-97-c3-7c-87","modelType":"Wi-SHT10","DATAS":["Temperature","Humidity"],"Temperature":23.76,"Humidity":63.3024,"TIMESTAMP":"2022-11-27T17:41:13.084Z","BATT":100,"INTERVAL":600},{"modelID":"b0-f8-97-c3-7c-87","modelType":"Wi-SHT10","DATAS":["Temperature","Humidity"],"Temperature":23.82,"Humidity":62.764799999999994,"TIMESTAMP":"2022-11-27T17:31:42.076Z","BATT":100,"INTERVAL":600},{"modelID":"b0-f8-97-c3-7c-87","modelType":"Wi-SHT10","DATAS":["Temperature","Humidity"],"Temperature":23.79,"Humidity":62.2464,"TIMESTAMP":"2022-11-27T17:21:36.095Z","BATT":100,"INTERVAL":600},{"modelID":"b0-f8-97-c3-7c-87","modelType":"Wi-SHT10","DATAS":["Temperature","Humidity"],"Temperature":23.83,"Humidity":64.0992,"TIMESTAMP":"2022-11-27T17:11:36.095Z","BATT":100,"INTERVAL":600},{"modelID":"b0-f8-97-c3-7c-87","modelType":"Wi-SHT10","DATAS":["Temperature","Humidity"],"Temperature":23.83,"Humidity":64.6752,"TIMESTAMP":"2022-11-27T17:01:17.115Z","BATT":100,"INTERVAL":600},{"modelID":"b0-f8-97-c3-7c-87","modelType":"Wi-SHT10","DATAS":["Temperature","Humidity"],"Temperature":23.84,"Humidity":63.0144,"TIMESTAMP":"2022-11-27T16:51:24.127Z","BATT":100,"INTERVAL":600},{"modelID":"b0-f8-97-c3-7c-87","modelType":"Wi-SHT10","DATAS":["Temperature","Humidity"],"Temperature":23.87,"Humidity":64.4256,"TIMESTAMP":"2022-11-27T16:31:48.137Z","BATT":100,"INTERVAL":600},{"modelID":"b0-f8-97-c3-7c-87","modelType":"Wi-SHT10","DATAS":["Temperature","Humidity"],"Temperature":23.89,"Humidity":64.9728,"TIMESTAMP":"2022-11-27T16:11:20.227Z","BATT":100,"INTERVAL":600},{"modelID":"b0-f8-97-c3-7c-87","modelType":"Wi-SHT10","DATAS":["Temperature","Humidity"],"Temperature":23.84,"Humidity":64.6176,"TIMESTAMP":"2022-11-27T16:01:48.180Z","BATT":100,"INTERVAL":600}],"DAYHOURS":["21","20","19","18","17","16","15","14","13","12","11","10","9","8","7","6","5","4","3","2","1","0"]}