{"SENSORNAME":"HEAT EXCHANGER - CHWR PRESS 2","SENSORTYPE":"WTRPRS(485)","DTUID":"202","SENSORID":"9","DATE0":"2022-11-28T11:55:40.980Z","DATE1":"2022-02-13T09:58:54.516Z","DAYDATA":[{"DTUID":"202","SENSORID":9,"FUNCID":3,"NDATA":2,"SENSORTYPE":"WATER-PRES","RCV_BYTES":["4362","BC6A"],"DATAS":[17250,-17302],"DATAS1":[],"DATAS2":[],"TIMESTAMP":"2022-11-28T11:55:40.980Z"},{"DTUID":"202","SENSORID":9,"FUNCID":3,"NDATA":2,"SENSORTYPE":"WATER-PRES","RCV_BYTES":["4364","5810"],"DATAS":[17252,22544],"DATAS1":[],"DATAS2":[],"TIMESTAMP":"2022-11-28T11:25:18.670Z"},{"DTUID":"202","SENSORID":9,"FUNCID":3,"NDATA":2,"SENSORTYPE":"WATER-PRES","RCV_BYTES":["4364","245A"],"DATAS":[17252,9306],"DATAS1":[],"DATAS2":[],"TIMESTAMP":"2022-11-28T10:05:12.581Z"},{"DTUID":"202","SENSORID":9,"FUNCID":3,"NDATA":2,"SENSORTYPE":"WATER-PRES","RCV_BYTES":["4360","1F3B"],"DATAS":[17248,7995],"DATAS1":[],"DATAS2":[],"TIMESTAMP":"2022-11-28T05:28:24.390Z"},{"DTUID":"202","SENSORID":9,"FUNCID":3,"NDATA":2,"SENSORTYPE":"WATER-PRES","RCV_BYTES":["4364","245A"],"DATAS":[17252,9306],"DATAS1":[],"DATAS2":[],"TIMESTAMP":"2022-11-28T00:59:33.522Z"},{"DTUID":"202","SENSORID":9,"FUNCID":3,"NDATA":2,"SENSORTYPE":"WATER-PRES","RCV_BYTES":["4360","B9DB"],"DATAS":[17248,-17957],"DATAS1":[],"DATAS2":[],"TIMESTAMP":"2022-11-28T00:14:34.074Z"},{"DTUID":"202","SENSORID":9,"FUNCID":3,"NDATA":2,"SENSORTYPE":"WATER-PRES","RCV_BYTES":["4362","BC6A"],"DATAS":[17250,-17302],"DATAS1":[],"DATAS2":[],"TIMESTAMP":"2022-11-27T23:14:29.440Z"},{"DTUID":"202","SENSORID":9,"FUNCID":3,"NDATA":2,"SENSORTYPE":"WATER-PRES","RCV_BYTES":["4366","27F0"],"DATAS":[17254,10224],"DATAS1":[],"DATAS2":[],"TIMESTAMP":"2022-11-27T22:14:24.918Z"},{"DTUID":"202","SENSORID":9,"FUNCID":3,"NDATA":2,"SENSORTYPE":"WATER-PRES","RCV_BYTES":["4365","C042"],"DATAS":[17253,-16318],"DATAS1":[],"DATAS2":[],"TIMESTAMP":"2022-11-27T21:14:23.782Z"}],"DAYHOURS":["19","18","13","8","7","6","5"]}