{"SENSORNAME":"CHILLER A - CWR TEMP","SENSORTYPE":"WTRTEMP(485)","DTUID":"207","SENSORID":"12","DATE0":"2022-11-28T09:05:32.501Z","DATE1":"2022-02-13T09:05:41.513Z","DAYDATA":[{"DTUID":"207","SENSORID":12,"FUNCID":3,"NDATA":2,"SENSORTYPE":"WATER-TEMP","RCV_BYTES":["0000","012B"],"DATAS":[0,299],"DATAS1":[],"DATAS2":[],"TIMESTAMP":"2022-11-28T09:05:32.501Z"},{"DTUID":"207","SENSORID":12,"FUNCID":3,"NDATA":2,"SENSORTYPE":"WATER-TEMP","RCV_BYTES":["0000","0125"],"DATAS":[0,293],"DATAS1":[],"DATAS2":[],"TIMESTAMP":"2022-11-28T08:29:20.757Z"},{"DTUID":"207","SENSORID":12,"FUNCID":3,"NDATA":2,"SENSORTYPE":"WATER-TEMP","RCV_BYTES":["0000","0152"],"DATAS":[0,338],"DATAS1":[],"DATAS2":[],"TIMESTAMP":"2022-11-28T04:48:42.217Z"},{"DTUID":"207","SENSORID":12,"FUNCID":3,"NDATA":2,"SENSORTYPE":"WATER-TEMP","RCV_BYTES":["0000","0108"],"DATAS":[0,264],"DATAS1":[],"DATAS2":[],"TIMESTAMP":"2022-11-27T22:34:50.776Z"},{"DTUID":"207","SENSORID":12,"FUNCID":3,"NDATA":2,"SENSORTYPE":"WATER-TEMP","RCV_BYTES":["0000","0107"],"DATAS":[0,263],"DATAS1":[],"DATAS2":[],"TIMESTAMP":"2022-11-27T20:34:40.852Z"},{"DTUID":"207","SENSORID":12,"FUNCID":3,"NDATA":2,"SENSORTYPE":"WATER-TEMP","RCV_BYTES":["0000","010E"],"DATAS":[0,270],"DATAS1":[],"DATAS2":[],"TIMESTAMP":"2022-11-27T17:34:28.795Z"}],"DAYHOURS":["17","16","12","6","4","1"]}