{"SENSORNAME":"COMPRESSOR AIR DUCT","SENSORTYPE":"AIRFLW(485)","DTUID":"219","SENSORID":"61","DATE0":"2022-11-28T11:25:58.949Z","DATE1":"2022-02-13T09:06:11.633Z","DAYDATA":[{"DTUID":"219","SENSORID":61,"FUNCID":3,"NDATA":2,"SENSORTYPE":"AIRFLOW-VEL","RCV_BYTES":["0015","004B"],"DATAS":[21,75],"DATAS1":[],"DATAS2":[],"TIMESTAMP":"2022-11-28T11:25:58.949Z"},{"DTUID":"219","SENSORID":61,"FUNCID":3,"NDATA":2,"SENSORTYPE":"AIRFLOW-VEL","RCV_BYTES":["0015","004B"],"DATAS":[21,75],"DATAS1":[],"DATAS2":[],"TIMESTAMP":"2022-11-28T11:06:04.715Z"},{"DTUID":"219","SENSORID":61,"FUNCID":3,"NDATA":2,"SENSORTYPE":"AIRFLOW-VEL","RCV_BYTES":["0016","004F"],"DATAS":[22,79],"DATAS1":[],"DATAS2":[],"TIMESTAMP":"2022-11-28T10:05:53.086Z"},{"DTUID":"219","SENSORID":61,"FUNCID":3,"NDATA":2,"SENSORTYPE":"AIRFLOW-VEL","RCV_BYTES":["0015","004B"],"DATAS":[21,75],"DATAS1":[],"DATAS2":[],"TIMESTAMP":"2022-11-28T01:00:18.807Z"},{"DTUID":"219","SENSORID":61,"FUNCID":3,"NDATA":2,"SENSORTYPE":"AIRFLOW-VEL","RCV_BYTES":["0016","004F"],"DATAS":[22,79],"DATAS1":[],"DATAS2":[],"TIMESTAMP":"2022-11-28T00:15:14.374Z"},{"DTUID":"219","SENSORID":61,"FUNCID":3,"NDATA":2,"SENSORTYPE":"AIRFLOW-VEL","RCV_BYTES":["0016","004F"],"DATAS":[22,79],"DATAS1":[],"DATAS2":[],"TIMESTAMP":"2022-11-27T23:15:09.776Z"},{"DTUID":"219","SENSORID":61,"FUNCID":3,"NDATA":2,"SENSORTYPE":"AIRFLOW-VEL","RCV_BYTES":["0016","004F"],"DATAS":[22,79],"DATAS1":[],"DATAS2":[],"TIMESTAMP":"2022-11-27T22:15:05.757Z"},{"DTUID":"219","SENSORID":61,"FUNCID":3,"NDATA":2,"SENSORTYPE":"AIRFLOW-VEL","RCV_BYTES":["0015","004B"],"DATAS":[21,75],"DATAS1":[],"DATAS2":[],"TIMESTAMP":"2022-11-27T21:15:04.145Z"},{"DTUID":"219","SENSORID":61,"FUNCID":3,"NDATA":2,"SENSORTYPE":"AIRFLOW-VEL","RCV_BYTES":["0015","004B"],"DATAS":[21,75],"DATAS1":[],"DATAS2":[],"TIMESTAMP":"2022-11-27T20:34:55.892Z"},{"DTUID":"219","SENSORID":61,"FUNCID":3,"NDATA":2,"SENSORTYPE":"AIRFLOW-VEL","RCV_BYTES":["0017","0052"],"DATAS":[23,82],"DATAS1":[],"DATAS2":[],"TIMESTAMP":"2022-11-27T20:14:56.873Z"},{"DTUID":"219","SENSORID":61,"FUNCID":3,"NDATA":2,"SENSORTYPE":"AIRFLOW-VEL","RCV_BYTES":["0014","0048"],"DATAS":[20,72],"DATAS1":[],"DATAS2":[],"TIMESTAMP":"2022-11-27T19:34:50.676Z"},{"DTUID":"219","SENSORID":61,"FUNCID":3,"NDATA":2,"SENSORTYPE":"AIRFLOW-VEL","RCV_BYTES":["0016","004F"],"DATAS":[22,79],"DATAS1":[],"DATAS2":[],"TIMESTAMP":"2022-11-27T19:14:50.861Z"},{"DTUID":"219","SENSORID":61,"FUNCID":3,"NDATA":2,"SENSORTYPE":"AIRFLOW-VEL","RCV_BYTES":["0016","004F"],"DATAS":[22,79],"DATAS1":[],"DATAS2":[],"TIMESTAMP":"2022-11-27T18:34:49.272Z"},{"DTUID":"219","SENSORID":61,"FUNCID":3,"NDATA":2,"SENSORTYPE":"AIRFLOW-VEL","RCV_BYTES":["0017","0052"],"DATAS":[23,82],"DATAS1":[],"DATAS2":[],"TIMESTAMP":"2022-11-27T18:14:48.781Z"},{"DTUID":"219","SENSORID":61,"FUNCID":3,"NDATA":2,"SENSORTYPE":"AIRFLOW-VEL","RCV_BYTES":["0019","005A"],"DATAS":[25,90],"DATAS1":[],"DATAS2":[],"TIMESTAMP":"2022-11-27T17:34:43.981Z"},{"DTUID":"219","SENSORID":61,"FUNCID":3,"NDATA":2,"SENSORTYPE":"AIRFLOW-VEL","RCV_BYTES":["0015","004B"],"DATAS":[21,75],"DATAS1":[],"DATAS2":[],"TIMESTAMP":"2022-11-27T17:14:44.014Z"}],"DAYHOURS":["19","18","9","8","7","6","5","4","3","2","1"]}