{"SENSORNAME":"L1- FREEZER MS","SENSORTYPE":"WISENSOR","DTUID":"-1","SENSORID":"B0-F6-BF-85-9E-13","DATE0":"2022-11-28T12:22:32.829Z","DATE1":"2021-11-03T03:40:23.833Z","DAYDATA":[{"modelID":"b0-f6-bf-85-9e-13","modelType":"Wi-SHT10","DATAS":["Temperature","Humidity"],"Temperature":-22.57,"Humidity":-959.04,"TIMESTAMP":"2022-11-28T12:22:32.829Z","BATT":100,"INTERVAL":1800},{"modelID":"b0-f6-bf-85-9e-13","modelType":"Wi-SHT10","DATAS":["Temperature","Humidity"],"Temperature":-21.1,"Humidity":-959.04,"TIMESTAMP":"2022-11-28T11:52:32.548Z","BATT":100,"INTERVAL":1800},{"modelID":"b0-f6-bf-85-9e-13","modelType":"Wi-SHT10","DATAS":["Temperature","Humidity"],"Temperature":-21.77,"Humidity":-959.04,"TIMESTAMP":"2022-11-28T11:22:32.329Z","BATT":100,"INTERVAL":1800},{"modelID":"b0-f6-bf-85-9e-13","modelType":"Wi-SHT10","DATAS":["Temperature","Humidity"],"Temperature":-20.97,"Humidity":-959.04,"TIMESTAMP":"2022-11-28T10:52:32.200Z","BATT":100,"INTERVAL":1800},{"modelID":"b0-f6-bf-85-9e-13","modelType":"Wi-SHT10","DATAS":["Temperature","Humidity"],"Temperature":-21.4,"Humidity":-959.04,"TIMESTAMP":"2022-11-28T10:22:31.929Z","BATT":100,"INTERVAL":1800},{"modelID":"b0-f6-bf-85-9e-13","modelType":"Wi-SHT10","DATAS":["Temperature","Humidity"],"Temperature":-22.27,"Humidity":-959.04,"TIMESTAMP":"2022-11-28T09:52:31.723Z","BATT":100,"INTERVAL":1800},{"modelID":"b0-f6-bf-85-9e-13","modelType":"Wi-SHT10","DATAS":["Temperature","Humidity"],"Temperature":-21.07,"Humidity":-959.04,"TIMESTAMP":"2022-11-28T09:22:31.480Z","BATT":100,"INTERVAL":1800},{"modelID":"b0-f6-bf-85-9e-13","modelType":"Wi-SHT10","DATAS":["Temperature","Humidity"],"Temperature":-21.5,"Humidity":-959.04,"TIMESTAMP":"2022-11-28T08:52:31.357Z","BATT":100,"INTERVAL":1800},{"modelID":"b0-f6-bf-85-9e-13","modelType":"Wi-SHT10","DATAS":["Temperature","Humidity"],"Temperature":-22.47,"Humidity":-959.04,"TIMESTAMP":"2022-11-28T08:22:31.163Z","BATT":100,"INTERVAL":1800},{"modelID":"b0-f6-bf-85-9e-13","modelType":"Wi-SHT10","DATAS":["Temperature","Humidity"],"Temperature":-21.04,"Humidity":-959.04,"TIMESTAMP":"2022-11-28T07:52:31.223Z","BATT":100,"INTERVAL":1800},{"modelID":"b0-f6-bf-85-9e-13","modelType":"Wi-SHT10","DATAS":["Temperature","Humidity"],"Temperature":-21.77,"Humidity":-959.04,"TIMESTAMP":"2022-11-28T07:22:30.699Z","BATT":100,"INTERVAL":1800},{"modelID":"b0-f6-bf-85-9e-13","modelType":"Wi-SHT10","DATAS":["Temperature","Humidity"],"Temperature":-20.97,"Humidity":-959.04,"TIMESTAMP":"2022-11-28T06:52:30.541Z","BATT":100,"INTERVAL":1800},{"modelID":"b0-f6-bf-85-9e-13","modelType":"Wi-SHT10","DATAS":["Temperature","Humidity"],"Temperature":-21.44,"Humidity":-959.04,"TIMESTAMP":"2022-11-28T06:22:30.231Z","BATT":100,"INTERVAL":1800},{"modelID":"b0-f6-bf-85-9e-13","modelType":"Wi-SHT10","DATAS":["Temperature","Humidity"],"Temperature":-22.4,"Humidity":-959.04,"TIMESTAMP":"2022-11-28T05:52:30.044Z","BATT":100,"INTERVAL":1800},{"modelID":"b0-f6-bf-85-9e-13","modelType":"Wi-SHT10","DATAS":["Temperature","Humidity"],"Temperature":-21.17,"Humidity":-959.04,"TIMESTAMP":"2022-11-28T05:22:29.871Z","BATT":100,"INTERVAL":1800},{"modelID":"b0-f6-bf-85-9e-13","modelType":"Wi-SHT10","DATAS":["Temperature","Humidity"],"Temperature":-21.3,"Humidity":-959.04,"TIMESTAMP":"2022-11-28T04:52:29.640Z","BATT":100,"INTERVAL":1800},{"modelID":"b0-f6-bf-85-9e-13","modelType":"Wi-SHT10","DATAS":["Temperature","Humidity"],"Temperature":-22.17,"Humidity":-959.04,"TIMESTAMP":"2022-11-28T04:22:32.244Z","BATT":100,"INTERVAL":1800},{"modelID":"b0-f6-bf-85-9e-13","modelType":"Wi-SHT10","DATAS":["Temperature","Humidity"],"Temperature":-21,"Humidity":-959.04,"TIMESTAMP":"2022-11-28T03:52:29.239Z","BATT":100,"INTERVAL":1800},{"modelID":"b0-f6-bf-85-9e-13","modelType":"Wi-SHT10","DATAS":["Temperature","Humidity"],"Temperature":-21.9,"Humidity":-959.04,"TIMESTAMP":"2022-11-28T03:22:31.663Z","BATT":100,"INTERVAL":1800},{"modelID":"b0-f6-bf-85-9e-13","modelType":"Wi-SHT10","DATAS":["Temperature","Humidity"],"Temperature":-20.94,"Humidity":-959.04,"TIMESTAMP":"2022-11-28T02:52:28.808Z","BATT":100,"INTERVAL":1800},{"modelID":"b0-f6-bf-85-9e-13","modelType":"Wi-SHT10","DATAS":["Temperature","Humidity"],"Temperature":-21.5,"Humidity":-959.04,"TIMESTAMP":"2022-11-28T02:22:28.672Z","BATT":100,"INTERVAL":1800},{"modelID":"b0-f6-bf-85-9e-13","modelType":"Wi-SHT10","DATAS":["Temperature","Humidity"],"Temperature":-22.47,"Humidity":-959.04,"TIMESTAMP":"2022-11-28T01:52:28.389Z","BATT":100,"INTERVAL":1800},{"modelID":"b0-f6-bf-85-9e-13","modelType":"Wi-SHT10","DATAS":["Temperature","Humidity"],"Temperature":-21.17,"Humidity":-959.04,"TIMESTAMP":"2022-11-28T01:22:28.195Z","BATT":100,"INTERVAL":1800},{"modelID":"b0-f6-bf-85-9e-13","modelType":"Wi-SHT10","DATAS":["Temperature","Humidity"],"Temperature":-21.34,"Humidity":-959.04,"TIMESTAMP":"2022-11-28T00:52:28.060Z","BATT":100,"INTERVAL":1800},{"modelID":"b0-f6-bf-85-9e-13","modelType":"Wi-SHT10","DATAS":["Temperature","Humidity"],"Temperature":-21.9,"Humidity":-959.04,"TIMESTAMP":"2022-11-28T00:22:27.758Z","BATT":100,"INTERVAL":1800},{"modelID":"b0-f6-bf-85-9e-13","modelType":"Wi-SHT10","DATAS":["Temperature","Humidity"],"Temperature":-21.1,"Humidity":-959.04,"TIMESTAMP":"2022-11-27T23:52:27.633Z","BATT":100,"INTERVAL":1800},{"modelID":"b0-f6-bf-85-9e-13","modelType":"Wi-SHT10","DATAS":["Temperature","Humidity"],"Temperature":-22.04,"Humidity":-959.04,"TIMESTAMP":"2022-11-27T23:22:27.335Z","BATT":100,"INTERVAL":1800},{"modelID":"b0-f6-bf-85-9e-13","modelType":"Wi-SHT10","DATAS":["Temperature","Humidity"],"Temperature":-21.04,"Humidity":-959.04,"TIMESTAMP":"2022-11-27T22:52:27.154Z","BATT":100,"INTERVAL":1800},{"modelID":"b0-f6-bf-85-9e-13","modelType":"Wi-SHT10","DATAS":["Temperature","Humidity"],"Temperature":-21.54,"Humidity":-959.04,"TIMESTAMP":"2022-11-27T22:22:27.379Z","BATT":100,"INTERVAL":1800},{"modelID":"b0-f6-bf-85-9e-13","modelType":"Wi-SHT10","DATAS":["Temperature","Humidity"],"Temperature":-22.5,"Humidity":-959.04,"TIMESTAMP":"2022-11-27T21:52:26.688Z","BATT":100,"INTERVAL":1800},{"modelID":"b0-f6-bf-85-9e-13","modelType":"Wi-SHT10","DATAS":["Temperature","Humidity"],"Temperature":-21.17,"Humidity":-959.04,"TIMESTAMP":"2022-11-27T21:22:26.619Z","BATT":100,"INTERVAL":1800},{"modelID":"b0-f6-bf-85-9e-13","modelType":"Wi-SHT10","DATAS":["Temperature","Humidity"],"Temperature":-21.3,"Humidity":-959.04,"TIMESTAMP":"2022-11-27T20:52:26.388Z","BATT":100,"INTERVAL":1800},{"modelID":"b0-f6-bf-85-9e-13","modelType":"Wi-SHT10","DATAS":["Temperature","Humidity"],"Temperature":-22.07,"Humidity":-959.04,"TIMESTAMP":"2022-11-27T20:22:26.075Z","BATT":100,"INTERVAL":1800},{"modelID":"b0-f6-bf-85-9e-13","modelType":"Wi-SHT10","DATAS":["Temperature","Humidity"],"Temperature":-21.04,"Humidity":-959.04,"TIMESTAMP":"2022-11-27T19:52:26.055Z","BATT":100,"INTERVAL":1800},{"modelID":"b0-f6-bf-85-9e-13","modelType":"Wi-SHT10","DATAS":["Temperature","Humidity"],"Temperature":-21.94,"Humidity":-959.04,"TIMESTAMP":"2022-11-27T19:22:25.699Z","BATT":100,"INTERVAL":1800},{"modelID":"b0-f6-bf-85-9e-13","modelType":"Wi-SHT10","DATAS":["Temperature","Humidity"],"Temperature":-21.04,"Humidity":-959.04,"TIMESTAMP":"2022-11-27T18:52:25.549Z","BATT":100,"INTERVAL":1800},{"modelID":"b0-f6-bf-85-9e-13","modelType":"Wi-SHT10","DATAS":["Temperature","Humidity"],"Temperature":-21.5,"Humidity":-959.04,"TIMESTAMP":"2022-11-27T18:22:25.416Z","BATT":100,"INTERVAL":1800},{"modelID":"b0-f6-bf-85-9e-13","modelType":"Wi-SHT10","DATAS":["Temperature","Humidity"],"Temperature":-22.4,"Humidity":-959.04,"TIMESTAMP":"2022-11-27T17:52:25.064Z","BATT":100,"INTERVAL":1800},{"modelID":"b0-f6-bf-85-9e-13","modelType":"Wi-SHT10","DATAS":["Temperature","Humidity"],"Temperature":-21.17,"Humidity":-959.04,"TIMESTAMP":"2022-11-27T17:22:24.922Z","BATT":100,"INTERVAL":1800},{"modelID":"b0-f6-bf-85-9e-13","modelType":"Wi-SHT10","DATAS":["Temperature","Humidity"],"Temperature":-21.3,"Humidity":-959.04,"TIMESTAMP":"2022-11-27T16:52:24.647Z","BATT":100,"INTERVAL":1800}],"DAYHOURS":["20","19","18","17","16","15","14","13","12","11","10","9","8","7","6","5","4","3","2","1","0"]}