{"SENSORNAME":"PRE-COOL FE","SENSORTYPE":"PWRMTR(485)","DTUID":"112","SENSORID":14,"PWRMTR0":"1858","PWRMTR1":"52","DAYDATA":[{"DTUID":"112","SENSORID":14,"FUNCID":3,"NDATA":2,"SENSORTYPE":"PWR-METER-POWER","RCV_BYTES":["0002","D5F7"],"DATAS":[2,-10761],"DATAS1":[],"DATAS2":[],"TIMESTAMP":"2022-11-28T11:57:08.569Z"},{"DTUID":"112","SENSORID":14,"FUNCID":3,"NDATA":2,"SENSORTYPE":"PWR-METER-POWER","RCV_BYTES":["0002","D5E2"],"DATAS":[2,-10782],"DATAS1":[],"DATAS2":[],"TIMESTAMP":"2022-11-28T11:26:32.050Z"},{"DTUID":"112","SENSORID":14,"FUNCID":3,"NDATA":2,"SENSORTYPE":"PWR-METER-POWER","RCV_BYTES":["0002","D5D4"],"DATAS":[2,-10796],"DATAS1":[],"DATAS2":[],"TIMESTAMP":"2022-11-28T11:06:37.808Z"},{"DTUID":"112","SENSORID":14,"FUNCID":3,"NDATA":2,"SENSORTYPE":"PWR-METER-POWER","RCV_BYTES":["0002","D58C"],"DATAS":[2,-10868],"DATAS1":[],"DATAS2":[],"TIMESTAMP":"2022-11-28T09:27:17.459Z"},{"DTUID":"112","SENSORID":14,"FUNCID":3,"NDATA":2,"SENSORTYPE":"PWR-METER-POWER","RCV_BYTES":["0002","D57E"],"DATAS":[2,-10882],"DATAS1":[],"DATAS2":[],"TIMESTAMP":"2022-11-28T09:06:20.599Z"},{"DTUID":"112","SENSORID":14,"FUNCID":3,"NDATA":2,"SENSORTYPE":"PWR-METER-POWER","RCV_BYTES":["0002","D564"],"DATAS":[2,-10908],"DATAS1":[],"DATAS2":[],"TIMESTAMP":"2022-11-28T08:30:43.517Z"},{"DTUID":"112","SENSORID":14,"FUNCID":3,"NDATA":2,"SENSORTYPE":"PWR-METER-POWER","RCV_BYTES":["0002","D4E6"],"DATAS":[2,-11034],"DATAS1":[],"DATAS2":[],"TIMESTAMP":"2022-11-28T05:30:13.330Z"},{"DTUID":"112","SENSORID":14,"FUNCID":3,"NDATA":2,"SENSORTYPE":"PWR-METER-POWER","RCV_BYTES":["0002","D4BD"],"DATAS":[2,-11075],"DATAS1":[],"DATAS2":[],"TIMESTAMP":"2022-11-28T04:29:32.508Z"},{"DTUID":"112","SENSORID":14,"FUNCID":3,"NDATA":2,"SENSORTYPE":"PWR-METER-POWER","RCV_BYTES":["0002","D42D"],"DATAS":[2,-11219],"DATAS1":[],"DATAS2":[],"TIMESTAMP":"2022-11-28T01:01:40.869Z"},{"DTUID":"112","SENSORID":14,"FUNCID":3,"NDATA":2,"SENSORTYPE":"PWR-METER-POWER","RCV_BYTES":["0002","D3C4"],"DATAS":[2,-11324],"DATAS1":[],"DATAS2":[],"TIMESTAMP":"2022-11-27T22:35:44.958Z"},{"DTUID":"112","SENSORID":14,"FUNCID":3,"NDATA":2,"SENSORTYPE":"PWR-METER-POWER","RCV_BYTES":["0002","D38A"],"DATAS":[2,-11382],"DATAS1":[],"DATAS2":[],"TIMESTAMP":"2022-11-27T21:15:42.102Z"},{"DTUID":"112","SENSORID":14,"FUNCID":3,"NDATA":2,"SENSORTYPE":"PWR-METER-POWER","RCV_BYTES":["0002","D2DB"],"DATAS":[2,-11557],"DATAS1":[],"DATAS2":[],"TIMESTAMP":"2022-11-27T17:15:15.117Z"}],"DAYHOURS":["19","17","16","13","12","9","6","5","1"],"MNTH-2022_11":"1858","WK48":"1858","WK47":"1798","WK46":"1726","WK45":"1700","MNTH-2022_10":"1517","WK41":"1517","WK40":"1478","MNTH-2022_8":"986","WK33":"986","WK32":"942","WK31":"872","MNTH-2022_7":"853","WK30":"805","WK29":"737","WK28":"669","WK27":"603","MNTH-2022_6":"554","WK26":"536","WK25":"473","WK24":"405","MNTH-2022_5":"103","WK20":"103","WK19":"68"}