{"SENSORNAME":"SSB6-1","SENSORTYPE":"PWRMTR(485)","DTUID":"5","SENSORID":1,"PWRMTR0":"255","PWRMTR1":"4","DAYDATA":[{"DTUID":"5","SENSORID":1,"FUNCID":3,"NDATA":2,"SENSORTYPE":"PWR-METER-POWER","RCV_BYTES":["0000","6392"],"DATAS":[0,25490],"DATAS1":[],"DATAS2":[],"TIMESTAMP":"2022-11-28T11:27:02.048Z"},{"DTUID":"5","SENSORID":1,"FUNCID":3,"NDATA":2,"SENSORTYPE":"PWR-METER-POWER","RCV_BYTES":["0000","6387"],"DATAS":[0,25479],"DATAS1":[],"DATAS2":[],"TIMESTAMP":"2022-11-28T09:06:41.239Z"},{"DTUID":"5","SENSORID":1,"FUNCID":3,"NDATA":2,"SENSORTYPE":"PWR-METER-POWER","RCV_BYTES":["0000","6376"],"DATAS":[0,25462],"DATAS1":[],"DATAS2":[],"TIMESTAMP":"2022-11-28T05:30:04.085Z"},{"DTUID":"5","SENSORID":1,"FUNCID":3,"NDATA":2,"SENSORTYPE":"PWR-METER-POWER","RCV_BYTES":["0000","6373"],"DATAS":[0,25459],"DATAS1":[],"DATAS2":[],"TIMESTAMP":"2022-11-28T04:49:57.354Z"},{"DTUID":"5","SENSORID":1,"FUNCID":3,"NDATA":2,"SENSORTYPE":"PWR-METER-POWER","RCV_BYTES":["0000","6371"],"DATAS":[0,25457],"DATAS1":[],"DATAS2":[],"TIMESTAMP":"2022-11-28T04:30:00.208Z"},{"DTUID":"5","SENSORID":1,"FUNCID":3,"NDATA":2,"SENSORTYPE":"PWR-METER-POWER","RCV_BYTES":["0000","6363"],"DATAS":[0,25443],"DATAS1":[],"DATAS2":[],"TIMESTAMP":"2022-11-28T01:01:12.621Z"},{"DTUID":"5","SENSORID":1,"FUNCID":3,"NDATA":2,"SENSORTYPE":"PWR-METER-POWER","RCV_BYTES":["0000","6357"],"DATAS":[0,25431],"DATAS1":[],"DATAS2":[],"TIMESTAMP":"2022-11-27T21:16:03.122Z"},{"DTUID":"5","SENSORID":1,"FUNCID":3,"NDATA":2,"SENSORTYPE":"PWR-METER-POWER","RCV_BYTES":["0000","6356"],"DATAS":[0,25430],"DATAS1":[],"DATAS2":[],"TIMESTAMP":"2022-11-27T20:35:56.220Z"},{"DTUID":"5","SENSORID":1,"FUNCID":3,"NDATA":2,"SENSORTYPE":"PWR-METER-POWER","RCV_BYTES":["0000","6353"],"DATAS":[0,25427],"DATAS1":[],"DATAS2":[],"TIMESTAMP":"2022-11-27T19:15:50.745Z"}],"DAYHOURS":["19","17","13","12","9","5","4","3"],"MNTH-2022_11":"255","WK48":"255","WK47":"250","WK46":"241","WK45":"233","WK44":"226","MNTH-2022_10":"225","WK43":"218","WK42":"211","WK41":"203","WK40":"195","MNTH-2022_9":"190","WK39":"186","WK38":"177","WK37":"166","WK36":"159","MNTH-2022_8":"153","WK35":"152","WK34":"142","WK33":"133","WK32":"124","WK31":"115","MNTH-2022_7":"113","WK30":"106","WK29":"98","WK28":"89","WK27":"79","MNTH-2022_6":"72","WK26":"69","WK25":"58","WK24":"49","WK23":"41","MNTH-2022_5":"33","WK22":"33","WK21":"24","WK20":"16","WK19":"6"}