{"SENSORNAME":"DLA PASTING ROOM 2","SENSORTYPE":"WISENSOR","DTUID":"-1","SENSORID":"B0-3E-81-9F-9B-4A","DATE0":"2022-11-28T13:02:13.298Z","DATE1":"2021-12-20T22:12:55.237Z","DAYDATA":[{"modelID":"b0-3e-81-9f-9b-4a","modelType":"Wi-SHT10","DATAS":["Temperature","Humidity"],"Temperature":22.35,"Humidity":32.620799999999996,"TIMESTAMP":"2022-11-28T13:02:13.298Z","BATT":100,"INTERVAL":600},{"modelID":"b0-3e-81-9f-9b-4a","modelType":"Wi-SHT10","DATAS":["Temperature","Humidity"],"Temperature":22.43,"Humidity":34.512,"TIMESTAMP":"2022-11-28T12:42:09.558Z","BATT":100,"INTERVAL":600},{"modelID":"b0-3e-81-9f-9b-4a","modelType":"Wi-SHT10","DATAS":["Temperature","Humidity"],"Temperature":22.28,"Humidity":34.6944,"TIMESTAMP":"2022-11-28T12:32:16.596Z","BATT":100,"INTERVAL":600},{"modelID":"b0-3e-81-9f-9b-4a","modelType":"Wi-SHT10","DATAS":["Temperature","Humidity"],"Temperature":22.27,"Humidity":34.5792,"TIMESTAMP":"2022-11-28T12:22:09.099Z","BATT":100,"INTERVAL":600},{"modelID":"b0-3e-81-9f-9b-4a","modelType":"Wi-SHT10","DATAS":["Temperature","Humidity"],"Temperature":22.14,"Humidity":34.742399999999996,"TIMESTAMP":"2022-11-28T12:12:16.498Z","BATT":100,"INTERVAL":600},{"modelID":"b0-3e-81-9f-9b-4a","modelType":"Wi-SHT10","DATAS":["Temperature","Humidity"],"Temperature":22.02,"Humidity":35.2896,"TIMESTAMP":"2022-11-28T12:02:42.416Z","BATT":100,"INTERVAL":600},{"modelID":"b0-3e-81-9f-9b-4a","modelType":"Wi-SHT10","DATAS":["Temperature","Humidity"],"Temperature":21.91,"Humidity":35.6928,"TIMESTAMP":"2022-11-28T11:52:19.968Z","BATT":100,"INTERVAL":600},{"modelID":"b0-3e-81-9f-9b-4a","modelType":"Wi-SHT10","DATAS":["Temperature","Humidity"],"Temperature":21.83,"Humidity":36.1536,"TIMESTAMP":"2022-11-28T11:42:11.387Z","BATT":100,"INTERVAL":600},{"modelID":"b0-3e-81-9f-9b-4a","modelType":"Wi-SHT10","DATAS":["Temperature","Humidity"],"Temperature":21.69,"Humidity":36.384,"TIMESTAMP":"2022-11-28T11:32:21.671Z","BATT":100,"INTERVAL":600},{"modelID":"b0-3e-81-9f-9b-4a","modelType":"Wi-SHT10","DATAS":["Temperature","Humidity"],"Temperature":21.4,"Humidity":37.344,"TIMESTAMP":"2022-11-28T11:22:11.649Z","BATT":100,"INTERVAL":600},{"modelID":"b0-3e-81-9f-9b-4a","modelType":"Wi-SHT10","DATAS":["Temperature","Humidity"],"Temperature":21.06,"Humidity":35.529599999999995,"TIMESTAMP":"2022-11-28T11:12:21.467Z","BATT":100,"INTERVAL":600},{"modelID":"b0-3e-81-9f-9b-4a","modelType":"Wi-SHT10","DATAS":["Temperature","Humidity"],"Temperature":20.96,"Humidity":35.0496,"TIMESTAMP":"2022-11-28T11:02:30.769Z","BATT":100,"INTERVAL":600},{"modelID":"b0-3e-81-9f-9b-4a","modelType":"Wi-SHT10","DATAS":["Temperature","Humidity"],"Temperature":20.82,"Humidity":35.2896,"TIMESTAMP":"2022-11-28T10:52:17.448Z","BATT":100,"INTERVAL":600},{"modelID":"b0-3e-81-9f-9b-4a","modelType":"Wi-SHT10","DATAS":["Temperature","Humidity"],"Temperature":20.76,"Humidity":35.2416,"TIMESTAMP":"2022-11-28T10:42:36.263Z","BATT":100,"INTERVAL":600},{"modelID":"b0-3e-81-9f-9b-4a","modelType":"Wi-SHT10","DATAS":["Temperature","Humidity"],"Temperature":20.83,"Humidity":34.6368,"TIMESTAMP":"2022-11-28T10:32:30.145Z","BATT":100,"INTERVAL":600},{"modelID":"b0-3e-81-9f-9b-4a","modelType":"Wi-SHT10","DATAS":["Temperature","Humidity"],"Temperature":20.92,"Humidity":34.9056,"TIMESTAMP":"2022-11-28T10:22:23.846Z","BATT":100,"INTERVAL":600},{"modelID":"b0-3e-81-9f-9b-4a","modelType":"Wi-SHT10","DATAS":["Temperature","Humidity"],"Temperature":20.98,"Humidity":35.67359999999999,"TIMESTAMP":"2022-11-28T10:12:36.262Z","BATT":100,"INTERVAL":600},{"modelID":"b0-3e-81-9f-9b-4a","modelType":"Wi-SHT10","DATAS":["Temperature","Humidity"],"Temperature":21.09,"Humidity":36.4608,"TIMESTAMP":"2022-11-28T10:02:13.584Z","BATT":100,"INTERVAL":600},{"modelID":"b0-3e-81-9f-9b-4a","modelType":"Wi-SHT10","DATAS":["Temperature","Humidity"],"Temperature":21.18,"Humidity":36.5088,"TIMESTAMP":"2022-11-28T09:52:19.165Z","BATT":100,"INTERVAL":600},{"modelID":"b0-3e-81-9f-9b-4a","modelType":"Wi-SHT10","DATAS":["Temperature","Humidity"],"Temperature":21.22,"Humidity":37.2672,"TIMESTAMP":"2022-11-28T09:42:19.332Z","BATT":100,"INTERVAL":600},{"modelID":"b0-3e-81-9f-9b-4a","modelType":"Wi-SHT10","DATAS":["Temperature","Humidity"],"Temperature":21.26,"Humidity":36.144,"TIMESTAMP":"2022-11-28T09:32:40.628Z","BATT":100,"INTERVAL":600},{"modelID":"b0-3e-81-9f-9b-4a","modelType":"Wi-SHT10","DATAS":["Temperature","Humidity"],"Temperature":21.43,"Humidity":35.76,"TIMESTAMP":"2022-11-28T09:22:18.702Z","BATT":100,"INTERVAL":600},{"modelID":"b0-3e-81-9f-9b-4a","modelType":"Wi-SHT10","DATAS":["Temperature","Humidity"],"Temperature":21.47,"Humidity":35.76,"TIMESTAMP":"2022-11-28T09:12:34.342Z","BATT":100,"INTERVAL":600},{"modelID":"b0-3e-81-9f-9b-4a","modelType":"Wi-SHT10","DATAS":["Temperature","Humidity"],"Temperature":21.45,"Humidity":35.9232,"TIMESTAMP":"2022-11-28T09:02:38.064Z","BATT":100,"INTERVAL":600},{"modelID":"b0-3e-81-9f-9b-4a","modelType":"Wi-SHT10","DATAS":["Temperature","Humidity"],"Temperature":21.48,"Humidity":35.7504,"TIMESTAMP":"2022-11-28T08:52:20.338Z","BATT":100,"INTERVAL":600},{"modelID":"b0-3e-81-9f-9b-4a","modelType":"Wi-SHT10","DATAS":["Temperature","Humidity"],"Temperature":21.63,"Humidity":35.510400000000004,"TIMESTAMP":"2022-11-28T08:42:12.117Z","BATT":100,"INTERVAL":600},{"modelID":"b0-3e-81-9f-9b-4a","modelType":"Wi-SHT10","DATAS":["Temperature","Humidity"],"Temperature":21.71,"Humidity":35.366400000000006,"TIMESTAMP":"2022-11-28T08:32:37.557Z","BATT":100,"INTERVAL":600},{"modelID":"b0-3e-81-9f-9b-4a","modelType":"Wi-SHT10","DATAS":["Temperature","Humidity"],"Temperature":21.81,"Humidity":35.4912,"TIMESTAMP":"2022-11-28T08:22:42.445Z","BATT":100,"INTERVAL":600},{"modelID":"b0-3e-81-9f-9b-4a","modelType":"Wi-SHT10","DATAS":["Temperature","Humidity"],"Temperature":21.95,"Humidity":35.424,"TIMESTAMP":"2022-11-28T08:12:37.036Z","BATT":100,"INTERVAL":600},{"modelID":"b0-3e-81-9f-9b-4a","modelType":"Wi-SHT10","DATAS":["Temperature","Humidity"],"Temperature":22.01,"Humidity":35.3376,"TIMESTAMP":"2022-11-28T08:02:09.183Z","BATT":100,"INTERVAL":600},{"modelID":"b0-3e-81-9f-9b-4a","modelType":"Wi-SHT10","DATAS":["Temperature","Humidity"],"Temperature":22.13,"Humidity":35.7024,"TIMESTAMP":"2022-11-28T07:52:39.943Z","BATT":100,"INTERVAL":600},{"modelID":"b0-3e-81-9f-9b-4a","modelType":"Wi-SHT10","DATAS":["Temperature","Humidity"],"Temperature":22.12,"Humidity":37.7472,"TIMESTAMP":"2022-11-28T07:42:18.301Z","BATT":100,"INTERVAL":600},{"modelID":"b0-3e-81-9f-9b-4a","modelType":"Wi-SHT10","DATAS":["Temperature","Humidity"],"Temperature":22.17,"Humidity":37.9008,"TIMESTAMP":"2022-11-28T07:32:26.763Z","BATT":100,"INTERVAL":600},{"modelID":"b0-3e-81-9f-9b-4a","modelType":"Wi-SHT10","DATAS":["Temperature","Humidity"],"Temperature":22.17,"Humidity":37.699200000000005,"TIMESTAMP":"2022-11-28T07:22:14.684Z","BATT":100,"INTERVAL":600},{"modelID":"b0-3e-81-9f-9b-4a","modelType":"Wi-SHT10","DATAS":["Temperature","Humidity"],"Temperature":22.18,"Humidity":37.2,"TIMESTAMP":"2022-11-28T07:12:31.731Z","BATT":100,"INTERVAL":600},{"modelID":"b0-3e-81-9f-9b-4a","modelType":"Wi-SHT10","DATAS":["Temperature","Humidity"],"Temperature":22.21,"Humidity":37.3728,"TIMESTAMP":"2022-11-28T07:02:18.180Z","BATT":100,"INTERVAL":600},{"modelID":"b0-3e-81-9f-9b-4a","modelType":"Wi-SHT10","DATAS":["Temperature","Humidity"],"Temperature":22.14,"Humidity":37.2384,"TIMESTAMP":"2022-11-28T06:52:34.188Z","BATT":100,"INTERVAL":600},{"modelID":"b0-3e-81-9f-9b-4a","modelType":"Wi-SHT10","DATAS":["Temperature","Humidity"],"Temperature":22.04,"Humidity":35.903999999999996,"TIMESTAMP":"2022-11-28T06:42:27.601Z","BATT":100,"INTERVAL":600},{"modelID":"b0-3e-81-9f-9b-4a","modelType":"Wi-SHT10","DATAS":["Temperature","Humidity"],"Temperature":22.06,"Humidity":35.193599999999996,"TIMESTAMP":"2022-11-28T06:32:29.788Z","BATT":100,"INTERVAL":600},{"modelID":"b0-3e-81-9f-9b-4a","modelType":"Wi-SHT10","DATAS":["Temperature","Humidity"],"Temperature":22.1,"Humidity":35.568,"TIMESTAMP":"2022-11-28T06:22:10.460Z","BATT":100,"INTERVAL":600},{"modelID":"b0-3e-81-9f-9b-4a","modelType":"Wi-SHT10","DATAS":["Temperature","Humidity"],"Temperature":22.02,"Humidity":37.2384,"TIMESTAMP":"2022-11-28T06:12:40.008Z","BATT":100,"INTERVAL":600},{"modelID":"b0-3e-81-9f-9b-4a","modelType":"Wi-SHT10","DATAS":["Temperature","Humidity"],"Temperature":21.95,"Humidity":36.6432,"TIMESTAMP":"2022-11-28T06:02:37.079Z","BATT":100,"INTERVAL":600},{"modelID":"b0-3e-81-9f-9b-4a","modelType":"Wi-SHT10","DATAS":["Temperature","Humidity"],"Temperature":21.94,"Humidity":36.873599999999996,"TIMESTAMP":"2022-11-28T05:52:29.011Z","BATT":100,"INTERVAL":600},{"modelID":"b0-3e-81-9f-9b-4a","modelType":"Wi-SHT10","DATAS":["Temperature","Humidity"],"Temperature":21.85,"Humidity":35.327999999999996,"TIMESTAMP":"2022-11-28T05:42:13.533Z","BATT":100,"INTERVAL":600},{"modelID":"b0-3e-81-9f-9b-4a","modelType":"Wi-SHT10","DATAS":["Temperature","Humidity"],"Temperature":21.82,"Humidity":35.0496,"TIMESTAMP":"2022-11-28T05:32:39.052Z","BATT":100,"INTERVAL":600},{"modelID":"b0-3e-81-9f-9b-4a","modelType":"Wi-SHT10","DATAS":["Temperature","Humidity"],"Temperature":21.83,"Humidity":35.020799999999994,"TIMESTAMP":"2022-11-28T05:22:37.493Z","BATT":100,"INTERVAL":600},{"modelID":"b0-3e-81-9f-9b-4a","modelType":"Wi-SHT10","DATAS":["Temperature","Humidity"],"Temperature":21.86,"Humidity":37.2768,"TIMESTAMP":"2022-11-28T05:12:22.033Z","BATT":100,"INTERVAL":600},{"modelID":"b0-3e-81-9f-9b-4a","modelType":"Wi-SHT10","DATAS":["Temperature","Humidity"],"Temperature":21.75,"Humidity":38.3424,"TIMESTAMP":"2022-11-28T05:02:27.888Z","BATT":100,"INTERVAL":600},{"modelID":"b0-3e-81-9f-9b-4a","modelType":"Wi-SHT10","DATAS":["Temperature","Humidity"],"Temperature":21.66,"Humidity":39.0336,"TIMESTAMP":"2022-11-28T04:52:15.451Z","BATT":100,"INTERVAL":600},{"modelID":"b0-3e-81-9f-9b-4a","modelType":"Wi-SHT10","DATAS":["Temperature","Humidity"],"Temperature":21.54,"Humidity":40.0896,"TIMESTAMP":"2022-11-28T04:42:21.819Z","BATT":100,"INTERVAL":600},{"modelID":"b0-3e-81-9f-9b-4a","modelType":"Wi-SHT10","DATAS":["Temperature","Humidity"],"Temperature":21.53,"Humidity":38.352000000000004,"TIMESTAMP":"2022-11-28T04:32:27.969Z","BATT":100,"INTERVAL":600},{"modelID":"b0-3e-81-9f-9b-4a","modelType":"Wi-SHT10","DATAS":["Temperature","Humidity"],"Temperature":21.58,"Humidity":39.0336,"TIMESTAMP":"2022-11-28T04:22:41.758Z","BATT":100,"INTERVAL":600},{"modelID":"b0-3e-81-9f-9b-4a","modelType":"Wi-SHT10","DATAS":["Temperature","Humidity"],"Temperature":21.49,"Humidity":37.564800000000005,"TIMESTAMP":"2022-11-28T04:12:41.489Z","BATT":100,"INTERVAL":600},{"modelID":"b0-3e-81-9f-9b-4a","modelType":"Wi-SHT10","DATAS":["Temperature","Humidity"],"Temperature":21.49,"Humidity":36.1728,"TIMESTAMP":"2022-11-28T04:02:17.402Z","BATT":100,"INTERVAL":600},{"modelID":"b0-3e-81-9f-9b-4a","modelType":"Wi-SHT10","DATAS":["Temperature","Humidity"],"Temperature":21.47,"Humidity":34.5312,"TIMESTAMP":"2022-11-28T03:52:27.772Z","BATT":100,"INTERVAL":600},{"modelID":"b0-3e-81-9f-9b-4a","modelType":"Wi-SHT10","DATAS":["Temperature","Humidity"],"Temperature":21.47,"Humidity":34.992000000000004,"TIMESTAMP":"2022-11-28T03:22:23.941Z","BATT":100,"INTERVAL":600},{"modelID":"b0-3e-81-9f-9b-4a","modelType":"Wi-SHT10","DATAS":["Temperature","Humidity"],"Temperature":21.51,"Humidity":35.5968,"TIMESTAMP":"2022-11-28T03:12:10.202Z","BATT":100,"INTERVAL":600},{"modelID":"b0-3e-81-9f-9b-4a","modelType":"Wi-SHT10","DATAS":["Temperature","Humidity"],"Temperature":21.55,"Humidity":38.5152,"TIMESTAMP":"2022-11-28T02:52:10.564Z","BATT":100,"INTERVAL":600},{"modelID":"b0-3e-81-9f-9b-4a","modelType":"Wi-SHT10","DATAS":["Temperature","Humidity"],"Temperature":29.6,"Humidity":67.52640000000001,"TIMESTAMP":"2022-11-28T02:32:16.310Z","BATT":100,"INTERVAL":600},{"modelID":"b0-3e-81-9f-9b-4a","modelType":"Wi-SHT10","DATAS":["Temperature","Humidity"],"Temperature":21.5,"Humidity":36.3456,"TIMESTAMP":"2022-11-28T02:22:37.217Z","BATT":100,"INTERVAL":600},{"modelID":"b0-3e-81-9f-9b-4a","modelType":"Wi-SHT10","DATAS":["Temperature","Humidity"],"Temperature":21.53,"Humidity":35.980799999999995,"TIMESTAMP":"2022-11-28T02:12:26.061Z","BATT":100,"INTERVAL":600},{"modelID":"b0-3e-81-9f-9b-4a","modelType":"Wi-SHT10","DATAS":["Temperature","Humidity"],"Temperature":21.54,"Humidity":36.047999999999995,"TIMESTAMP":"2022-11-28T02:02:11.744Z","BATT":100,"INTERVAL":600},{"modelID":"b0-3e-81-9f-9b-4a","modelType":"Wi-SHT10","DATAS":["Temperature","Humidity"],"Temperature":21.59,"Humidity":35.644800000000004,"TIMESTAMP":"2022-11-28T01:52:40.159Z","BATT":100,"INTERVAL":600},{"modelID":"b0-3e-81-9f-9b-4a","modelType":"Wi-SHT10","DATAS":["Temperature","Humidity"],"Temperature":21.65,"Humidity":35.299200000000006,"TIMESTAMP":"2022-11-28T01:42:17.919Z","BATT":100,"INTERVAL":600},{"modelID":"b0-3e-81-9f-9b-4a","modelType":"Wi-SHT10","DATAS":["Temperature","Humidity"],"Temperature":21.79,"Humidity":34.9056,"TIMESTAMP":"2022-11-28T01:32:08.869Z","BATT":100,"INTERVAL":600},{"modelID":"b0-3e-81-9f-9b-4a","modelType":"Wi-SHT10","DATAS":["Temperature","Humidity"],"Temperature":21.94,"Humidity":34.339200000000005,"TIMESTAMP":"2022-11-28T01:22:37.111Z","BATT":100,"INTERVAL":600},{"modelID":"b0-3e-81-9f-9b-4a","modelType":"Wi-SHT10","DATAS":["Temperature","Humidity"],"Temperature":22.03,"Humidity":33.888,"TIMESTAMP":"2022-11-28T01:12:14.493Z","BATT":100,"INTERVAL":600},{"modelID":"b0-3e-81-9f-9b-4a","modelType":"Wi-SHT10","DATAS":["Temperature","Humidity"],"Temperature":22.18,"Humidity":33.2832,"TIMESTAMP":"2022-11-28T01:02:29.081Z","BATT":100,"INTERVAL":600},{"modelID":"b0-3e-81-9f-9b-4a","modelType":"Wi-SHT10","DATAS":["Temperature","Humidity"],"Temperature":22.4,"Humidity":32.544,"TIMESTAMP":"2022-11-28T00:52:15.808Z","BATT":100,"INTERVAL":600},{"modelID":"b0-3e-81-9f-9b-4a","modelType":"Wi-SHT10","DATAS":["Temperature","Humidity"],"Temperature":22.53,"Humidity":34.3776,"TIMESTAMP":"2022-11-28T00:42:28.870Z","BATT":100,"INTERVAL":600},{"modelID":"b0-3e-81-9f-9b-4a","modelType":"Wi-SHT10","DATAS":["Temperature","Humidity"],"Temperature":22.57,"Humidity":33.8112,"TIMESTAMP":"2022-11-28T00:22:34.180Z","BATT":100,"INTERVAL":600},{"modelID":"b0-3e-81-9f-9b-4a","modelType":"Wi-SHT10","DATAS":["Temperature","Humidity"],"Temperature":22.51,"Humidity":33.5904,"TIMESTAMP":"2022-11-28T00:12:36.481Z","BATT":100,"INTERVAL":600},{"modelID":"b0-3e-81-9f-9b-4a","modelType":"Wi-SHT10","DATAS":["Temperature","Humidity"],"Temperature":22.26,"Humidity":31.843200000000003,"TIMESTAMP":"2022-11-28T00:02:20.753Z","BATT":100,"INTERVAL":600},{"modelID":"b0-3e-81-9f-9b-4a","modelType":"Wi-SHT10","DATAS":["Temperature","Humidity"],"Temperature":22.21,"Humidity":29.4912,"TIMESTAMP":"2022-11-27T23:52:26.416Z","BATT":100,"INTERVAL":600},{"modelID":"b0-3e-81-9f-9b-4a","modelType":"Wi-SHT10","DATAS":["Temperature","Humidity"],"Temperature":21.98,"Humidity":29.7984,"TIMESTAMP":"2022-11-27T23:42:09.538Z","BATT":100,"INTERVAL":600},{"modelID":"b0-3e-81-9f-9b-4a","modelType":"Wi-SHT10","DATAS":["Temperature","Humidity"],"Temperature":21.84,"Humidity":29.241600000000002,"TIMESTAMP":"2022-11-27T23:32:28.836Z","BATT":100,"INTERVAL":600},{"modelID":"b0-3e-81-9f-9b-4a","modelType":"Wi-SHT10","DATAS":["Temperature","Humidity"],"Temperature":21.63,"Humidity":26.150399999999998,"TIMESTAMP":"2022-11-27T23:22:16.914Z","BATT":100,"INTERVAL":600},{"modelID":"b0-3e-81-9f-9b-4a","modelType":"Wi-SHT10","DATAS":["Temperature","Humidity"],"Temperature":21.67,"Humidity":25.8336,"TIMESTAMP":"2022-11-27T23:12:22.776Z","BATT":100,"INTERVAL":600},{"modelID":"b0-3e-81-9f-9b-4a","modelType":"Wi-SHT10","DATAS":["Temperature","Humidity"],"Temperature":21.64,"Humidity":25.7184,"TIMESTAMP":"2022-11-27T23:02:31.816Z","BATT":100,"INTERVAL":600},{"modelID":"b0-3e-81-9f-9b-4a","modelType":"Wi-SHT10","DATAS":["Temperature","Humidity"],"Temperature":21.63,"Humidity":25.7472,"TIMESTAMP":"2022-11-27T22:52:19.045Z","BATT":100,"INTERVAL":600},{"modelID":"b0-3e-81-9f-9b-4a","modelType":"Wi-SHT10","DATAS":["Temperature","Humidity"],"Temperature":21.64,"Humidity":25.7664,"TIMESTAMP":"2022-11-27T22:42:39.376Z","BATT":100,"INTERVAL":600},{"modelID":"b0-3e-81-9f-9b-4a","modelType":"Wi-SHT10","DATAS":["Temperature","Humidity"],"Temperature":21.66,"Humidity":25.7952,"TIMESTAMP":"2022-11-27T22:32:20.025Z","BATT":100,"INTERVAL":600},{"modelID":"b0-3e-81-9f-9b-4a","modelType":"Wi-SHT10","DATAS":["Temperature","Humidity"],"Temperature":21.61,"Humidity":25.823999999999998,"TIMESTAMP":"2022-11-27T22:22:15.338Z","BATT":100,"INTERVAL":600},{"modelID":"b0-3e-81-9f-9b-4a","modelType":"Wi-SHT10","DATAS":["Temperature","Humidity"],"Temperature":21.66,"Humidity":25.8144,"TIMESTAMP":"2022-11-27T22:12:38.045Z","BATT":100,"INTERVAL":600},{"modelID":"b0-3e-81-9f-9b-4a","modelType":"Wi-SHT10","DATAS":["Temperature","Humidity"],"Temperature":21.63,"Humidity":25.8528,"TIMESTAMP":"2022-11-27T22:02:31.397Z","BATT":100,"INTERVAL":600},{"modelID":"b0-3e-81-9f-9b-4a","modelType":"Wi-SHT10","DATAS":["Temperature","Humidity"],"Temperature":21.69,"Humidity":25.891199999999998,"TIMESTAMP":"2022-11-27T21:52:12.842Z","BATT":100,"INTERVAL":600},{"modelID":"b0-3e-81-9f-9b-4a","modelType":"Wi-SHT10","DATAS":["Temperature","Humidity"],"Temperature":21.69,"Humidity":25.872,"TIMESTAMP":"2022-11-27T21:42:41.090Z","BATT":100,"INTERVAL":600},{"modelID":"b0-3e-81-9f-9b-4a","modelType":"Wi-SHT10","DATAS":["Temperature","Humidity"],"Temperature":21.64,"Humidity":25.9296,"TIMESTAMP":"2022-11-27T21:32:13.561Z","BATT":100,"INTERVAL":600},{"modelID":"b0-3e-81-9f-9b-4a","modelType":"Wi-SHT10","DATAS":["Temperature","Humidity"],"Temperature":21.69,"Humidity":25.9008,"TIMESTAMP":"2022-11-27T21:22:27.602Z","BATT":100,"INTERVAL":600},{"modelID":"b0-3e-81-9f-9b-4a","modelType":"Wi-SHT10","DATAS":["Temperature","Humidity"],"Temperature":21.7,"Humidity":25.958399999999997,"TIMESTAMP":"2022-11-27T21:12:26.944Z","BATT":100,"INTERVAL":600},{"modelID":"b0-3e-81-9f-9b-4a","modelType":"Wi-SHT10","DATAS":["Temperature","Humidity"],"Temperature":21.7,"Humidity":25.9776,"TIMESTAMP":"2022-11-27T21:02:15.682Z","BATT":100,"INTERVAL":600},{"modelID":"b0-3e-81-9f-9b-4a","modelType":"Wi-SHT10","DATAS":["Temperature","Humidity"],"Temperature":21.71,"Humidity":26.0064,"TIMESTAMP":"2022-11-27T20:52:19.260Z","BATT":100,"INTERVAL":600},{"modelID":"b0-3e-81-9f-9b-4a","modelType":"Wi-SHT10","DATAS":["Temperature","Humidity"],"Temperature":21.7,"Humidity":26.0256,"TIMESTAMP":"2022-11-27T20:42:25.493Z","BATT":100,"INTERVAL":600},{"modelID":"b0-3e-81-9f-9b-4a","modelType":"Wi-SHT10","DATAS":["Temperature","Humidity"],"Temperature":21.73,"Humidity":26.0928,"TIMESTAMP":"2022-11-27T20:32:36.283Z","BATT":100,"INTERVAL":600},{"modelID":"b0-3e-81-9f-9b-4a","modelType":"Wi-SHT10","DATAS":["Temperature","Humidity"],"Temperature":21.74,"Humidity":26.102400000000003,"TIMESTAMP":"2022-11-27T20:22:32.542Z","BATT":100,"INTERVAL":600},{"modelID":"b0-3e-81-9f-9b-4a","modelType":"Wi-SHT10","DATAS":["Temperature","Humidity"],"Temperature":21.75,"Humidity":26.16,"TIMESTAMP":"2022-11-27T20:12:27.018Z","BATT":100,"INTERVAL":600},{"modelID":"b0-3e-81-9f-9b-4a","modelType":"Wi-SHT10","DATAS":["Temperature","Humidity"],"Temperature":21.73,"Humidity":26.2272,"TIMESTAMP":"2022-11-27T20:02:29.301Z","BATT":100,"INTERVAL":600},{"modelID":"b0-3e-81-9f-9b-4a","modelType":"Wi-SHT10","DATAS":["Temperature","Humidity"],"Temperature":21.74,"Humidity":26.2272,"TIMESTAMP":"2022-11-27T19:52:13.763Z","BATT":100,"INTERVAL":600},{"modelID":"b0-3e-81-9f-9b-4a","modelType":"Wi-SHT10","DATAS":["Temperature","Humidity"],"Temperature":21.77,"Humidity":26.2656,"TIMESTAMP":"2022-11-27T19:42:41.862Z","BATT":100,"INTERVAL":600},{"modelID":"b0-3e-81-9f-9b-4a","modelType":"Wi-SHT10","DATAS":["Temperature","Humidity"],"Temperature":21.78,"Humidity":26.3616,"TIMESTAMP":"2022-11-27T19:32:40.237Z","BATT":100,"INTERVAL":600},{"modelID":"b0-3e-81-9f-9b-4a","modelType":"Wi-SHT10","DATAS":["Temperature","Humidity"],"Temperature":21.79,"Humidity":26.438399999999998,"TIMESTAMP":"2022-11-27T19:22:25.736Z","BATT":100,"INTERVAL":600},{"modelID":"b0-3e-81-9f-9b-4a","modelType":"Wi-SHT10","DATAS":["Temperature","Humidity"],"Temperature":21.78,"Humidity":26.5344,"TIMESTAMP":"2022-11-27T19:12:40.536Z","BATT":100,"INTERVAL":600},{"modelID":"b0-3e-81-9f-9b-4a","modelType":"Wi-SHT10","DATAS":["Temperature","Humidity"],"Temperature":21.77,"Humidity":26.5824,"TIMESTAMP":"2022-11-27T19:02:11.838Z","BATT":100,"INTERVAL":600},{"modelID":"b0-3e-81-9f-9b-4a","modelType":"Wi-SHT10","DATAS":["Temperature","Humidity"],"Temperature":21.83,"Humidity":26.688000000000002,"TIMESTAMP":"2022-11-27T18:52:16.213Z","BATT":100,"INTERVAL":600},{"modelID":"b0-3e-81-9f-9b-4a","modelType":"Wi-SHT10","DATAS":["Temperature","Humidity"],"Temperature":21.83,"Humidity":26.736,"TIMESTAMP":"2022-11-27T18:42:40.693Z","BATT":100,"INTERVAL":600},{"modelID":"b0-3e-81-9f-9b-4a","modelType":"Wi-SHT10","DATAS":["Temperature","Humidity"],"Temperature":21.85,"Humidity":26.764799999999997,"TIMESTAMP":"2022-11-27T18:32:24.041Z","BATT":100,"INTERVAL":600},{"modelID":"b0-3e-81-9f-9b-4a","modelType":"Wi-SHT10","DATAS":["Temperature","Humidity"],"Temperature":21.85,"Humidity":26.784,"TIMESTAMP":"2022-11-27T18:22:26.514Z","BATT":100,"INTERVAL":600},{"modelID":"b0-3e-81-9f-9b-4a","modelType":"Wi-SHT10","DATAS":["Temperature","Humidity"],"Temperature":21.85,"Humidity":26.7168,"TIMESTAMP":"2022-11-27T18:12:35.534Z","BATT":100,"INTERVAL":600},{"modelID":"b0-3e-81-9f-9b-4a","modelType":"Wi-SHT10","DATAS":["Temperature","Humidity"],"Temperature":21.85,"Humidity":26.5536,"TIMESTAMP":"2022-11-27T18:02:19.633Z","BATT":100,"INTERVAL":600},{"modelID":"b0-3e-81-9f-9b-4a","modelType":"Wi-SHT10","DATAS":["Temperature","Humidity"],"Temperature":21.84,"Humidity":26.5056,"TIMESTAMP":"2022-11-27T17:52:35.933Z","BATT":100,"INTERVAL":600},{"modelID":"b0-3e-81-9f-9b-4a","modelType":"Wi-SHT10","DATAS":["Temperature","Humidity"],"Temperature":21.86,"Humidity":26.467200000000002,"TIMESTAMP":"2022-11-27T17:42:08.735Z","BATT":100,"INTERVAL":600},{"modelID":"b0-3e-81-9f-9b-4a","modelType":"Wi-SHT10","DATAS":["Temperature","Humidity"],"Temperature":21.9,"Humidity":26.5248,"TIMESTAMP":"2022-11-27T17:32:21.473Z","BATT":100,"INTERVAL":600},{"modelID":"b0-3e-81-9f-9b-4a","modelType":"Wi-SHT10","DATAS":["Temperature","Humidity"],"Temperature":21.9,"Humidity":26.592,"TIMESTAMP":"2022-11-27T17:22:36.094Z","BATT":100,"INTERVAL":600},{"modelID":"b0-3e-81-9f-9b-4a","modelType":"Wi-SHT10","DATAS":["Temperature","Humidity"],"Temperature":21.88,"Humidity":26.630399999999998,"TIMESTAMP":"2022-11-27T17:12:17.983Z","BATT":100,"INTERVAL":600},{"modelID":"b0-3e-81-9f-9b-4a","modelType":"Wi-SHT10","DATAS":["Temperature","Humidity"],"Temperature":21.91,"Humidity":26.6784,"TIMESTAMP":"2022-11-27T17:02:16.075Z","BATT":100,"INTERVAL":600},{"modelID":"b0-3e-81-9f-9b-4a","modelType":"Wi-SHT10","DATAS":["Temperature","Humidity"],"Temperature":21.91,"Humidity":26.7072,"TIMESTAMP":"2022-11-27T16:52:15.585Z","BATT":100,"INTERVAL":600},{"modelID":"b0-3e-81-9f-9b-4a","modelType":"Wi-SHT10","DATAS":["Temperature","Humidity"],"Temperature":21.94,"Humidity":26.8416,"TIMESTAMP":"2022-11-27T16:32:25.480Z","BATT":100,"INTERVAL":600},{"modelID":"b0-3e-81-9f-9b-4a","modelType":"Wi-SHT10","DATAS":["Temperature","Humidity"],"Temperature":21.95,"Humidity":26.9376,"TIMESTAMP":"2022-11-27T16:22:15.589Z","BATT":100,"INTERVAL":600},{"modelID":"b0-3e-81-9f-9b-4a","modelType":"Wi-SHT10","DATAS":["Temperature","Humidity"],"Temperature":21.95,"Humidity":27.014400000000002,"TIMESTAMP":"2022-11-27T16:12:33.416Z","BATT":100,"INTERVAL":600}],"DAYHOURS":["21","20","19","18","17","16","15","14","13","12","11","10","9","8","7","6","5","4","3","2","1","0"]}