{"SENSORNAME":"SSB1-1","SENSORTYPE":"PWRMTR(485)","DTUID":"4","SENSORID":1,"PWRMTR0":"954586","PWRMTR1":"20518","DAYDATA":[{"DTUID":"4","SENSORID":1,"FUNCID":3,"NDATA":2,"SENSORTYPE":"PWR-METER-POWER","RCV_BYTES":["05B0","9500"],"DATAS":[1456,-27392],"DATAS1":[],"DATAS2":[],"TIMESTAMP":"2022-11-28T11:27:07.163Z"},{"DTUID":"4","SENSORID":1,"FUNCID":3,"NDATA":2,"SENSORTYPE":"PWR-METER-POWER","RCV_BYTES":["05B0","7D90"],"DATAS":[1456,32144],"DATAS1":[],"DATAS2":[],"TIMESTAMP":"2022-11-28T11:07:12.516Z"},{"DTUID":"4","SENSORID":1,"FUNCID":3,"NDATA":2,"SENSORTYPE":"PWR-METER-POWER","RCV_BYTES":["05B0","3920"],"DATAS":[1456,14624],"DATAS1":[],"DATAS2":[],"TIMESTAMP":"2022-11-28T10:07:01.223Z"},{"DTUID":"4","SENSORID":1,"FUNCID":3,"NDATA":2,"SENSORTYPE":"PWR-METER-POWER","RCV_BYTES":["05B0","03B0"],"DATAS":[1456,944],"DATAS1":[],"DATAS2":[],"TIMESTAMP":"2022-11-28T09:26:56.460Z"},{"DTUID":"4","SENSORID":1,"FUNCID":3,"NDATA":2,"SENSORTYPE":"PWR-METER-POWER","RCV_BYTES":["05AE","CE50"],"DATAS":[1454,-12720],"DATAS1":[],"DATAS2":[],"TIMESTAMP":"2022-11-28T05:30:18.410Z"},{"DTUID":"4","SENSORID":1,"FUNCID":3,"NDATA":2,"SENSORTYPE":"PWR-METER-POWER","RCV_BYTES":["05AE","98E0"],"DATAS":[1454,-26400],"DATAS1":[],"DATAS2":[],"TIMESTAMP":"2022-11-28T04:50:11.769Z"},{"DTUID":"4","SENSORID":1,"FUNCID":3,"NDATA":2,"SENSORTYPE":"PWR-METER-POWER","RCV_BYTES":["05AD","7AF0"],"DATAS":[1453,31472],"DATAS1":[],"DATAS2":[],"TIMESTAMP":"2022-11-28T01:01:26.702Z"},{"DTUID":"4","SENSORID":1,"FUNCID":3,"NDATA":2,"SENSORTYPE":"PWR-METER-POWER","RCV_BYTES":["05AD","4D00"],"DATAS":[1453,19712],"DATAS1":[],"DATAS2":[],"TIMESTAMP":"2022-11-28T00:16:28.533Z"},{"DTUID":"4","SENSORID":1,"FUNCID":3,"NDATA":2,"SENSORTYPE":"PWR-METER-POWER","RCV_BYTES":["05AC","5760"],"DATAS":[1452,22368],"DATAS1":[],"DATAS2":[],"TIMESTAMP":"2022-11-27T20:16:10.312Z"},{"DTUID":"4","SENSORID":1,"FUNCID":3,"NDATA":2,"SENSORTYPE":"PWR-METER-POWER","RCV_BYTES":["05AC","1C50"],"DATAS":[1452,7248],"DATAS1":[],"DATAS2":[],"TIMESTAMP":"2022-11-27T19:16:04.796Z"},{"DTUID":"4","SENSORID":1,"FUNCID":3,"NDATA":2,"SENSORTYPE":"PWR-METER-POWER","RCV_BYTES":["05AB","F400"],"DATAS":[1451,-3072],"DATAS1":[],"DATAS2":[],"TIMESTAMP":"2022-11-27T18:36:01.813Z"},{"DTUID":"4","SENSORID":1,"FUNCID":3,"NDATA":2,"SENSORTYPE":"PWR-METER-POWER","RCV_BYTES":["05AB","E050"],"DATAS":[1451,-8112],"DATAS1":[],"DATAS2":[],"TIMESTAMP":"2022-11-27T18:16:03.033Z"}],"DAYHOURS":["19","18","17","13","12","9","8","4","3","2"],"MNTH-2022_11":"954586","WK48":"954586","WK47":"931294","WK46":"902789","WK45":"871877","WK44":"840511","MNTH-2022_10":"835690","WK43":"811226","WK42":"781001","WK41":"748128","WK40":"715476","MNTH-2022_9":"697481","WK39":"681396","WK38":"648307","WK37":"611609","WK36":"586632","MNTH-2022_8":"559654","WK35":"555341","WK34":"522809","WK33":"491837","WK32":"457526","WK31":"423372","MNTH-2022_7":"413782","WK30":"389542","WK29":"355610","WK28":"322255","WK27":"289394","MNTH-2022_6":"265289","WK26":"256046","WK25":"224630","WK24":"193164","WK23":"159761","MNTH-2022_5":"126475","WK22":"126475","WK21":"93218","WK20":"60689","WK19":"28589"}