{"SENSORNAME":"FRONTEND PRODUCTION","SENSORTYPE":"WISENSOR","DTUID":"-1","SENSORID":"B0-06-08-98-02-79","DATE0":"2022-11-28T13:01:05.531Z","DATE1":"2021-12-20T22:09:05.876Z","DAYDATA":[{"modelID":"b0-06-08-98-02-79","modelType":"Wi-SHT10","DATAS":["Temperature","Humidity"],"Temperature":22.96,"Humidity":32.304,"TIMESTAMP":"2022-11-28T13:01:05.531Z","BATT":100,"INTERVAL":600},{"modelID":"b0-06-08-98-02-79","modelType":"Wi-SHT10","DATAS":["Temperature","Humidity"],"Temperature":22.93,"Humidity":31.343999999999998,"TIMESTAMP":"2022-11-28T12:41:04.899Z","BATT":100,"INTERVAL":600},{"modelID":"b0-06-08-98-02-79","modelType":"Wi-SHT10","DATAS":["Temperature","Humidity"],"Temperature":22.92,"Humidity":32.2752,"TIMESTAMP":"2022-11-28T12:30:48.666Z","BATT":100,"INTERVAL":600},{"modelID":"b0-06-08-98-02-79","modelType":"Wi-SHT10","DATAS":["Temperature","Humidity"],"Temperature":22.99,"Humidity":31.1712,"TIMESTAMP":"2022-11-28T12:20:50.579Z","BATT":100,"INTERVAL":600},{"modelID":"b0-06-08-98-02-79","modelType":"Wi-SHT10","DATAS":["Temperature","Humidity"],"Temperature":22.91,"Humidity":31.0752,"TIMESTAMP":"2022-11-28T12:10:57.060Z","BATT":100,"INTERVAL":600},{"modelID":"b0-06-08-98-02-79","modelType":"Wi-SHT10","DATAS":["Temperature","Humidity"],"Temperature":22.89,"Humidity":31.1424,"TIMESTAMP":"2022-11-28T12:00:38.508Z","BATT":100,"INTERVAL":600},{"modelID":"b0-06-08-98-02-79","modelType":"Wi-SHT10","DATAS":["Temperature","Humidity"],"Temperature":22.87,"Humidity":31.5456,"TIMESTAMP":"2022-11-28T11:50:59.736Z","BATT":100,"INTERVAL":600},{"modelID":"b0-06-08-98-02-79","modelType":"Wi-SHT10","DATAS":["Temperature","Humidity"],"Temperature":22.79,"Humidity":31.449599999999997,"TIMESTAMP":"2022-11-28T11:41:02.849Z","BATT":100,"INTERVAL":600},{"modelID":"b0-06-08-98-02-79","modelType":"Wi-SHT10","DATAS":["Temperature","Humidity"],"Temperature":22.75,"Humidity":32.9568,"TIMESTAMP":"2022-11-28T11:30:34.798Z","BATT":100,"INTERVAL":600},{"modelID":"b0-06-08-98-02-79","modelType":"Wi-SHT10","DATAS":["Temperature","Humidity"],"Temperature":22.63,"Humidity":33.312000000000005,"TIMESTAMP":"2022-11-28T11:20:57.614Z","BATT":100,"INTERVAL":600},{"modelID":"b0-06-08-98-02-79","modelType":"Wi-SHT10","DATAS":["Temperature","Humidity"],"Temperature":22.46,"Humidity":32.2656,"TIMESTAMP":"2022-11-28T11:10:33.851Z","BATT":100,"INTERVAL":600},{"modelID":"b0-06-08-98-02-79","modelType":"Wi-SHT10","DATAS":["Temperature","Humidity"],"Temperature":22.4,"Humidity":32.419200000000004,"TIMESTAMP":"2022-11-28T11:00:57.293Z","BATT":100,"INTERVAL":600},{"modelID":"b0-06-08-98-02-79","modelType":"Wi-SHT10","DATAS":["Temperature","Humidity"],"Temperature":22.26,"Humidity":32.803200000000004,"TIMESTAMP":"2022-11-28T10:50:58.870Z","BATT":100,"INTERVAL":600},{"modelID":"b0-06-08-98-02-79","modelType":"Wi-SHT10","DATAS":["Temperature","Humidity"],"Temperature":22.14,"Humidity":32.7168,"TIMESTAMP":"2022-11-28T10:41:06.749Z","BATT":100,"INTERVAL":600},{"modelID":"b0-06-08-98-02-79","modelType":"Wi-SHT10","DATAS":["Temperature","Humidity"],"Temperature":22.1,"Humidity":32.553599999999996,"TIMESTAMP":"2022-11-28T10:30:38.956Z","BATT":100,"INTERVAL":600},{"modelID":"b0-06-08-98-02-79","modelType":"Wi-SHT10","DATAS":["Temperature","Humidity"],"Temperature":22.18,"Humidity":32.976,"TIMESTAMP":"2022-11-28T10:20:58.736Z","BATT":100,"INTERVAL":600},{"modelID":"b0-06-08-98-02-79","modelType":"Wi-SHT10","DATAS":["Temperature","Humidity"],"Temperature":22.23,"Humidity":33.5328,"TIMESTAMP":"2022-11-28T10:10:54.947Z","BATT":100,"INTERVAL":600},{"modelID":"b0-06-08-98-02-79","modelType":"Wi-SHT10","DATAS":["Temperature","Humidity"],"Temperature":22.36,"Humidity":34.5984,"TIMESTAMP":"2022-11-28T10:00:44.419Z","BATT":100,"INTERVAL":600},{"modelID":"b0-06-08-98-02-79","modelType":"Wi-SHT10","DATAS":["Temperature","Humidity"],"Temperature":22.43,"Humidity":37.152,"TIMESTAMP":"2022-11-28T09:50:43.744Z","BATT":100,"INTERVAL":600},{"modelID":"b0-06-08-98-02-79","modelType":"Wi-SHT10","DATAS":["Temperature","Humidity"],"Temperature":22.32,"Humidity":34.4928,"TIMESTAMP":"2022-11-28T09:40:36.830Z","BATT":100,"INTERVAL":600},{"modelID":"b0-06-08-98-02-79","modelType":"Wi-SHT10","DATAS":["Temperature","Humidity"],"Temperature":22.3,"Humidity":33.792,"TIMESTAMP":"2022-11-28T09:30:54.682Z","BATT":100,"INTERVAL":600},{"modelID":"b0-06-08-98-02-79","modelType":"Wi-SHT10","DATAS":["Temperature","Humidity"],"Temperature":22.34,"Humidity":33.6672,"TIMESTAMP":"2022-11-28T09:20:34.302Z","BATT":100,"INTERVAL":600},{"modelID":"b0-06-08-98-02-79","modelType":"Wi-SHT10","DATAS":["Temperature","Humidity"],"Temperature":22.39,"Humidity":33.696,"TIMESTAMP":"2022-11-28T09:10:43.840Z","BATT":100,"INTERVAL":600},{"modelID":"b0-06-08-98-02-79","modelType":"Wi-SHT10","DATAS":["Temperature","Humidity"],"Temperature":22.39,"Humidity":33.504,"TIMESTAMP":"2022-11-28T09:01:07.061Z","BATT":100,"INTERVAL":600},{"modelID":"b0-06-08-98-02-79","modelType":"Wi-SHT10","DATAS":["Temperature","Humidity"],"Temperature":22.5,"Humidity":33.7344,"TIMESTAMP":"2022-11-28T08:50:33.781Z","BATT":100,"INTERVAL":600},{"modelID":"b0-06-08-98-02-79","modelType":"Wi-SHT10","DATAS":["Temperature","Humidity"],"Temperature":22.45,"Humidity":33.792,"TIMESTAMP":"2022-11-28T08:40:43.298Z","BATT":100,"INTERVAL":600},{"modelID":"b0-06-08-98-02-79","modelType":"Wi-SHT10","DATAS":["Temperature","Humidity"],"Temperature":22.57,"Humidity":33.897600000000004,"TIMESTAMP":"2022-11-28T08:20:47.459Z","BATT":100,"INTERVAL":600},{"modelID":"b0-06-08-98-02-79","modelType":"Wi-SHT10","DATAS":["Temperature","Humidity"],"Temperature":22.52,"Humidity":33.897600000000004,"TIMESTAMP":"2022-11-28T08:10:49.900Z","BATT":100,"INTERVAL":600},{"modelID":"b0-06-08-98-02-79","modelType":"Wi-SHT10","DATAS":["Temperature","Humidity"],"Temperature":22.63,"Humidity":34.876799999999996,"TIMESTAMP":"2022-11-28T08:00:47.883Z","BATT":100,"INTERVAL":600},{"modelID":"b0-06-08-98-02-79","modelType":"Wi-SHT10","DATAS":["Temperature","Humidity"],"Temperature":22.69,"Humidity":34.0224,"TIMESTAMP":"2022-11-28T07:50:43.547Z","BATT":100,"INTERVAL":600},{"modelID":"b0-06-08-98-02-79","modelType":"Wi-SHT10","DATAS":["Temperature","Humidity"],"Temperature":22.7,"Humidity":34.876799999999996,"TIMESTAMP":"2022-11-28T07:40:38.945Z","BATT":100,"INTERVAL":600},{"modelID":"b0-06-08-98-02-79","modelType":"Wi-SHT10","DATAS":["Temperature","Humidity"],"Temperature":22.62,"Humidity":33.8016,"TIMESTAMP":"2022-11-28T07:30:53.623Z","BATT":100,"INTERVAL":600},{"modelID":"b0-06-08-98-02-79","modelType":"Wi-SHT10","DATAS":["Temperature","Humidity"],"Temperature":22.66,"Humidity":33.744,"TIMESTAMP":"2022-11-28T07:20:43.819Z","BATT":100,"INTERVAL":600},{"modelID":"b0-06-08-98-02-79","modelType":"Wi-SHT10","DATAS":["Temperature","Humidity"],"Temperature":22.73,"Humidity":33.580799999999996,"TIMESTAMP":"2022-11-28T07:10:58.507Z","BATT":100,"INTERVAL":600},{"modelID":"b0-06-08-98-02-79","modelType":"Wi-SHT10","DATAS":["Temperature","Humidity"],"Temperature":22.76,"Humidity":34.0224,"TIMESTAMP":"2022-11-28T07:00:55.121Z","BATT":100,"INTERVAL":600},{"modelID":"b0-06-08-98-02-79","modelType":"Wi-SHT10","DATAS":["Temperature","Humidity"],"Temperature":22.77,"Humidity":33.6,"TIMESTAMP":"2022-11-28T06:51:04.316Z","BATT":100,"INTERVAL":600},{"modelID":"b0-06-08-98-02-79","modelType":"Wi-SHT10","DATAS":["Temperature","Humidity"],"Temperature":22.78,"Humidity":33.6096,"TIMESTAMP":"2022-11-28T06:40:55.509Z","BATT":100,"INTERVAL":600},{"modelID":"b0-06-08-98-02-79","modelType":"Wi-SHT10","DATAS":["Temperature","Humidity"],"Temperature":22.82,"Humidity":33.9552,"TIMESTAMP":"2022-11-28T06:30:34.589Z","BATT":100,"INTERVAL":600},{"modelID":"b0-06-08-98-02-79","modelType":"Wi-SHT10","DATAS":["Temperature","Humidity"],"Temperature":22.76,"Humidity":34.272000000000006,"TIMESTAMP":"2022-11-28T06:20:51.753Z","BATT":100,"INTERVAL":600},{"modelID":"b0-06-08-98-02-79","modelType":"Wi-SHT10","DATAS":["Temperature","Humidity"],"Temperature":22.77,"Humidity":33.6096,"TIMESTAMP":"2022-11-28T06:10:49.686Z","BATT":100,"INTERVAL":600},{"modelID":"b0-06-08-98-02-79","modelType":"Wi-SHT10","DATAS":["Temperature","Humidity"],"Temperature":22.77,"Humidity":33.7728,"TIMESTAMP":"2022-11-28T06:01:07.713Z","BATT":100,"INTERVAL":600},{"modelID":"b0-06-08-98-02-79","modelType":"Wi-SHT10","DATAS":["Temperature","Humidity"],"Temperature":22.71,"Humidity":33.9552,"TIMESTAMP":"2022-11-28T05:50:48.993Z","BATT":100,"INTERVAL":600},{"modelID":"b0-06-08-98-02-79","modelType":"Wi-SHT10","DATAS":["Temperature","Humidity"],"Temperature":22.69,"Humidity":33.9456,"TIMESTAMP":"2022-11-28T05:40:39.433Z","BATT":100,"INTERVAL":600},{"modelID":"b0-06-08-98-02-79","modelType":"Wi-SHT10","DATAS":["Temperature","Humidity"],"Temperature":22.68,"Humidity":33.168,"TIMESTAMP":"2022-11-28T05:30:53.191Z","BATT":100,"INTERVAL":600},{"modelID":"b0-06-08-98-02-79","modelType":"Wi","DATAS":["Temperature","Humidity"],"Temperature":22.65,"Humidity":33.0336,"TIMESTAMP":"2022-11-28T05:20:46.794Z","INTERVAL":600},{"modelID":"b0-06-08-98-02-79","modelType":"Wi-SHT10","DATAS":["Temperature","Humidity"],"Temperature":22.57,"Humidity":33.686400000000006,"TIMESTAMP":"2022-11-28T05:10:47.573Z","BATT":100,"INTERVAL":600},{"modelID":"b0-06-08-98-02-79","modelType":"Wi-SHT10","DATAS":["Temperature","Humidity"],"Temperature":22.57,"Humidity":33.916799999999995,"TIMESTAMP":"2022-11-28T05:00:35.550Z","BATT":100,"INTERVAL":600},{"modelID":"b0-06-08-98-02-79","modelType":"Wi-SHT10","DATAS":["Temperature","Humidity"],"Temperature":22.66,"Humidity":36.028800000000004,"TIMESTAMP":"2022-11-28T04:50:55.669Z","BATT":100,"INTERVAL":600},{"modelID":"b0-06-08-98-02-79","modelType":"Wi-SHT10","DATAS":["Temperature","Humidity"],"Temperature":22.52,"Humidity":36.72,"TIMESTAMP":"2022-11-28T04:40:35.858Z","BATT":100,"INTERVAL":600},{"modelID":"b0-06-08-98-02-79","modelType":"Wi-SHT10","DATAS":["Temperature","Humidity"],"Temperature":22.54,"Humidity":37.4112,"TIMESTAMP":"2022-11-28T04:30:54.440Z","BATT":100,"INTERVAL":600},{"modelID":"b0-06-08-98-02-79","modelType":"Wi-SHT10","DATAS":["Temperature","Humidity"],"Temperature":22.51,"Humidity":36.48,"TIMESTAMP":"2022-11-28T04:20:59.234Z","BATT":100,"INTERVAL":600},{"modelID":"b0-06-08-98-02-79","modelType":"Wi-SHT10","DATAS":["Temperature","Humidity"],"Temperature":22.45,"Humidity":35.0496,"TIMESTAMP":"2022-11-28T04:10:49.753Z","BATT":100,"INTERVAL":600},{"modelID":"b0-06-08-98-02-79","modelType":"Wi-SHT10","DATAS":["Temperature","Humidity"],"Temperature":22.45,"Humidity":34.1856,"TIMESTAMP":"2022-11-28T04:00:43.613Z","BATT":100,"INTERVAL":600},{"modelID":"b0-06-08-98-02-79","modelType":"Wi-SHT10","DATAS":["Temperature","Humidity"],"Temperature":22.35,"Humidity":32.9664,"TIMESTAMP":"2022-11-28T03:50:50.763Z","BATT":100,"INTERVAL":600},{"modelID":"b0-06-08-98-02-79","modelType":"Wi-SHT10","DATAS":["Temperature","Humidity"],"Temperature":22.29,"Humidity":32.976,"TIMESTAMP":"2022-11-28T03:30:52.693Z","BATT":100,"INTERVAL":600},{"modelID":"b0-06-08-98-02-79","modelType":"Wi-SHT10","DATAS":["Temperature","Humidity"],"Temperature":22.24,"Humidity":34.0608,"TIMESTAMP":"2022-11-28T03:10:39.198Z","BATT":100,"INTERVAL":600},{"modelID":"b0-06-08-98-02-79","modelType":"Wi-SHT10","DATAS":["Temperature","Humidity"],"Temperature":22.28,"Humidity":34.7328,"TIMESTAMP":"2022-11-28T03:01:03.926Z","BATT":100,"INTERVAL":600},{"modelID":"b0-06-08-98-02-79","modelType":"Wi-SHT10","DATAS":["Temperature","Humidity"],"Temperature":22.27,"Humidity":35.2416,"TIMESTAMP":"2022-11-28T02:50:58.436Z","BATT":100,"INTERVAL":600},{"modelID":"b0-06-08-98-02-79","modelType":"Wi-SHT10","DATAS":["Temperature","Humidity"],"Temperature":22.28,"Humidity":34.5792,"TIMESTAMP":"2022-11-28T02:20:45.820Z","BATT":100,"INTERVAL":600},{"modelID":"b0-06-08-98-02-79","modelType":"Wi-SHT10","DATAS":["Temperature","Humidity"],"Temperature":22.26,"Humidity":34.4928,"TIMESTAMP":"2022-11-28T02:11:05.536Z","BATT":100,"INTERVAL":600},{"modelID":"b0-06-08-98-02-79","modelType":"Wi-SHT10","DATAS":["Temperature","Humidity"],"Temperature":22.3,"Humidity":35.3568,"TIMESTAMP":"2022-11-28T02:00:39.254Z","BATT":100,"INTERVAL":600},{"modelID":"b0-06-08-98-02-79","modelType":"Wi-SHT10","DATAS":["Temperature","Humidity"],"Temperature":22.25,"Humidity":34.464,"TIMESTAMP":"2022-11-28T01:40:43.519Z","BATT":100,"INTERVAL":600},{"modelID":"b0-06-08-98-02-79","modelType":"Wi-SHT10","DATAS":["Temperature","Humidity"],"Temperature":22.54,"Humidity":33.6,"TIMESTAMP":"2022-11-28T00:50:49.352Z","BATT":100,"INTERVAL":600},{"modelID":"b0-06-08-98-02-79","modelType":"Wi-SHT10","DATAS":["Temperature","Humidity"],"Temperature":22.61,"Humidity":31.5072,"TIMESTAMP":"2022-11-28T00:41:05.426Z","BATT":100,"INTERVAL":600},{"modelID":"b0-06-08-98-02-79","modelType":"Wi-SHT10","DATAS":["Temperature","Humidity"],"Temperature":22.76,"Humidity":30.816000000000003,"TIMESTAMP":"2022-11-28T00:30:54.098Z","BATT":100,"INTERVAL":600},{"modelID":"b0-06-08-98-02-79","modelType":"Wi-SHT10","DATAS":["Temperature","Humidity"],"Temperature":22.91,"Humidity":31.1616,"TIMESTAMP":"2022-11-28T00:21:01.095Z","BATT":100,"INTERVAL":600},{"modelID":"b0-06-08-98-02-79","modelType":"Wi-SHT10","DATAS":["Temperature","Humidity"],"Temperature":22.89,"Humidity":30.902399999999997,"TIMESTAMP":"2022-11-28T00:10:58.736Z","BATT":100,"INTERVAL":600},{"modelID":"b0-06-08-98-02-79","modelType":"Wi-SHT10","DATAS":["Temperature","Humidity"],"Temperature":22.87,"Humidity":30.2592,"TIMESTAMP":"2022-11-28T00:00:36.259Z","BATT":100,"INTERVAL":600},{"modelID":"b0-06-08-98-02-79","modelType":"Wi-SHT10","DATAS":["Temperature","Humidity"],"Temperature":22.81,"Humidity":27.9456,"TIMESTAMP":"2022-11-27T23:50:39.820Z","BATT":100,"INTERVAL":600},{"modelID":"b0-06-08-98-02-79","modelType":"Wi-SHT10","DATAS":["Temperature","Humidity"],"Temperature":22.67,"Humidity":27.8016,"TIMESTAMP":"2022-11-27T23:41:01.398Z","BATT":100,"INTERVAL":600},{"modelID":"b0-06-08-98-02-79","modelType":"Wi-SHT10","DATAS":["Temperature","Humidity"],"Temperature":22.61,"Humidity":27.830399999999997,"TIMESTAMP":"2022-11-27T23:30:38.258Z","BATT":100,"INTERVAL":600},{"modelID":"b0-06-08-98-02-79","modelType":"Wi-SHT10","DATAS":["Temperature","Humidity"],"Temperature":22.34,"Humidity":26.3616,"TIMESTAMP":"2022-11-27T23:20:54.697Z","BATT":100,"INTERVAL":600},{"modelID":"b0-06-08-98-02-79","modelType":"Wi-SHT10","DATAS":["Temperature","Humidity"],"Temperature":22.24,"Humidity":25.9296,"TIMESTAMP":"2022-11-27T23:10:45.478Z","BATT":100,"INTERVAL":600},{"modelID":"b0-06-08-98-02-79","modelType":"Wi-SHT10","DATAS":["Temperature","Humidity"],"Temperature":22.2,"Humidity":25.276799999999998,"TIMESTAMP":"2022-11-27T23:01:04.783Z","BATT":100,"INTERVAL":600},{"modelID":"b0-06-08-98-02-79","modelType":"Wi-SHT10","DATAS":["Temperature","Humidity"],"Temperature":22.22,"Humidity":24.9984,"TIMESTAMP":"2022-11-27T22:50:41.047Z","BATT":100,"INTERVAL":600},{"modelID":"b0-06-08-98-02-79","modelType":"Wi-SHT10","DATAS":["Temperature","Humidity"],"Temperature":22.18,"Humidity":25.1616,"TIMESTAMP":"2022-11-27T22:40:54.201Z","BATT":100,"INTERVAL":600},{"modelID":"b0-06-08-98-02-79","modelType":"Wi-SHT10","DATAS":["Temperature","Humidity"],"Temperature":22.19,"Humidity":25.190399999999997,"TIMESTAMP":"2022-11-27T22:31:04.851Z","BATT":100,"INTERVAL":600},{"modelID":"b0-06-08-98-02-79","modelType":"Wi-SHT10","DATAS":["Temperature","Humidity"],"Temperature":22.25,"Humidity":25.142400000000002,"TIMESTAMP":"2022-11-27T22:20:36.484Z","BATT":100,"INTERVAL":600},{"modelID":"b0-06-08-98-02-79","modelType":"Wi-SHT10","DATAS":["Temperature","Humidity"],"Temperature":22.21,"Humidity":25.209600000000002,"TIMESTAMP":"2022-11-27T22:10:51.152Z","BATT":100,"INTERVAL":600},{"modelID":"b0-06-08-98-02-79","modelType":"Wi-SHT10","DATAS":["Temperature","Humidity"],"Temperature":22.22,"Humidity":25.1328,"TIMESTAMP":"2022-11-27T22:00:37.766Z","BATT":100,"INTERVAL":600},{"modelID":"b0-06-08-98-02-79","modelType":"Wi-SHT10","DATAS":["Temperature","Humidity"],"Temperature":22.22,"Humidity":25.1808,"TIMESTAMP":"2022-11-27T21:50:54.926Z","BATT":100,"INTERVAL":600},{"modelID":"b0-06-08-98-02-79","modelType":"Wi-SHT10","DATAS":["Temperature","Humidity"],"Temperature":22.17,"Humidity":25.296000000000003,"TIMESTAMP":"2022-11-27T21:40:48.424Z","BATT":100,"INTERVAL":600},{"modelID":"b0-06-08-98-02-79","modelType":"Wi-SHT10","DATAS":["Temperature","Humidity"],"Temperature":22.22,"Humidity":25.276799999999998,"TIMESTAMP":"2022-11-27T21:30:43.090Z","BATT":100,"INTERVAL":600},{"modelID":"b0-06-08-98-02-79","modelType":"Wi-SHT10","DATAS":["Temperature","Humidity"],"Temperature":22.21,"Humidity":25.3152,"TIMESTAMP":"2022-11-27T21:21:06.708Z","BATT":100,"INTERVAL":600},{"modelID":"b0-06-08-98-02-79","modelType":"Wi-SHT10","DATAS":["Temperature","Humidity"],"Temperature":22.2,"Humidity":25.3056,"TIMESTAMP":"2022-11-27T21:10:40.058Z","BATT":100,"INTERVAL":600},{"modelID":"b0-06-08-98-02-79","modelType":"Wi-SHT10","DATAS":["Temperature","Humidity"],"Temperature":22.25,"Humidity":25.2672,"TIMESTAMP":"2022-11-27T21:00:58.287Z","BATT":100,"INTERVAL":600},{"modelID":"b0-06-08-98-02-79","modelType":"Wi-SHT10","DATAS":["Temperature","Humidity"],"Temperature":22.25,"Humidity":25.296000000000003,"TIMESTAMP":"2022-11-27T20:51:04.265Z","BATT":100,"INTERVAL":600},{"modelID":"b0-06-08-98-02-79","modelType":"Wi-SHT10","DATAS":["Temperature","Humidity"],"Temperature":22.22,"Humidity":25.3536,"TIMESTAMP":"2022-11-27T20:40:59.178Z","BATT":100,"INTERVAL":600},{"modelID":"b0-06-08-98-02-79","modelType":"Wi-SHT10","DATAS":["Temperature","Humidity"],"Temperature":22.27,"Humidity":25.372799999999998,"TIMESTAMP":"2022-11-27T20:30:59.276Z","BATT":100,"INTERVAL":600},{"modelID":"b0-06-08-98-02-79","modelType":"Wi-SHT10","DATAS":["Temperature","Humidity"],"Temperature":22.23,"Humidity":25.392,"TIMESTAMP":"2022-11-27T20:20:49.386Z","BATT":100,"INTERVAL":600},{"modelID":"b0-06-08-98-02-79","modelType":"Wi-SHT10","DATAS":["Temperature","Humidity"],"Temperature":22.25,"Humidity":25.411199999999997,"TIMESTAMP":"2022-11-27T20:10:39.035Z","BATT":100,"INTERVAL":600},{"modelID":"b0-06-08-98-02-79","modelType":"Wi-SHT10","DATAS":["Temperature","Humidity"],"Temperature":22.23,"Humidity":25.5456,"TIMESTAMP":"2022-11-27T20:00:43.676Z","BATT":100,"INTERVAL":600},{"modelID":"b0-06-08-98-02-79","modelType":"Wi-SHT10","DATAS":["Temperature","Humidity"],"Temperature":22.22,"Humidity":25.6416,"TIMESTAMP":"2022-11-27T19:50:49.462Z","BATT":100,"INTERVAL":600},{"modelID":"b0-06-08-98-02-79","modelType":"Wi-SHT10","DATAS":["Temperature","Humidity"],"Temperature":22.26,"Humidity":25.4976,"TIMESTAMP":"2022-11-27T19:40:41.579Z","BATT":100,"INTERVAL":600},{"modelID":"b0-06-08-98-02-79","modelType":"Wi-SHT10","DATAS":["Temperature","Humidity"],"Temperature":22.25,"Humidity":25.6416,"TIMESTAMP":"2022-11-27T19:20:44.708Z","BATT":100,"INTERVAL":600},{"modelID":"b0-06-08-98-02-79","modelType":"Wi-SHT10","DATAS":["Temperature","Humidity"],"Temperature":22.29,"Humidity":25.7376,"TIMESTAMP":"2022-11-27T19:10:55.641Z","BATT":100,"INTERVAL":600},{"modelID":"b0-06-08-98-02-79","modelType":"Wi-SHT10","DATAS":["Temperature","Humidity"],"Temperature":22.25,"Humidity":25.9104,"TIMESTAMP":"2022-11-27T19:00:47.240Z","BATT":100,"INTERVAL":600},{"modelID":"b0-06-08-98-02-79","modelType":"Wi-SHT10","DATAS":["Temperature","Humidity"],"Temperature":22.27,"Humidity":25.9872,"TIMESTAMP":"2022-11-27T18:50:43.456Z","BATT":100,"INTERVAL":600},{"modelID":"b0-06-08-98-02-79","modelType":"Wi-SHT10","DATAS":["Temperature","Humidity"],"Temperature":22.3,"Humidity":26.0448,"TIMESTAMP":"2022-11-27T18:40:47.139Z","BATT":100,"INTERVAL":600},{"modelID":"b0-06-08-98-02-79","modelType":"Wi-SHT10","DATAS":["Temperature","Humidity"],"Temperature":22.26,"Humidity":26.179199999999998,"TIMESTAMP":"2022-11-27T18:30:52.460Z","BATT":100,"INTERVAL":600},{"modelID":"b0-06-08-98-02-79","modelType":"Wi-SHT10","DATAS":["Temperature","Humidity"],"Temperature":22.37,"Humidity":26.2368,"TIMESTAMP":"2022-11-27T18:21:03.361Z","BATT":100,"INTERVAL":600},{"modelID":"b0-06-08-98-02-79","modelType":"Wi-SHT10","DATAS":["Temperature","Humidity"],"Temperature":22.38,"Humidity":26.4576,"TIMESTAMP":"2022-11-27T18:10:41.456Z","BATT":100,"INTERVAL":600},{"modelID":"b0-06-08-98-02-79","modelType":"Wi-SHT10","DATAS":["Temperature","Humidity"],"Temperature":22.29,"Humidity":26.6016,"TIMESTAMP":"2022-11-27T18:01:00.124Z","BATT":100,"INTERVAL":600},{"modelID":"b0-06-08-98-02-79","modelType":"Wi-SHT10","DATAS":["Temperature","Humidity"],"Temperature":22.36,"Humidity":26.1408,"TIMESTAMP":"2022-11-27T17:50:41.367Z","BATT":100,"INTERVAL":600},{"modelID":"b0-06-08-98-02-79","modelType":"Wi-SHT10","DATAS":["Temperature","Humidity"],"Temperature":22.33,"Humidity":25.7856,"TIMESTAMP":"2022-11-27T17:40:51.897Z","BATT":100,"INTERVAL":600},{"modelID":"b0-06-08-98-02-79","modelType":"Wi-SHT10","DATAS":["Temperature","Humidity"],"Temperature":22.32,"Humidity":25.823999999999998,"TIMESTAMP":"2022-11-27T17:31:05.775Z","BATT":100,"INTERVAL":600},{"modelID":"b0-06-08-98-02-79","modelType":"Wi-SHT10","DATAS":["Temperature","Humidity"],"Temperature":22.32,"Humidity":25.776,"TIMESTAMP":"2022-11-27T17:20:52.880Z","BATT":100,"INTERVAL":600},{"modelID":"b0-06-08-98-02-79","modelType":"Wi-SHT10","DATAS":["Temperature","Humidity"],"Temperature":22.31,"Humidity":25.872,"TIMESTAMP":"2022-11-27T17:10:47.315Z","BATT":100,"INTERVAL":600},{"modelID":"b0-06-08-98-02-79","modelType":"Wi-SHT10","DATAS":["Temperature","Humidity"],"Temperature":22.37,"Humidity":25.9104,"TIMESTAMP":"2022-11-27T17:00:39.355Z","BATT":100,"INTERVAL":600},{"modelID":"b0-06-08-98-02-79","modelType":"Wi-SHT10","DATAS":["Temperature","Humidity"],"Temperature":22.35,"Humidity":25.9104,"TIMESTAMP":"2022-11-27T16:51:03.826Z","BATT":100,"INTERVAL":600},{"modelID":"b0-06-08-98-02-79","modelType":"Wi-SHT10","DATAS":["Temperature","Humidity"],"Temperature":22.38,"Humidity":25.9104,"TIMESTAMP":"2022-11-27T16:31:07.194Z","BATT":100,"INTERVAL":600},{"modelID":"b0-06-08-98-02-79","modelType":"Wi-SHT10","DATAS":["Temperature","Humidity"],"Temperature":22.45,"Humidity":26.1408,"TIMESTAMP":"2022-11-27T16:00:43.935Z","BATT":100,"INTERVAL":600}],"DAYHOURS":["21","20","19","18","17","16","15","14","13","12","11","10","9","8","7","6","5","4","3","2","1","0"]}