{"SENSORNAME":"WATER COOLING PACK UNIT A - CWS PRESS","SENSORTYPE":"WTRPRS(485)","DTUID":"214","SENSORID":"47","DATE0":"2022-11-28T11:56:15.447Z","DATE1":"2022-02-13T09:05:47.534Z","DAYDATA":[{"DTUID":"214","SENSORID":47,"FUNCID":3,"NDATA":2,"SENSORTYPE":"WATER-PRES","RCV_BYTES":["436C","D581"],"DATAS":[17260,-10879],"DATAS1":[],"DATAS2":[],"TIMESTAMP":"2022-11-28T11:56:15.447Z"},{"DTUID":"214","SENSORID":47,"FUNCID":3,"NDATA":2,"SENSORTYPE":"WATER-PRES","RCV_BYTES":["436C","6E14"],"DATAS":[17260,28180],"DATAS1":[],"DATAS2":[],"TIMESTAMP":"2022-11-28T11:25:46.989Z"},{"DTUID":"214","SENSORID":47,"FUNCID":3,"NDATA":2,"SENSORTYPE":"WATER-PRES","RCV_BYTES":["436D","0979"],"DATAS":[17261,2425],"DATAS1":[],"DATAS2":[],"TIMESTAMP":"2022-11-28T10:05:40.931Z"},{"DTUID":"214","SENSORID":47,"FUNCID":3,"NDATA":2,"SENSORTYPE":"WATER-PRES","RCV_BYTES":["436C","A1CB"],"DATAS":[17260,-24117],"DATAS1":[],"DATAS2":[],"TIMESTAMP":"2022-11-28T09:25:36.395Z"},{"DTUID":"214","SENSORID":47,"FUNCID":3,"NDATA":2,"SENSORTYPE":"WATER-PRES","RCV_BYTES":["436D","7127"],"DATAS":[17261,28967],"DATAS1":[],"DATAS2":[],"TIMESTAMP":"2022-11-28T08:29:08.497Z"},{"DTUID":"214","SENSORID":47,"FUNCID":3,"NDATA":2,"SENSORTYPE":"WATER-PRES","RCV_BYTES":["436C","D581"],"DATAS":[17260,-10879],"DATAS1":[],"DATAS2":[],"TIMESTAMP":"2022-11-28T05:28:52.711Z"},{"DTUID":"214","SENSORID":47,"FUNCID":3,"NDATA":2,"SENSORTYPE":"WATER-PRES","RCV_BYTES":["436D","7127"],"DATAS":[17261,28967],"DATAS1":[],"DATAS2":[],"TIMESTAMP":"2022-11-28T04:48:44.908Z"},{"DTUID":"214","SENSORID":47,"FUNCID":3,"NDATA":2,"SENSORTYPE":"WATER-PRES","RCV_BYTES":["436C","6E14"],"DATAS":[17260,28180],"DATAS1":[],"DATAS2":[],"TIMESTAMP":"2022-11-28T04:28:47.469Z"},{"DTUID":"214","SENSORID":47,"FUNCID":3,"NDATA":2,"SENSORTYPE":"WATER-PRES","RCV_BYTES":["436C","0666"],"DATAS":[17260,1638],"DATAS1":[],"DATAS2":[],"TIMESTAMP":"2022-11-28T01:00:06.742Z"},{"DTUID":"214","SENSORID":47,"FUNCID":3,"NDATA":2,"SENSORTYPE":"WATER-PRES","RCV_BYTES":["436E","7375"],"DATAS":[17262,29557],"DATAS1":[],"DATAS2":[],"TIMESTAMP":"2022-11-27T23:14:58.036Z"},{"DTUID":"214","SENSORID":47,"FUNCID":3,"NDATA":2,"SENSORTYPE":"WATER-PRES","RCV_BYTES":["436D","0979"],"DATAS":[17261,2425],"DATAS1":[],"DATAS2":[],"TIMESTAMP":"2022-11-27T22:14:53.616Z"},{"DTUID":"214","SENSORID":47,"FUNCID":3,"NDATA":2,"SENSORTYPE":"WATER-PRES","RCV_BYTES":["436D","A419"],"DATAS":[17261,-23527],"DATAS1":[],"DATAS2":[],"TIMESTAMP":"2022-11-27T21:14:51.778Z"},{"DTUID":"214","SENSORID":47,"FUNCID":3,"NDATA":2,"SENSORTYPE":"WATER-PRES","RCV_BYTES":["436D","7127"],"DATAS":[17261,28967],"DATAS1":[],"DATAS2":[],"TIMESTAMP":"2022-11-27T20:34:43.592Z"},{"DTUID":"214","SENSORID":47,"FUNCID":3,"NDATA":2,"SENSORTYPE":"WATER-PRES","RCV_BYTES":["436D","3D71"],"DATAS":[17261,15729],"DATAS1":[],"DATAS2":[],"TIMESTAMP":"2022-11-27T20:14:44.920Z"},{"DTUID":"214","SENSORID":47,"FUNCID":3,"NDATA":2,"SENSORTYPE":"WATER-PRES","RCV_BYTES":["436D","7127"],"DATAS":[17261,28967],"DATAS1":[],"DATAS2":[],"TIMESTAMP":"2022-11-27T18:34:35.853Z"},{"DTUID":"214","SENSORID":47,"FUNCID":3,"NDATA":2,"SENSORTYPE":"WATER-PRES","RCV_BYTES":["436D","A419"],"DATAS":[17261,-23527],"DATAS1":[],"DATAS2":[],"TIMESTAMP":"2022-11-27T18:14:36.856Z"}],"DAYHOURS":["19","18","17","16","13","12","9","7","6","5","4","2"]}