{"SENSORNAME":"HVC HIGH TESTER ROOM","SENSORTYPE":"WISENSOR","DTUID":"-1","SENSORID":"B0-C1-B8-8F-C8-A6","DATE0":"2022-11-28T13:02:31.718Z","DATE1":"2021-12-20T22:08:35.158Z","DAYDATA":[{"modelID":"b0-c1-b8-8f-c8-a6","modelType":"Wi-SHT10","DATAS":["Temperature","Humidity"],"Temperature":23.99,"Humidity":42,"TIMESTAMP":"2022-11-28T13:02:31.718Z","BATT":100,"INTERVAL":600},{"modelID":"b0-c1-b8-8f-c8-a6","modelType":"Wi-SHT10","DATAS":["Temperature","Humidity"],"Temperature":24.16,"Humidity":45.407999999999994,"TIMESTAMP":"2022-11-28T12:42:07.622Z","BATT":100,"INTERVAL":600},{"modelID":"b0-c1-b8-8f-c8-a6","modelType":"Wi-SHT10","DATAS":["Temperature","Humidity"],"Temperature":24.18,"Humidity":47.7696,"TIMESTAMP":"2022-11-28T12:32:22.817Z","BATT":100,"INTERVAL":600},{"modelID":"b0-c1-b8-8f-c8-a6","modelType":"Wi-SHT10","DATAS":["Temperature","Humidity"],"Temperature":24.21,"Humidity":47.2416,"TIMESTAMP":"2022-11-28T12:22:31.120Z","BATT":100,"INTERVAL":600},{"modelID":"b0-c1-b8-8f-c8-a6","modelType":"Wi-SHT10","DATAS":["Temperature","Humidity"],"Temperature":24.2,"Humidity":47.366400000000006,"TIMESTAMP":"2022-11-28T12:12:11.079Z","BATT":100,"INTERVAL":600},{"modelID":"b0-c1-b8-8f-c8-a6","modelType":"Wi-SHT10","DATAS":["Temperature","Humidity"],"Temperature":24.26,"Humidity":47.8368,"TIMESTAMP":"2022-11-28T12:02:29.196Z","BATT":100,"INTERVAL":600},{"modelID":"b0-c1-b8-8f-c8-a6","modelType":"Wi-SHT10","DATAS":["Temperature","Humidity"],"Temperature":24.26,"Humidity":48.4416,"TIMESTAMP":"2022-11-28T11:52:17.429Z","BATT":100,"INTERVAL":600},{"modelID":"b0-c1-b8-8f-c8-a6","modelType":"Wi-SHT10","DATAS":["Temperature","Humidity"],"Temperature":24.31,"Humidity":48.3744,"TIMESTAMP":"2022-11-28T11:42:39.548Z","BATT":100,"INTERVAL":600},{"modelID":"b0-c1-b8-8f-c8-a6","modelType":"Wi-SHT10","DATAS":["Temperature","Humidity"],"Temperature":24.36,"Humidity":48.72,"TIMESTAMP":"2022-11-28T11:32:37.549Z","BATT":100,"INTERVAL":600},{"modelID":"b0-c1-b8-8f-c8-a6","modelType":"Wi-SHT10","DATAS":["Temperature","Humidity"],"Temperature":24.37,"Humidity":49.651199999999996,"TIMESTAMP":"2022-11-28T11:22:28.469Z","BATT":100,"INTERVAL":600},{"modelID":"b0-c1-b8-8f-c8-a6","modelType":"Wi-SHT10","DATAS":["Temperature","Humidity"],"Temperature":24.37,"Humidity":48.3456,"TIMESTAMP":"2022-11-28T11:12:13.749Z","BATT":100,"INTERVAL":600},{"modelID":"b0-c1-b8-8f-c8-a6","modelType":"Wi-SHT10","DATAS":["Temperature","Humidity"],"Temperature":24.32,"Humidity":44.208,"TIMESTAMP":"2022-11-28T11:02:24.169Z","BATT":100,"INTERVAL":600},{"modelID":"b0-c1-b8-8f-c8-a6","modelType":"Wi-SHT10","DATAS":["Temperature","Humidity"],"Temperature":24.27,"Humidity":42.422399999999996,"TIMESTAMP":"2022-11-28T10:52:11.548Z","BATT":100,"INTERVAL":600},{"modelID":"b0-c1-b8-8f-c8-a6","modelType":"Wi-SHT10","DATAS":["Temperature","Humidity"],"Temperature":24.25,"Humidity":42.355199999999996,"TIMESTAMP":"2022-11-28T10:42:24.985Z","BATT":100,"INTERVAL":600},{"modelID":"b0-c1-b8-8f-c8-a6","modelType":"Wi-SHT10","DATAS":["Temperature","Humidity"],"Temperature":24.33,"Humidity":44.832,"TIMESTAMP":"2022-11-28T10:22:25.131Z","BATT":100,"INTERVAL":600},{"modelID":"b0-c1-b8-8f-c8-a6","modelType":"Wi-SHT10","DATAS":["Temperature","Humidity"],"Temperature":24.34,"Humidity":47.7888,"TIMESTAMP":"2022-11-28T10:12:35.164Z","BATT":100,"INTERVAL":600},{"modelID":"b0-c1-b8-8f-c8-a6","modelType":"Wi-SHT10","DATAS":["Temperature","Humidity"],"Temperature":24.19,"Humidity":49.564800000000005,"TIMESTAMP":"2022-11-28T10:02:09.773Z","BATT":100,"INTERVAL":600},{"modelID":"b0-c1-b8-8f-c8-a6","modelType":"Wi-SHT10","DATAS":["Temperature","Humidity"],"Temperature":24.08,"Humidity":51.9072,"TIMESTAMP":"2022-11-28T09:52:11.904Z","BATT":100,"INTERVAL":600},{"modelID":"b0-c1-b8-8f-c8-a6","modelType":"Wi-SHT10","DATAS":["Temperature","Humidity"],"Temperature":23.96,"Humidity":56.1888,"TIMESTAMP":"2022-11-28T09:42:10.547Z","BATT":100,"INTERVAL":600},{"modelID":"b0-c1-b8-8f-c8-a6","modelType":"Wi-SHT10","DATAS":["Temperature","Humidity"],"Temperature":23.92,"Humidity":52.790400000000005,"TIMESTAMP":"2022-11-28T09:32:13.749Z","BATT":100,"INTERVAL":600},{"modelID":"b0-c1-b8-8f-c8-a6","modelType":"Wi-SHT10","DATAS":["Temperature","Humidity"],"Temperature":23.9,"Humidity":51.0528,"TIMESTAMP":"2022-11-28T09:22:09.048Z","BATT":100,"INTERVAL":600},{"modelID":"b0-c1-b8-8f-c8-a6","modelType":"Wi-SHT10","DATAS":["Temperature","Humidity"],"Temperature":23.92,"Humidity":47.3568,"TIMESTAMP":"2022-11-28T09:12:15.582Z","BATT":100,"INTERVAL":600},{"modelID":"b0-c1-b8-8f-c8-a6","modelType":"Wi-SHT10","DATAS":["Temperature","Humidity"],"Temperature":23.98,"Humidity":45.312000000000005,"TIMESTAMP":"2022-11-28T09:02:14.020Z","BATT":100,"INTERVAL":600},{"modelID":"b0-c1-b8-8f-c8-a6","modelType":"Wi-SHT10","DATAS":["Temperature","Humidity"],"Temperature":24.05,"Humidity":45.715199999999996,"TIMESTAMP":"2022-11-28T08:52:32.927Z","BATT":100,"INTERVAL":600},{"modelID":"b0-c1-b8-8f-c8-a6","modelType":"Wi-SHT10","DATAS":["Temperature","Humidity"],"Temperature":24.11,"Humidity":44.3904,"TIMESTAMP":"2022-11-28T08:42:30.602Z","BATT":100,"INTERVAL":600},{"modelID":"b0-c1-b8-8f-c8-a6","modelType":"Wi-SHT10","DATAS":["Temperature","Humidity"],"Temperature":24.12,"Humidity":46.1568,"TIMESTAMP":"2022-11-28T08:32:39.837Z","BATT":100,"INTERVAL":600},{"modelID":"b0-c1-b8-8f-c8-a6","modelType":"Wi-SHT10","DATAS":["Temperature","Humidity"],"Temperature":24.23,"Humidity":45.0816,"TIMESTAMP":"2022-11-28T08:22:29.000Z","BATT":100,"INTERVAL":600},{"modelID":"b0-c1-b8-8f-c8-a6","modelType":"Wi-SHT10","DATAS":["Temperature","Humidity"],"Temperature":24.33,"Humidity":47.856,"TIMESTAMP":"2022-11-28T08:12:10.238Z","BATT":100,"INTERVAL":600},{"modelID":"b0-c1-b8-8f-c8-a6","modelType":"Wi-SHT10","DATAS":["Temperature","Humidity"],"Temperature":24.37,"Humidity":47.126400000000004,"TIMESTAMP":"2022-11-28T08:02:17.812Z","BATT":100,"INTERVAL":600},{"modelID":"b0-c1-b8-8f-c8-a6","modelType":"Wi-SHT10","DATAS":["Temperature","Humidity"],"Temperature":24.47,"Humidity":48.2688,"TIMESTAMP":"2022-11-28T07:52:20.523Z","BATT":100,"INTERVAL":600},{"modelID":"b0-c1-b8-8f-c8-a6","modelType":"Wi-SHT10","DATAS":["Temperature","Humidity"],"Temperature":24.59,"Humidity":51.1392,"TIMESTAMP":"2022-11-28T07:42:31.762Z","BATT":100,"INTERVAL":600},{"modelID":"b0-c1-b8-8f-c8-a6","modelType":"Wi-SHT10","DATAS":["Temperature","Humidity"],"Temperature":24.69,"Humidity":52.7808,"TIMESTAMP":"2022-11-28T07:32:08.949Z","BATT":100,"INTERVAL":600},{"modelID":"b0-c1-b8-8f-c8-a6","modelType":"Wi-SHT10","DATAS":["Temperature","Humidity"],"Temperature":24.8,"Humidity":50.4864,"TIMESTAMP":"2022-11-28T07:22:20.782Z","BATT":100,"INTERVAL":600},{"modelID":"b0-c1-b8-8f-c8-a6","modelType":"Wi-SHT10","DATAS":["Temperature","Humidity"],"Temperature":24.88,"Humidity":48.48,"TIMESTAMP":"2022-11-28T07:12:15.985Z","BATT":100,"INTERVAL":600},{"modelID":"b0-c1-b8-8f-c8-a6","modelType":"Wi-SHT10","DATAS":["Temperature","Humidity"],"Temperature":25.01,"Humidity":47.299200000000006,"TIMESTAMP":"2022-11-28T06:52:23.241Z","BATT":100,"INTERVAL":600},{"modelID":"b0-c1-b8-8f-c8-a6","modelType":"Wi-SHT10","DATAS":["Temperature","Humidity"],"Temperature":25.05,"Humidity":48.1536,"TIMESTAMP":"2022-11-28T06:42:29.529Z","BATT":100,"INTERVAL":600},{"modelID":"b0-c1-b8-8f-c8-a6","modelType":"Wi-SHT10","DATAS":["Temperature","Humidity"],"Temperature":25.06,"Humidity":48.6912,"TIMESTAMP":"2022-11-28T06:32:17.782Z","BATT":100,"INTERVAL":600},{"modelID":"b0-c1-b8-8f-c8-a6","modelType":"Wi-SHT10","DATAS":["Temperature","Humidity"],"Temperature":24.94,"Humidity":49.392,"TIMESTAMP":"2022-11-28T06:22:07.529Z","BATT":100,"INTERVAL":600},{"modelID":"b0-c1-b8-8f-c8-a6","modelType":"Wi-SHT10","DATAS":["Temperature","Humidity"],"Temperature":24.89,"Humidity":43.190400000000004,"TIMESTAMP":"2022-11-28T06:12:20.280Z","BATT":100,"INTERVAL":600},{"modelID":"b0-c1-b8-8f-c8-a6","modelType":"Wi-SHT10","DATAS":["Temperature","Humidity"],"Temperature":24.91,"Humidity":44.5344,"TIMESTAMP":"2022-11-28T06:02:34.794Z","BATT":100,"INTERVAL":600},{"modelID":"b0-c1-b8-8f-c8-a6","modelType":"Wi-SHT10","DATAS":["Temperature","Humidity"],"Temperature":24.96,"Humidity":46.367999999999995,"TIMESTAMP":"2022-11-28T05:52:14.509Z","BATT":100,"INTERVAL":600},{"modelID":"b0-c1-b8-8f-c8-a6","modelType":"Wi-SHT10","DATAS":["Temperature","Humidity"],"Temperature":24.97,"Humidity":46.848,"TIMESTAMP":"2022-11-28T05:42:25.598Z","BATT":100,"INTERVAL":600},{"modelID":"b0-c1-b8-8f-c8-a6","modelType":"Wi-SHT10","DATAS":["Temperature","Humidity"],"Temperature":24.91,"Humidity":47.3568,"TIMESTAMP":"2022-11-28T05:32:19.797Z","BATT":100,"INTERVAL":600},{"modelID":"b0-c1-b8-8f-c8-a6","modelType":"Wi-SHT10","DATAS":["Temperature","Humidity"],"Temperature":24.9,"Humidity":46.1664,"TIMESTAMP":"2022-11-28T05:22:14.063Z","BATT":100,"INTERVAL":600},{"modelID":"b0-c1-b8-8f-c8-a6","modelType":"Wi-SHT10","DATAS":["Temperature","Humidity"],"Temperature":24.88,"Humidity":47.616,"TIMESTAMP":"2022-11-28T05:12:23.192Z","BATT":100,"INTERVAL":600},{"modelID":"b0-c1-b8-8f-c8-a6","modelType":"Wi-SHT10","DATAS":["Temperature","Humidity"],"Temperature":24.89,"Humidity":47.087999999999994,"TIMESTAMP":"2022-11-28T05:02:15.690Z","BATT":100,"INTERVAL":600},{"modelID":"b0-c1-b8-8f-c8-a6","modelType":"Wi-SHT10","DATAS":["Temperature","Humidity"],"Temperature":24.86,"Humidity":48.2688,"TIMESTAMP":"2022-11-28T04:52:17.653Z","BATT":100,"INTERVAL":600},{"modelID":"b0-c1-b8-8f-c8-a6","modelType":"Wi-SHT10","DATAS":["Temperature","Humidity"],"Temperature":24.85,"Humidity":48.096000000000004,"TIMESTAMP":"2022-11-28T04:42:10.218Z","BATT":100,"INTERVAL":600},{"modelID":"b0-c1-b8-8f-c8-a6","modelType":"Wi-SHT10","DATAS":["Temperature","Humidity"],"Temperature":24.8,"Humidity":49.142399999999995,"TIMESTAMP":"2022-11-28T04:32:15.041Z","BATT":100,"INTERVAL":600},{"modelID":"b0-c1-b8-8f-c8-a6","modelType":"Wi-SHT10","DATAS":["Temperature","Humidity"],"Temperature":24.75,"Humidity":49.075199999999995,"TIMESTAMP":"2022-11-28T04:22:39.037Z","BATT":100,"INTERVAL":600},{"modelID":"b0-c1-b8-8f-c8-a6","modelType":"Wi-SHT10","DATAS":["Temperature","Humidity"],"Temperature":24.65,"Humidity":47.3376,"TIMESTAMP":"2022-11-28T04:12:14.624Z","BATT":100,"INTERVAL":600},{"modelID":"b0-c1-b8-8f-c8-a6","modelType":"Wi-SHT10","DATAS":["Temperature","Humidity"],"Temperature":24.65,"Humidity":49.5456,"TIMESTAMP":"2022-11-28T04:02:26.372Z","BATT":100,"INTERVAL":600},{"modelID":"b0-c1-b8-8f-c8-a6","modelType":"Wi-SHT10","DATAS":["Temperature","Humidity"],"Temperature":24.54,"Humidity":48.4512,"TIMESTAMP":"2022-11-28T03:52:26.374Z","BATT":100,"INTERVAL":600},{"modelID":"b0-c1-b8-8f-c8-a6","modelType":"Wi-SHT10","DATAS":["Temperature","Humidity"],"Temperature":21.47,"Humidity":34.752,"TIMESTAMP":"2022-11-28T03:32:37.002Z","BATT":100,"INTERVAL":600},{"modelID":"b0-c1-b8-8f-c8-a6","modelType":"Wi-SHT10","DATAS":["Temperature","Humidity"],"Temperature":24.34,"Humidity":47.5488,"TIMESTAMP":"2022-11-28T03:12:31.560Z","BATT":100,"INTERVAL":600},{"modelID":"b0-c1-b8-8f-c8-a6","modelType":"Wi-SHT10","DATAS":["Temperature","Humidity"],"Temperature":24.37,"Humidity":48.4032,"TIMESTAMP":"2022-11-28T03:02:24.647Z","BATT":100,"INTERVAL":600},{"modelID":"b0-c1-b8-8f-c8-a6","modelType":"Wi-SHT10","DATAS":["Temperature","Humidity"],"Temperature":24.37,"Humidity":50.035199999999996,"TIMESTAMP":"2022-11-28T02:52:30.633Z","BATT":100,"INTERVAL":600},{"modelID":"b0-c1-b8-8f-c8-a6","modelType":"Wi-SHT10","DATAS":["Temperature","Humidity"],"Temperature":24.32,"Humidity":49.708800000000004,"TIMESTAMP":"2022-11-28T02:32:11.178Z","BATT":100,"INTERVAL":600},{"modelID":"b0-c1-b8-8f-c8-a6","modelType":"Wi-SHT10","DATAS":["Temperature","Humidity"],"Temperature":24.32,"Humidity":50.150400000000005,"TIMESTAMP":"2022-11-28T02:22:25.517Z","BATT":100,"INTERVAL":600},{"modelID":"b0-c1-b8-8f-c8-a6","modelType":"Wi-SHT10","DATAS":["Temperature","Humidity"],"Temperature":24.24,"Humidity":50.553599999999996,"TIMESTAMP":"2022-11-28T02:12:20.378Z","BATT":100,"INTERVAL":600},{"modelID":"b0-c1-b8-8f-c8-a6","modelType":"Wi-SHT10","DATAS":["Temperature","Humidity"],"Temperature":24.21,"Humidity":49.142399999999995,"TIMESTAMP":"2022-11-28T02:02:19.645Z","BATT":100,"INTERVAL":600},{"modelID":"b0-c1-b8-8f-c8-a6","modelType":"Wi-SHT10","DATAS":["Temperature","Humidity"],"Temperature":24.17,"Humidity":47.2128,"TIMESTAMP":"2022-11-28T01:52:27.481Z","BATT":100,"INTERVAL":600},{"modelID":"b0-c1-b8-8f-c8-a6","modelType":"Wi-SHT10","DATAS":["Temperature","Humidity"],"Temperature":24.18,"Humidity":49.104,"TIMESTAMP":"2022-11-28T01:42:35.248Z","BATT":100,"INTERVAL":600},{"modelID":"b0-c1-b8-8f-c8-a6","modelType":"Wi-SHT10","DATAS":["Temperature","Humidity"],"Temperature":24.16,"Humidity":48.470400000000005,"TIMESTAMP":"2022-11-28T01:32:09.948Z","BATT":100,"INTERVAL":600},{"modelID":"b0-c1-b8-8f-c8-a6","modelType":"Wi-SHT10","DATAS":["Temperature","Humidity"],"Temperature":24.16,"Humidity":48.019200000000005,"TIMESTAMP":"2022-11-28T01:22:06.662Z","BATT":100,"INTERVAL":600},{"modelID":"b0-c1-b8-8f-c8-a6","modelType":"Wi-SHT10","DATAS":["Temperature","Humidity"],"Temperature":24.12,"Humidity":47.0112,"TIMESTAMP":"2022-11-28T01:12:10.908Z","BATT":100,"INTERVAL":600},{"modelID":"b0-c1-b8-8f-c8-a6","modelType":"Wi-SHT10","DATAS":["Temperature","Humidity"],"Temperature":24.07,"Humidity":46.9728,"TIMESTAMP":"2022-11-28T01:02:09.243Z","BATT":100,"INTERVAL":600},{"modelID":"b0-c1-b8-8f-c8-a6","modelType":"Wi-SHT10","DATAS":["Temperature","Humidity"],"Temperature":23.99,"Humidity":46.1184,"TIMESTAMP":"2022-11-28T00:52:26.651Z","BATT":100,"INTERVAL":600},{"modelID":"b0-c1-b8-8f-c8-a6","modelType":"Wi-SHT10","DATAS":["Temperature","Humidity"],"Temperature":23.98,"Humidity":45.888,"TIMESTAMP":"2022-11-28T00:42:18.903Z","BATT":100,"INTERVAL":600},{"modelID":"b0-c1-b8-8f-c8-a6","modelType":"Wi-SHT10","DATAS":["Temperature","Humidity"],"Temperature":23.95,"Humidity":47.7984,"TIMESTAMP":"2022-11-28T00:32:34.224Z","BATT":100,"INTERVAL":600},{"modelID":"b0-c1-b8-8f-c8-a6","modelType":"Wi-SHT10","DATAS":["Temperature","Humidity"],"Temperature":23.89,"Humidity":46.656,"TIMESTAMP":"2022-11-28T00:22:30.732Z","BATT":100,"INTERVAL":600},{"modelID":"b0-c1-b8-8f-c8-a6","modelType":"Wi-SHT10","DATAS":["Temperature","Humidity"],"Temperature":23.86,"Humidity":45.0624,"TIMESTAMP":"2022-11-28T00:12:08.241Z","BATT":100,"INTERVAL":600},{"modelID":"b0-c1-b8-8f-c8-a6","modelType":"Wi-SHT10","DATAS":["Temperature","Humidity"],"Temperature":23.85,"Humidity":42.0096,"TIMESTAMP":"2022-11-28T00:02:36.354Z","BATT":100,"INTERVAL":600},{"modelID":"b0-c1-b8-8f-c8-a6","modelType":"Wi-SHT10","DATAS":["Temperature","Humidity"],"Temperature":23.87,"Humidity":45.216,"TIMESTAMP":"2022-11-27T23:52:07.696Z","BATT":100,"INTERVAL":600},{"modelID":"b0-c1-b8-8f-c8-a6","modelType":"Wi-SHT10","DATAS":["Temperature","Humidity"],"Temperature":23.87,"Humidity":47.0496,"TIMESTAMP":"2022-11-27T23:42:31.124Z","BATT":100,"INTERVAL":600},{"modelID":"b0-c1-b8-8f-c8-a6","modelType":"Wi-SHT10","DATAS":["Temperature","Humidity"],"Temperature":23.87,"Humidity":48.355199999999996,"TIMESTAMP":"2022-11-27T23:32:13.515Z","BATT":100,"INTERVAL":600},{"modelID":"b0-c1-b8-8f-c8-a6","modelType":"Wi-SHT10","DATAS":["Temperature","Humidity"],"Temperature":23.86,"Humidity":45.0048,"TIMESTAMP":"2022-11-27T23:22:38.576Z","BATT":100,"INTERVAL":600},{"modelID":"b0-c1-b8-8f-c8-a6","modelType":"Wi-SHT10","DATAS":["Temperature","Humidity"],"Temperature":23.84,"Humidity":43.2768,"TIMESTAMP":"2022-11-27T23:12:21.444Z","BATT":100,"INTERVAL":600},{"modelID":"b0-c1-b8-8f-c8-a6","modelType":"Wi-SHT10","DATAS":["Temperature","Humidity"],"Temperature":23.86,"Humidity":40.9824,"TIMESTAMP":"2022-11-27T23:02:33.356Z","BATT":100,"INTERVAL":600},{"modelID":"b0-c1-b8-8f-c8-a6","modelType":"Wi-SHT10","DATAS":["Temperature","Humidity"],"Temperature":23.87,"Humidity":43.8912,"TIMESTAMP":"2022-11-27T22:52:14.138Z","BATT":100,"INTERVAL":600},{"modelID":"b0-c1-b8-8f-c8-a6","modelType":"Wi-SHT10","DATAS":["Temperature","Humidity"],"Temperature":23.86,"Humidity":43.651199999999996,"TIMESTAMP":"2022-11-27T22:42:32.077Z","BATT":100,"INTERVAL":600},{"modelID":"b0-c1-b8-8f-c8-a6","modelType":"Wi-SHT10","DATAS":["Temperature","Humidity"],"Temperature":23.89,"Humidity":43.9488,"TIMESTAMP":"2022-11-27T22:32:32.597Z","BATT":100,"INTERVAL":600},{"modelID":"b0-c1-b8-8f-c8-a6","modelType":"Wi-SHT10","DATAS":["Temperature","Humidity"],"Temperature":23.89,"Humidity":43.9968,"TIMESTAMP":"2022-11-27T22:22:19.436Z","BATT":100,"INTERVAL":600},{"modelID":"b0-c1-b8-8f-c8-a6","modelType":"Wi-SHT10","DATAS":["Temperature","Humidity"],"Temperature":23.87,"Humidity":44.0448,"TIMESTAMP":"2022-11-27T22:12:28.916Z","BATT":100,"INTERVAL":600},{"modelID":"b0-c1-b8-8f-c8-a6","modelType":"Wi-SHT10","DATAS":["Temperature","Humidity"],"Temperature":23.87,"Humidity":43.9488,"TIMESTAMP":"2022-11-27T22:02:17.357Z","BATT":100,"INTERVAL":600},{"modelID":"b0-c1-b8-8f-c8-a6","modelType":"Wi-SHT10","DATAS":["Temperature","Humidity"],"Temperature":23.88,"Humidity":43.9392,"TIMESTAMP":"2022-11-27T21:52:23.823Z","BATT":100,"INTERVAL":600},{"modelID":"b0-c1-b8-8f-c8-a6","modelType":"Wi-SHT10","DATAS":["Temperature","Humidity"],"Temperature":23.88,"Humidity":44.4288,"TIMESTAMP":"2022-11-27T21:42:39.323Z","BATT":100,"INTERVAL":600},{"modelID":"b0-c1-b8-8f-c8-a6","modelType":"Wi-SHT10","DATAS":["Temperature","Humidity"],"Temperature":23.88,"Humidity":43.9296,"TIMESTAMP":"2022-11-27T21:32:28.058Z","BATT":100,"INTERVAL":600},{"modelID":"b0-c1-b8-8f-c8-a6","modelType":"Wi-SHT10","DATAS":["Temperature","Humidity"],"Temperature":23.87,"Humidity":43.123200000000004,"TIMESTAMP":"2022-11-27T21:22:21.902Z","BATT":100,"INTERVAL":600},{"modelID":"b0-c1-b8-8f-c8-a6","modelType":"Wi-SHT10","DATAS":["Temperature","Humidity"],"Temperature":23.9,"Humidity":43.92,"TIMESTAMP":"2022-11-27T21:12:30.102Z","BATT":100,"INTERVAL":600},{"modelID":"b0-c1-b8-8f-c8-a6","modelType":"Wi-SHT10","DATAS":["Temperature","Humidity"],"Temperature":23.89,"Humidity":43.660799999999995,"TIMESTAMP":"2022-11-27T21:02:21.061Z","BATT":100,"INTERVAL":600},{"modelID":"b0-c1-b8-8f-c8-a6","modelType":"Wi-SHT10","DATAS":["Temperature","Humidity"],"Temperature":23.9,"Humidity":43.7856,"TIMESTAMP":"2022-11-27T20:52:30.661Z","BATT":100,"INTERVAL":600},{"modelID":"b0-c1-b8-8f-c8-a6","modelType":"Wi-SHT10","DATAS":["Temperature","Humidity"],"Temperature":23.9,"Humidity":43.7376,"TIMESTAMP":"2022-11-27T20:42:36.754Z","BATT":100,"INTERVAL":600},{"modelID":"b0-c1-b8-8f-c8-a6","modelType":"Wi-SHT10","DATAS":["Temperature","Humidity"],"Temperature":23.92,"Humidity":43.4208,"TIMESTAMP":"2022-11-27T20:32:09.261Z","BATT":100,"INTERVAL":600},{"modelID":"b0-c1-b8-8f-c8-a6","modelType":"Wi-SHT10","DATAS":["Temperature","Humidity"],"Temperature":23.91,"Humidity":43.209599999999995,"TIMESTAMP":"2022-11-27T20:22:07.833Z","BATT":100,"INTERVAL":600},{"modelID":"b0-c1-b8-8f-c8-a6","modelType":"Wi-SHT10","DATAS":["Temperature","Humidity"],"Temperature":23.93,"Humidity":43.2192,"TIMESTAMP":"2022-11-27T20:12:28.312Z","BATT":100,"INTERVAL":600},{"modelID":"b0-c1-b8-8f-c8-a6","modelType":"Wi-SHT10","DATAS":["Temperature","Humidity"],"Temperature":23.97,"Humidity":43.9776,"TIMESTAMP":"2022-11-27T20:02:33.813Z","BATT":100,"INTERVAL":600},{"modelID":"b0-c1-b8-8f-c8-a6","modelType":"Wi-SHT10","DATAS":["Temperature","Humidity"],"Temperature":23.93,"Humidity":43.0176,"TIMESTAMP":"2022-11-27T19:52:19.636Z","BATT":100,"INTERVAL":600},{"modelID":"b0-c1-b8-8f-c8-a6","modelType":"Wi-SHT10","DATAS":["Temperature","Humidity"],"Temperature":23.97,"Humidity":43.248,"TIMESTAMP":"2022-11-27T19:42:22.436Z","BATT":100,"INTERVAL":600},{"modelID":"b0-c1-b8-8f-c8-a6","modelType":"Wi-SHT10","DATAS":["Temperature","Humidity"],"Temperature":23.99,"Humidity":44.0544,"TIMESTAMP":"2022-11-27T19:32:25.006Z","BATT":100,"INTERVAL":600},{"modelID":"b0-c1-b8-8f-c8-a6","modelType":"Wi-SHT10","DATAS":["Temperature","Humidity"],"Temperature":24.01,"Humidity":43.2768,"TIMESTAMP":"2022-11-27T19:22:32.517Z","BATT":100,"INTERVAL":600},{"modelID":"b0-c1-b8-8f-c8-a6","modelType":"Wi-SHT10","DATAS":["Temperature","Humidity"],"Temperature":24.04,"Humidity":43.641600000000004,"TIMESTAMP":"2022-11-27T19:12:35.236Z","BATT":100,"INTERVAL":600},{"modelID":"b0-c1-b8-8f-c8-a6","modelType":"Wi-SHT10","DATAS":["Temperature","Humidity"],"Temperature":24.08,"Humidity":43.9296,"TIMESTAMP":"2022-11-27T19:02:13.637Z","BATT":100,"INTERVAL":600},{"modelID":"b0-c1-b8-8f-c8-a6","modelType":"Wi-SHT10","DATAS":["Temperature","Humidity"],"Temperature":24.09,"Humidity":44.112,"TIMESTAMP":"2022-11-27T18:52:10.734Z","BATT":100,"INTERVAL":600},{"modelID":"b0-c1-b8-8f-c8-a6","modelType":"Wi-SHT10","DATAS":["Temperature","Humidity"],"Temperature":24.14,"Humidity":44.592000000000006,"TIMESTAMP":"2022-11-27T18:42:13.193Z","BATT":100,"INTERVAL":600},{"modelID":"b0-c1-b8-8f-c8-a6","modelType":"Wi-SHT10","DATAS":["Temperature","Humidity"],"Temperature":24.13,"Humidity":42.5952,"TIMESTAMP":"2022-11-27T18:32:37.533Z","BATT":100,"INTERVAL":600},{"modelID":"b0-c1-b8-8f-c8-a6","modelType":"Wi-SHT10","DATAS":["Temperature","Humidity"],"Temperature":24.1,"Humidity":44.313599999999994,"TIMESTAMP":"2022-11-27T18:22:36.174Z","BATT":100,"INTERVAL":600},{"modelID":"b0-c1-b8-8f-c8-a6","modelType":"Wi-SHT10","DATAS":["Temperature","Humidity"],"Temperature":24.16,"Humidity":44.553599999999996,"TIMESTAMP":"2022-11-27T18:12:15.035Z","BATT":100,"INTERVAL":600},{"modelID":"b0-c1-b8-8f-c8-a6","modelType":"Wi-SHT10","DATAS":["Temperature","Humidity"],"Temperature":24.18,"Humidity":43.8144,"TIMESTAMP":"2022-11-27T18:02:18.069Z","BATT":100,"INTERVAL":600},{"modelID":"b0-c1-b8-8f-c8-a6","modelType":"Wi-SHT10","DATAS":["Temperature","Humidity"],"Temperature":24.17,"Humidity":45.5136,"TIMESTAMP":"2022-11-27T17:52:33.840Z","BATT":100,"INTERVAL":600},{"modelID":"b0-c1-b8-8f-c8-a6","modelType":"Wi-SHT10","DATAS":["Temperature","Humidity"],"Temperature":24.16,"Humidity":42.6912,"TIMESTAMP":"2022-11-27T17:42:33.115Z","BATT":100,"INTERVAL":600},{"modelID":"b0-c1-b8-8f-c8-a6","modelType":"Wi-SHT10","DATAS":["Temperature","Humidity"],"Temperature":24.16,"Humidity":42.7872,"TIMESTAMP":"2022-11-27T17:32:29.354Z","BATT":100,"INTERVAL":600},{"modelID":"b0-c1-b8-8f-c8-a6","modelType":"Wi-SHT10","DATAS":["Temperature","Humidity"],"Temperature":24.17,"Humidity":43.5264,"TIMESTAMP":"2022-11-27T17:22:26.894Z","BATT":100,"INTERVAL":600},{"modelID":"b0-c1-b8-8f-c8-a6","modelType":"Wi-SHT10","DATAS":["Temperature","Humidity"],"Temperature":24.15,"Humidity":44.083200000000005,"TIMESTAMP":"2022-11-27T17:12:21.153Z","BATT":100,"INTERVAL":600},{"modelID":"b0-c1-b8-8f-c8-a6","modelType":"Wi-SHT10","DATAS":["Temperature","Humidity"],"Temperature":24.16,"Humidity":43.516799999999996,"TIMESTAMP":"2022-11-27T17:02:37.635Z","BATT":100,"INTERVAL":600},{"modelID":"b0-c1-b8-8f-c8-a6","modelType":"Wi-SHT10","DATAS":["Temperature","Humidity"],"Temperature":24.17,"Humidity":42.4992,"TIMESTAMP":"2022-11-27T16:52:28.984Z","BATT":100,"INTERVAL":600},{"modelID":"b0-c1-b8-8f-c8-a6","modelType":"Wi-SHT10","DATAS":["Temperature","Humidity"],"Temperature":24.21,"Humidity":42.864,"TIMESTAMP":"2022-11-27T16:32:19.750Z","BATT":100,"INTERVAL":600},{"modelID":"b0-c1-b8-8f-c8-a6","modelType":"Wi-SHT10","DATAS":["Temperature","Humidity"],"Temperature":24.22,"Humidity":42.8544,"TIMESTAMP":"2022-11-27T16:22:08.916Z","BATT":100,"INTERVAL":600},{"modelID":"b0-c1-b8-8f-c8-a6","modelType":"Wi-SHT10","DATAS":["Temperature","Humidity"],"Temperature":24.25,"Humidity":43.4016,"TIMESTAMP":"2022-11-27T16:12:08.757Z","BATT":100,"INTERVAL":600}],"DAYHOURS":["21","20","19","18","17","16","15","14","13","12","11","10","9","8","7","6","5","4","3","2","1","0"]}