{"SENSORNAME":"PRECOOL CLEAN ROOM","SENSORTYPE":"AIRFLW(485)","DTUID":"206","SENSORID":"64","DATE0":"2022-11-28T11:56:30.648Z","DATE1":"2022-02-13T09:06:17.773Z","DAYDATA":[{"DTUID":"206","SENSORID":64,"FUNCID":3,"NDATA":2,"SENSORTYPE":"AIRFLOW-VEL","RCV_BYTES":["0014","1C20"],"DATAS":[20,7200],"DATAS1":[],"DATAS2":[],"TIMESTAMP":"2022-11-28T11:56:30.648Z"},{"DTUID":"206","SENSORID":64,"FUNCID":3,"NDATA":2,"SENSORTYPE":"AIRFLOW-VEL","RCV_BYTES":["0015","1D88"],"DATAS":[21,7560],"DATAS1":[],"DATAS2":[],"TIMESTAMP":"2022-11-28T11:26:01.769Z"},{"DTUID":"206","SENSORID":64,"FUNCID":3,"NDATA":2,"SENSORTYPE":"AIRFLOW-VEL","RCV_BYTES":["0012","1950"],"DATAS":[18,6480],"DATAS1":[],"DATAS2":[],"TIMESTAMP":"2022-11-28T11:06:07.528Z"},{"DTUID":"206","SENSORID":64,"FUNCID":3,"NDATA":2,"SENSORTYPE":"AIRFLOW-VEL","RCV_BYTES":["0014","1C20"],"DATAS":[20,7200],"DATAS1":[],"DATAS2":[],"TIMESTAMP":"2022-11-28T10:05:59.011Z"},{"DTUID":"206","SENSORID":64,"FUNCID":3,"NDATA":2,"SENSORTYPE":"AIRFLOW-VEL","RCV_BYTES":["0012","1950"],"DATAS":[18,6480],"DATAS1":[],"DATAS2":[],"TIMESTAMP":"2022-11-28T09:25:51.179Z"},{"DTUID":"206","SENSORID":64,"FUNCID":3,"NDATA":2,"SENSORTYPE":"AIRFLOW-VEL","RCV_BYTES":["0013","1AB8"],"DATAS":[19,6840],"DATAS1":[],"DATAS2":[],"TIMESTAMP":"2022-11-28T09:05:50.360Z"},{"DTUID":"206","SENSORID":64,"FUNCID":3,"NDATA":2,"SENSORTYPE":"AIRFLOW-VEL","RCV_BYTES":["0015","1D88"],"DATAS":[21,7560],"DATAS1":[],"DATAS2":[],"TIMESTAMP":"2022-11-28T08:29:23.783Z"},{"DTUID":"206","SENSORID":64,"FUNCID":3,"NDATA":2,"SENSORTYPE":"AIRFLOW-VEL","RCV_BYTES":["0018","21C0"],"DATAS":[24,8640],"DATAS1":[],"DATAS2":[],"TIMESTAMP":"2022-11-28T05:29:08.711Z"},{"DTUID":"206","SENSORID":64,"FUNCID":3,"NDATA":2,"SENSORTYPE":"AIRFLOW-VEL","RCV_BYTES":["0013","1AB8"],"DATAS":[19,6840],"DATAS1":[],"DATAS2":[],"TIMESTAMP":"2022-11-28T04:49:00.215Z"},{"DTUID":"206","SENSORID":64,"FUNCID":3,"NDATA":2,"SENSORTYPE":"AIRFLOW-VEL","RCV_BYTES":["0012","1950"],"DATAS":[18,6480],"DATAS1":[],"DATAS2":[],"TIMESTAMP":"2022-11-28T04:29:02.229Z"},{"DTUID":"206","SENSORID":64,"FUNCID":3,"NDATA":2,"SENSORTYPE":"AIRFLOW-VEL","RCV_BYTES":["0017","2058"],"DATAS":[23,8280],"DATAS1":[],"DATAS2":[],"TIMESTAMP":"2022-11-28T03:03:38.614Z"},{"DTUID":"206","SENSORID":64,"FUNCID":3,"NDATA":2,"SENSORTYPE":"AIRFLOW-VEL","RCV_BYTES":["0014","1C20"],"DATAS":[20,7200],"DATAS1":[],"DATAS2":[],"TIMESTAMP":"2022-11-28T01:00:21.722Z"},{"DTUID":"206","SENSORID":64,"FUNCID":3,"NDATA":2,"SENSORTYPE":"AIRFLOW-VEL","RCV_BYTES":["0017","2058"],"DATAS":[23,8280],"DATAS1":[],"DATAS2":[],"TIMESTAMP":"2022-11-28T00:15:17.333Z"},{"DTUID":"206","SENSORID":64,"FUNCID":3,"NDATA":2,"SENSORTYPE":"AIRFLOW-VEL","RCV_BYTES":["0015","1D88"],"DATAS":[21,7560],"DATAS1":[],"DATAS2":[],"TIMESTAMP":"2022-11-27T23:15:12.744Z"},{"DTUID":"206","SENSORID":64,"FUNCID":3,"NDATA":2,"SENSORTYPE":"AIRFLOW-VEL","RCV_BYTES":["0015","1D88"],"DATAS":[21,7560],"DATAS1":[],"DATAS2":[],"TIMESTAMP":"2022-11-27T22:35:08.996Z"},{"DTUID":"206","SENSORID":64,"FUNCID":3,"NDATA":2,"SENSORTYPE":"AIRFLOW-VEL","RCV_BYTES":["0011","17E8"],"DATAS":[17,6120],"DATAS1":[],"DATAS2":[],"TIMESTAMP":"2022-11-27T22:15:08.557Z"},{"DTUID":"206","SENSORID":64,"FUNCID":3,"NDATA":2,"SENSORTYPE":"AIRFLOW-VEL","RCV_BYTES":["0016","1EF0"],"DATAS":[22,7920],"DATAS1":[],"DATAS2":[],"TIMESTAMP":"2022-11-27T21:15:06.781Z"},{"DTUID":"206","SENSORID":64,"FUNCID":3,"NDATA":2,"SENSORTYPE":"AIRFLOW-VEL","RCV_BYTES":["0012","1950"],"DATAS":[18,6480],"DATAS1":[],"DATAS2":[],"TIMESTAMP":"2022-11-27T20:36:25.180Z"},{"DTUID":"206","SENSORID":64,"FUNCID":3,"NDATA":2,"SENSORTYPE":"AIRFLOW-VEL","RCV_BYTES":["0013","1AB8"],"DATAS":[19,6840],"DATAS1":[],"DATAS2":[],"TIMESTAMP":"2022-11-27T20:14:59.672Z"},{"DTUID":"206","SENSORID":64,"FUNCID":3,"NDATA":2,"SENSORTYPE":"AIRFLOW-VEL","RCV_BYTES":["0013","1AB8"],"DATAS":[19,6840],"DATAS1":[],"DATAS2":[],"TIMESTAMP":"2022-11-27T19:34:53.683Z"},{"DTUID":"206","SENSORID":64,"FUNCID":3,"NDATA":2,"SENSORTYPE":"AIRFLOW-VEL","RCV_BYTES":["0015","1D88"],"DATAS":[21,7560],"DATAS1":[],"DATAS2":[],"TIMESTAMP":"2022-11-27T19:14:53.677Z"},{"DTUID":"206","SENSORID":64,"FUNCID":3,"NDATA":2,"SENSORTYPE":"AIRFLOW-VEL","RCV_BYTES":["0013","1AB8"],"DATAS":[19,6840],"DATAS1":[],"DATAS2":[],"TIMESTAMP":"2022-11-27T18:14:51.773Z"},{"DTUID":"206","SENSORID":64,"FUNCID":3,"NDATA":2,"SENSORTYPE":"AIRFLOW-VEL","RCV_BYTES":["0013","1AB8"],"DATAS":[19,6840],"DATAS1":[],"DATAS2":[],"TIMESTAMP":"2022-11-27T17:14:48.946Z"}],"DAYHOURS":["19","18","17","16","13","12","11","9","8","7","6","5","4","3","2","1"]}