{"SENSORNAME":"WATER COOLING PACK UNIT B - CWR TEMP","SENSORTYPE":"WTRTEMP(485)","DTUID":"215","SENSORID":"22","DATE0":"2022-11-28T11:56:04.387Z","DATE1":"2022-02-13T09:05:25.420Z","DAYDATA":[{"DTUID":"215","SENSORID":22,"FUNCID":3,"NDATA":2,"SENSORTYPE":"WATER-TEMP","RCV_BYTES":["0000","013E"],"DATAS":[0,318],"DATAS1":[],"DATAS2":[],"TIMESTAMP":"2022-11-28T11:56:04.387Z"},{"DTUID":"215","SENSORID":22,"FUNCID":3,"NDATA":2,"SENSORTYPE":"WATER-TEMP","RCV_BYTES":["0000","013D"],"DATAS":[0,317],"DATAS1":[],"DATAS2":[],"TIMESTAMP":"2022-11-28T11:25:35.849Z"},{"DTUID":"215","SENSORID":22,"FUNCID":3,"NDATA":2,"SENSORTYPE":"WATER-TEMP","RCV_BYTES":["0000","013B"],"DATAS":[0,315],"DATAS1":[],"DATAS2":[],"TIMESTAMP":"2022-11-28T11:05:41.596Z"},{"DTUID":"215","SENSORID":22,"FUNCID":3,"NDATA":2,"SENSORTYPE":"WATER-TEMP","RCV_BYTES":["0000","014D"],"DATAS":[0,333],"DATAS1":[],"DATAS2":[],"TIMESTAMP":"2022-11-28T10:05:29.984Z"},{"DTUID":"215","SENSORID":22,"FUNCID":3,"NDATA":2,"SENSORTYPE":"WATER-TEMP","RCV_BYTES":["0000","014F"],"DATAS":[0,335],"DATAS1":[],"DATAS2":[],"TIMESTAMP":"2022-11-28T09:25:25.272Z"},{"DTUID":"215","SENSORID":22,"FUNCID":3,"NDATA":2,"SENSORTYPE":"WATER-TEMP","RCV_BYTES":["0000","015C"],"DATAS":[0,348],"DATAS1":[],"DATAS2":[],"TIMESTAMP":"2022-11-28T05:28:41.570Z"},{"DTUID":"215","SENSORID":22,"FUNCID":3,"NDATA":2,"SENSORTYPE":"WATER-TEMP","RCV_BYTES":["0000","015D"],"DATAS":[0,349],"DATAS1":[],"DATAS2":[],"TIMESTAMP":"2022-11-28T04:48:34.049Z"},{"DTUID":"215","SENSORID":22,"FUNCID":3,"NDATA":2,"SENSORTYPE":"WATER-TEMP","RCV_BYTES":["0000","0158"],"DATAS":[0,344],"DATAS1":[],"DATAS2":[],"TIMESTAMP":"2022-11-28T04:28:36.328Z"},{"DTUID":"215","SENSORID":22,"FUNCID":3,"NDATA":2,"SENSORTYPE":"WATER-TEMP","RCV_BYTES":["0000","015C"],"DATAS":[0,348],"DATAS1":[],"DATAS2":[],"TIMESTAMP":"2022-11-28T03:03:12.621Z"},{"DTUID":"215","SENSORID":22,"FUNCID":3,"NDATA":2,"SENSORTYPE":"WATER-TEMP","RCV_BYTES":["0000","014C"],"DATAS":[0,332],"DATAS1":[],"DATAS2":[],"TIMESTAMP":"2022-11-28T00:59:55.562Z"},{"DTUID":"215","SENSORID":22,"FUNCID":3,"NDATA":2,"SENSORTYPE":"WATER-TEMP","RCV_BYTES":["0000","013D"],"DATAS":[0,317],"DATAS1":[],"DATAS2":[],"TIMESTAMP":"2022-11-28T00:14:51.281Z"},{"DTUID":"215","SENSORID":22,"FUNCID":3,"NDATA":2,"SENSORTYPE":"WATER-TEMP","RCV_BYTES":["0000","0121"],"DATAS":[0,289],"DATAS1":[],"DATAS2":[],"TIMESTAMP":"2022-11-27T22:34:42.777Z"},{"DTUID":"215","SENSORID":22,"FUNCID":3,"NDATA":2,"SENSORTYPE":"WATER-TEMP","RCV_BYTES":["0000","0115"],"DATAS":[0,277],"DATAS1":[],"DATAS2":[],"TIMESTAMP":"2022-11-27T22:14:42.757Z"},{"DTUID":"215","SENSORID":22,"FUNCID":3,"NDATA":2,"SENSORTYPE":"WATER-TEMP","RCV_BYTES":["0000","0116"],"DATAS":[0,278],"DATAS1":[],"DATAS2":[],"TIMESTAMP":"2022-11-27T21:14:40.841Z"},{"DTUID":"215","SENSORID":22,"FUNCID":3,"NDATA":2,"SENSORTYPE":"WATER-TEMP","RCV_BYTES":["0000","0118"],"DATAS":[0,280],"DATAS1":[],"DATAS2":[],"TIMESTAMP":"2022-11-27T19:34:27.789Z"},{"DTUID":"215","SENSORID":22,"FUNCID":3,"NDATA":2,"SENSORTYPE":"WATER-TEMP","RCV_BYTES":["0000","011A"],"DATAS":[0,282],"DATAS1":[],"DATAS2":[],"TIMESTAMP":"2022-11-27T18:34:24.712Z"},{"DTUID":"215","SENSORID":22,"FUNCID":3,"NDATA":2,"SENSORTYPE":"WATER-TEMP","RCV_BYTES":["0000","0137"],"DATAS":[0,311],"DATAS1":[],"DATAS2":[],"TIMESTAMP":"2022-11-27T18:14:25.672Z"},{"DTUID":"215","SENSORID":22,"FUNCID":3,"NDATA":2,"SENSORTYPE":"WATER-TEMP","RCV_BYTES":["0000","013B"],"DATAS":[0,315],"DATAS1":[],"DATAS2":[],"TIMESTAMP":"2022-11-27T17:14:18.814Z"}],"DAYHOURS":["19","18","17","13","12","11","8","6","5","3","2","1"]}