{"SENSORNAME":"COOLING TOWER B CWR TEMP","SENSORTYPE":"WTRTEMP(485)","DTUID":"204","SENSORID":"38","DATE0":"2022-11-28T11:56:10.428Z","DATE1":"2022-02-13T09:05:37.521Z","DAYDATA":[{"DTUID":"204","SENSORID":38,"FUNCID":3,"NDATA":2,"SENSORTYPE":"WATER-TEMP","RCV_BYTES":["0000","0120"],"DATAS":[0,288],"DATAS1":[],"DATAS2":[],"TIMESTAMP":"2022-11-28T11:56:10.428Z"},{"DTUID":"204","SENSORID":38,"FUNCID":3,"NDATA":2,"SENSORTYPE":"WATER-TEMP","RCV_BYTES":["0000","0120"],"DATAS":[0,288],"DATAS1":[],"DATAS2":[],"TIMESTAMP":"2022-11-28T11:25:42.269Z"},{"DTUID":"204","SENSORID":38,"FUNCID":3,"NDATA":2,"SENSORTYPE":"WATER-TEMP","RCV_BYTES":["0000","011C"],"DATAS":[0,284],"DATAS1":[],"DATAS2":[],"TIMESTAMP":"2022-11-28T11:05:47.857Z"},{"DTUID":"204","SENSORID":38,"FUNCID":3,"NDATA":2,"SENSORTYPE":"WATER-TEMP","RCV_BYTES":["0000","012D"],"DATAS":[0,301],"DATAS1":[],"DATAS2":[],"TIMESTAMP":"2022-11-28T10:05:36.143Z"},{"DTUID":"204","SENSORID":38,"FUNCID":3,"NDATA":2,"SENSORTYPE":"WATER-TEMP","RCV_BYTES":["0000","0130"],"DATAS":[0,304],"DATAS1":[],"DATAS2":[],"TIMESTAMP":"2022-11-28T09:25:31.379Z"},{"DTUID":"204","SENSORID":38,"FUNCID":3,"NDATA":2,"SENSORTYPE":"WATER-TEMP","RCV_BYTES":["0000","012D"],"DATAS":[0,301],"DATAS1":[],"DATAS2":[],"TIMESTAMP":"2022-11-28T09:05:30.221Z"},{"DTUID":"204","SENSORID":38,"FUNCID":3,"NDATA":2,"SENSORTYPE":"WATER-TEMP","RCV_BYTES":["0000","0143"],"DATAS":[0,323],"DATAS1":[],"DATAS2":[],"TIMESTAMP":"2022-11-28T05:28:47.999Z"},{"DTUID":"204","SENSORID":38,"FUNCID":3,"NDATA":2,"SENSORTYPE":"WATER-TEMP","RCV_BYTES":["0000","014A"],"DATAS":[0,330],"DATAS1":[],"DATAS2":[],"TIMESTAMP":"2022-11-28T04:48:39.930Z"},{"DTUID":"204","SENSORID":38,"FUNCID":3,"NDATA":2,"SENSORTYPE":"WATER-TEMP","RCV_BYTES":["0000","0145"],"DATAS":[0,325],"DATAS1":[],"DATAS2":[],"TIMESTAMP":"2022-11-28T04:28:42.477Z"},{"DTUID":"204","SENSORID":38,"FUNCID":3,"NDATA":2,"SENSORTYPE":"WATER-TEMP","RCV_BYTES":["0000","0142"],"DATAS":[0,322],"DATAS1":[],"DATAS2":[],"TIMESTAMP":"2022-11-28T03:03:18.774Z"},{"DTUID":"204","SENSORID":38,"FUNCID":3,"NDATA":2,"SENSORTYPE":"WATER-TEMP","RCV_BYTES":["0000","0127"],"DATAS":[0,295],"DATAS1":[],"DATAS2":[],"TIMESTAMP":"2022-11-28T01:00:01.721Z"},{"DTUID":"204","SENSORID":38,"FUNCID":3,"NDATA":2,"SENSORTYPE":"WATER-TEMP","RCV_BYTES":["0000","011C"],"DATAS":[0,284],"DATAS1":[],"DATAS2":[],"TIMESTAMP":"2022-11-28T00:14:57.432Z"},{"DTUID":"204","SENSORID":38,"FUNCID":3,"NDATA":2,"SENSORTYPE":"WATER-TEMP","RCV_BYTES":["0000","0111"],"DATAS":[0,273],"DATAS1":[],"DATAS2":[],"TIMESTAMP":"2022-11-27T23:14:52.704Z"},{"DTUID":"204","SENSORID":38,"FUNCID":3,"NDATA":2,"SENSORTYPE":"WATER-TEMP","RCV_BYTES":["0000","0110"],"DATAS":[0,272],"DATAS1":[],"DATAS2":[],"TIMESTAMP":"2022-11-27T22:14:48.784Z"},{"DTUID":"204","SENSORID":38,"FUNCID":3,"NDATA":2,"SENSORTYPE":"WATER-TEMP","RCV_BYTES":["0000","0111"],"DATAS":[0,273],"DATAS1":[],"DATAS2":[],"TIMESTAMP":"2022-11-27T21:14:47.022Z"},{"DTUID":"204","SENSORID":38,"FUNCID":3,"NDATA":2,"SENSORTYPE":"WATER-TEMP","RCV_BYTES":["0000","0115"],"DATAS":[0,277],"DATAS1":[],"DATAS2":[],"TIMESTAMP":"2022-11-27T20:34:38.552Z"},{"DTUID":"204","SENSORID":38,"FUNCID":3,"NDATA":2,"SENSORTYPE":"WATER-TEMP","RCV_BYTES":["0000","0112"],"DATAS":[0,274],"DATAS1":[],"DATAS2":[],"TIMESTAMP":"2022-11-27T19:34:38.903Z"},{"DTUID":"204","SENSORID":38,"FUNCID":3,"NDATA":2,"SENSORTYPE":"WATER-TEMP","RCV_BYTES":["0000","0116"],"DATAS":[0,278],"DATAS1":[],"DATAS2":[],"TIMESTAMP":"2022-11-27T19:14:33.596Z"},{"DTUID":"204","SENSORID":38,"FUNCID":3,"NDATA":2,"SENSORTYPE":"WATER-TEMP","RCV_BYTES":["0000","0115"],"DATAS":[0,277],"DATAS1":[],"DATAS2":[],"TIMESTAMP":"2022-11-27T18:34:30.873Z"},{"DTUID":"204","SENSORID":38,"FUNCID":3,"NDATA":2,"SENSORTYPE":"WATER-TEMP","RCV_BYTES":["0000","0118"],"DATAS":[0,280],"DATAS1":[],"DATAS2":[],"TIMESTAMP":"2022-11-27T18:14:31.873Z"},{"DTUID":"204","SENSORID":38,"FUNCID":3,"NDATA":2,"SENSORTYPE":"WATER-TEMP","RCV_BYTES":["0000","011D"],"DATAS":[0,285],"DATAS1":[],"DATAS2":[],"TIMESTAMP":"2022-11-27T17:14:24.694Z"}],"DAYHOURS":["19","18","17","13","12","11","9","8","7","6","5","4","3","2","1"]}