{"SENSORNAME":"COOLING TOWER A - CWS PRESS","SENSORTYPE":"WTRPRS(485)","DTUID":"201","SENSORID":"49","DATE0":"2022-11-28T11:56:24.620Z","DATE1":"2022-02-13T09:05:55.533Z","DAYDATA":[{"DTUID":"201","SENSORID":49,"FUNCID":3,"NDATA":2,"SENSORTYPE":"WATER-PRES","RCV_BYTES":["4300","09FC"],"DATAS":[17152,2556],"DATAS1":[],"DATAS2":[],"TIMESTAMP":"2022-11-28T11:56:24.620Z"},{"DTUID":"201","SENSORID":49,"FUNCID":3,"NDATA":2,"SENSORTYPE":"WATER-PRES","RCV_BYTES":["4300","09FC"],"DATAS":[17152,2556],"DATAS1":[],"DATAS2":[],"TIMESTAMP":"2022-11-28T10:05:45.124Z"},{"DTUID":"201","SENSORID":49,"FUNCID":3,"NDATA":2,"SENSORTYPE":"WATER-PRES","RCV_BYTES":["42FF","AC8B"],"DATAS":[17151,-21365],"DATAS1":[],"DATAS2":[],"TIMESTAMP":"2022-11-28T08:29:12.516Z"},{"DTUID":"201","SENSORID":49,"FUNCID":3,"NDATA":2,"SENSORTYPE":"WATER-PRES","RCV_BYTES":["42FF","449C"],"DATAS":[17151,17564],"DATAS1":[],"DATAS2":[],"TIMESTAMP":"2022-11-28T05:28:56.551Z"},{"DTUID":"201","SENSORID":49,"FUNCID":3,"NDATA":2,"SENSORTYPE":"WATER-PRES","RCV_BYTES":["42FF","449C"],"DATAS":[17151,17564],"DATAS1":[],"DATAS2":[],"TIMESTAMP":"2022-11-28T04:48:48.936Z"},{"DTUID":"201","SENSORID":49,"FUNCID":3,"NDATA":2,"SENSORTYPE":"WATER-PRES","RCV_BYTES":["42FF","449C"],"DATAS":[17151,17564],"DATAS1":[],"DATAS2":[],"TIMESTAMP":"2022-11-28T04:28:51.349Z"},{"DTUID":"201","SENSORID":49,"FUNCID":3,"NDATA":2,"SENSORTYPE":"WATER-PRES","RCV_BYTES":["42FF","449C"],"DATAS":[17151,17564],"DATAS1":[],"DATAS2":[],"TIMESTAMP":"2022-11-28T03:03:27.514Z"},{"DTUID":"201","SENSORID":49,"FUNCID":3,"NDATA":2,"SENSORTYPE":"WATER-PRES","RCV_BYTES":["42FF","449C"],"DATAS":[17151,17564],"DATAS1":[],"DATAS2":[],"TIMESTAMP":"2022-11-28T00:15:06.293Z"},{"DTUID":"201","SENSORID":49,"FUNCID":3,"NDATA":2,"SENSORTYPE":"WATER-PRES","RCV_BYTES":["4300","09FC"],"DATAS":[17152,2556],"DATAS1":[],"DATAS2":[],"TIMESTAMP":"2022-11-27T23:15:01.836Z"},{"DTUID":"201","SENSORID":49,"FUNCID":3,"NDATA":2,"SENSORTYPE":"WATER-PRES","RCV_BYTES":["4300","09FC"],"DATAS":[17152,2556],"DATAS1":[],"DATAS2":[],"TIMESTAMP":"2022-11-27T22:35:02.097Z"},{"DTUID":"201","SENSORID":49,"FUNCID":3,"NDATA":2,"SENSORTYPE":"WATER-PRES","RCV_BYTES":["4300","09FC"],"DATAS":[17152,2556],"DATAS1":[],"DATAS2":[],"TIMESTAMP":"2022-11-27T21:14:58.961Z"},{"DTUID":"201","SENSORID":49,"FUNCID":3,"NDATA":2,"SENSORTYPE":"WATER-PRES","RCV_BYTES":["4300","09FC"],"DATAS":[17152,2556],"DATAS1":[],"DATAS2":[],"TIMESTAMP":"2022-11-27T20:34:51.632Z"},{"DTUID":"201","SENSORID":49,"FUNCID":3,"NDATA":2,"SENSORTYPE":"WATER-PRES","RCV_BYTES":["42FF","AC8B"],"DATAS":[17151,-21365],"DATAS1":[],"DATAS2":[],"TIMESTAMP":"2022-11-27T19:34:42.716Z"},{"DTUID":"201","SENSORID":49,"FUNCID":3,"NDATA":2,"SENSORTYPE":"WATER-PRES","RCV_BYTES":["4300","3CEE"],"DATAS":[17152,15598],"DATAS1":[],"DATAS2":[],"TIMESTAMP":"2022-11-27T18:34:39.733Z"},{"DTUID":"201","SENSORID":49,"FUNCID":3,"NDATA":2,"SENSORTYPE":"WATER-PRES","RCV_BYTES":["42FF","449C"],"DATAS":[17151,17564],"DATAS1":[],"DATAS2":[],"TIMESTAMP":"2022-11-27T18:14:40.693Z"},{"DTUID":"201","SENSORID":49,"FUNCID":3,"NDATA":2,"SENSORTYPE":"WATER-PRES","RCV_BYTES":["42FF","AC8B"],"DATAS":[17151,-21365],"DATAS1":[],"DATAS2":[],"TIMESTAMP":"2022-11-27T17:34:36.056Z"}],"DAYHOURS":["19","18","16","13","12","11","8","7","6","5","4","3","2","1"]}