{"SENSORNAME":"COOLING TOWER B CWR PRESS 1","SENSORTYPE":"WTRPRS(485)","DTUID":"204","SENSORID":"51","DATE0":"2022-11-28T11:25:39.690Z","DATE1":"2022-02-13T09:05:33.412Z","DAYDATA":[{"DTUID":"204","SENSORID":51,"FUNCID":3,"NDATA":2,"SENSORTYPE":"WATER-PRES","RCV_BYTES":["42C9","78D5"],"DATAS":[17097,30933],"DATAS1":[],"DATAS2":[],"TIMESTAMP":"2022-11-28T11:25:39.690Z"},{"DTUID":"204","SENSORID":51,"FUNCID":3,"NDATA":2,"SENSORTYPE":"WATER-PRES","RCV_BYTES":["42C9","78D5"],"DATAS":[17097,30933],"DATAS1":[],"DATAS2":[],"TIMESTAMP":"2022-11-28T11:05:45.568Z"},{"DTUID":"204","SENSORID":51,"FUNCID":3,"NDATA":2,"SENSORTYPE":"WATER-PRES","RCV_BYTES":["42C8","A979"],"DATAS":[17096,-22151],"DATAS1":[],"DATAS2":[],"TIMESTAMP":"2022-11-28T10:05:33.843Z"},{"DTUID":"204","SENSORID":51,"FUNCID":3,"NDATA":2,"SENSORTYPE":"WATER-PRES","RCV_BYTES":["42C9","78D5"],"DATAS":[17097,30933],"DATAS1":[],"DATAS2":[],"TIMESTAMP":"2022-11-28T09:25:29.104Z"},{"DTUID":"204","SENSORID":51,"FUNCID":3,"NDATA":2,"SENSORTYPE":"WATER-PRES","RCV_BYTES":["42C8","A979"],"DATAS":[17096,-22151],"DATAS1":[],"DATAS2":[],"TIMESTAMP":"2022-11-28T08:29:01.820Z"},{"DTUID":"204","SENSORID":51,"FUNCID":3,"NDATA":2,"SENSORTYPE":"WATER-PRES","RCV_BYTES":["42C8","A979"],"DATAS":[17096,-22151],"DATAS1":[],"DATAS2":[],"TIMESTAMP":"2022-11-28T05:28:45.418Z"},{"DTUID":"204","SENSORID":51,"FUNCID":3,"NDATA":2,"SENSORTYPE":"WATER-PRES","RCV_BYTES":["42C8","A979"],"DATAS":[17096,-22151],"DATAS1":[],"DATAS2":[],"TIMESTAMP":"2022-11-28T04:28:40.175Z"},{"DTUID":"204","SENSORID":51,"FUNCID":3,"NDATA":2,"SENSORTYPE":"WATER-PRES","RCV_BYTES":["42C8","A979"],"DATAS":[17096,-22151],"DATAS1":[],"DATAS2":[],"TIMESTAMP":"2022-11-28T03:03:16.494Z"},{"DTUID":"204","SENSORID":51,"FUNCID":3,"NDATA":2,"SENSORTYPE":"WATER-PRES","RCV_BYTES":["42C9","78D5"],"DATAS":[17097,30933],"DATAS1":[],"DATAS2":[],"TIMESTAMP":"2022-11-27T22:34:46.757Z"},{"DTUID":"204","SENSORID":51,"FUNCID":3,"NDATA":2,"SENSORTYPE":"WATER-PRES","RCV_BYTES":["42C9","78D5"],"DATAS":[17097,30933],"DATAS1":[],"DATAS2":[],"TIMESTAMP":"2022-11-27T21:14:44.722Z"},{"DTUID":"204","SENSORID":51,"FUNCID":3,"NDATA":2,"SENSORTYPE":"WATER-PRES","RCV_BYTES":["42C9","78D5"],"DATAS":[17097,30933],"DATAS1":[],"DATAS2":[],"TIMESTAMP":"2022-11-27T19:34:33.895Z"},{"DTUID":"204","SENSORID":51,"FUNCID":3,"NDATA":2,"SENSORTYPE":"WATER-PRES","RCV_BYTES":["42C9","78D5"],"DATAS":[17097,30933],"DATAS1":[],"DATAS2":[],"TIMESTAMP":"2022-11-27T18:34:28.593Z"},{"DTUID":"204","SENSORID":51,"FUNCID":3,"NDATA":2,"SENSORTYPE":"WATER-PRES","RCV_BYTES":["42C9","78D5"],"DATAS":[17097,30933],"DATAS1":[],"DATAS2":[],"TIMESTAMP":"2022-11-27T17:34:24.755Z"}],"DAYHOURS":["19","18","17","16","13","12","11","6","5","3","2","1"]}