{"SENSORNAME":"CHILLER A - CHWR TEMP","SENSORTYPE":"WTRTEMP(485)","DTUID":"207","SENSORID":"16","DATE0":"2022-11-28T11:55:34.346Z","DATE1":"2022-02-13T09:58:48.488Z","DAYDATA":[{"DTUID":"207","SENSORID":16,"FUNCID":3,"NDATA":2,"SENSORTYPE":"WATER-TEMP","RCV_BYTES":["0000","0000"],"DATAS":[0,0],"DATAS1":[],"DATAS2":[],"TIMESTAMP":"2022-11-28T11:55:34.346Z"},{"DTUID":"207","SENSORID":16,"FUNCID":3,"NDATA":2,"SENSORTYPE":"WATER-TEMP","RCV_BYTES":["0000","0000"],"DATAS":[0,0],"DATAS1":[],"DATAS2":[],"TIMESTAMP":"2022-11-27T18:34:01.857Z"}],"DAYHOURS":["19","2"]}