{"SENSORNAME":"SSB3-2","SENSORTYPE":"PWRMTR(485)","DTUID":"6","SENSORID":2,"PWRMTR0":"158146","PWRMTR1":"2378","DAYDATA":[{"DTUID":"6","SENSORID":2,"FUNCID":3,"NDATA":2,"SENSORTYPE":"PWR-METER-POWER","RCV_BYTES":["00F1","4FA0"],"DATAS":[241,20384],"DATAS1":[],"DATAS2":[],"TIMESTAMP":"2022-11-28T10:06:50.064Z"},{"DTUID":"6","SENSORID":2,"FUNCID":3,"NDATA":2,"SENSORTYPE":"PWR-METER-POWER","RCV_BYTES":["00F1","4820"],"DATAS":[241,18464],"DATAS1":[],"DATAS2":[],"TIMESTAMP":"2022-11-28T09:26:45.440Z"},{"DTUID":"6","SENSORID":2,"FUNCID":3,"NDATA":2,"SENSORTYPE":"PWR-METER-POWER","RCV_BYTES":["00F1","3CE0"],"DATAS":[241,15584],"DATAS1":[],"DATAS2":[],"TIMESTAMP":"2022-11-28T08:30:17.937Z"},{"DTUID":"6","SENSORID":2,"FUNCID":3,"NDATA":2,"SENSORTYPE":"PWR-METER-POWER","RCV_BYTES":["00F0","C300"],"DATAS":[240,-15616],"DATAS1":[],"DATAS2":[],"TIMESTAMP":"2022-11-28T00:16:17.665Z"},{"DTUID":"6","SENSORID":2,"FUNCID":3,"NDATA":2,"SENSORTYPE":"PWR-METER-POWER","RCV_BYTES":["00F0","B8B0"],"DATAS":[240,-18256],"DATAS1":[],"DATAS2":[],"TIMESTAMP":"2022-11-27T23:16:13.384Z"},{"DTUID":"6","SENSORID":2,"FUNCID":3,"NDATA":2,"SENSORTYPE":"PWR-METER-POWER","RCV_BYTES":["00F0","A8C0"],"DATAS":[240,-22336],"DATAS1":[],"DATAS2":[],"TIMESTAMP":"2022-11-27T20:35:58.820Z"},{"DTUID":"6","SENSORID":2,"FUNCID":3,"NDATA":2,"SENSORTYPE":"PWR-METER-POWER","RCV_BYTES":["00F0","A410"],"DATAS":[240,-23536],"DATAS1":[],"DATAS2":[],"TIMESTAMP":"2022-11-27T20:15:59.221Z"},{"DTUID":"6","SENSORID":2,"FUNCID":3,"NDATA":2,"SENSORTYPE":"PWR-METER-POWER","RCV_BYTES":["00F0","96F0"],"DATAS":[240,-26896],"DATAS1":[],"DATAS2":[],"TIMESTAMP":"2022-11-27T19:15:53.677Z"},{"DTUID":"6","SENSORID":2,"FUNCID":3,"NDATA":2,"SENSORTYPE":"PWR-METER-POWER","RCV_BYTES":["00F0","89D0"],"DATAS":[240,-30256],"DATAS1":[],"DATAS2":[],"TIMESTAMP":"2022-11-27T17:15:54.362Z"}],"DAYHOURS":["18","17","16","8","7","4","3","1"],"MNTH-2022_11":"158146","WK48":"158146","WK47":"154819","WK46":"150319","WK45":"145126","WK44":"140227","MNTH-2022_10":"139387","WK43":"134705","WK42":"129569","WK41":"124385","WK40":"119054","MNTH-2022_9":"116299","WK39":"113429","WK38":"107196","WK37":"101486","WK36":"96881","MNTH-2022_8":"92566","WK35":"91932","WK34":"86270","WK33":"80743","WK32":"75302","WK31":"69271","MNTH-2022_7":"67550","WK30":"63466","WK29":"57600","WK28":"52267","WK27":"46577","MNTH-2022_6":"42595","WK26":"40862","WK25":"35434","WK24":"29947","WK23":"24466","MNTH-2022_5":"19474","WK22":"19474","WK21":"14045","WK20":"8582","WK19":"3437"}