{"SENSORNAME":"L1 - PHARMACEUTICAL FRIDGE","SENSORTYPE":"WISENSOR","DTUID":"-1","SENSORID":"B0-B6-C7-46-4D-53","DATE0":"2022-11-28T13:07:33.731Z","DATE1":"2021-11-03T03:39:40.515Z","DAYDATA":[{"modelID":"b0-b6-c7-46-4d-53","modelType":"Wi-SHT10","DATAS":["Temperature","Humidity"],"Temperature":5.76,"Humidity":-959.04,"TIMESTAMP":"2022-11-28T13:07:33.731Z","BATT":100,"INTERVAL":1200},{"modelID":"b0-b6-c7-46-4d-53","modelType":"Wi-SHT10","DATAS":["Temperature","Humidity"],"Temperature":4.92,"Humidity":-959.04,"TIMESTAMP":"2022-11-28T12:06:58.429Z","BATT":100,"INTERVAL":1200},{"modelID":"b0-b6-c7-46-4d-53","modelType":"Wi-SHT10","DATAS":["Temperature","Humidity"],"Temperature":4.89,"Humidity":-959.04,"TIMESTAMP":"2022-11-28T11:47:09.653Z","BATT":100,"INTERVAL":1200},{"modelID":"b0-b6-c7-46-4d-53","modelType":"Wi-SHT10","DATAS":["Temperature","Humidity"],"Temperature":5.66,"Humidity":-959.04,"TIMESTAMP":"2022-11-28T11:27:03.297Z","BATT":100,"INTERVAL":1200},{"modelID":"b0-b6-c7-46-4d-53","modelType":"Wi-SHT10","DATAS":["Temperature","Humidity"],"Temperature":4.32,"Humidity":-959.04,"TIMESTAMP":"2022-11-28T11:07:17.222Z","BATT":100,"INTERVAL":1200},{"modelID":"b0-b6-c7-46-4d-53","modelType":"Wi-SHT10","DATAS":["Temperature","Humidity"],"Temperature":6,"Humidity":-959.04,"TIMESTAMP":"2022-11-28T10:46:59.073Z","BATT":100,"INTERVAL":1200},{"modelID":"b0-b6-c7-46-4d-53","modelType":"Wi-SHT10","DATAS":["Temperature","Humidity"],"Temperature":4.49,"Humidity":-959.04,"TIMESTAMP":"2022-11-28T10:27:19.500Z","BATT":100,"INTERVAL":1200},{"modelID":"b0-b6-c7-46-4d-53","modelType":"Wi-SHT10","DATAS":["Temperature","Humidity"],"Temperature":5.46,"Humidity":-959.04,"TIMESTAMP":"2022-11-28T10:07:46.097Z","BATT":100,"INTERVAL":1200},{"modelID":"b0-b6-c7-46-4d-53","modelType":"Wi-SHT10","DATAS":["Temperature","Humidity"],"Temperature":5.13,"Humidity":-959.04,"TIMESTAMP":"2022-11-28T09:47:53.095Z","BATT":100,"INTERVAL":1200},{"modelID":"b0-b6-c7-46-4d-53","modelType":"Wi-SHT10","DATAS":["Temperature","Humidity"],"Temperature":4.52,"Humidity":-959.04,"TIMESTAMP":"2022-11-28T09:27:28.348Z","BATT":100,"INTERVAL":1200},{"modelID":"b0-b6-c7-46-4d-53","modelType":"Wi-SHT10","DATAS":["Temperature","Humidity"],"Temperature":5.97,"Humidity":-959.04,"TIMESTAMP":"2022-11-28T09:07:00.070Z","BATT":100,"INTERVAL":1200},{"modelID":"b0-b6-c7-46-4d-53","modelType":"Wi-SHT10","DATAS":["Temperature","Humidity"],"Temperature":4.28,"Humidity":-959.04,"TIMESTAMP":"2022-11-28T08:47:18.868Z","BATT":100,"INTERVAL":1200},{"modelID":"b0-b6-c7-46-4d-53","modelType":"Wi-SHT10","DATAS":["Temperature","Humidity"],"Temperature":5.46,"Humidity":-959.04,"TIMESTAMP":"2022-11-28T08:27:04.450Z","BATT":100,"INTERVAL":1200},{"modelID":"b0-b6-c7-46-4d-53","modelType":"Wi-SHT10","DATAS":["Temperature","Humidity"],"Temperature":4.99,"Humidity":-959.04,"TIMESTAMP":"2022-11-28T08:07:28.196Z","BATT":100,"INTERVAL":1200},{"modelID":"b0-b6-c7-46-4d-53","modelType":"Wi-SHT10","DATAS":["Temperature","Humidity"],"Temperature":4.62,"Humidity":-959.04,"TIMESTAMP":"2022-11-28T07:46:56.294Z","BATT":100,"INTERVAL":1200},{"modelID":"b0-b6-c7-46-4d-53","modelType":"Wi-SHT10","DATAS":["Temperature","Humidity"],"Temperature":5.76,"Humidity":-959.04,"TIMESTAMP":"2022-11-28T07:27:18.717Z","BATT":100,"INTERVAL":1200},{"modelID":"b0-b6-c7-46-4d-53","modelType":"Wi-SHT10","DATAS":["Temperature","Humidity"],"Temperature":4.22,"Humidity":-959.04,"TIMESTAMP":"2022-11-28T07:07:15.523Z","BATT":100,"INTERVAL":1200},{"modelID":"b0-b6-c7-46-4d-53","modelType":"Wi-SHT10","DATAS":["Temperature","Humidity"],"Temperature":6,"Humidity":-959.04,"TIMESTAMP":"2022-11-28T06:47:46.781Z","BATT":100,"INTERVAL":1200},{"modelID":"b0-b6-c7-46-4d-53","modelType":"Wi-SHT10","DATAS":["Temperature","Humidity"],"Temperature":4.76,"Humidity":-959.04,"TIMESTAMP":"2022-11-28T06:27:14.347Z","BATT":100,"INTERVAL":1200},{"modelID":"b0-b6-c7-46-4d-53","modelType":"Wi-SHT10","DATAS":["Temperature","Humidity"],"Temperature":4.82,"Humidity":-959.04,"TIMESTAMP":"2022-11-28T06:06:56.831Z","BATT":100,"INTERVAL":1200},{"modelID":"b0-b6-c7-46-4d-53","modelType":"Wi-SHT10","DATAS":["Temperature","Humidity"],"Temperature":5.56,"Humidity":-959.04,"TIMESTAMP":"2022-11-28T05:47:10.630Z","BATT":100,"INTERVAL":1200},{"modelID":"b0-b6-c7-46-4d-53","modelType":"Wi-SHT10","DATAS":["Temperature","Humidity"],"Temperature":4.35,"Humidity":-959.04,"TIMESTAMP":"2022-11-28T05:27:27.010Z","BATT":100,"INTERVAL":1200},{"modelID":"b0-b6-c7-46-4d-53","modelType":"Wi-SHT10","DATAS":["Temperature","Humidity"],"Temperature":5.97,"Humidity":-959.04,"TIMESTAMP":"2022-11-28T05:07:37.157Z","BATT":100,"INTERVAL":1200},{"modelID":"b0-b6-c7-46-4d-53","modelType":"Wi-SHT10","DATAS":["Temperature","Humidity"],"Temperature":4.25,"Humidity":-959.04,"TIMESTAMP":"2022-11-28T04:47:42.253Z","BATT":100,"INTERVAL":1200},{"modelID":"b0-b6-c7-46-4d-53","modelType":"Wi-SHT10","DATAS":["Temperature","Humidity"],"Temperature":5.29,"Humidity":-959.04,"TIMESTAMP":"2022-11-28T04:26:54.878Z","BATT":100,"INTERVAL":1200},{"modelID":"b0-b6-c7-46-4d-53","modelType":"Wi-SHT10","DATAS":["Temperature","Humidity"],"Temperature":5.06,"Humidity":-959.04,"TIMESTAMP":"2022-11-28T04:07:30.174Z","BATT":100,"INTERVAL":1200},{"modelID":"b0-b6-c7-46-4d-53","modelType":"Wi-SHT10","DATAS":["Temperature","Humidity"],"Temperature":4.65,"Humidity":-959.04,"TIMESTAMP":"2022-11-28T03:47:27.356Z","BATT":100,"INTERVAL":1200},{"modelID":"b0-b6-c7-46-4d-53","modelType":"Wi-SHT10","DATAS":["Temperature","Humidity"],"Temperature":5.73,"Humidity":-959.04,"TIMESTAMP":"2022-11-28T03:27:29.730Z","BATT":100,"INTERVAL":1200},{"modelID":"b0-b6-c7-46-4d-53","modelType":"Wi-SHT10","DATAS":["Temperature","Humidity"],"Temperature":4.18,"Humidity":-959.04,"TIMESTAMP":"2022-11-28T03:07:25.653Z","BATT":100,"INTERVAL":1200},{"modelID":"b0-b6-c7-46-4d-53","modelType":"Wi-SHT10","DATAS":["Temperature","Humidity"],"Temperature":5.97,"Humidity":-959.04,"TIMESTAMP":"2022-11-28T02:47:25.479Z","BATT":100,"INTERVAL":1200},{"modelID":"b0-b6-c7-46-4d-53","modelType":"Wi-SHT10","DATAS":["Temperature","Humidity"],"Temperature":4.92,"Humidity":-959.04,"TIMESTAMP":"2022-11-28T02:07:01.139Z","BATT":100,"INTERVAL":1200},{"modelID":"b0-b6-c7-46-4d-53","modelType":"Wi-SHT10","DATAS":["Temperature","Humidity"],"Temperature":5.5,"Humidity":-959.04,"TIMESTAMP":"2022-11-28T01:47:29.902Z","BATT":100,"INTERVAL":1200},{"modelID":"b0-b6-c7-46-4d-53","modelType":"Wi-SHT10","DATAS":["Temperature","Humidity"],"Temperature":4.39,"Humidity":-959.04,"TIMESTAMP":"2022-11-28T01:27:23.030Z","BATT":100,"INTERVAL":1200},{"modelID":"b0-b6-c7-46-4d-53","modelType":"Wi-SHT10","DATAS":["Temperature","Humidity"],"Temperature":5.93,"Humidity":-959.04,"TIMESTAMP":"2022-11-28T01:07:15.966Z","BATT":100,"INTERVAL":1200},{"modelID":"b0-b6-c7-46-4d-53","modelType":"Wi-SHT10","DATAS":["Temperature","Humidity"],"Temperature":4.22,"Humidity":-959.04,"TIMESTAMP":"2022-11-28T00:47:47.144Z","BATT":100,"INTERVAL":1200},{"modelID":"b0-b6-c7-46-4d-53","modelType":"Wi-SHT10","DATAS":["Temperature","Humidity"],"Temperature":5.16,"Humidity":-959.04,"TIMESTAMP":"2022-11-28T00:07:24.362Z","BATT":100,"INTERVAL":1200},{"modelID":"b0-b6-c7-46-4d-53","modelType":"Wi-SHT10","DATAS":["Temperature","Humidity"],"Temperature":4.62,"Humidity":-959.04,"TIMESTAMP":"2022-11-27T23:47:19.779Z","BATT":100,"INTERVAL":1200},{"modelID":"b0-b6-c7-46-4d-53","modelType":"Wi-SHT10","DATAS":["Temperature","Humidity"],"Temperature":5.83,"Humidity":-959.04,"TIMESTAMP":"2022-11-27T23:27:15.342Z","BATT":100,"INTERVAL":1200},{"modelID":"b0-b6-c7-46-4d-53","modelType":"Wi-SHT10","DATAS":["Temperature","Humidity"],"Temperature":4.22,"Humidity":-959.04,"TIMESTAMP":"2022-11-27T23:07:17.575Z","BATT":100,"INTERVAL":1200},{"modelID":"b0-b6-c7-46-4d-53","modelType":"Wi-SHT10","DATAS":["Temperature","Humidity"],"Temperature":5.6,"Humidity":-959.04,"TIMESTAMP":"2022-11-27T22:46:52.688Z","BATT":100,"INTERVAL":1200},{"modelID":"b0-b6-c7-46-4d-53","modelType":"Wi-SHT10","DATAS":["Temperature","Humidity"],"Temperature":4.89,"Humidity":-959.04,"TIMESTAMP":"2022-11-27T22:27:10.847Z","BATT":100,"INTERVAL":1200},{"modelID":"b0-b6-c7-46-4d-53","modelType":"Wi-SHT10","DATAS":["Temperature","Humidity"],"Temperature":4.82,"Humidity":-959.04,"TIMESTAMP":"2022-11-27T22:07:17.136Z","BATT":100,"INTERVAL":1200},{"modelID":"b0-b6-c7-46-4d-53","modelType":"Wi-SHT10","DATAS":["Temperature","Humidity"],"Temperature":5.6,"Humidity":-959.04,"TIMESTAMP":"2022-11-27T21:47:34.034Z","BATT":100,"INTERVAL":1200},{"modelID":"b0-b6-c7-46-4d-53","modelType":"Wi-SHT10","DATAS":["Temperature","Humidity"],"Temperature":4.25,"Humidity":-959.04,"TIMESTAMP":"2022-11-27T21:27:11.494Z","BATT":100,"INTERVAL":1200},{"modelID":"b0-b6-c7-46-4d-53","modelType":"Wi-SHT10","DATAS":["Temperature","Humidity"],"Temperature":6,"Humidity":-959.04,"TIMESTAMP":"2022-11-27T21:07:36.626Z","BATT":100,"INTERVAL":1200},{"modelID":"b0-b6-c7-46-4d-53","modelType":"Wi-SHT10","DATAS":["Temperature","Humidity"],"Temperature":4.59,"Humidity":-959.04,"TIMESTAMP":"2022-11-27T20:47:40.520Z","BATT":100,"INTERVAL":1200},{"modelID":"b0-b6-c7-46-4d-53","modelType":"Wi-SHT10","DATAS":["Temperature","Humidity"],"Temperature":5.13,"Humidity":-959.04,"TIMESTAMP":"2022-11-27T20:27:45.227Z","BATT":100,"INTERVAL":1200},{"modelID":"b0-b6-c7-46-4d-53","modelType":"Wi-SHT10","DATAS":["Temperature","Humidity"],"Temperature":5.63,"Humidity":-959.04,"TIMESTAMP":"2022-11-27T20:07:13.802Z","BATT":100,"INTERVAL":1200},{"modelID":"b0-b6-c7-46-4d-53","modelType":"Wi-SHT10","DATAS":["Temperature","Humidity"],"Temperature":4.22,"Humidity":-959.04,"TIMESTAMP":"2022-11-27T19:47:10.742Z","BATT":100,"INTERVAL":1200},{"modelID":"b0-b6-c7-46-4d-53","modelType":"Wi-SHT10","DATAS":["Temperature","Humidity"],"Temperature":6,"Humidity":-959.04,"TIMESTAMP":"2022-11-27T19:27:22.370Z","BATT":100,"INTERVAL":1200},{"modelID":"b0-b6-c7-46-4d-53","modelType":"Wi-SHT10","DATAS":["Temperature","Humidity"],"Temperature":4.62,"Humidity":-959.04,"TIMESTAMP":"2022-11-27T19:07:22.007Z","BATT":100,"INTERVAL":1200},{"modelID":"b0-b6-c7-46-4d-53","modelType":"Wi-SHT10","DATAS":["Temperature","Humidity"],"Temperature":4.92,"Humidity":-959.04,"TIMESTAMP":"2022-11-27T18:46:52.087Z","BATT":100,"INTERVAL":1200},{"modelID":"b0-b6-c7-46-4d-53","modelType":"Wi-SHT10","DATAS":["Temperature","Humidity"],"Temperature":5.56,"Humidity":-959.04,"TIMESTAMP":"2022-11-27T18:26:56.159Z","BATT":100,"INTERVAL":1200},{"modelID":"b0-b6-c7-46-4d-53","modelType":"Wi-SHT10","DATAS":["Temperature","Humidity"],"Temperature":4.32,"Humidity":-959.04,"TIMESTAMP":"2022-11-27T18:07:09.956Z","BATT":100,"INTERVAL":1200},{"modelID":"b0-b6-c7-46-4d-53","modelType":"Wi-SHT10","DATAS":["Temperature","Humidity"],"Temperature":6,"Humidity":-959.04,"TIMESTAMP":"2022-11-27T17:46:51.795Z","BATT":100,"INTERVAL":1200},{"modelID":"b0-b6-c7-46-4d-53","modelType":"Wi-SHT10","DATAS":["Temperature","Humidity"],"Temperature":4.49,"Humidity":-959.04,"TIMESTAMP":"2022-11-27T17:27:20.880Z","BATT":100,"INTERVAL":1200},{"modelID":"b0-b6-c7-46-4d-53","modelType":"Wi-SHT10","DATAS":["Temperature","Humidity"],"Temperature":5.09,"Humidity":-959.04,"TIMESTAMP":"2022-11-27T17:06:59.667Z","BATT":100,"INTERVAL":1200},{"modelID":"b0-b6-c7-46-4d-53","modelType":"Wi-SHT10","DATAS":["Temperature","Humidity"],"Temperature":5.53,"Humidity":-959.04,"TIMESTAMP":"2022-11-27T16:46:55.502Z","BATT":100,"INTERVAL":1200}],"DAYHOURS":["21","20","19","18","17","16","15","14","13","12","11","10","9","8","7","6","5","4","3","2","1","0"]}