{"SENSORNAME":"L5-Corridor 2 4D-3D(Inpatient)","SENSORTYPE":"WISENSOR","DTUID":"-1","SENSORID":"BA-35-49-CE-4D-3D","DATE0":"2022-11-28T13:02:22.345Z","DATE1":"2022-03-22T00:14:05.350Z","DAYDATA":[{"modelID":"ba-35-49-ce-4d-3d","modelType":"Wi-SHT10A","DATAS":["Temperature","Humidity"],"Temperature":6.63,"Humidity":0,"TIMESTAMP":"2022-11-28T13:02:22.345Z","BATT":100,"INTERVAL":600},{"modelID":"ba-35-49-ce-4d-3d","modelType":"Wi-SHT10A","DATAS":["Temperature","Humidity"],"Temperature":6.6,"Humidity":0,"TIMESTAMP":"2022-11-28T12:42:14.664Z","BATT":100,"INTERVAL":600},{"modelID":"ba-35-49-ce-4d-3d","modelType":"Wi-SHT10A","DATAS":["Temperature","Humidity"],"Temperature":6.8,"Humidity":0,"TIMESTAMP":"2022-11-28T12:32:10.214Z","BATT":100,"INTERVAL":600},{"modelID":"ba-35-49-ce-4d-3d","modelType":"Wi-SHT10A","DATAS":["Temperature","Humidity"],"Temperature":6.87,"Humidity":0,"TIMESTAMP":"2022-11-28T12:22:16.458Z","BATT":100,"INTERVAL":600},{"modelID":"ba-35-49-ce-4d-3d","modelType":"Wi-SHT10A","DATAS":["Temperature","Humidity"],"Temperature":6.77,"Humidity":0,"TIMESTAMP":"2022-11-28T12:12:22.597Z","BATT":100,"INTERVAL":600},{"modelID":"ba-35-49-ce-4d-3d","modelType":"Wi-SHT10A","DATAS":["Temperature","Humidity"],"Temperature":6.57,"Humidity":0,"TIMESTAMP":"2022-11-28T12:02:22.657Z","BATT":100,"INTERVAL":600},{"modelID":"ba-35-49-ce-4d-3d","modelType":"Wi-SHT10A","DATAS":["Temperature","Humidity"],"Temperature":6.57,"Humidity":0,"TIMESTAMP":"2022-11-28T11:51:52.449Z","BATT":100,"INTERVAL":600},{"modelID":"ba-35-49-ce-4d-3d","modelType":"Wi-SHT10A","DATAS":["Temperature","Humidity"],"Temperature":6.73,"Humidity":0,"TIMESTAMP":"2022-11-28T11:42:10.439Z","BATT":100,"INTERVAL":600},{"modelID":"ba-35-49-ce-4d-3d","modelType":"Wi-SHT10A","DATAS":["Temperature","Humidity"],"Temperature":6.87,"Humidity":0,"TIMESTAMP":"2022-11-28T11:32:03.581Z","BATT":100,"INTERVAL":600},{"modelID":"ba-35-49-ce-4d-3d","modelType":"Wi-SHT10A","DATAS":["Temperature","Humidity"],"Temperature":6.9,"Humidity":0,"TIMESTAMP":"2022-11-28T11:22:16.909Z","BATT":100,"INTERVAL":600},{"modelID":"ba-35-49-ce-4d-3d","modelType":"Wi-SHT10A","DATAS":["Temperature","Humidity"],"Temperature":6.77,"Humidity":0,"TIMESTAMP":"2022-11-28T11:11:42.045Z","BATT":100,"INTERVAL":600},{"modelID":"ba-35-49-ce-4d-3d","modelType":"Wi-SHT10A","DATAS":["Temperature","Humidity"],"Temperature":6.6,"Humidity":0,"TIMESTAMP":"2022-11-28T11:01:42.015Z","BATT":100,"INTERVAL":600},{"modelID":"ba-35-49-ce-4d-3d","modelType":"Wi-SHT10A","DATAS":["Temperature","Humidity"],"Temperature":6.6,"Humidity":0,"TIMESTAMP":"2022-11-28T10:51:41.856Z","BATT":100,"INTERVAL":600},{"modelID":"ba-35-49-ce-4d-3d","modelType":"Wi-SHT10A","DATAS":["Temperature","Humidity"],"Temperature":6.84,"Humidity":0,"TIMESTAMP":"2022-11-28T10:42:05.490Z","BATT":100,"INTERVAL":600},{"modelID":"ba-35-49-ce-4d-3d","modelType":"Wi-SHT10A","DATAS":["Temperature","Humidity"],"Temperature":6.94,"Humidity":0,"TIMESTAMP":"2022-11-28T10:32:03.894Z","BATT":100,"INTERVAL":600},{"modelID":"ba-35-49-ce-4d-3d","modelType":"Wi-SHT10A","DATAS":["Temperature","Humidity"],"Temperature":6.9,"Humidity":0,"TIMESTAMP":"2022-11-28T10:21:55.809Z","BATT":100,"INTERVAL":600},{"modelID":"ba-35-49-ce-4d-3d","modelType":"Wi-SHT10A","DATAS":["Temperature","Humidity"],"Temperature":6.63,"Humidity":0,"TIMESTAMP":"2022-11-28T10:12:23.200Z","BATT":100,"INTERVAL":600},{"modelID":"ba-35-49-ce-4d-3d","modelType":"Wi-SHT10A","DATAS":["Temperature","Humidity"],"Temperature":6.57,"Humidity":0,"TIMESTAMP":"2022-11-28T10:02:16.180Z","BATT":100,"INTERVAL":600},{"modelID":"ba-35-49-ce-4d-3d","modelType":"Wi-SHT10A","DATAS":["Temperature","Humidity"],"Temperature":6.7,"Humidity":0,"TIMESTAMP":"2022-11-28T09:52:11.092Z","BATT":100,"INTERVAL":600},{"modelID":"ba-35-49-ce-4d-3d","modelType":"Wi-SHT10A","DATAS":["Temperature","Humidity"],"Temperature":6.87,"Humidity":0,"TIMESTAMP":"2022-11-28T09:42:11.058Z","BATT":100,"INTERVAL":600},{"modelID":"ba-35-49-ce-4d-3d","modelType":"Wi-SHT10A","DATAS":["Temperature","Humidity"],"Temperature":6.87,"Humidity":0,"TIMESTAMP":"2022-11-28T09:32:17.323Z","BATT":100,"INTERVAL":600},{"modelID":"ba-35-49-ce-4d-3d","modelType":"Wi-SHT10A","DATAS":["Temperature","Humidity"],"Temperature":6.77,"Humidity":0,"TIMESTAMP":"2022-11-28T09:22:30.660Z","BATT":100,"INTERVAL":600},{"modelID":"ba-35-49-ce-4d-3d","modelType":"Wi-SHT10A","DATAS":["Temperature","Humidity"],"Temperature":6.53,"Humidity":0,"TIMESTAMP":"2022-11-28T09:12:23.405Z","BATT":100,"INTERVAL":600},{"modelID":"ba-35-49-ce-4d-3d","modelType":"Wi-SHT10A","DATAS":["Temperature","Humidity"],"Temperature":6.57,"Humidity":0,"TIMESTAMP":"2022-11-28T09:01:53.221Z","BATT":100,"INTERVAL":600},{"modelID":"ba-35-49-ce-4d-3d","modelType":"Wi-SHT10A","DATAS":["Temperature","Humidity"],"Temperature":6.73,"Humidity":0,"TIMESTAMP":"2022-11-28T08:52:11.291Z","BATT":100,"INTERVAL":600},{"modelID":"ba-35-49-ce-4d-3d","modelType":"Wi-SHT10A","DATAS":["Temperature","Humidity"],"Temperature":6.87,"Humidity":0,"TIMESTAMP":"2022-11-28T08:42:11.335Z","BATT":100,"INTERVAL":600},{"modelID":"ba-35-49-ce-4d-3d","modelType":"Wi-SHT10A","DATAS":["Temperature","Humidity"],"Temperature":6.87,"Humidity":0,"TIMESTAMP":"2022-11-28T08:31:53.471Z","BATT":100,"INTERVAL":600},{"modelID":"ba-35-49-ce-4d-3d","modelType":"Wi-SHT10A","DATAS":["Temperature","Humidity"],"Temperature":6.73,"Humidity":0,"TIMESTAMP":"2022-11-28T08:21:42.931Z","BATT":100,"INTERVAL":600},{"modelID":"ba-35-49-ce-4d-3d","modelType":"Wi-SHT10A","DATAS":["Temperature","Humidity"],"Temperature":6.6,"Humidity":0,"TIMESTAMP":"2022-11-28T08:11:56.460Z","BATT":100,"INTERVAL":600},{"modelID":"ba-35-49-ce-4d-3d","modelType":"Wi-SHT10A","DATAS":["Temperature","Humidity"],"Temperature":6.63,"Humidity":0,"TIMESTAMP":"2022-11-28T08:01:42.799Z","BATT":100,"INTERVAL":600},{"modelID":"ba-35-49-ce-4d-3d","modelType":"Wi-SHT10A","DATAS":["Temperature","Humidity"],"Temperature":6.84,"Humidity":0,"TIMESTAMP":"2022-11-28T07:52:06.667Z","BATT":100,"INTERVAL":600},{"modelID":"ba-35-49-ce-4d-3d","modelType":"Wi-SHT10A","DATAS":["Temperature","Humidity"],"Temperature":6.9,"Humidity":0,"TIMESTAMP":"2022-11-28T07:41:54.021Z","BATT":100,"INTERVAL":600},{"modelID":"ba-35-49-ce-4d-3d","modelType":"Wi-SHT10A","DATAS":["Temperature","Humidity"],"Temperature":6.73,"Humidity":0,"TIMESTAMP":"2022-11-28T07:32:24.010Z","BATT":100,"INTERVAL":600},{"modelID":"ba-35-49-ce-4d-3d","modelType":"Wi-SHT10A","DATAS":["Temperature","Humidity"],"Temperature":6.57,"Humidity":0,"TIMESTAMP":"2022-11-28T07:22:24.055Z","BATT":100,"INTERVAL":600},{"modelID":"ba-35-49-ce-4d-3d","modelType":"Wi-SHT10A","DATAS":["Temperature","Humidity"],"Temperature":6.57,"Humidity":0,"TIMESTAMP":"2022-11-28T07:12:18.115Z","BATT":100,"INTERVAL":600},{"modelID":"ba-35-49-ce-4d-3d","modelType":"Wi-SHT10A","DATAS":["Temperature","Humidity"],"Temperature":6.77,"Humidity":0,"TIMESTAMP":"2022-11-28T07:02:06.057Z","BATT":100,"INTERVAL":600},{"modelID":"ba-35-49-ce-4d-3d","modelType":"Wi-SHT10A","DATAS":["Temperature","Humidity"],"Temperature":6.9,"Humidity":0,"TIMESTAMP":"2022-11-28T06:52:13.079Z","BATT":100,"INTERVAL":600},{"modelID":"ba-35-49-ce-4d-3d","modelType":"Wi-SHT10A","DATAS":["Temperature","Humidity"],"Temperature":6.87,"Humidity":0,"TIMESTAMP":"2022-11-28T06:41:43.408Z","BATT":100,"INTERVAL":600},{"modelID":"ba-35-49-ce-4d-3d","modelType":"Wi-SHT10A","DATAS":["Temperature","Humidity"],"Temperature":6.6,"Humidity":0,"TIMESTAMP":"2022-11-28T06:32:24.236Z","BATT":100,"INTERVAL":600},{"modelID":"ba-35-49-ce-4d-3d","modelType":"Wi-SHT10A","DATAS":["Temperature","Humidity"],"Temperature":6.67,"Humidity":1.92,"TIMESTAMP":"2022-11-28T06:22:19.689Z","BATT":4,"INTERVAL":8513},{"modelID":"ba-35-49-ce-4d-3d","modelType":"Wi-SHT10A","DATAS":["Temperature","Humidity"],"Temperature":6.57,"Humidity":0,"TIMESTAMP":"2022-11-28T06:22:18.385Z","BATT":100,"INTERVAL":600},{"modelID":"ba-35-49-ce-4d-3d","modelType":"Wi-SHT10A","DATAS":["Temperature","Humidity"],"Temperature":6.77,"Humidity":0,"TIMESTAMP":"2022-11-28T06:12:07.350Z","BATT":100,"INTERVAL":600},{"modelID":"ba-35-49-ce-4d-3d","modelType":"Wi-SHT10A","DATAS":["Temperature","Humidity"],"Temperature":6.9,"Humidity":0,"TIMESTAMP":"2022-11-28T06:02:13.557Z","BATT":100,"INTERVAL":600},{"modelID":"ba-35-49-ce-4d-3d","modelType":"Wi-SHT10A","DATAS":["Temperature","Humidity"],"Temperature":6.87,"Humidity":0,"TIMESTAMP":"2022-11-28T05:52:35.378Z","BATT":100,"INTERVAL":600},{"modelID":"ba-35-49-ce-4d-3d","modelType":"Wi-SHT10A","DATAS":["Temperature","Humidity"],"Temperature":6.67,"Humidity":0,"TIMESTAMP":"2022-11-28T05:42:24.502Z","BATT":100,"INTERVAL":600},{"modelID":"ba-35-49-ce-4d-3d","modelType":"Wi-SHT10A","DATAS":["Temperature","Humidity"],"Temperature":6.57,"Humidity":0,"TIMESTAMP":"2022-11-28T05:32:35.476Z","BATT":100,"INTERVAL":600},{"modelID":"ba-35-49-ce-4d-3d","modelType":"Wi-SHT10A","DATAS":["Temperature","Humidity"],"Temperature":6.67,"Humidity":0,"TIMESTAMP":"2022-11-28T05:22:16.916Z","BATT":100,"INTERVAL":600},{"modelID":"ba-35-49-ce-4d-3d","modelType":"Wi-SHT10A","DATAS":["Temperature","Humidity"],"Temperature":6.8,"Humidity":0,"TIMESTAMP":"2022-11-28T05:11:43.661Z","BATT":100,"INTERVAL":600},{"modelID":"ba-35-49-ce-4d-3d","modelType":"Wi-SHT10A","DATAS":["Temperature","Humidity"],"Temperature":6.84,"Humidity":0,"TIMESTAMP":"2022-11-28T05:01:57.369Z","BATT":100,"INTERVAL":600},{"modelID":"ba-35-49-ce-4d-3d","modelType":"Wi-SHT10A","DATAS":["Temperature","Humidity"],"Temperature":6.63,"Humidity":0,"TIMESTAMP":"2022-11-28T04:52:18.812Z","BATT":100,"INTERVAL":600},{"modelID":"ba-35-49-ce-4d-3d","modelType":"Wi-SHT10A","DATAS":["Temperature","Humidity"],"Temperature":6.26,"Humidity":0,"TIMESTAMP":"2022-11-28T04:42:18.545Z","BATT":100,"INTERVAL":600},{"modelID":"ba-35-49-ce-4d-3d","modelType":"Wi-SHT10A","DATAS":["Temperature","Humidity"],"Temperature":6.1,"Humidity":0,"TIMESTAMP":"2022-11-28T04:31:58.755Z","BATT":100,"INTERVAL":600},{"modelID":"ba-35-49-ce-4d-3d","modelType":"Wi-SHT10A","DATAS":["Temperature","Humidity"],"Temperature":6.06,"Humidity":0,"TIMESTAMP":"2022-11-28T04:21:44.775Z","BATT":100,"INTERVAL":600},{"modelID":"ba-35-49-ce-4d-3d","modelType":"Wi-SHT10A","DATAS":["Temperature","Humidity"],"Temperature":6.36,"Humidity":0,"TIMESTAMP":"2022-11-28T04:12:21.638Z","BATT":100,"INTERVAL":600},{"modelID":"ba-35-49-ce-4d-3d","modelType":"Wi-SHT10A","DATAS":["Temperature","Humidity"],"Temperature":6.43,"Humidity":0,"TIMESTAMP":"2022-11-28T04:01:39.421Z","BATT":100,"INTERVAL":600},{"modelID":"ba-35-49-ce-4d-3d","modelType":"Wi-SHT10A","DATAS":["Temperature","Humidity"],"Temperature":6.16,"Humidity":0,"TIMESTAMP":"2022-11-28T03:52:11.701Z","BATT":100,"INTERVAL":600},{"modelID":"ba-35-49-ce-4d-3d","modelType":"Wi-SHT10A","DATAS":["Temperature","Humidity"],"Temperature":6.43,"Humidity":0,"TIMESTAMP":"2022-11-28T03:31:37.669Z","BATT":100,"INTERVAL":600},{"modelID":"ba-35-49-ce-4d-3d","modelType":"Wi-SHT10A","DATAS":["Temperature","Humidity"],"Temperature":6.3,"Humidity":0,"TIMESTAMP":"2022-11-28T03:11:44.471Z","BATT":100,"INTERVAL":600},{"modelID":"ba-35-49-ce-4d-3d","modelType":"Wi-SHT10A","DATAS":["Temperature","Humidity"],"Temperature":6.6,"Humidity":0,"TIMESTAMP":"2022-11-28T03:02:14.218Z","BATT":100,"INTERVAL":600},{"modelID":"ba-35-49-ce-4d-3d","modelType":"Wi-SHT10A","DATAS":["Temperature","Humidity"],"Temperature":6.87,"Humidity":0,"TIMESTAMP":"2022-11-28T02:51:54.664Z","BATT":100,"INTERVAL":600},{"modelID":"ba-35-49-ce-4d-3d","modelType":"Wi-SHT10A","DATAS":["Temperature","Humidity"],"Temperature":7,"Humidity":0,"TIMESTAMP":"2022-11-28T02:41:46.784Z","BATT":100,"INTERVAL":600},{"modelID":"ba-35-49-ce-4d-3d","modelType":"Wi-SHT10A","DATAS":["Temperature","Humidity"],"Temperature":6.84,"Humidity":0,"TIMESTAMP":"2022-11-28T02:32:00.019Z","BATT":100,"INTERVAL":600},{"modelID":"ba-35-49-ce-4d-3d","modelType":"Wi-SHT10A","DATAS":["Temperature","Humidity"],"Temperature":6.63,"Humidity":0,"TIMESTAMP":"2022-11-28T02:22:36.419Z","BATT":100,"INTERVAL":600},{"modelID":"ba-35-49-ce-4d-3d","modelType":"Wi-SHT10A","DATAS":["Temperature","Humidity"],"Temperature":6.67,"Humidity":0,"TIMESTAMP":"2022-11-28T02:12:17.773Z","BATT":100,"INTERVAL":600},{"modelID":"ba-35-49-ce-4d-3d","modelType":"Wi-SHT10A","DATAS":["Temperature","Humidity"],"Temperature":6.8,"Humidity":0,"TIMESTAMP":"2022-11-28T02:02:06.426Z","BATT":100,"INTERVAL":600},{"modelID":"ba-35-49-ce-4d-3d","modelType":"Wi-SHT10A","DATAS":["Temperature","Humidity"],"Temperature":6.9,"Humidity":0,"TIMESTAMP":"2022-11-28T01:52:13.906Z","BATT":100,"INTERVAL":600},{"modelID":"ba-35-49-ce-4d-3d","modelType":"Wi-SHT10A","DATAS":["Temperature","Humidity"],"Temperature":6.87,"Humidity":0,"TIMESTAMP":"2022-11-28T01:41:58.433Z","BATT":100,"INTERVAL":600},{"modelID":"ba-35-49-ce-4d-3d","modelType":"Wi-SHT10A","DATAS":["Temperature","Humidity"],"Temperature":6.63,"Humidity":0,"TIMESTAMP":"2022-11-28T01:32:33.026Z","BATT":100,"INTERVAL":600},{"modelID":"ba-35-49-ce-4d-3d","modelType":"Wi-SHT10A","DATAS":["Temperature","Humidity"],"Temperature":6.73,"Humidity":0,"TIMESTAMP":"2022-11-28T01:12:18.052Z","BATT":100,"INTERVAL":600},{"modelID":"ba-35-49-ce-4d-3d","modelType":"Wi-SHT10A","DATAS":["Temperature","Humidity"],"Temperature":6.8,"Humidity":0,"TIMESTAMP":"2022-11-28T01:02:13.775Z","BATT":100,"INTERVAL":600},{"modelID":"ba-35-49-ce-4d-3d","modelType":"Wi-SHT10A","DATAS":["Temperature","Humidity"],"Temperature":6.87,"Humidity":0,"TIMESTAMP":"2022-11-28T00:52:20.013Z","BATT":100,"INTERVAL":600},{"modelID":"ba-35-49-ce-4d-3d","modelType":"Wi-SHT10A","DATAS":["Temperature","Humidity"],"Temperature":6.77,"Humidity":0,"TIMESTAMP":"2022-11-28T00:42:36.943Z","BATT":100,"INTERVAL":600},{"modelID":"ba-35-49-ce-4d-3d","modelType":"Wi-SHT10A","DATAS":["Temperature","Humidity"],"Temperature":6.6,"Humidity":0,"TIMESTAMP":"2022-11-28T00:22:36.981Z","BATT":100,"INTERVAL":600},{"modelID":"ba-35-49-ce-4d-3d","modelType":"Wi-SHT10A","DATAS":["Temperature","Humidity"],"Temperature":6.67,"Humidity":0,"TIMESTAMP":"2022-11-28T00:11:45.231Z","BATT":100,"INTERVAL":600},{"modelID":"ba-35-49-ce-4d-3d","modelType":"Wi-SHT10A","DATAS":["Temperature","Humidity"],"Temperature":6.84,"Humidity":0,"TIMESTAMP":"2022-11-28T00:02:14.060Z","BATT":100,"INTERVAL":600},{"modelID":"ba-35-49-ce-4d-3d","modelType":"Wi-SHT10A","DATAS":["Temperature","Humidity"],"Temperature":6.87,"Humidity":0,"TIMESTAMP":"2022-11-27T23:52:20.323Z","BATT":100,"INTERVAL":600},{"modelID":"ba-35-49-ce-4d-3d","modelType":"Wi-SHT10A","DATAS":["Temperature","Humidity"],"Temperature":6.77,"Humidity":0,"TIMESTAMP":"2022-11-27T23:41:38.848Z","BATT":100,"INTERVAL":600},{"modelID":"ba-35-49-ce-4d-3d","modelType":"Wi-SHT10A","DATAS":["Temperature","Humidity"],"Temperature":6.5,"Humidity":0,"TIMESTAMP":"2022-11-27T23:32:26.345Z","BATT":100,"INTERVAL":600},{"modelID":"ba-35-49-ce-4d-3d","modelType":"Wi-SHT10A","DATAS":["Temperature","Humidity"],"Temperature":6.57,"Humidity":0,"TIMESTAMP":"2022-11-27T23:22:37.417Z","BATT":100,"INTERVAL":600},{"modelID":"ba-35-49-ce-4d-3d","modelType":"Wi-SHT10A","DATAS":["Temperature","Humidity"],"Temperature":6.67,"Humidity":0,"TIMESTAMP":"2022-11-27T23:11:45.477Z","BATT":100,"INTERVAL":600},{"modelID":"ba-35-49-ce-4d-3d","modelType":"Wi-SHT10A","DATAS":["Temperature","Humidity"],"Temperature":6.84,"Humidity":0,"TIMESTAMP":"2022-11-27T23:02:18.848Z","BATT":100,"INTERVAL":600},{"modelID":"ba-35-49-ce-4d-3d","modelType":"Wi-SHT10A","DATAS":["Temperature","Humidity"],"Temperature":6.8,"Humidity":0,"TIMESTAMP":"2022-11-27T22:51:45.774Z","BATT":100,"INTERVAL":600},{"modelID":"ba-35-49-ce-4d-3d","modelType":"Wi-SHT10A","DATAS":["Temperature","Humidity"],"Temperature":6.6,"Humidity":0,"TIMESTAMP":"2022-11-27T22:42:33.894Z","BATT":100,"INTERVAL":600},{"modelID":"ba-35-49-ce-4d-3d","modelType":"Wi-SHT10A","DATAS":["Temperature","Humidity"],"Temperature":6.53,"Humidity":0,"TIMESTAMP":"2022-11-27T22:31:45.876Z","BATT":100,"INTERVAL":600},{"modelID":"ba-35-49-ce-4d-3d","modelType":"Wi-SHT10A","DATAS":["Temperature","Humidity"],"Temperature":6.6,"Humidity":0,"TIMESTAMP":"2022-11-27T22:22:20.701Z","BATT":100,"INTERVAL":600},{"modelID":"ba-35-49-ce-4d-3d","modelType":"Wi-SHT10A","DATAS":["Temperature","Humidity"],"Temperature":6.77,"Humidity":0,"TIMESTAMP":"2022-11-27T22:12:14.533Z","BATT":100,"INTERVAL":600},{"modelID":"ba-35-49-ce-4d-3d","modelType":"Wi-SHT10A","DATAS":["Temperature","Humidity"],"Temperature":6.87,"Humidity":0,"TIMESTAMP":"2022-11-27T22:01:56.572Z","BATT":100,"INTERVAL":600},{"modelID":"ba-35-49-ce-4d-3d","modelType":"Wi-SHT10A","DATAS":["Temperature","Humidity"],"Temperature":6.73,"Humidity":0,"TIMESTAMP":"2022-11-27T21:52:34.228Z","BATT":100,"INTERVAL":600},{"modelID":"ba-35-49-ce-4d-3d","modelType":"Wi-SHT10A","DATAS":["Temperature","Humidity"],"Temperature":6.53,"Humidity":0,"TIMESTAMP":"2022-11-27T21:42:26.985Z","BATT":100,"INTERVAL":600},{"modelID":"ba-35-49-ce-4d-3d","modelType":"Wi-SHT10A","DATAS":["Temperature","Humidity"],"Temperature":6.57,"Humidity":0,"TIMESTAMP":"2022-11-27T21:31:56.730Z","BATT":100,"INTERVAL":600},{"modelID":"ba-35-49-ce-4d-3d","modelType":"Wi-SHT10A","DATAS":["Temperature","Humidity"],"Temperature":6.73,"Humidity":0,"TIMESTAMP":"2022-11-27T21:22:19.231Z","BATT":100,"INTERVAL":600},{"modelID":"ba-35-49-ce-4d-3d","modelType":"Wi-SHT10A","DATAS":["Temperature","Humidity"],"Temperature":6.8,"Humidity":0,"TIMESTAMP":"2022-11-27T21:12:14.834Z","BATT":100,"INTERVAL":600},{"modelID":"ba-35-49-ce-4d-3d","modelType":"Wi-SHT10A","DATAS":["Temperature","Humidity"],"Temperature":6.87,"Humidity":0,"TIMESTAMP":"2022-11-27T21:02:20.011Z","BATT":100,"INTERVAL":600},{"modelID":"ba-35-49-ce-4d-3d","modelType":"Wi-SHT10A","DATAS":["Temperature","Humidity"],"Temperature":6.7,"Humidity":0,"TIMESTAMP":"2022-11-27T20:52:27.237Z","BATT":100,"INTERVAL":600},{"modelID":"ba-35-49-ce-4d-3d","modelType":"Wi-SHT10A","DATAS":["Temperature","Humidity"],"Temperature":6.57,"Humidity":0,"TIMESTAMP":"2022-11-27T20:42:27.282Z","BATT":100,"INTERVAL":600},{"modelID":"ba-35-49-ce-4d-3d","modelType":"Wi-SHT10A","DATAS":["Temperature","Humidity"],"Temperature":6.57,"Humidity":0,"TIMESTAMP":"2022-11-27T20:32:21.336Z","BATT":100,"INTERVAL":600},{"modelID":"ba-35-49-ce-4d-3d","modelType":"Wi-SHT10A","DATAS":["Temperature","Humidity"],"Temperature":6.77,"Humidity":0,"TIMESTAMP":"2022-11-27T20:22:08.237Z","BATT":100,"INTERVAL":600},{"modelID":"ba-35-49-ce-4d-3d","modelType":"Wi-SHT10A","DATAS":["Temperature","Humidity"],"Temperature":6.9,"Humidity":0,"TIMESTAMP":"2022-11-27T20:11:46.291Z","BATT":100,"INTERVAL":600},{"modelID":"ba-35-49-ce-4d-3d","modelType":"Wi-SHT10A","DATAS":["Temperature","Humidity"],"Temperature":6.84,"Humidity":0,"TIMESTAMP":"2022-11-27T20:02:00.141Z","BATT":100,"INTERVAL":600},{"modelID":"ba-35-49-ce-4d-3d","modelType":"Wi-SHT10A","DATAS":["Temperature","Humidity"],"Temperature":6.63,"Humidity":0,"TIMESTAMP":"2022-11-27T19:52:27.549Z","BATT":100,"INTERVAL":600},{"modelID":"ba-35-49-ce-4d-3d","modelType":"Wi-SHT10A","DATAS":["Temperature","Humidity"],"Temperature":6.57,"Humidity":0,"TIMESTAMP":"2022-11-27T19:42:00.242Z","BATT":100,"INTERVAL":600},{"modelID":"ba-35-49-ce-4d-3d","modelType":"Wi-SHT10A","DATAS":["Temperature","Humidity"],"Temperature":6.63,"Humidity":0,"TIMESTAMP":"2022-11-27T19:31:46.929Z","BATT":100,"INTERVAL":600},{"modelID":"ba-35-49-ce-4d-3d","modelType":"Wi-SHT10A","DATAS":["Temperature","Humidity"],"Temperature":6.84,"Humidity":0,"TIMESTAMP":"2022-11-27T19:22:10.129Z","BATT":100,"INTERVAL":600},{"modelID":"ba-35-49-ce-4d-3d","modelType":"Wi-SHT10A","DATAS":["Temperature","Humidity"],"Temperature":6.94,"Humidity":0,"TIMESTAMP":"2022-11-27T19:11:46.682Z","BATT":100,"INTERVAL":600},{"modelID":"ba-35-49-ce-4d-3d","modelType":"Wi-SHT10A","DATAS":["Temperature","Humidity"],"Temperature":6.84,"Humidity":0,"TIMESTAMP":"2022-11-27T19:02:00.449Z","BATT":100,"INTERVAL":600},{"modelID":"ba-35-49-ce-4d-3d","modelType":"Wi-SHT10A","DATAS":["Temperature","Humidity"],"Temperature":6.63,"Humidity":0,"TIMESTAMP":"2022-11-27T18:51:46.978Z","BATT":100,"INTERVAL":600},{"modelID":"ba-35-49-ce-4d-3d","modelType":"Wi-SHT10A","DATAS":["Temperature","Humidity"],"Temperature":6.6,"Humidity":0,"TIMESTAMP":"2022-11-27T18:41:57.707Z","BATT":100,"INTERVAL":600},{"modelID":"ba-35-49-ce-4d-3d","modelType":"Wi-SHT10A","DATAS":["Temperature","Humidity"],"Temperature":6.73,"Humidity":0,"TIMESTAMP":"2022-11-27T18:32:15.722Z","BATT":100,"INTERVAL":600},{"modelID":"ba-35-49-ce-4d-3d","modelType":"Wi-SHT10A","DATAS":["Temperature","Humidity"],"Temperature":6.87,"Humidity":0,"TIMESTAMP":"2022-11-27T18:22:15.760Z","BATT":100,"INTERVAL":600},{"modelID":"ba-35-49-ce-4d-3d","modelType":"Wi-SHT10A","DATAS":["Temperature","Humidity"],"Temperature":6.87,"Humidity":0,"TIMESTAMP":"2022-11-27T18:12:38.812Z","BATT":100,"INTERVAL":600},{"modelID":"ba-35-49-ce-4d-3d","modelType":"Wi-SHT10A","DATAS":["Temperature","Humidity"],"Temperature":6.67,"Humidity":0,"TIMESTAMP":"2022-11-27T18:02:35.311Z","BATT":100,"INTERVAL":600},{"modelID":"ba-35-49-ce-4d-3d","modelType":"Wi-SHT10A","DATAS":["Temperature","Humidity"],"Temperature":6.53,"Humidity":0,"TIMESTAMP":"2022-11-27T17:51:47.299Z","BATT":100,"INTERVAL":600},{"modelID":"ba-35-49-ce-4d-3d","modelType":"Wi-SHT10A","DATAS":["Temperature","Humidity"],"Temperature":6.6,"Humidity":0,"TIMESTAMP":"2022-11-27T17:42:20.311Z","BATT":100,"INTERVAL":600},{"modelID":"ba-35-49-ce-4d-3d","modelType":"Wi-SHT10A","DATAS":["Temperature","Humidity"],"Temperature":6.8,"Humidity":0,"TIMESTAMP":"2022-11-27T17:32:09.030Z","BATT":100,"INTERVAL":600},{"modelID":"ba-35-49-ce-4d-3d","modelType":"Wi-SHT10A","DATAS":["Temperature","Humidity"],"Temperature":6.9,"Humidity":0,"TIMESTAMP":"2022-11-27T17:21:47.234Z","BATT":100,"INTERVAL":600},{"modelID":"ba-35-49-ce-4d-3d","modelType":"Wi-SHT10A","DATAS":["Temperature","Humidity"],"Temperature":6.84,"Humidity":0,"TIMESTAMP":"2022-11-27T17:11:47.505Z","BATT":100,"INTERVAL":600},{"modelID":"ba-35-49-ce-4d-3d","modelType":"Wi-SHT10A","DATAS":["Temperature","Humidity"],"Temperature":6.6,"Humidity":0,"TIMESTAMP":"2022-11-27T17:02:35.614Z","BATT":100,"INTERVAL":600},{"modelID":"ba-35-49-ce-4d-3d","modelType":"Wi-SHT10A","DATAS":["Temperature","Humidity"],"Temperature":6.53,"Humidity":0,"TIMESTAMP":"2022-11-27T16:52:21.359Z","BATT":100,"INTERVAL":600},{"modelID":"ba-35-49-ce-4d-3d","modelType":"Wi-SHT10A","DATAS":["Temperature","Humidity"],"Temperature":6.87,"Humidity":0,"TIMESTAMP":"2022-11-27T16:32:09.390Z","BATT":100,"INTERVAL":600},{"modelID":"ba-35-49-ce-4d-3d","modelType":"Wi-SHT10A","DATAS":["Temperature","Humidity"],"Temperature":6.84,"Humidity":0,"TIMESTAMP":"2022-11-27T16:11:47.744Z","BATT":100,"INTERVAL":600}],"DAYHOURS":["21","20","19","18","17","16","15","14","13","12","11","10","9","8","7","6","5","4","3","2","1","0"]}