{"SENSORNAME":"C.TOWER B","SENSORTYPE":"PWRMTR(485)","DTUID":"100","SENSORID":17,"PWRMTR0":"4595","PWRMTR1":"333","DAYDATA":[{"DTUID":"100","SENSORID":17,"FUNCID":3,"NDATA":2,"SENSORTYPE":"PWR-METER-POWER","RCV_BYTES":["0007","02EF"],"DATAS":[7,751],"DATAS1":[],"DATAS2":[],"TIMESTAMP":"2022-11-28T09:26:29.161Z"},{"DTUID":"100","SENSORID":17,"FUNCID":3,"NDATA":2,"SENSORTYPE":"PWR-METER-POWER","RCV_BYTES":["0007","02EE"],"DATAS":[7,750],"DATAS1":[],"DATAS2":[],"TIMESTAMP":"2022-11-28T09:07:10.519Z"},{"DTUID":"100","SENSORID":17,"FUNCID":3,"NDATA":2,"SENSORTYPE":"PWR-METER-POWER","RCV_BYTES":["0007","02EE"],"DATAS":[7,750],"DATAS1":[],"DATAS2":[],"TIMESTAMP":"2022-11-27T22:35:53.180Z"},{"DTUID":"100","SENSORID":17,"FUNCID":3,"NDATA":2,"SENSORTYPE":"PWR-METER-POWER","RCV_BYTES":["0007","02EE"],"DATAS":[7,750],"DATAS1":[],"DATAS2":[],"TIMESTAMP":"2022-11-27T22:15:57.257Z"},{"DTUID":"100","SENSORID":17,"FUNCID":3,"NDATA":2,"SENSORTYPE":"PWR-METER-POWER","RCV_BYTES":["0007","02EE"],"DATAS":[7,750],"DATAS1":[],"DATAS2":[],"TIMESTAMP":"2022-11-27T21:16:10.682Z"},{"DTUID":"100","SENSORID":17,"FUNCID":3,"NDATA":2,"SENSORTYPE":"PWR-METER-POWER","RCV_BYTES":["0007","02EE"],"DATAS":[7,750],"DATAS1":[],"DATAS2":[],"TIMESTAMP":"2022-11-27T19:15:37.478Z"},{"DTUID":"100","SENSORID":17,"FUNCID":3,"NDATA":2,"SENSORTYPE":"PWR-METER-POWER","RCV_BYTES":["0007","02EE"],"DATAS":[7,750],"DATAS1":[],"DATAS2":[],"TIMESTAMP":"2022-11-27T18:35:32.581Z"}],"DAYHOURS":["17","6","5","3","2"],"MNTH-2022_11":"4595","WK48":"4595","WK47":"4595","WK46":"4595","WK45":"4595","WK44":"4595","MNTH-2022_10":"4595","WK43":"4595","WK42":"4595","WK41":"4588","WK40":"4588","MNTH-2022_9":"4588","WK39":"4587","WK38":"4587","WK37":"4587","WK36":"4582","MNTH-2022_8":"4582","WK35":"4581","WK34":"4581","WK33":"4578","WK32":"4578","WK31":"4577","MNTH-2022_7":"4577","WK30":"4577","WK29":"4576","WK28":"4252","WK27":"3826","MNTH-2022_6":"3515","WK26":"3400","WK25":"2998","WK24":"2567","WK23":"2133","MNTH-2022_5":"1700","WK22":"1700","WK21":"1273","WK20":"848","WK19":"421"}