{"SENSORNAME":"WATER COOLING PACK UNIT A - CWS PRESS 2","SENSORTYPE":"WTRPRS(485)","DTUID":"214","SENSORID":"59","DATE0":"2022-11-28T11:55:59.575Z","DATE1":"2022-02-13T09:59:18.569Z","DAYDATA":[{"DTUID":"214","SENSORID":59,"FUNCID":3,"NDATA":2,"SENSORTYPE":"WATER-PRES","RCV_BYTES":["4316","3F3B"],"DATAS":[17174,16187],"DATAS1":[],"DATAS2":[],"TIMESTAMP":"2022-11-28T11:55:59.575Z"},{"DTUID":"214","SENSORID":59,"FUNCID":3,"NDATA":2,"SENSORTYPE":"WATER-PRES","RCV_BYTES":["4316","0B85"],"DATAS":[17174,2949],"DATAS1":[],"DATAS2":[],"TIMESTAMP":"2022-11-28T11:25:30.837Z"},{"DTUID":"214","SENSORID":59,"FUNCID":3,"NDATA":2,"SENSORTYPE":"WATER-PRES","RCV_BYTES":["4316","7333"],"DATAS":[17174,29491],"DATAS1":[],"DATAS2":[],"TIMESTAMP":"2022-11-28T11:05:36.571Z"},{"DTUID":"214","SENSORID":59,"FUNCID":3,"NDATA":2,"SENSORTYPE":"WATER-PRES","RCV_BYTES":["4316","0B85"],"DATAS":[17174,2949],"DATAS1":[],"DATAS2":[],"TIMESTAMP":"2022-11-28T10:05:25.004Z"},{"DTUID":"214","SENSORID":59,"FUNCID":3,"NDATA":2,"SENSORTYPE":"WATER-PRES","RCV_BYTES":["4315","D78D"],"DATAS":[17173,-10355],"DATAS1":[],"DATAS2":[],"TIMESTAMP":"2022-11-28T09:25:20.241Z"},{"DTUID":"214","SENSORID":59,"FUNCID":3,"NDATA":2,"SENSORTYPE":"WATER-PRES","RCV_BYTES":["4315","D78D"],"DATAS":[17173,-10355],"DATAS1":[],"DATAS2":[],"TIMESTAMP":"2022-11-28T05:28:36.558Z"},{"DTUID":"214","SENSORID":59,"FUNCID":3,"NDATA":2,"SENSORTYPE":"WATER-PRES","RCV_BYTES":["4316","0B85"],"DATAS":[17174,2949],"DATAS1":[],"DATAS2":[],"TIMESTAMP":"2022-11-28T04:48:29.037Z"},{"DTUID":"214","SENSORID":59,"FUNCID":3,"NDATA":2,"SENSORTYPE":"WATER-PRES","RCV_BYTES":["4315","A3D7"],"DATAS":[17173,-23593],"DATAS1":[],"DATAS2":[],"TIMESTAMP":"2022-11-28T04:28:31.319Z"},{"DTUID":"214","SENSORID":59,"FUNCID":3,"NDATA":2,"SENSORTYPE":"WATER-PRES","RCV_BYTES":["4315","A3D7"],"DATAS":[17173,-23593],"DATAS1":[],"DATAS2":[],"TIMESTAMP":"2022-11-28T03:03:07.618Z"},{"DTUID":"214","SENSORID":59,"FUNCID":3,"NDATA":2,"SENSORTYPE":"WATER-PRES","RCV_BYTES":["4316","7333"],"DATAS":[17174,29491],"DATAS1":[],"DATAS2":[],"TIMESTAMP":"2022-11-27T22:34:37.757Z"},{"DTUID":"214","SENSORID":59,"FUNCID":3,"NDATA":2,"SENSORTYPE":"WATER-PRES","RCV_BYTES":["4316","3F3B"],"DATAS":[17174,16187],"DATAS1":[],"DATAS2":[],"TIMESTAMP":"2022-11-27T22:14:37.644Z"},{"DTUID":"214","SENSORID":59,"FUNCID":3,"NDATA":2,"SENSORTYPE":"WATER-PRES","RCV_BYTES":["4316","3F3B"],"DATAS":[17174,16187],"DATAS1":[],"DATAS2":[],"TIMESTAMP":"2022-11-27T21:14:35.862Z"},{"DTUID":"214","SENSORID":59,"FUNCID":3,"NDATA":2,"SENSORTYPE":"WATER-PRES","RCV_BYTES":["4316","3F3B"],"DATAS":[17174,16187],"DATAS1":[],"DATAS2":[],"TIMESTAMP":"2022-11-27T20:34:27.294Z"},{"DTUID":"214","SENSORID":59,"FUNCID":3,"NDATA":2,"SENSORTYPE":"WATER-PRES","RCV_BYTES":["4316","A6E9"],"DATAS":[17174,-22807],"DATAS1":[],"DATAS2":[],"TIMESTAMP":"2022-11-27T20:14:28.632Z"},{"DTUID":"214","SENSORID":59,"FUNCID":3,"NDATA":2,"SENSORTYPE":"WATER-PRES","RCV_BYTES":["4316","7333"],"DATAS":[17174,29491],"DATAS1":[],"DATAS2":[],"TIMESTAMP":"2022-11-27T19:14:22.537Z"},{"DTUID":"214","SENSORID":59,"FUNCID":3,"NDATA":2,"SENSORTYPE":"WATER-PRES","RCV_BYTES":["4316","7333"],"DATAS":[17174,29491],"DATAS1":[],"DATAS2":[],"TIMESTAMP":"2022-11-27T18:34:19.733Z"},{"DTUID":"214","SENSORID":59,"FUNCID":3,"NDATA":2,"SENSORTYPE":"WATER-PRES","RCV_BYTES":["4316","3F3B"],"DATAS":[17174,16187],"DATAS1":[],"DATAS2":[],"TIMESTAMP":"2022-11-27T18:14:20.353Z"},{"DTUID":"214","SENSORID":59,"FUNCID":3,"NDATA":2,"SENSORTYPE":"WATER-PRES","RCV_BYTES":["4316","A6E9"],"DATAS":[17174,-22807],"DATAS1":[],"DATAS2":[],"TIMESTAMP":"2022-11-27T17:14:13.835Z"}],"DAYHOURS":["19","18","17","13","12","11","6","5","4","3","2","1"]}