{"SENSORNAME":"PROD 2 (BACKEND)","SENSORTYPE":"WISENSOR","DTUID":"-1","SENSORID":"B0-8A-EA-86-E2-C9","DATE0":"2022-11-28T13:17:33.354Z","DATE1":"2021-04-19T16:34:31.273Z","DAYDATA":[{"modelID":"b0-8a-ea-86-e2-c9","modelType":"Wi-SHT10","DATAS":["Temperature","Humidity"],"Temperature":20.29,"Humidity":55.766400000000004,"TIMESTAMP":"2022-11-28T13:17:33.354Z","BATT":100,"INTERVAL":600},{"modelID":"b0-8a-ea-86-e2-c9","modelType":"Wi-SHT10","DATAS":["Temperature","Humidity"],"Temperature":20.32,"Humidity":56.9568,"TIMESTAMP":"2022-11-28T13:07:19.380Z","BATT":100,"INTERVAL":600},{"modelID":"b0-8a-ea-86-e2-c9","modelType":"Wi-SHT10","DATAS":["Temperature","Humidity"],"Temperature":20.57,"Humidity":56.7936,"TIMESTAMP":"2022-11-28T12:57:02.428Z","BATT":100,"INTERVAL":600},{"modelID":"b0-8a-ea-86-e2-c9","modelType":"Wi-SHT10","DATAS":["Temperature","Humidity"],"Temperature":20.25,"Humidity":58.1472,"TIMESTAMP":"2022-11-28T12:17:16.481Z","BATT":100,"INTERVAL":600},{"modelID":"b0-8a-ea-86-e2-c9","modelType":"Wi-SHT10","DATAS":["Temperature","Humidity"],"Temperature":20.35,"Humidity":55.708800000000004,"TIMESTAMP":"2022-11-28T11:57:19.907Z","BATT":100,"INTERVAL":600},{"modelID":"b0-8a-ea-86-e2-c9","modelType":"Wi-SHT10","DATAS":["Temperature","Humidity"],"Temperature":20.02,"Humidity":56.976,"TIMESTAMP":"2022-11-28T11:47:23.528Z","BATT":100,"INTERVAL":600},{"modelID":"b0-8a-ea-86-e2-c9","modelType":"Wi-SHT10","DATAS":["Temperature","Humidity"],"Temperature":20.01,"Humidity":56.7744,"TIMESTAMP":"2022-11-28T11:36:48.552Z","BATT":100,"INTERVAL":600},{"modelID":"b0-8a-ea-86-e2-c9","modelType":"Wi-SHT10","DATAS":["Temperature","Humidity"],"Temperature":20.04,"Humidity":57.12,"TIMESTAMP":"2022-11-28T11:27:11.388Z","BATT":100,"INTERVAL":600},{"modelID":"b0-8a-ea-86-e2-c9","modelType":"Wi-SHT10","DATAS":["Temperature","Humidity"],"Temperature":20.15,"Humidity":57.1584,"TIMESTAMP":"2022-11-28T11:16:53.587Z","BATT":100,"INTERVAL":600},{"modelID":"b0-8a-ea-86-e2-c9","modelType":"Wi-SHT10","DATAS":["Temperature","Humidity"],"Temperature":20.39,"Humidity":58.4544,"TIMESTAMP":"2022-11-28T11:07:06.547Z","BATT":100,"INTERVAL":600},{"modelID":"b0-8a-ea-86-e2-c9","modelType":"Wi-SHT10","DATAS":["Temperature","Humidity"],"Temperature":21.06,"Humidity":59.3184,"TIMESTAMP":"2022-11-28T10:57:13.628Z","BATT":100,"INTERVAL":600},{"modelID":"b0-8a-ea-86-e2-c9","modelType":"Wi-SHT10","DATAS":["Temperature","Humidity"],"Temperature":21.03,"Humidity":61.1808,"TIMESTAMP":"2022-11-28T10:47:28.651Z","BATT":100,"INTERVAL":600},{"modelID":"b0-8a-ea-86-e2-c9","modelType":"Wi-SHT10","DATAS":["Temperature","Humidity"],"Temperature":20.35,"Humidity":61.3536,"TIMESTAMP":"2022-11-28T10:36:59.685Z","BATT":100,"INTERVAL":600},{"modelID":"b0-8a-ea-86-e2-c9","modelType":"Wi-SHT10","DATAS":["Temperature","Humidity"],"Temperature":19.82,"Humidity":57.552,"TIMESTAMP":"2022-11-28T10:27:20.712Z","BATT":100,"INTERVAL":600},{"modelID":"b0-8a-ea-86-e2-c9","modelType":"Wi-SHT10","DATAS":["Temperature","Humidity"],"Temperature":19.79,"Humidity":57.244800000000005,"TIMESTAMP":"2022-11-28T10:17:14.732Z","BATT":100,"INTERVAL":600},{"modelID":"b0-8a-ea-86-e2-c9","modelType":"Wi-SHT10","DATAS":["Temperature","Humidity"],"Temperature":19.82,"Humidity":57.216,"TIMESTAMP":"2022-11-28T10:07:22.732Z","BATT":100,"INTERVAL":600},{"modelID":"b0-8a-ea-86-e2-c9","modelType":"Wi-SHT10","DATAS":["Temperature","Humidity"],"Temperature":19.98,"Humidity":57.849599999999995,"TIMESTAMP":"2022-11-28T09:57:23.074Z","BATT":100,"INTERVAL":600},{"modelID":"b0-8a-ea-86-e2-c9","modelType":"Wi-SHT10","DATAS":["Temperature","Humidity"],"Temperature":19.91,"Humidity":58.406400000000005,"TIMESTAMP":"2022-11-28T09:47:03.784Z","BATT":100,"INTERVAL":600},{"modelID":"b0-8a-ea-86-e2-c9","modelType":"Wi-SHT10","DATAS":["Temperature","Humidity"],"Temperature":19.88,"Humidity":58.3296,"TIMESTAMP":"2022-11-28T09:37:12.800Z","BATT":100,"INTERVAL":600},{"modelID":"b0-8a-ea-86-e2-c9","modelType":"Wi-SHT10","DATAS":["Temperature","Humidity"],"Temperature":19.85,"Humidity":57.5616,"TIMESTAMP":"2022-11-28T09:27:11.368Z","BATT":100,"INTERVAL":600},{"modelID":"b0-8a-ea-86-e2-c9","modelType":"Wi-SHT10","DATAS":["Temperature","Humidity"],"Temperature":20.31,"Humidity":56.9952,"TIMESTAMP":"2022-11-28T09:16:46.843Z","BATT":100,"INTERVAL":600},{"modelID":"b0-8a-ea-86-e2-c9","modelType":"Wi-SHT10","DATAS":["Temperature","Humidity"],"Temperature":20.47,"Humidity":58.6272,"TIMESTAMP":"2022-11-28T09:07:33.861Z","BATT":100,"INTERVAL":600},{"modelID":"b0-8a-ea-86-e2-c9","modelType":"Wi-SHT10","DATAS":["Temperature","Humidity"],"Temperature":21.14,"Humidity":59.2032,"TIMESTAMP":"2022-11-28T08:56:58.880Z","BATT":100,"INTERVAL":600},{"modelID":"b0-8a-ea-86-e2-c9","modelType":"Wi-SHT10","DATAS":["Temperature","Humidity"],"Temperature":20.92,"Humidity":60.700799999999994,"TIMESTAMP":"2022-11-28T08:47:33.901Z","BATT":100,"INTERVAL":600},{"modelID":"b0-8a-ea-86-e2-c9","modelType":"Wi-SHT10","DATAS":["Temperature","Humidity"],"Temperature":20.4,"Humidity":56.3616,"TIMESTAMP":"2022-11-28T08:26:48.950Z","BATT":100,"INTERVAL":600},{"modelID":"b0-8a-ea-86-e2-c9","modelType":"Wi-SHT10","DATAS":["Temperature","Humidity"],"Temperature":20.14,"Humidity":55.641600000000004,"TIMESTAMP":"2022-11-28T08:17:02.978Z","BATT":100,"INTERVAL":600},{"modelID":"b0-8a-ea-86-e2-c9","modelType":"Wi-SHT10","DATAS":["Temperature","Humidity"],"Temperature":19.99,"Humidity":56.419200000000004,"TIMESTAMP":"2022-11-28T08:07:20.982Z","BATT":100,"INTERVAL":600},{"modelID":"b0-8a-ea-86-e2-c9","modelType":"Wi-SHT10","DATAS":["Temperature","Humidity"],"Temperature":20.48,"Humidity":55.3632,"TIMESTAMP":"2022-11-28T07:57:33.005Z","BATT":100,"INTERVAL":600},{"modelID":"b0-8a-ea-86-e2-c9","modelType":"Wi-SHT10","DATAS":["Temperature","Humidity"],"Temperature":20.34,"Humidity":56.1216,"TIMESTAMP":"2022-11-28T07:47:31.018Z","BATT":100,"INTERVAL":600},{"modelID":"b0-8a-ea-86-e2-c9","modelType":"Wi-SHT10","DATAS":["Temperature","Humidity"],"Temperature":20.29,"Humidity":55.4208,"TIMESTAMP":"2022-11-28T07:37:13.289Z","BATT":100,"INTERVAL":600},{"modelID":"b0-8a-ea-86-e2-c9","modelType":"Wi-SHT10","DATAS":["Temperature","Humidity"],"Temperature":20.5,"Humidity":56.553599999999996,"TIMESTAMP":"2022-11-28T07:26:49.060Z","BATT":100,"INTERVAL":600},{"modelID":"b0-8a-ea-86-e2-c9","modelType":"Wi-SHT10","DATAS":["Temperature","Humidity"],"Temperature":20.3,"Humidity":56.1888,"TIMESTAMP":"2022-11-28T07:16:48.085Z","BATT":100,"INTERVAL":600},{"modelID":"b0-8a-ea-86-e2-c9","modelType":"Wi-SHT10","DATAS":["Temperature","Humidity"],"Temperature":20.33,"Humidity":55.872,"TIMESTAMP":"2022-11-28T07:07:05.716Z","BATT":100,"INTERVAL":600},{"modelID":"b0-8a-ea-86-e2-c9","modelType":"Wi-SHT10","DATAS":["Temperature","Humidity"],"Temperature":20.3,"Humidity":55.68,"TIMESTAMP":"2022-11-28T06:56:49.125Z","BATT":100,"INTERVAL":600},{"modelID":"b0-8a-ea-86-e2-c9","modelType":"Wi-SHT10","DATAS":["Temperature","Humidity"],"Temperature":20.56,"Humidity":55.1712,"TIMESTAMP":"2022-11-28T06:47:25.162Z","BATT":100,"INTERVAL":600},{"modelID":"b0-8a-ea-86-e2-c9","modelType":"Wi-SHT10","DATAS":["Temperature","Humidity"],"Temperature":20.54,"Humidity":55.4496,"TIMESTAMP":"2022-11-28T06:37:18.191Z","BATT":100,"INTERVAL":600},{"modelID":"b0-8a-ea-86-e2-c9","modelType":"Wi-SHT10","DATAS":["Temperature","Humidity"],"Temperature":20.5,"Humidity":56.5152,"TIMESTAMP":"2022-11-28T06:27:13.078Z","BATT":100,"INTERVAL":600},{"modelID":"b0-8a-ea-86-e2-c9","modelType":"Wi-SHT10","DATAS":["Temperature","Humidity"],"Temperature":20.5,"Humidity":55.9776,"TIMESTAMP":"2022-11-28T06:17:27.223Z","BATT":100,"INTERVAL":600},{"modelID":"b0-8a-ea-86-e2-c9","modelType":"Wi-SHT10","DATAS":["Temperature","Humidity"],"Temperature":20.45,"Humidity":55.4688,"TIMESTAMP":"2022-11-28T06:07:27.273Z","BATT":100,"INTERVAL":600},{"modelID":"b0-8a-ea-86-e2-c9","modelType":"Wi-SHT10","DATAS":["Temperature","Humidity"],"Temperature":20.46,"Humidity":55.488,"TIMESTAMP":"2022-11-28T05:57:19.255Z","BATT":100,"INTERVAL":600},{"modelID":"b0-8a-ea-86-e2-c9","modelType":"Wi-SHT10","DATAS":["Temperature","Humidity"],"Temperature":20.37,"Humidity":55.2864,"TIMESTAMP":"2022-11-28T05:47:00.543Z","BATT":100,"INTERVAL":600},{"modelID":"b0-8a-ea-86-e2-c9","modelType":"Wi-SHT10","DATAS":["Temperature","Humidity"],"Temperature":20.39,"Humidity":54.6432,"TIMESTAMP":"2022-11-28T05:36:49.293Z","BATT":100,"INTERVAL":600},{"modelID":"b0-8a-ea-86-e2-c9","modelType":"Wi-SHT10","DATAS":["Temperature","Humidity"],"Temperature":20.4,"Humidity":54.422399999999996,"TIMESTAMP":"2022-11-28T05:26:57.312Z","BATT":100,"INTERVAL":600},{"modelID":"b0-8a-ea-86-e2-c9","modelType":"Wi-SHT10","DATAS":["Temperature","Humidity"],"Temperature":20.52,"Humidity":54.3168,"TIMESTAMP":"2022-11-28T05:16:55.333Z","BATT":100,"INTERVAL":600},{"modelID":"b0-8a-ea-86-e2-c9","modelType":"Wi-SHT10","DATAS":["Temperature","Humidity"],"Temperature":20.49,"Humidity":54.2208,"TIMESTAMP":"2022-11-28T05:07:13.603Z","BATT":100,"INTERVAL":600},{"modelID":"b0-8a-ea-86-e2-c9","modelType":"Wi-SHT10","DATAS":["Temperature","Humidity"],"Temperature":20.61,"Humidity":54.3936,"TIMESTAMP":"2022-11-28T04:57:13.274Z","BATT":100,"INTERVAL":600},{"modelID":"b0-8a-ea-86-e2-c9","modelType":"Wi-SHT10","DATAS":["Temperature","Humidity"],"Temperature":20.49,"Humidity":54.940799999999996,"TIMESTAMP":"2022-11-28T04:47:18.398Z","BATT":100,"INTERVAL":600},{"modelID":"b0-8a-ea-86-e2-c9","modelType":"Wi-SHT10","DATAS":["Temperature","Humidity"],"Temperature":20.5,"Humidity":55.4496,"TIMESTAMP":"2022-11-28T04:37:20.443Z","BATT":100,"INTERVAL":600},{"modelID":"b0-8a-ea-86-e2-c9","modelType":"Wi-SHT10","DATAS":["Temperature","Humidity"],"Temperature":20.63,"Humidity":55.4304,"TIMESTAMP":"2022-11-28T04:16:53.482Z","BATT":100,"INTERVAL":600},{"modelID":"b0-8a-ea-86-e2-c9","modelType":"Wi-SHT10","DATAS":["Temperature","Humidity"],"Temperature":20.68,"Humidity":55.516799999999996,"TIMESTAMP":"2022-11-28T04:06:46.821Z","BATT":100,"INTERVAL":600},{"modelID":"b0-8a-ea-86-e2-c9","modelType":"Wi-SHT10","DATAS":["Temperature","Humidity"],"Temperature":20.8,"Humidity":55.564800000000005,"TIMESTAMP":"2022-11-28T03:47:16.534Z","BATT":100,"INTERVAL":600},{"modelID":"b0-8a-ea-86-e2-c9","modelType":"Wi-SHT10","DATAS":["Temperature","Humidity"],"Temperature":20.5,"Humidity":56.784,"TIMESTAMP":"2022-11-28T03:27:24.586Z","BATT":100,"INTERVAL":600},{"modelID":"b0-8a-ea-86-e2-c9","modelType":"Wi-SHT10","DATAS":["Temperature","Humidity"],"Temperature":20.58,"Humidity":56.7936,"TIMESTAMP":"2022-11-28T03:17:23.671Z","BATT":100,"INTERVAL":600},{"modelID":"b0-8a-ea-86-e2-c9","modelType":"Wi-SHT10","DATAS":["Temperature","Humidity"],"Temperature":20.67,"Humidity":57.312000000000005,"TIMESTAMP":"2022-11-28T03:06:55.623Z","BATT":100,"INTERVAL":600},{"modelID":"b0-8a-ea-86-e2-c9","modelType":"Wi-SHT10","DATAS":["Temperature","Humidity"],"Temperature":20.8,"Humidity":58.0512,"TIMESTAMP":"2022-11-28T02:56:49.644Z","BATT":100,"INTERVAL":600},{"modelID":"b0-8a-ea-86-e2-c9","modelType":"Wi-SHT10","DATAS":["Temperature","Humidity"],"Temperature":20.9,"Humidity":58.4928,"TIMESTAMP":"2022-11-28T02:47:27.655Z","BATT":100,"INTERVAL":600},{"modelID":"b0-8a-ea-86-e2-c9","modelType":"Wi-SHT10","DATAS":["Temperature","Humidity"],"Temperature":21.18,"Humidity":59.2896,"TIMESTAMP":"2022-11-28T02:37:18.679Z","BATT":100,"INTERVAL":600},{"modelID":"b0-8a-ea-86-e2-c9","modelType":"Wi-SHT10","DATAS":["Temperature","Humidity"],"Temperature":23.05,"Humidity":63.4176,"TIMESTAMP":"2022-11-28T02:16:54.313Z","BATT":100,"INTERVAL":600},{"modelID":"b0-8a-ea-86-e2-c9","modelType":"Wi-SHT10","DATAS":["Temperature","Humidity"],"Temperature":22.86,"Humidity":64.032,"TIMESTAMP":"2022-11-28T02:07:06.725Z","BATT":100,"INTERVAL":600},{"modelID":"b0-8a-ea-86-e2-c9","modelType":"Wi-SHT10","DATAS":["Temperature","Humidity"],"Temperature":22.82,"Humidity":64.4928,"TIMESTAMP":"2022-11-28T01:57:17.252Z","BATT":100,"INTERVAL":600},{"modelID":"b0-8a-ea-86-e2-c9","modelType":"Wi-SHT10","DATAS":["Temperature","Humidity"],"Temperature":22.76,"Humidity":64.8768,"TIMESTAMP":"2022-11-28T01:47:18.394Z","BATT":100,"INTERVAL":600},{"modelID":"b0-8a-ea-86-e2-c9","modelType":"Wi-SHT10","DATAS":["Temperature","Humidity"],"Temperature":22.51,"Humidity":66.7296,"TIMESTAMP":"2022-11-28T01:27:01.815Z","BATT":100,"INTERVAL":600},{"modelID":"b0-8a-ea-86-e2-c9","modelType":"Wi-SHT10","DATAS":["Temperature","Humidity"],"Temperature":22.36,"Humidity":67.40159999999999,"TIMESTAMP":"2022-11-28T01:17:24.761Z","BATT":100,"INTERVAL":600},{"modelID":"b0-8a-ea-86-e2-c9","modelType":"Wi-SHT10","DATAS":["Temperature","Humidity"],"Temperature":22.28,"Humidity":68.2176,"TIMESTAMP":"2022-11-28T01:07:02.877Z","BATT":100,"INTERVAL":600},{"modelID":"b0-8a-ea-86-e2-c9","modelType":"Wi-SHT10","DATAS":["Temperature","Humidity"],"Temperature":22.22,"Humidity":69.93599999999999,"TIMESTAMP":"2022-11-28T00:57:02.883Z","BATT":100,"INTERVAL":600},{"modelID":"b0-8a-ea-86-e2-c9","modelType":"Wi-SHT10","DATAS":["Temperature","Humidity"],"Temperature":22.22,"Humidity":70.9344,"TIMESTAMP":"2022-11-28T00:47:27.903Z","BATT":100,"INTERVAL":600},{"modelID":"b0-8a-ea-86-e2-c9","modelType":"Wi-SHT10","DATAS":["Temperature","Humidity"],"Temperature":22.29,"Humidity":74.1024,"TIMESTAMP":"2022-11-28T00:37:27.922Z","BATT":100,"INTERVAL":600},{"modelID":"b0-8a-ea-86-e2-c9","modelType":"Wi-SHT10","DATAS":["Temperature","Humidity"],"Temperature":21.18,"Humidity":73.008,"TIMESTAMP":"2022-11-28T00:27:20.954Z","BATT":100,"INTERVAL":600},{"modelID":"b0-8a-ea-86-e2-c9","modelType":"Wi-SHT10","DATAS":["Temperature","Humidity"],"Temperature":19.47,"Humidity":64.4832,"TIMESTAMP":"2022-11-28T00:16:50.954Z","BATT":100,"INTERVAL":600},{"modelID":"b0-8a-ea-86-e2-c9","modelType":"Wi-SHT10","DATAS":["Temperature","Humidity"],"Temperature":19.39,"Humidity":64.6368,"TIMESTAMP":"2022-11-28T00:07:32.982Z","BATT":100,"INTERVAL":600},{"modelID":"b0-8a-ea-86-e2-c9","modelType":"Wi-SHT10","DATAS":["Temperature","Humidity"],"Temperature":19.3,"Humidity":63.686400000000006,"TIMESTAMP":"2022-11-27T23:56:46.994Z","BATT":100,"INTERVAL":600},{"modelID":"b0-8a-ea-86-e2-c9","modelType":"Wi-SHT10","DATAS":["Temperature","Humidity"],"Temperature":19.3,"Humidity":61.3536,"TIMESTAMP":"2022-11-27T23:47:02.033Z","BATT":100,"INTERVAL":600},{"modelID":"b0-8a-ea-86-e2-c9","modelType":"Wi-SHT10","DATAS":["Temperature","Humidity"],"Temperature":19.64,"Humidity":61.9488,"TIMESTAMP":"2022-11-27T23:37:16.038Z","BATT":100,"INTERVAL":600},{"modelID":"b0-8a-ea-86-e2-c9","modelType":"Wi-SHT10","DATAS":["Temperature","Humidity"],"Temperature":19.98,"Humidity":63.331199999999995,"TIMESTAMP":"2022-11-27T23:26:50.052Z","BATT":100,"INTERVAL":600},{"modelID":"b0-8a-ea-86-e2-c9","modelType":"Wi-SHT10","DATAS":["Temperature","Humidity"],"Temperature":20.3,"Humidity":65.5392,"TIMESTAMP":"2022-11-27T23:16:57.076Z","BATT":100,"INTERVAL":600},{"modelID":"b0-8a-ea-86-e2-c9","modelType":"Wi-SHT10","DATAS":["Temperature","Humidity"],"Temperature":20.12,"Humidity":65.96159999999999,"TIMESTAMP":"2022-11-27T23:07:28.098Z","BATT":100,"INTERVAL":600},{"modelID":"b0-8a-ea-86-e2-c9","modelType":"Wi-SHT10","DATAS":["Temperature","Humidity"],"Temperature":19.78,"Humidity":62.121599999999994,"TIMESTAMP":"2022-11-27T22:56:58.116Z","BATT":100,"INTERVAL":600},{"modelID":"b0-8a-ea-86-e2-c9","modelType":"Wi-SHT10","DATAS":["Temperature","Humidity"],"Temperature":19.82,"Humidity":61.296,"TIMESTAMP":"2022-11-27T22:47:35.137Z","BATT":100,"INTERVAL":600},{"modelID":"b0-8a-ea-86-e2-c9","modelType":"Wi-SHT10","DATAS":["Temperature","Humidity"],"Temperature":20.28,"Humidity":63.5232,"TIMESTAMP":"2022-11-27T22:37:30.158Z","BATT":100,"INTERVAL":600},{"modelID":"b0-8a-ea-86-e2-c9","modelType":"Wi-SHT10","DATAS":["Temperature","Humidity"],"Temperature":20.35,"Humidity":64.6464,"TIMESTAMP":"2022-11-27T22:27:03.197Z","BATT":100,"INTERVAL":600},{"modelID":"b0-8a-ea-86-e2-c9","modelType":"Wi-SHT10","DATAS":["Temperature","Humidity"],"Temperature":20.37,"Humidity":65.3952,"TIMESTAMP":"2022-11-27T22:16:50.197Z","BATT":100,"INTERVAL":600},{"modelID":"b0-8a-ea-86-e2-c9","modelType":"Wi-SHT10","DATAS":["Temperature","Humidity"],"Temperature":20.14,"Humidity":66.1536,"TIMESTAMP":"2022-11-27T22:07:19.236Z","BATT":100,"INTERVAL":600},{"modelID":"b0-8a-ea-86-e2-c9","modelType":"Wi-SHT10","DATAS":["Temperature","Humidity"],"Temperature":19.93,"Humidity":66.0096,"TIMESTAMP":"2022-11-27T21:57:34.237Z","BATT":100,"INTERVAL":600},{"modelID":"b0-8a-ea-86-e2-c9","modelType":"Wi-SHT10","DATAS":["Temperature","Humidity"],"Temperature":19.8,"Humidity":64.8768,"TIMESTAMP":"2022-11-27T21:47:19.263Z","BATT":100,"INTERVAL":600},{"modelID":"b0-8a-ea-86-e2-c9","modelType":"Wi-SHT10","DATAS":["Temperature","Humidity"],"Temperature":19.46,"Humidity":60.5664,"TIMESTAMP":"2022-11-27T21:37:14.312Z","BATT":100,"INTERVAL":600},{"modelID":"b0-8a-ea-86-e2-c9","modelType":"Wi-SHT10","DATAS":["Temperature","Humidity"],"Temperature":20.14,"Humidity":62.4864,"TIMESTAMP":"2022-11-27T21:27:18.303Z","BATT":100,"INTERVAL":600},{"modelID":"b0-8a-ea-86-e2-c9","modelType":"Wi-SHT10","DATAS":["Temperature","Humidity"],"Temperature":20.41,"Humidity":64.9632,"TIMESTAMP":"2022-11-27T21:17:30.343Z","BATT":100,"INTERVAL":600},{"modelID":"b0-8a-ea-86-e2-c9","modelType":"Wi-SHT10","DATAS":["Temperature","Humidity"],"Temperature":20.3,"Humidity":65.34719999999999,"TIMESTAMP":"2022-11-27T21:06:50.349Z","BATT":100,"INTERVAL":600},{"modelID":"b0-8a-ea-86-e2-c9","modelType":"Wi-SHT10","DATAS":["Temperature","Humidity"],"Temperature":20.27,"Humidity":66.19200000000001,"TIMESTAMP":"2022-11-27T20:57:20.410Z","BATT":100,"INTERVAL":600},{"modelID":"b0-8a-ea-86-e2-c9","modelType":"Wi-SHT10","DATAS":["Temperature","Humidity"],"Temperature":19.94,"Humidity":66.0096,"TIMESTAMP":"2022-11-27T20:46:51.393Z","BATT":100,"INTERVAL":600},{"modelID":"b0-8a-ea-86-e2-c9","modelType":"Wi-SHT10","DATAS":["Temperature","Humidity"],"Temperature":19.91,"Humidity":63.993599999999994,"TIMESTAMP":"2022-11-27T20:37:00.413Z","BATT":100,"INTERVAL":600},{"modelID":"b0-8a-ea-86-e2-c9","modelType":"Wi-SHT10","DATAS":["Temperature","Humidity"],"Temperature":19.65,"Humidity":59.577600000000004,"TIMESTAMP":"2022-11-27T20:27:32.434Z","BATT":100,"INTERVAL":600},{"modelID":"b0-8a-ea-86-e2-c9","modelType":"Wi-SHT10","DATAS":["Temperature","Humidity"],"Temperature":20.03,"Humidity":62.0736,"TIMESTAMP":"2022-11-27T20:16:57.453Z","BATT":100,"INTERVAL":600},{"modelID":"b0-8a-ea-86-e2-c9","modelType":"Wi-SHT10","DATAS":["Temperature","Humidity"],"Temperature":20.46,"Humidity":65.28,"TIMESTAMP":"2022-11-27T20:07:11.474Z","BATT":100,"INTERVAL":600},{"modelID":"b0-8a-ea-86-e2-c9","modelType":"Wi-SHT10","DATAS":["Temperature","Humidity"],"Temperature":20.3,"Humidity":66.672,"TIMESTAMP":"2022-11-27T19:47:16.525Z","BATT":100,"INTERVAL":600},{"modelID":"b0-8a-ea-86-e2-c9","modelType":"Wi-SHT10","DATAS":["Temperature","Humidity"],"Temperature":19.98,"Humidity":65.7024,"TIMESTAMP":"2022-11-27T19:37:34.525Z","BATT":100,"INTERVAL":600},{"modelID":"b0-8a-ea-86-e2-c9","modelType":"Wi-SHT10","DATAS":["Temperature","Humidity"],"Temperature":19.8,"Humidity":63.1296,"TIMESTAMP":"2022-11-27T19:26:47.566Z","BATT":100,"INTERVAL":600},{"modelID":"b0-8a-ea-86-e2-c9","modelType":"Wi-SHT10","DATAS":["Temperature","Humidity"],"Temperature":19.72,"Humidity":61.007999999999996,"TIMESTAMP":"2022-11-27T19:17:14.586Z","BATT":100,"INTERVAL":600},{"modelID":"b0-8a-ea-86-e2-c9","modelType":"Wi-SHT10","DATAS":["Temperature","Humidity"],"Temperature":20.14,"Humidity":62.304,"TIMESTAMP":"2022-11-27T19:07:32.617Z","BATT":100,"INTERVAL":600},{"modelID":"b0-8a-ea-86-e2-c9","modelType":"Wi-SHT10","DATAS":["Temperature","Humidity"],"Temperature":20.42,"Humidity":65.3952,"TIMESTAMP":"2022-11-27T18:57:25.619Z","BATT":100,"INTERVAL":600},{"modelID":"b0-8a-ea-86-e2-c9","modelType":"Wi-SHT10","DATAS":["Temperature","Humidity"],"Temperature":20.28,"Humidity":65.424,"TIMESTAMP":"2022-11-27T18:47:24.633Z","BATT":100,"INTERVAL":600},{"modelID":"b0-8a-ea-86-e2-c9","modelType":"Wi-SHT10","DATAS":["Temperature","Humidity"],"Temperature":20.16,"Humidity":66.0864,"TIMESTAMP":"2022-11-27T18:37:18.655Z","BATT":100,"INTERVAL":600},{"modelID":"b0-8a-ea-86-e2-c9","modelType":"Wi-SHT10","DATAS":["Temperature","Humidity"],"Temperature":19.8,"Humidity":62.9664,"TIMESTAMP":"2022-11-27T18:27:29.677Z","BATT":100,"INTERVAL":600},{"modelID":"b0-8a-ea-86-e2-c9","modelType":"Wi-SHT10","DATAS":["Temperature","Humidity"],"Temperature":19.81,"Humidity":61.190400000000004,"TIMESTAMP":"2022-11-27T18:17:12.694Z","BATT":100,"INTERVAL":600},{"modelID":"b0-8a-ea-86-e2-c9","modelType":"Wi-SHT10","DATAS":["Temperature","Humidity"],"Temperature":19.91,"Humidity":61.3728,"TIMESTAMP":"2022-11-27T18:07:35.733Z","BATT":100,"INTERVAL":600},{"modelID":"b0-8a-ea-86-e2-c9","modelType":"Wi-SHT10","DATAS":["Temperature","Humidity"],"Temperature":20.32,"Humidity":63.6576,"TIMESTAMP":"2022-11-27T17:57:35.734Z","BATT":100,"INTERVAL":600},{"modelID":"b0-8a-ea-86-e2-c9","modelType":"Wi-SHT10","DATAS":["Temperature","Humidity"],"Temperature":20.4,"Humidity":65.3664,"TIMESTAMP":"2022-11-27T17:47:11.756Z","BATT":100,"INTERVAL":600},{"modelID":"b0-8a-ea-86-e2-c9","modelType":"Wi-SHT10","DATAS":["Temperature","Humidity"],"Temperature":20.21,"Humidity":65.2704,"TIMESTAMP":"2022-11-27T17:37:01.786Z","BATT":100,"INTERVAL":600},{"modelID":"b0-8a-ea-86-e2-c9","modelType":"Wi-SHT10","DATAS":["Temperature","Humidity"],"Temperature":19.85,"Humidity":63.5136,"TIMESTAMP":"2022-11-27T17:26:47.815Z","BATT":100,"INTERVAL":600},{"modelID":"b0-8a-ea-86-e2-c9","modelType":"Wi-SHT10","DATAS":["Temperature","Humidity"],"Temperature":19.71,"Humidity":59.6544,"TIMESTAMP":"2022-11-27T17:17:16.815Z","BATT":100,"INTERVAL":600},{"modelID":"b0-8a-ea-86-e2-c9","modelType":"Wi-SHT10","DATAS":["Temperature","Humidity"],"Temperature":19.82,"Humidity":62.1888,"TIMESTAMP":"2022-11-27T17:07:30.838Z","BATT":100,"INTERVAL":600},{"modelID":"b0-8a-ea-86-e2-c9","modelType":"Wi-SHT10","DATAS":["Temperature","Humidity"],"Temperature":20.27,"Humidity":63.02400000000001,"TIMESTAMP":"2022-11-27T16:57:27.875Z","BATT":100,"INTERVAL":600},{"modelID":"b0-8a-ea-86-e2-c9","modelType":"Wi-SHT10","DATAS":["Temperature","Humidity"],"Temperature":20.52,"Humidity":65.7888,"TIMESTAMP":"2022-11-27T16:46:59.904Z","BATT":100,"INTERVAL":600},{"modelID":"b0-8a-ea-86-e2-c9","modelType":"Wi-SHT10","DATAS":["Temperature","Humidity"],"Temperature":19.76,"Humidity":62.2656,"TIMESTAMP":"2022-11-27T16:27:09.922Z","BATT":100,"INTERVAL":600},{"modelID":"b0-8a-ea-86-e2-c9","modelType":"Wi-SHT10","DATAS":["Temperature","Humidity"],"Temperature":19.77,"Humidity":58.0512,"TIMESTAMP":"2022-11-27T16:17:11.957Z","BATT":100,"INTERVAL":600},{"modelID":"b0-8a-ea-86-e2-c9","modelType":"Wi-SHT10","DATAS":["Temperature","Humidity"],"Temperature":20,"Humidity":59.7984,"TIMESTAMP":"2022-11-27T16:07:30.967Z","BATT":100,"INTERVAL":600}],"DAYHOURS":["21","20","19","18","17","16","15","14","13","12","11","10","9","8","7","6","5","4","3","2","1","0"]}