{"SENSORNAME":"AHU CLEAN ROOM","SENSORTYPE":"AIRFLW(485)","DTUID":"206","SENSORID":"68","DATE0":"2022-11-28T11:56:37.308Z","DATE1":"2022-02-13T09:06:25.753Z","DAYDATA":[{"DTUID":"206","SENSORID":68,"FUNCID":3,"NDATA":2,"SENSORTYPE":"AIRFLOW-VEL","RCV_BYTES":["0010","1680"],"DATAS":[16,5760],"DATAS1":[],"DATAS2":[],"TIMESTAMP":"2022-11-28T11:56:37.308Z"},{"DTUID":"206","SENSORID":68,"FUNCID":3,"NDATA":2,"SENSORTYPE":"AIRFLOW-VEL","RCV_BYTES":["0012","1950"],"DATAS":[18,6480],"DATAS1":[],"DATAS2":[],"TIMESTAMP":"2022-11-28T11:26:05.777Z"},{"DTUID":"206","SENSORID":68,"FUNCID":3,"NDATA":2,"SENSORTYPE":"AIRFLOW-VEL","RCV_BYTES":["0011","17E8"],"DATAS":[17,6120],"DATAS1":[],"DATAS2":[],"TIMESTAMP":"2022-11-28T11:06:11.528Z"},{"DTUID":"206","SENSORID":68,"FUNCID":3,"NDATA":2,"SENSORTYPE":"AIRFLOW-VEL","RCV_BYTES":["0012","1950"],"DATAS":[18,6480],"DATAS1":[],"DATAS2":[],"TIMESTAMP":"2022-11-28T10:06:00.827Z"},{"DTUID":"206","SENSORID":68,"FUNCID":3,"NDATA":2,"SENSORTYPE":"AIRFLOW-VEL","RCV_BYTES":["0012","1950"],"DATAS":[18,6480],"DATAS1":[],"DATAS2":[],"TIMESTAMP":"2022-11-28T09:25:55.188Z"},{"DTUID":"206","SENSORID":68,"FUNCID":3,"NDATA":2,"SENSORTYPE":"AIRFLOW-VEL","RCV_BYTES":["0013","1AB8"],"DATAS":[19,6840],"DATAS1":[],"DATAS2":[],"TIMESTAMP":"2022-11-28T08:29:47.717Z"},{"DTUID":"206","SENSORID":68,"FUNCID":3,"NDATA":2,"SENSORTYPE":"AIRFLOW-VEL","RCV_BYTES":["0011","17E8"],"DATAS":[17,6120],"DATAS1":[],"DATAS2":[],"TIMESTAMP":"2022-11-28T05:30:36.039Z"},{"DTUID":"206","SENSORID":68,"FUNCID":3,"NDATA":2,"SENSORTYPE":"AIRFLOW-VEL","RCV_BYTES":["0010","1680"],"DATAS":[16,5760],"DATAS1":[],"DATAS2":[],"TIMESTAMP":"2022-11-28T04:49:15.087Z"},{"DTUID":"206","SENSORID":68,"FUNCID":3,"NDATA":2,"SENSORTYPE":"AIRFLOW-VEL","RCV_BYTES":["0011","17E8"],"DATAS":[17,6120],"DATAS1":[],"DATAS2":[],"TIMESTAMP":"2022-11-28T04:29:06.236Z"},{"DTUID":"206","SENSORID":68,"FUNCID":3,"NDATA":2,"SENSORTYPE":"AIRFLOW-VEL","RCV_BYTES":["0011","17E8"],"DATAS":[17,6120],"DATAS1":[],"DATAS2":[],"TIMESTAMP":"2022-11-28T03:03:44.833Z"},{"DTUID":"206","SENSORID":68,"FUNCID":3,"NDATA":2,"SENSORTYPE":"AIRFLOW-VEL","RCV_BYTES":["0012","1950"],"DATAS":[18,6480],"DATAS1":[],"DATAS2":[],"TIMESTAMP":"2022-11-28T01:01:45.842Z"},{"DTUID":"206","SENSORID":68,"FUNCID":3,"NDATA":2,"SENSORTYPE":"AIRFLOW-VEL","RCV_BYTES":["0011","17E8"],"DATAS":[17,6120],"DATAS1":[],"DATAS2":[],"TIMESTAMP":"2022-11-27T23:15:16.996Z"},{"DTUID":"206","SENSORID":68,"FUNCID":3,"NDATA":2,"SENSORTYPE":"AIRFLOW-VEL","RCV_BYTES":["0012","1950"],"DATAS":[18,6480],"DATAS1":[],"DATAS2":[],"TIMESTAMP":"2022-11-27T22:35:15.556Z"},{"DTUID":"206","SENSORID":68,"FUNCID":3,"NDATA":2,"SENSORTYPE":"AIRFLOW-VEL","RCV_BYTES":["0011","17E8"],"DATAS":[17,6120],"DATAS1":[],"DATAS2":[],"TIMESTAMP":"2022-11-27T22:15:12.576Z"},{"DTUID":"206","SENSORID":68,"FUNCID":3,"NDATA":2,"SENSORTYPE":"AIRFLOW-VEL","RCV_BYTES":["0012","1950"],"DATAS":[18,6480],"DATAS1":[],"DATAS2":[],"TIMESTAMP":"2022-11-27T21:15:11.099Z"},{"DTUID":"206","SENSORID":68,"FUNCID":3,"NDATA":2,"SENSORTYPE":"AIRFLOW-VEL","RCV_BYTES":["0011","17E8"],"DATAS":[17,6120],"DATAS1":[],"DATAS2":[],"TIMESTAMP":"2022-11-27T19:14:57.677Z"},{"DTUID":"206","SENSORID":68,"FUNCID":3,"NDATA":2,"SENSORTYPE":"AIRFLOW-VEL","RCV_BYTES":["0012","1950"],"DATAS":[18,6480],"DATAS1":[],"DATAS2":[],"TIMESTAMP":"2022-11-27T18:34:55.573Z"},{"DTUID":"206","SENSORID":68,"FUNCID":3,"NDATA":2,"SENSORTYPE":"AIRFLOW-VEL","RCV_BYTES":["0012","1950"],"DATAS":[18,6480],"DATAS1":[],"DATAS2":[],"TIMESTAMP":"2022-11-27T17:35:17.106Z"},{"DTUID":"206","SENSORID":68,"FUNCID":3,"NDATA":2,"SENSORTYPE":"AIRFLOW-VEL","RCV_BYTES":["0011","17E8"],"DATAS":[17,6120],"DATAS1":[],"DATAS2":[],"TIMESTAMP":"2022-11-27T17:15:16.894Z"}],"DAYHOURS":["19","18","17","16","13","12","11","9","7","6","5","3","2","1"]}