{"SENSORNAME":"SSB4","SENSORTYPE":"PWRMTR(485)","DTUID":"2","SENSORID":1,"PWRMTR0":"621690","PWRMTR1":"13376","DAYDATA":[{"DTUID":"2","SENSORID":1,"FUNCID":3,"NDATA":2,"SENSORTYPE":"PWR-METER-POWER","RCV_BYTES":["03B4","9FD0"],"DATAS":[948,-24624],"DATAS1":[],"DATAS2":[],"TIMESTAMP":"2022-11-28T11:26:50.728Z"},{"DTUID":"2","SENSORID":1,"FUNCID":3,"NDATA":2,"SENSORTYPE":"PWR-METER-POWER","RCV_BYTES":["03B4","34A0"],"DATAS":[948,13472],"DATAS1":[],"DATAS2":[],"TIMESTAMP":"2022-11-28T09:26:40.140Z"},{"DTUID":"2","SENSORID":1,"FUNCID":3,"NDATA":2,"SENSORTYPE":"PWR-METER-POWER","RCV_BYTES":["03B4","2000"],"DATAS":[948,8192],"DATAS1":[],"DATAS2":[],"TIMESTAMP":"2022-11-28T09:06:39.280Z"},{"DTUID":"2","SENSORID":1,"FUNCID":3,"NDATA":2,"SENSORTYPE":"PWR-METER-POWER","RCV_BYTES":["03B4","0430"],"DATAS":[948,1072],"DATAS1":[],"DATAS2":[],"TIMESTAMP":"2022-11-28T08:30:12.518Z"},{"DTUID":"2","SENSORID":1,"FUNCID":3,"NDATA":2,"SENSORTYPE":"PWR-METER-POWER","RCV_BYTES":["03B3","47C0"],"DATAS":[947,18368],"DATAS1":[],"DATAS2":[],"TIMESTAMP":"2022-11-28T05:30:02.131Z"},{"DTUID":"2","SENSORID":1,"FUNCID":3,"NDATA":2,"SENSORTYPE":"PWR-METER-POWER","RCV_BYTES":["03B2","AEF0"],"DATAS":[946,-20752],"DATAS1":[],"DATAS2":[],"TIMESTAMP":"2022-11-28T03:04:27.514Z"},{"DTUID":"2","SENSORID":1,"FUNCID":3,"NDATA":2,"SENSORTYPE":"PWR-METER-POWER","RCV_BYTES":["03B2","36F0"],"DATAS":[946,14064],"DATAS1":[],"DATAS2":[],"TIMESTAMP":"2022-11-28T00:16:12.512Z"},{"DTUID":"2","SENSORID":1,"FUNCID":3,"NDATA":2,"SENSORTYPE":"PWR-METER-POWER","RCV_BYTES":["03B1","EB00"],"DATAS":[945,-5376],"DATAS1":[],"DATAS2":[],"TIMESTAMP":"2022-11-27T22:36:03.845Z"},{"DTUID":"2","SENSORID":1,"FUNCID":3,"NDATA":2,"SENSORTYPE":"PWR-METER-POWER","RCV_BYTES":["03B1","9470"],"DATAS":[945,-27536],"DATAS1":[],"DATAS2":[],"TIMESTAMP":"2022-11-27T20:15:54.032Z"},{"DTUID":"2","SENSORID":1,"FUNCID":3,"NDATA":2,"SENSORTYPE":"PWR-METER-POWER","RCV_BYTES":["03B1","7080"],"DATAS":[945,28800],"DATAS1":[],"DATAS2":[],"TIMESTAMP":"2022-11-27T19:15:52.537Z"}],"DAYHOURS":["19","17","16","13","11","8","6","4","3"],"MNTH-2022_11":"621690","WK48":"621690","WK47":"605862","WK46":"586662","WK45":"567010","WK44":"547774","MNTH-2022_10":"544550","WK43":"527643","WK42":"506802","WK41":"486046","WK40":"465053","MNTH-2022_9":"454010","WK39":"442442","WK38":"408044","WK37":"390798","WK36":"375092","MNTH-2022_8":"359022","WK35":"356493","WK34":"336852","WK33":"318018","WK32":"294697","WK31":"269862","MNTH-2022_7":"263695","WK30":"247860","WK29":"225078","WK28":"204430","WK27":"184400","MNTH-2022_6":"169591","WK26":"164053","WK25":"145150","WK24":"123889","WK23":"103090","MNTH-2022_5":"81447","WK22":"81447","WK21":"59146","WK20":"38750","WK19":"18757"}