{"SENSORNAME":"L5-Dangerous Drug Store(Inpatient)","SENSORTYPE":"WISENSOR","DTUID":"-1","SENSORID":"BA-B8-04-3C-BA-6A","DATE0":"2022-11-28T13:09:02.895Z","DATE1":"2022-03-22T00:14:18.864Z","DAYDATA":[{"modelID":"ba-b8-04-3c-ba-6a","modelType":"Wi-SHT10A","DATAS":["Temperature","Humidity"],"Temperature":5.59,"Humidity":0,"TIMESTAMP":"2022-11-28T13:09:02.895Z","BATT":100,"INTERVAL":300},{"modelID":"ba-b8-04-3c-ba-6a","modelType":"Wi-SHT10A","DATAS":["Temperature","Humidity"],"Temperature":5.66,"Humidity":0,"TIMESTAMP":"2022-11-28T13:03:48.357Z","BATT":100,"INTERVAL":300},{"modelID":"ba-b8-04-3c-ba-6a","modelType":"Wi-SHT10A","DATAS":["Temperature","Humidity"],"Temperature":6.47,"Humidity":0,"TIMESTAMP":"2022-11-28T12:59:30.656Z","BATT":100,"INTERVAL":300},{"modelID":"ba-b8-04-3c-ba-6a","modelType":"Wi-SHT10A","DATAS":["Temperature","Humidity"],"Temperature":5.39,"Humidity":0,"TIMESTAMP":"2022-11-28T12:39:37.426Z","BATT":100,"INTERVAL":300},{"modelID":"ba-b8-04-3c-ba-6a","modelType":"Wi-SHT10A","DATAS":["Temperature","Humidity"],"Temperature":6.57,"Humidity":0,"TIMESTAMP":"2022-11-28T12:29:38.385Z","BATT":100,"INTERVAL":300},{"modelID":"ba-b8-04-3c-ba-6a","modelType":"Wi-SHT10A","DATAS":["Temperature","Humidity"],"Temperature":5.29,"Humidity":0,"TIMESTAMP":"2022-11-28T12:24:29.942Z","BATT":100,"INTERVAL":300},{"modelID":"ba-b8-04-3c-ba-6a","modelType":"Wi-SHT10A","DATAS":["Temperature","Humidity"],"Temperature":6.2,"Humidity":0,"TIMESTAMP":"2022-11-28T12:18:48.590Z","BATT":100,"INTERVAL":300},{"modelID":"ba-b8-04-3c-ba-6a","modelType":"Wi-SHT10A","DATAS":["Temperature","Humidity"],"Temperature":5.25,"Humidity":0,"TIMESTAMP":"2022-11-28T12:09:31.365Z","BATT":100,"INTERVAL":300},{"modelID":"ba-b8-04-3c-ba-6a","modelType":"Wi-SHT10A","DATAS":["Temperature","Humidity"],"Temperature":6.26,"Humidity":0,"TIMESTAMP":"2022-11-28T12:04:23.249Z","BATT":100,"INTERVAL":300},{"modelID":"ba-b8-04-3c-ba-6a","modelType":"Wi-SHT10A","DATAS":["Temperature","Humidity"],"Temperature":6.03,"Humidity":0,"TIMESTAMP":"2022-11-28T11:59:04.968Z","BATT":100,"INTERVAL":300},{"modelID":"ba-b8-04-3c-ba-6a","modelType":"Wi-SHT10A","DATAS":["Temperature","Humidity"],"Temperature":5.25,"Humidity":0,"TIMESTAMP":"2022-11-28T11:54:32.277Z","BATT":100,"INTERVAL":300},{"modelID":"ba-b8-04-3c-ba-6a","modelType":"Wi-SHT10A","DATAS":["Temperature","Humidity"],"Temperature":6.43,"Humidity":0,"TIMESTAMP":"2022-11-28T11:49:16.114Z","BATT":100,"INTERVAL":300},{"modelID":"ba-b8-04-3c-ba-6a","modelType":"Wi-SHT10A","DATAS":["Temperature","Humidity"],"Temperature":5.69,"Humidity":0,"TIMESTAMP":"2022-11-28T11:43:53.029Z","BATT":100,"INTERVAL":300},{"modelID":"ba-b8-04-3c-ba-6a","modelType":"Wi-SHT10A","DATAS":["Temperature","Humidity"],"Temperature":5.56,"Humidity":0,"TIMESTAMP":"2022-11-28T11:38:48.111Z","BATT":100,"INTERVAL":300},{"modelID":"ba-b8-04-3c-ba-6a","modelType":"Wi-SHT10A","DATAS":["Temperature","Humidity"],"Temperature":6.5,"Humidity":0,"TIMESTAMP":"2022-11-28T11:33:59.001Z","BATT":100,"INTERVAL":300},{"modelID":"ba-b8-04-3c-ba-6a","modelType":"Wi-SHT10A","DATAS":["Temperature","Humidity"],"Temperature":5.49,"Humidity":0,"TIMESTAMP":"2022-11-28T11:29:01.321Z","BATT":100,"INTERVAL":300},{"modelID":"ba-b8-04-3c-ba-6a","modelType":"Wi-SHT10A","DATAS":["Temperature","Humidity"],"Temperature":5.52,"Humidity":0,"TIMESTAMP":"2022-11-28T11:24:44.545Z","BATT":100,"INTERVAL":300},{"modelID":"ba-b8-04-3c-ba-6a","modelType":"Wi-SHT10A","DATAS":["Temperature","Humidity"],"Temperature":6.53,"Humidity":0,"TIMESTAMP":"2022-11-28T11:18:53.183Z","BATT":100,"INTERVAL":300},{"modelID":"ba-b8-04-3c-ba-6a","modelType":"Wi-SHT10A","DATAS":["Temperature","Humidity"],"Temperature":5.56,"Humidity":0,"TIMESTAMP":"2022-11-28T11:14:44.761Z","BATT":100,"INTERVAL":300},{"modelID":"ba-b8-04-3c-ba-6a","modelType":"Wi-SHT10A","DATAS":["Temperature","Humidity"],"Temperature":5.79,"Humidity":0,"TIMESTAMP":"2022-11-28T11:09:43.116Z","BATT":100,"INTERVAL":300},{"modelID":"ba-b8-04-3c-ba-6a","modelType":"Wi-SHT10A","DATAS":["Temperature","Humidity"],"Temperature":6.53,"Humidity":0,"TIMESTAMP":"2022-11-28T11:04:38.965Z","BATT":100,"INTERVAL":300},{"modelID":"ba-b8-04-3c-ba-6a","modelType":"Wi-SHT10A","DATAS":["Temperature","Humidity"],"Temperature":5.29,"Humidity":0,"TIMESTAMP":"2022-11-28T10:59:28.445Z","BATT":100,"INTERVAL":300},{"modelID":"ba-b8-04-3c-ba-6a","modelType":"Wi-SHT10A","DATAS":["Temperature","Humidity"],"Temperature":6.2,"Humidity":0,"TIMESTAMP":"2022-11-28T10:53:49.059Z","BATT":100,"INTERVAL":300},{"modelID":"ba-b8-04-3c-ba-6a","modelType":"Wi-SHT10A","DATAS":["Temperature","Humidity"],"Temperature":6.47,"Humidity":0,"TIMESTAMP":"2022-11-28T10:49:05.289Z","BATT":100,"INTERVAL":300},{"modelID":"ba-b8-04-3c-ba-6a","modelType":"Wi-SHT10A","DATAS":["Temperature","Humidity"],"Temperature":5.25,"Humidity":0,"TIMESTAMP":"2022-11-28T10:43:55.067Z","BATT":100,"INTERVAL":300},{"modelID":"ba-b8-04-3c-ba-6a","modelType":"Wi-SHT10A","DATAS":["Temperature","Humidity"],"Temperature":6.36,"Humidity":0,"TIMESTAMP":"2022-11-28T10:38:53.922Z","BATT":100,"INTERVAL":300},{"modelID":"ba-b8-04-3c-ba-6a","modelType":"Wi-SHT10A","DATAS":["Temperature","Humidity"],"Temperature":6.3,"Humidity":0,"TIMESTAMP":"2022-11-28T10:34:27.618Z","BATT":100,"INTERVAL":300},{"modelID":"ba-b8-04-3c-ba-6a","modelType":"Wi-SHT10A","DATAS":["Temperature","Humidity"],"Temperature":5.22,"Humidity":0,"TIMESTAMP":"2022-11-28T10:29:32.683Z","BATT":100,"INTERVAL":300},{"modelID":"ba-b8-04-3c-ba-6a","modelType":"Wi-SHT10A","DATAS":["Temperature","Humidity"],"Temperature":6.43,"Humidity":0,"TIMESTAMP":"2022-11-28T10:23:52.190Z","BATT":100,"INTERVAL":300},{"modelID":"ba-b8-04-3c-ba-6a","modelType":"Wi-SHT10A","DATAS":["Temperature","Humidity"],"Temperature":5.76,"Humidity":0,"TIMESTAMP":"2022-11-28T10:19:01.691Z","BATT":100,"INTERVAL":300},{"modelID":"ba-b8-04-3c-ba-6a","modelType":"Wi-SHT10A","DATAS":["Temperature","Humidity"],"Temperature":5.52,"Humidity":0,"TIMESTAMP":"2022-11-28T10:13:48.602Z","BATT":100,"INTERVAL":300},{"modelID":"ba-b8-04-3c-ba-6a","modelType":"Wi-SHT10A","DATAS":["Temperature","Humidity"],"Temperature":6.5,"Humidity":0,"TIMESTAMP":"2022-11-28T10:08:59.481Z","BATT":100,"INTERVAL":300},{"modelID":"ba-b8-04-3c-ba-6a","modelType":"Wi-SHT10A","DATAS":["Temperature","Humidity"],"Temperature":5.49,"Humidity":0,"TIMESTAMP":"2022-11-28T10:03:59.503Z","BATT":100,"INTERVAL":300},{"modelID":"ba-b8-04-3c-ba-6a","modelType":"Wi-SHT10A","DATAS":["Temperature","Humidity"],"Temperature":5.49,"Humidity":0,"TIMESTAMP":"2022-11-28T09:59:43.520Z","BATT":100,"INTERVAL":300},{"modelID":"ba-b8-04-3c-ba-6a","modelType":"Wi-SHT10A","DATAS":["Temperature","Humidity"],"Temperature":6.53,"Humidity":0,"TIMESTAMP":"2022-11-28T09:54:23.401Z","BATT":100,"INTERVAL":300},{"modelID":"ba-b8-04-3c-ba-6a","modelType":"Wi-SHT10A","DATAS":["Temperature","Humidity"],"Temperature":5.39,"Humidity":0,"TIMESTAMP":"2022-11-28T09:49:04.012Z","BATT":100,"INTERVAL":300},{"modelID":"ba-b8-04-3c-ba-6a","modelType":"Wi-SHT10A","DATAS":["Temperature","Humidity"],"Temperature":6.53,"Humidity":0,"TIMESTAMP":"2022-11-28T09:38:48.382Z","BATT":100,"INTERVAL":300},{"modelID":"ba-b8-04-3c-ba-6a","modelType":"Wi-SHT10A","DATAS":["Temperature","Humidity"],"Temperature":5.32,"Humidity":0,"TIMESTAMP":"2022-11-28T09:34:29.942Z","BATT":100,"INTERVAL":300},{"modelID":"ba-b8-04-3c-ba-6a","modelType":"Wi-SHT10A","DATAS":["Temperature","Humidity"],"Temperature":6.1,"Humidity":0,"TIMESTAMP":"2022-11-28T09:28:55.453Z","BATT":100,"INTERVAL":300},{"modelID":"ba-b8-04-3c-ba-6a","modelType":"Wi-SHT10A","DATAS":["Temperature","Humidity"],"Temperature":6.6,"Humidity":0,"TIMESTAMP":"2022-11-28T09:24:05.783Z","BATT":100,"INTERVAL":300},{"modelID":"ba-b8-04-3c-ba-6a","modelType":"Wi-SHT10A","DATAS":["Temperature","Humidity"],"Temperature":5.25,"Humidity":0,"TIMESTAMP":"2022-11-28T09:19:30.337Z","BATT":100,"INTERVAL":300},{"modelID":"ba-b8-04-3c-ba-6a","modelType":"Wi-SHT10A","DATAS":["Temperature","Humidity"],"Temperature":6.26,"Humidity":0,"TIMESTAMP":"2022-11-28T09:13:48.844Z","BATT":100,"INTERVAL":300},{"modelID":"ba-b8-04-3c-ba-6a","modelType":"Wi-SHT10A","DATAS":["Temperature","Humidity"],"Temperature":6.5,"Humidity":0,"TIMESTAMP":"2022-11-28T09:09:28.023Z","BATT":100,"INTERVAL":300},{"modelID":"ba-b8-04-3c-ba-6a","modelType":"Wi-SHT10A","DATAS":["Temperature","Humidity"],"Temperature":5.22,"Humidity":0,"TIMESTAMP":"2022-11-28T09:03:54.363Z","BATT":100,"INTERVAL":300},{"modelID":"ba-b8-04-3c-ba-6a","modelType":"Wi-SHT10A","DATAS":["Temperature","Humidity"],"Temperature":6.3,"Humidity":0,"TIMESTAMP":"2022-11-28T08:59:12.103Z","BATT":100,"INTERVAL":300},{"modelID":"ba-b8-04-3c-ba-6a","modelType":"Wi-SHT10A","DATAS":["Temperature","Humidity"],"Temperature":5.99,"Humidity":0,"TIMESTAMP":"2022-11-28T08:54:05.943Z","BATT":100,"INTERVAL":300},{"modelID":"ba-b8-04-3c-ba-6a","modelType":"Wi-SHT10A","DATAS":["Temperature","Humidity"],"Temperature":null,"Humidity":0,"TIMESTAMP":"2022-11-28T08:49:30.490Z","BATT":null,"INTERVAL":null},{"modelID":"ba-b8-04-3c-ba-6a","modelType":"Wi-SHT10A","DATAS":["Temperature","Humidity"],"Temperature":5.89,"Humidity":0,"TIMESTAMP":"2022-11-28T08:39:32.203Z","BATT":100,"INTERVAL":300},{"modelID":"ba-b8-04-3c-ba-6a","modelType":"Wi-SHT10A","DATAS":["Temperature","Humidity"],"Temperature":5.42,"Humidity":0,"TIMESTAMP":"2022-11-28T08:34:33.294Z","BATT":100,"INTERVAL":300},{"modelID":"ba-b8-04-3c-ba-6a","modelType":"Wi-SHT10A","DATAS":["Temperature","Humidity"],"Temperature":6.43,"Humidity":0,"TIMESTAMP":"2022-11-28T08:29:14.965Z","BATT":100,"INTERVAL":300},{"modelID":"ba-b8-04-3c-ba-6a","modelType":"Wi-SHT10A","DATAS":["Temperature","Humidity"],"Temperature":5.46,"Humidity":0,"TIMESTAMP":"2022-11-28T08:24:22.267Z","BATT":100,"INTERVAL":300},{"modelID":"ba-b8-04-3c-ba-6a","modelType":"Wi-SHT10A","DATAS":["Temperature","Humidity"],"Temperature":5.93,"Humidity":0,"TIMESTAMP":"2022-11-28T08:18:49.232Z","BATT":100,"INTERVAL":300},{"modelID":"ba-b8-04-3c-ba-6a","modelType":"Wi-SHT10A","DATAS":["Temperature","Humidity"],"Temperature":6.5,"Humidity":0,"TIMESTAMP":"2022-11-28T08:14:06.148Z","BATT":100,"INTERVAL":300},{"modelID":"ba-b8-04-3c-ba-6a","modelType":"Wi-SHT10A","DATAS":["Temperature","Humidity"],"Temperature":5.25,"Humidity":0,"TIMESTAMP":"2022-11-28T08:09:12.468Z","BATT":100,"INTERVAL":300},{"modelID":"ba-b8-04-3c-ba-6a","modelType":"Wi-SHT10A","DATAS":["Temperature","Humidity"],"Temperature":5.99,"Humidity":0,"TIMESTAMP":"2022-11-28T08:04:33.459Z","BATT":100,"INTERVAL":300},{"modelID":"ba-b8-04-3c-ba-6a","modelType":"Wi-SHT10A","DATAS":["Temperature","Humidity"],"Temperature":6.43,"Humidity":0,"TIMESTAMP":"2022-11-28T07:58:52.530Z","BATT":100,"INTERVAL":300},{"modelID":"ba-b8-04-3c-ba-6a","modelType":"Wi-SHT10A","DATAS":["Temperature","Humidity"],"Temperature":5.19,"Humidity":0,"TIMESTAMP":"2022-11-28T07:53:54.842Z","BATT":100,"INTERVAL":300},{"modelID":"ba-b8-04-3c-ba-6a","modelType":"Wi-SHT10A","DATAS":["Temperature","Humidity"],"Temperature":6.3,"Humidity":0,"TIMESTAMP":"2022-11-28T07:48:49.309Z","BATT":100,"INTERVAL":300},{"modelID":"ba-b8-04-3c-ba-6a","modelType":"Wi-SHT10A","DATAS":["Temperature","Humidity"],"Temperature":6.33,"Humidity":0,"TIMESTAMP":"2022-11-28T07:44:28.496Z","BATT":100,"INTERVAL":300},{"modelID":"ba-b8-04-3c-ba-6a","modelType":"Wi-SHT10A","DATAS":["Temperature","Humidity"],"Temperature":5.22,"Humidity":0,"TIMESTAMP":"2022-11-28T07:39:33.620Z","BATT":100,"INTERVAL":300},{"modelID":"ba-b8-04-3c-ba-6a","modelType":"Wi-SHT10A","DATAS":["Temperature","Humidity"],"Temperature":6.43,"Humidity":0,"TIMESTAMP":"2022-11-28T07:33:51.376Z","BATT":100,"INTERVAL":300},{"modelID":"ba-b8-04-3c-ba-6a","modelType":"Wi-SHT10A","DATAS":["Temperature","Humidity"],"Temperature":6.16,"Humidity":0,"TIMESTAMP":"2022-11-28T07:29:41.515Z","BATT":100,"INTERVAL":300},{"modelID":"ba-b8-04-3c-ba-6a","modelType":"Wi-SHT10A","DATAS":["Temperature","Humidity"],"Temperature":5.29,"Humidity":0,"TIMESTAMP":"2022-11-28T07:24:33.706Z","BATT":100,"INTERVAL":300},{"modelID":"ba-b8-04-3c-ba-6a","modelType":"Wi-SHT10A","DATAS":["Temperature","Humidity"],"Temperature":6.43,"Humidity":0,"TIMESTAMP":"2022-11-28T07:19:28.143Z","BATT":100,"INTERVAL":300},{"modelID":"ba-b8-04-3c-ba-6a","modelType":"Wi-SHT10A","DATAS":["Temperature","Humidity"],"Temperature":5.62,"Humidity":0,"TIMESTAMP":"2022-11-28T07:08:49.621Z","BATT":100,"INTERVAL":300},{"modelID":"ba-b8-04-3c-ba-6a","modelType":"Wi-SHT10A","DATAS":["Temperature","Humidity"],"Temperature":6.5,"Humidity":0,"TIMESTAMP":"2022-11-28T07:04:00.497Z","BATT":100,"INTERVAL":300},{"modelID":"ba-b8-04-3c-ba-6a","modelType":"Wi-SHT10A","DATAS":["Temperature","Humidity"],"Temperature":5.49,"Humidity":0,"TIMESTAMP":"2022-11-28T06:59:28.253Z","BATT":100,"INTERVAL":300},{"modelID":"ba-b8-04-3c-ba-6a","modelType":"Wi-SHT10A","DATAS":["Temperature","Humidity"],"Temperature":5.89,"Humidity":0,"TIMESTAMP":"2022-11-28T06:53:49.708Z","BATT":100,"INTERVAL":300},{"modelID":"ba-b8-04-3c-ba-6a","modelType":"Wi-SHT10A","DATAS":["Temperature","Humidity"],"Temperature":6.5,"Humidity":0,"TIMESTAMP":"2022-11-28T06:49:24.788Z","BATT":100,"INTERVAL":300},{"modelID":"ba-b8-04-3c-ba-6a","modelType":"Wi-SHT10A","DATAS":["Temperature","Humidity"],"Temperature":5.36,"Humidity":0,"TIMESTAMP":"2022-11-28T06:44:30.898Z","BATT":100,"INTERVAL":300},{"modelID":"ba-b8-04-3c-ba-6a","modelType":"Wi-SHT10A","DATAS":["Temperature","Humidity"],"Temperature":6.1,"Humidity":0,"TIMESTAMP":"2022-11-28T06:38:56.377Z","BATT":100,"INTERVAL":300},{"modelID":"ba-b8-04-3c-ba-6a","modelType":"Wi-SHT10A","DATAS":["Temperature","Humidity"],"Temperature":6.6,"Humidity":0,"TIMESTAMP":"2022-11-28T06:34:06.801Z","BATT":100,"INTERVAL":300},{"modelID":"ba-b8-04-3c-ba-6a","modelType":"Wi-SHT10A","DATAS":["Temperature","Humidity"],"Temperature":5.25,"Humidity":0,"TIMESTAMP":"2022-11-28T06:29:23.250Z","BATT":100,"INTERVAL":300},{"modelID":"ba-b8-04-3c-ba-6a","modelType":"Wi-SHT10A","DATAS":["Temperature","Humidity"],"Temperature":6.23,"Humidity":0,"TIMESTAMP":"2022-11-28T06:23:49.801Z","BATT":100,"INTERVAL":300},{"modelID":"ba-b8-04-3c-ba-6a","modelType":"Wi-SHT10A","DATAS":["Temperature","Humidity"],"Temperature":6.5,"Humidity":0,"TIMESTAMP":"2022-11-28T06:19:28.980Z","BATT":100,"INTERVAL":300},{"modelID":"ba-b8-04-3c-ba-6a","modelType":"Wi-SHT10A","DATAS":["Temperature","Humidity"],"Temperature":5.22,"Humidity":0,"TIMESTAMP":"2022-11-28T06:13:55.295Z","BATT":100,"INTERVAL":300},{"modelID":"ba-b8-04-3c-ba-6a","modelType":"Wi-SHT10A","DATAS":["Temperature","Humidity"],"Temperature":6.3,"Humidity":0,"TIMESTAMP":"2022-11-28T06:09:23.021Z","BATT":100,"INTERVAL":300},{"modelID":"ba-b8-04-3c-ba-6a","modelType":"Wi-SHT10A","DATAS":["Temperature","Humidity"],"Temperature":6.13,"Humidity":0,"TIMESTAMP":"2022-11-28T06:04:24.675Z","BATT":100,"INTERVAL":300},{"modelID":"ba-b8-04-3c-ba-6a","modelType":"Wi-SHT10A","DATAS":["Temperature","Humidity"],"Temperature":5.39,"Humidity":0,"TIMESTAMP":"2022-11-28T05:58:56.617Z","BATT":100,"INTERVAL":300},{"modelID":"ba-b8-04-3c-ba-6a","modelType":"Wi-SHT10A","DATAS":["Temperature","Humidity"],"Temperature":6.36,"Humidity":0,"TIMESTAMP":"2022-11-28T05:54:48.064Z","BATT":100,"INTERVAL":300},{"modelID":"ba-b8-04-3c-ba-6a","modelType":"Wi-SHT10A","DATAS":["Temperature","Humidity"],"Temperature":5.62,"Humidity":0,"TIMESTAMP":"2022-11-28T05:49:05.459Z","BATT":100,"INTERVAL":300},{"modelID":"ba-b8-04-3c-ba-6a","modelType":"Wi-SHT10A","DATAS":["Temperature","Humidity"],"Temperature":5.66,"Humidity":0,"TIMESTAMP":"2022-11-28T05:43:50.108Z","BATT":100,"INTERVAL":300},{"modelID":"ba-b8-04-3c-ba-6a","modelType":"Wi-SHT10A","DATAS":["Temperature","Humidity"],"Temperature":6.5,"Humidity":0,"TIMESTAMP":"2022-11-28T05:39:01.017Z","BATT":100,"INTERVAL":300},{"modelID":"ba-b8-04-3c-ba-6a","modelType":"Wi-SHT10A","DATAS":["Temperature","Humidity"],"Temperature":5.49,"Humidity":0,"TIMESTAMP":"2022-11-28T05:34:28.761Z","BATT":100,"INTERVAL":300},{"modelID":"ba-b8-04-3c-ba-6a","modelType":"Wi-SHT10A","DATAS":["Temperature","Humidity"],"Temperature":5.89,"Humidity":0,"TIMESTAMP":"2022-11-28T05:28:50.177Z","BATT":100,"INTERVAL":300},{"modelID":"ba-b8-04-3c-ba-6a","modelType":"Wi-SHT10A","DATAS":["Temperature","Humidity"],"Temperature":6.5,"Humidity":0,"TIMESTAMP":"2022-11-28T05:24:25.267Z","BATT":100,"INTERVAL":300},{"modelID":"ba-b8-04-3c-ba-6a","modelType":"Wi-SHT10A","DATAS":["Temperature","Humidity"],"Temperature":5.36,"Humidity":0,"TIMESTAMP":"2022-11-28T05:19:38.442Z","BATT":100,"INTERVAL":300},{"modelID":"ba-b8-04-3c-ba-6a","modelType":"Wi-SHT10A","DATAS":["Temperature","Humidity"],"Temperature":5.86,"Humidity":0,"TIMESTAMP":"2022-11-28T05:14:37.829Z","BATT":100,"INTERVAL":300},{"modelID":"ba-b8-04-3c-ba-6a","modelType":"Wi-SHT10A","DATAS":["Temperature","Humidity"],"Temperature":6.57,"Humidity":0,"TIMESTAMP":"2022-11-28T05:09:29.773Z","BATT":100,"INTERVAL":300},{"modelID":"ba-b8-04-3c-ba-6a","modelType":"Wi-SHT10A","DATAS":["Temperature","Humidity"],"Temperature":5.22,"Humidity":0,"TIMESTAMP":"2022-11-28T05:04:11.563Z","BATT":100,"INTERVAL":300},{"modelID":"ba-b8-04-3c-ba-6a","modelType":"Wi-SHT10A","DATAS":["Temperature","Humidity"],"Temperature":6.06,"Humidity":0,"TIMESTAMP":"2022-11-28T04:59:34.618Z","BATT":100,"INTERVAL":300},{"modelID":"ba-b8-04-3c-ba-6a","modelType":"Wi-SHT10A","DATAS":["Temperature","Humidity"],"Temperature":6.43,"Humidity":0,"TIMESTAMP":"2022-11-28T04:54:07.371Z","BATT":100,"INTERVAL":300},{"modelID":"ba-b8-04-3c-ba-6a","modelType":"Wi-SHT10A","DATAS":["Temperature","Humidity"],"Temperature":5.25,"Humidity":0,"TIMESTAMP":"2022-11-28T04:48:56.969Z","BATT":100,"INTERVAL":300},{"modelID":"ba-b8-04-3c-ba-6a","modelType":"Wi-SHT10A","DATAS":["Temperature","Humidity"],"Temperature":6.36,"Humidity":0,"TIMESTAMP":"2022-11-28T04:44:11.661Z","BATT":100,"INTERVAL":300},{"modelID":"ba-b8-04-3c-ba-6a","modelType":"Wi-SHT10A","DATAS":["Temperature","Humidity"],"Temperature":6.06,"Humidity":0,"TIMESTAMP":"2022-11-28T04:39:25.117Z","BATT":100,"INTERVAL":300},{"modelID":"ba-b8-04-3c-ba-6a","modelType":"Wi-SHT10A","DATAS":["Temperature","Humidity"],"Temperature":5.39,"Humidity":0,"TIMESTAMP":"2022-11-28T04:33:50.479Z","BATT":100,"INTERVAL":300},{"modelID":"ba-b8-04-3c-ba-6a","modelType":"Wi-SHT10A","DATAS":["Temperature","Humidity"],"Temperature":6.5,"Humidity":0,"TIMESTAMP":"2022-11-28T04:28:54.054Z","BATT":100,"INTERVAL":300},{"modelID":"ba-b8-04-3c-ba-6a","modelType":"Wi-SHT10A","DATAS":["Temperature","Humidity"],"Temperature":5.76,"Humidity":0,"TIMESTAMP":"2022-11-28T04:24:25.610Z","BATT":100,"INTERVAL":300},{"modelID":"ba-b8-04-3c-ba-6a","modelType":"Wi-SHT10A","DATAS":["Temperature","Humidity"],"Temperature":5.36,"Humidity":0,"TIMESTAMP":"2022-11-28T04:19:46.391Z","BATT":100,"INTERVAL":300},{"modelID":"ba-b8-04-3c-ba-6a","modelType":"Wi-SHT10A","DATAS":["Temperature","Humidity"],"Temperature":6.53,"Humidity":0,"TIMESTAMP":"2022-11-28T04:14:18.732Z","BATT":100,"INTERVAL":300},{"modelID":"ba-b8-04-3c-ba-6a","modelType":"Wi-SHT10A","DATAS":["Temperature","Humidity"],"Temperature":5.69,"Humidity":0,"TIMESTAMP":"2022-11-28T04:09:49.583Z","BATT":100,"INTERVAL":300},{"modelID":"ba-b8-04-3c-ba-6a","modelType":"Wi-SHT10A","DATAS":["Temperature","Humidity"],"Temperature":5.79,"Humidity":0,"TIMESTAMP":"2022-11-28T04:03:50.578Z","BATT":100,"INTERVAL":300},{"modelID":"ba-b8-04-3c-ba-6a","modelType":"Wi-SHT10A","DATAS":["Temperature","Humidity"],"Temperature":6.5,"Humidity":0,"TIMESTAMP":"2022-11-28T03:59:25.780Z","BATT":100,"INTERVAL":300},{"modelID":"ba-b8-04-3c-ba-6a","modelType":"Wi-SHT10A","DATAS":["Temperature","Humidity"],"Temperature":5.36,"Humidity":0,"TIMESTAMP":"2022-11-28T03:54:25.982Z","BATT":100,"INTERVAL":300},{"modelID":"ba-b8-04-3c-ba-6a","modelType":"Wi-SHT10A","DATAS":["Temperature","Humidity"],"Temperature":6.03,"Humidity":0,"TIMESTAMP":"2022-11-28T03:48:57.387Z","BATT":100,"INTERVAL":300},{"modelID":"ba-b8-04-3c-ba-6a","modelType":"Wi-SHT10A","DATAS":["Temperature","Humidity"],"Temperature":6.6,"Humidity":0,"TIMESTAMP":"2022-11-28T03:44:07.750Z","BATT":100,"INTERVAL":300},{"modelID":"ba-b8-04-3c-ba-6a","modelType":"Wi-SHT10A","DATAS":["Temperature","Humidity"],"Temperature":5.25,"Humidity":0,"TIMESTAMP":"2022-11-28T03:39:25.761Z","BATT":100,"INTERVAL":300},{"modelID":"ba-b8-04-3c-ba-6a","modelType":"Wi-SHT10A","DATAS":["Temperature","Humidity"],"Temperature":5.96,"Humidity":0,"TIMESTAMP":"2022-11-28T03:34:47.065Z","BATT":100,"INTERVAL":300},{"modelID":"ba-b8-04-3c-ba-6a","modelType":"Wi-SHT10A","DATAS":["Temperature","Humidity"],"Temperature":6.53,"Humidity":0,"TIMESTAMP":"2022-11-28T03:29:32.282Z","BATT":100,"INTERVAL":300},{"modelID":"ba-b8-04-3c-ba-6a","modelType":"Wi-SHT10A","DATAS":["Temperature","Humidity"],"Temperature":5.22,"Humidity":0,"TIMESTAMP":"2022-11-28T03:24:33.464Z","BATT":100,"INTERVAL":300},{"modelID":"ba-b8-04-3c-ba-6a","modelType":"Wi-SHT10A","DATAS":["Temperature","Humidity"],"Temperature":6.26,"Humidity":0,"TIMESTAMP":"2022-11-28T03:19:12.146Z","BATT":100,"INTERVAL":300},{"modelID":"ba-b8-04-3c-ba-6a","modelType":"Wi-SHT10A","DATAS":["Temperature","Humidity"],"Temperature":6.06,"Humidity":0,"TIMESTAMP":"2022-11-28T03:14:07.979Z","BATT":100,"INTERVAL":300},{"modelID":"ba-b8-04-3c-ba-6a","modelType":"Wi-SHT10A","DATAS":["Temperature","Humidity"],"Temperature":5.25,"Humidity":0,"TIMESTAMP":"2022-11-28T03:09:35.133Z","BATT":100,"INTERVAL":300},{"modelID":"ba-b8-04-3c-ba-6a","modelType":"Wi-SHT10A","DATAS":["Temperature","Humidity"],"Temperature":6.43,"Humidity":0,"TIMESTAMP":"2022-11-28T03:04:06.363Z","BATT":100,"INTERVAL":300},{"modelID":"ba-b8-04-3c-ba-6a","modelType":"Wi-SHT10A","DATAS":["Temperature","Humidity"],"Temperature":5.66,"Humidity":0,"TIMESTAMP":"2022-11-28T02:58:55.886Z","BATT":100,"INTERVAL":300},{"modelID":"ba-b8-04-3c-ba-6a","modelType":"Wi-SHT10A","DATAS":["Temperature","Humidity"],"Temperature":5.56,"Humidity":0,"TIMESTAMP":"2022-11-28T02:53:51.754Z","BATT":100,"INTERVAL":300},{"modelID":"ba-b8-04-3c-ba-6a","modelType":"Wi-SHT10A","DATAS":["Temperature","Humidity"],"Temperature":6.47,"Humidity":0,"TIMESTAMP":"2022-11-28T02:49:16.859Z","BATT":100,"INTERVAL":300},{"modelID":"ba-b8-04-3c-ba-6a","modelType":"Wi-SHT10A","DATAS":["Temperature","Humidity"],"Temperature":5.46,"Humidity":0,"TIMESTAMP":"2022-11-28T02:43:54.784Z","BATT":100,"INTERVAL":300},{"modelID":"ba-b8-04-3c-ba-6a","modelType":"Wi-SHT10A","DATAS":["Temperature","Humidity"],"Temperature":6.5,"Humidity":0,"TIMESTAMP":"2022-11-28T02:33:50.734Z","BATT":100,"INTERVAL":300},{"modelID":"ba-b8-04-3c-ba-6a","modelType":"Wi-SHT10A","DATAS":["Temperature","Humidity"],"Temperature":5.32,"Humidity":0,"TIMESTAMP":"2022-11-28T02:28:54.745Z","BATT":100,"INTERVAL":300},{"modelID":"ba-b8-04-3c-ba-6a","modelType":"Wi-SHT10A","DATAS":["Temperature","Humidity"],"Temperature":5.76,"Humidity":0,"TIMESTAMP":"2022-11-28T02:24:38.763Z","BATT":100,"INTERVAL":300},{"modelID":"ba-b8-04-3c-ba-6a","modelType":"Wi-SHT10A","DATAS":["Temperature","Humidity"],"Temperature":6.57,"Humidity":0,"TIMESTAMP":"2022-11-28T02:18:50.913Z","BATT":100,"INTERVAL":300},{"modelID":"ba-b8-04-3c-ba-6a","modelType":"Wi-SHT10A","DATAS":["Temperature","Humidity"],"Temperature":5.32,"Humidity":0,"TIMESTAMP":"2022-11-28T02:14:24.269Z","BATT":100,"INTERVAL":300},{"modelID":"ba-b8-04-3c-ba-6a","modelType":"Wi-SHT10A","DATAS":["Temperature","Humidity"],"Temperature":5.93,"Humidity":0,"TIMESTAMP":"2022-11-28T02:09:38.775Z","BATT":100,"INTERVAL":300},{"modelID":"ba-b8-04-3c-ba-6a","modelType":"Wi-SHT10A","DATAS":["Temperature","Humidity"],"Temperature":6.57,"Humidity":0,"TIMESTAMP":"2022-11-28T02:04:08.218Z","BATT":100,"INTERVAL":300},{"modelID":"ba-b8-04-3c-ba-6a","modelType":"Wi-SHT10A","DATAS":["Temperature","Humidity"],"Temperature":5.25,"Humidity":0,"TIMESTAMP":"2022-11-28T01:59:32.877Z","BATT":100,"INTERVAL":300},{"modelID":"ba-b8-04-3c-ba-6a","modelType":"Wi-SHT10A","DATAS":["Temperature","Humidity"],"Temperature":6.26,"Humidity":0,"TIMESTAMP":"2022-11-28T01:53:51.302Z","BATT":100,"INTERVAL":300},{"modelID":"ba-b8-04-3c-ba-6a","modelType":"Wi-SHT10A","DATAS":["Temperature","Humidity"],"Temperature":6.33,"Humidity":0,"TIMESTAMP":"2022-11-28T01:39:24.859Z","BATT":100,"INTERVAL":300},{"modelID":"ba-b8-04-3c-ba-6a","modelType":"Wi-SHT10A","DATAS":["Temperature","Humidity"],"Temperature":6.4,"Humidity":0,"TIMESTAMP":"2022-11-28T01:24:39.836Z","BATT":100,"INTERVAL":300},{"modelID":"ba-b8-04-3c-ba-6a","modelType":"Wi-SHT10A","DATAS":["Temperature","Humidity"],"Temperature":6.5,"Humidity":0,"TIMESTAMP":"2022-11-28T01:09:02.504Z","BATT":100,"INTERVAL":300},{"modelID":"ba-b8-04-3c-ba-6a","modelType":"Wi-SHT10A","DATAS":["Temperature","Humidity"],"Temperature":5.49,"Humidity":0,"TIMESTAMP":"2022-11-28T01:04:26.096Z","BATT":100,"INTERVAL":300},{"modelID":"ba-b8-04-3c-ba-6a","modelType":"Wi-SHT10A","DATAS":["Temperature","Humidity"],"Temperature":5.83,"Humidity":0,"TIMESTAMP":"2022-11-28T00:58:51.607Z","BATT":100,"INTERVAL":300},{"modelID":"ba-b8-04-3c-ba-6a","modelType":"Wi-SHT10A","DATAS":["Temperature","Humidity"],"Temperature":6.5,"Humidity":0,"TIMESTAMP":"2022-11-28T00:54:43.082Z","BATT":100,"INTERVAL":300},{"modelID":"ba-b8-04-3c-ba-6a","modelType":"Wi-SHT10A","DATAS":["Temperature","Humidity"],"Temperature":5.29,"Humidity":0,"TIMESTAMP":"2022-11-28T00:49:12.984Z","BATT":100,"INTERVAL":300},{"modelID":"ba-b8-04-3c-ba-6a","modelType":"Wi-SHT10A","DATAS":["Temperature","Humidity"],"Temperature":6.06,"Humidity":0,"TIMESTAMP":"2022-11-28T00:43:51.723Z","BATT":100,"INTERVAL":300},{"modelID":"ba-b8-04-3c-ba-6a","modelType":"Wi-SHT10A","DATAS":["Temperature","Humidity"],"Temperature":6.5,"Humidity":0,"TIMESTAMP":"2022-11-28T00:39:45.326Z","BATT":100,"INTERVAL":300},{"modelID":"ba-b8-04-3c-ba-6a","modelType":"Wi-SHT10A","DATAS":["Temperature","Humidity"],"Temperature":5.29,"Humidity":0,"TIMESTAMP":"2022-11-28T00:34:25.220Z","BATT":100,"INTERVAL":300},{"modelID":"ba-b8-04-3c-ba-6a","modelType":"Wi-SHT10A","DATAS":["Temperature","Humidity"],"Temperature":6.23,"Humidity":0,"TIMESTAMP":"2022-11-28T00:28:53.317Z","BATT":100,"INTERVAL":300},{"modelID":"ba-b8-04-3c-ba-6a","modelType":"Wi-SHT10A","DATAS":["Temperature","Humidity"],"Temperature":6.47,"Humidity":0,"TIMESTAMP":"2022-11-28T00:24:33.952Z","BATT":100,"INTERVAL":300},{"modelID":"ba-b8-04-3c-ba-6a","modelType":"Wi-SHT10A","DATAS":["Temperature","Humidity"],"Temperature":5.22,"Humidity":0,"TIMESTAMP":"2022-11-28T00:19:33.371Z","BATT":100,"INTERVAL":300},{"modelID":"ba-b8-04-3c-ba-6a","modelType":"Wi-SHT10A","DATAS":["Temperature","Humidity"],"Temperature":5.89,"Humidity":0,"TIMESTAMP":"2022-11-28T00:09:08.903Z","BATT":100,"INTERVAL":300},{"modelID":"ba-b8-04-3c-ba-6a","modelType":"Wi-SHT10A","DATAS":["Temperature","Humidity"],"Temperature":5.25,"Humidity":0,"TIMESTAMP":"2022-11-28T00:04:36.204Z","BATT":100,"INTERVAL":300},{"modelID":"ba-b8-04-3c-ba-6a","modelType":"Wi-SHT10A","DATAS":["Temperature","Humidity"],"Temperature":6.43,"Humidity":0,"TIMESTAMP":"2022-11-27T23:59:28.412Z","BATT":100,"INTERVAL":300},{"modelID":"ba-b8-04-3c-ba-6a","modelType":"Wi-SHT10A","DATAS":["Temperature","Humidity"],"Temperature":5.73,"Humidity":0,"TIMESTAMP":"2022-11-27T23:54:25.090Z","BATT":100,"INTERVAL":300},{"modelID":"ba-b8-04-3c-ba-6a","modelType":"Wi-SHT10A","DATAS":["Temperature","Humidity"],"Temperature":5.59,"Humidity":0,"TIMESTAMP":"2022-11-27T23:48:51.978Z","BATT":100,"INTERVAL":300},{"modelID":"ba-b8-04-3c-ba-6a","modelType":"Wi-SHT10A","DATAS":["Temperature","Humidity"],"Temperature":6.5,"Humidity":0,"TIMESTAMP":"2022-11-27T23:44:07.489Z","BATT":100,"INTERVAL":300},{"modelID":"ba-b8-04-3c-ba-6a","modelType":"Wi-SHT10A","DATAS":["Temperature","Humidity"],"Temperature":5.66,"Humidity":0,"TIMESTAMP":"2022-11-27T23:39:48.653Z","BATT":100,"INTERVAL":300},{"modelID":"ba-b8-04-3c-ba-6a","modelType":"Wi-SHT10A","DATAS":["Temperature","Humidity"],"Temperature":6.47,"Humidity":0,"TIMESTAMP":"2022-11-27T23:28:51.776Z","BATT":100,"INTERVAL":300},{"modelID":"ba-b8-04-3c-ba-6a","modelType":"Wi-SHT10A","DATAS":["Temperature","Humidity"],"Temperature":5.32,"Humidity":0,"TIMESTAMP":"2022-11-27T23:24:15.402Z","BATT":100,"INTERVAL":300},{"modelID":"ba-b8-04-3c-ba-6a","modelType":"Wi-SHT10A","DATAS":["Temperature","Humidity"],"Temperature":5.99,"Humidity":0,"TIMESTAMP":"2022-11-27T23:18:52.240Z","BATT":100,"INTERVAL":300},{"modelID":"ba-b8-04-3c-ba-6a","modelType":"Wi-SHT10A","DATAS":["Temperature","Humidity"],"Temperature":6.5,"Humidity":0,"TIMESTAMP":"2022-11-27T23:13:56.300Z","BATT":100,"INTERVAL":300},{"modelID":"ba-b8-04-3c-ba-6a","modelType":"Wi-SHT10A","DATAS":["Temperature","Humidity"],"Temperature":5.19,"Humidity":0,"TIMESTAMP":"2022-11-27T23:09:15.513Z","BATT":100,"INTERVAL":300},{"modelID":"ba-b8-04-3c-ba-6a","modelType":"Wi-SHT10A","DATAS":["Temperature","Humidity"],"Temperature":5.99,"Humidity":0,"TIMESTAMP":"2022-11-27T23:04:39.770Z","BATT":100,"INTERVAL":300},{"modelID":"ba-b8-04-3c-ba-6a","modelType":"Wi-SHT10A","DATAS":["Temperature","Humidity"],"Temperature":6.57,"Humidity":0,"TIMESTAMP":"2022-11-27T22:59:31.459Z","BATT":100,"INTERVAL":300},{"modelID":"ba-b8-04-3c-ba-6a","modelType":"Wi-SHT10A","DATAS":["Temperature","Humidity"],"Temperature":5.22,"Humidity":0,"TIMESTAMP":"2022-11-27T22:53:55.631Z","BATT":100,"INTERVAL":300},{"modelID":"ba-b8-04-3c-ba-6a","modelType":"Wi-SHT10A","DATAS":["Temperature","Humidity"],"Temperature":6.16,"Humidity":0,"TIMESTAMP":"2022-11-27T22:49:33.920Z","BATT":100,"INTERVAL":300},{"modelID":"ba-b8-04-3c-ba-6a","modelType":"Wi-SHT10A","DATAS":["Temperature","Humidity"],"Temperature":6.4,"Humidity":0,"TIMESTAMP":"2022-11-27T22:44:43.090Z","BATT":100,"INTERVAL":300},{"modelID":"ba-b8-04-3c-ba-6a","modelType":"Wi-SHT10A","DATAS":["Temperature","Humidity"],"Temperature":5.29,"Humidity":0,"TIMESTAMP":"2022-11-27T22:38:59.012Z","BATT":100,"INTERVAL":300},{"modelID":"ba-b8-04-3c-ba-6a","modelType":"Wi-SHT10A","DATAS":["Temperature","Humidity"],"Temperature":6.36,"Humidity":0,"TIMESTAMP":"2022-11-27T22:34:17.100Z","BATT":100,"INTERVAL":300},{"modelID":"ba-b8-04-3c-ba-6a","modelType":"Wi-SHT10A","DATAS":["Temperature","Humidity"],"Temperature":6.06,"Humidity":0,"TIMESTAMP":"2022-11-27T22:29:35.624Z","BATT":100,"INTERVAL":300},{"modelID":"ba-b8-04-3c-ba-6a","modelType":"Wi-SHT10A","DATAS":["Temperature","Humidity"],"Temperature":5.42,"Humidity":0,"TIMESTAMP":"2022-11-27T22:23:52.453Z","BATT":100,"INTERVAL":300},{"modelID":"ba-b8-04-3c-ba-6a","modelType":"Wi-SHT10A","DATAS":["Temperature","Humidity"],"Temperature":6.5,"Humidity":0,"TIMESTAMP":"2022-11-27T22:18:56.169Z","BATT":100,"INTERVAL":300},{"modelID":"ba-b8-04-3c-ba-6a","modelType":"Wi-SHT10A","DATAS":["Temperature","Humidity"],"Temperature":5.76,"Humidity":0,"TIMESTAMP":"2022-11-27T22:14:27.249Z","BATT":100,"INTERVAL":300},{"modelID":"ba-b8-04-3c-ba-6a","modelType":"Wi-SHT10A","DATAS":["Temperature","Humidity"],"Temperature":5.39,"Humidity":0,"TIMESTAMP":"2022-11-27T22:09:40.174Z","BATT":100,"INTERVAL":300},{"modelID":"ba-b8-04-3c-ba-6a","modelType":"Wi-SHT10A","DATAS":["Temperature","Humidity"],"Temperature":6.57,"Humidity":0,"TIMESTAMP":"2022-11-27T22:04:07.949Z","BATT":100,"INTERVAL":300},{"modelID":"ba-b8-04-3c-ba-6a","modelType":"Wi-SHT10A","DATAS":["Temperature","Humidity"],"Temperature":5.66,"Humidity":0,"TIMESTAMP":"2022-11-27T21:59:50.057Z","BATT":100,"INTERVAL":300},{"modelID":"ba-b8-04-3c-ba-6a","modelType":"Wi-SHT10A","DATAS":["Temperature","Humidity"],"Temperature":5.62,"Humidity":0,"TIMESTAMP":"2022-11-27T21:54:40.259Z","BATT":100,"INTERVAL":300},{"modelID":"ba-b8-04-3c-ba-6a","modelType":"Wi-SHT10A","DATAS":["Temperature","Humidity"],"Temperature":6.57,"Humidity":0,"TIMESTAMP":"2022-11-27T21:49:27.892Z","BATT":100,"INTERVAL":300},{"modelID":"ba-b8-04-3c-ba-6a","modelType":"Wi-SHT10A","DATAS":["Temperature","Humidity"],"Temperature":5.36,"Humidity":0,"TIMESTAMP":"2022-11-27T21:43:56.420Z","BATT":100,"INTERVAL":300},{"modelID":"ba-b8-04-3c-ba-6a","modelType":"Wi-SHT10A","DATAS":["Temperature","Humidity"],"Temperature":5.76,"Humidity":0,"TIMESTAMP":"2022-11-27T21:39:47.583Z","BATT":100,"INTERVAL":300},{"modelID":"ba-b8-04-3c-ba-6a","modelType":"Wi-SHT10A","DATAS":["Temperature","Humidity"],"Temperature":6.53,"Humidity":0,"TIMESTAMP":"2022-11-27T21:34:12.627Z","BATT":100,"INTERVAL":300},{"modelID":"ba-b8-04-3c-ba-6a","modelType":"Wi-SHT10A","DATAS":["Temperature","Humidity"],"Temperature":5.25,"Humidity":0,"TIMESTAMP":"2022-11-27T21:29:15.955Z","BATT":100,"INTERVAL":300},{"modelID":"ba-b8-04-3c-ba-6a","modelType":"Wi-SHT10A","DATAS":["Temperature","Humidity"],"Temperature":5.99,"Humidity":0,"TIMESTAMP":"2022-11-27T21:24:40.415Z","BATT":100,"INTERVAL":300},{"modelID":"ba-b8-04-3c-ba-6a","modelType":"Wi-SHT10A","DATAS":["Temperature","Humidity"],"Temperature":6.57,"Humidity":0,"TIMESTAMP":"2022-11-27T21:19:32.078Z","BATT":100,"INTERVAL":300},{"modelID":"ba-b8-04-3c-ba-6a","modelType":"Wi-SHT10A","DATAS":["Temperature","Humidity"],"Temperature":5.22,"Humidity":0,"TIMESTAMP":"2022-11-27T21:14:33.036Z","BATT":100,"INTERVAL":300},{"modelID":"ba-b8-04-3c-ba-6a","modelType":"Wi-SHT10A","DATAS":["Temperature","Humidity"],"Temperature":6.2,"Humidity":0,"TIMESTAMP":"2022-11-27T21:09:34.481Z","BATT":100,"INTERVAL":300},{"modelID":"ba-b8-04-3c-ba-6a","modelType":"Wi-SHT10A","DATAS":["Temperature","Humidity"],"Temperature":6.4,"Humidity":0,"TIMESTAMP":"2022-11-27T21:04:43.634Z","BATT":100,"INTERVAL":300},{"modelID":"ba-b8-04-3c-ba-6a","modelType":"Wi-SHT10A","DATAS":["Temperature","Humidity"],"Temperature":5.29,"Humidity":0,"TIMESTAMP":"2022-11-27T20:58:59.666Z","BATT":100,"INTERVAL":300},{"modelID":"ba-b8-04-3c-ba-6a","modelType":"Wi-SHT10A","DATAS":["Temperature","Humidity"],"Temperature":6.36,"Humidity":0,"TIMESTAMP":"2022-11-27T20:54:34.274Z","BATT":100,"INTERVAL":300},{"modelID":"ba-b8-04-3c-ba-6a","modelType":"Wi-SHT10A","DATAS":["Temperature","Humidity"],"Temperature":6.1,"Humidity":0,"TIMESTAMP":"2022-11-27T20:49:43.659Z","BATT":100,"INTERVAL":300},{"modelID":"ba-b8-04-3c-ba-6a","modelType":"Wi-SHT10A","DATAS":["Temperature","Humidity"],"Temperature":5.29,"Humidity":0,"TIMESTAMP":"2022-11-27T20:44:34.622Z","BATT":100,"INTERVAL":300},{"modelID":"ba-b8-04-3c-ba-6a","modelType":"Wi-SHT10A","DATAS":["Temperature","Humidity"],"Temperature":6.4,"Humidity":0,"TIMESTAMP":"2022-11-27T20:39:49.554Z","BATT":100,"INTERVAL":300},{"modelID":"ba-b8-04-3c-ba-6a","modelType":"Wi-SHT10A","DATAS":["Temperature","Humidity"],"Temperature":5.79,"Humidity":0,"TIMESTAMP":"2022-11-27T20:34:36.258Z","BATT":100,"INTERVAL":300},{"modelID":"ba-b8-04-3c-ba-6a","modelType":"Wi-SHT10A","DATAS":["Temperature","Humidity"],"Temperature":5.42,"Humidity":0,"TIMESTAMP":"2022-11-27T20:29:47.931Z","BATT":100,"INTERVAL":300},{"modelID":"ba-b8-04-3c-ba-6a","modelType":"Wi-SHT10A","DATAS":["Temperature","Humidity"],"Temperature":6.53,"Humidity":0,"TIMESTAMP":"2022-11-27T20:24:04.169Z","BATT":100,"INTERVAL":300},{"modelID":"ba-b8-04-3c-ba-6a","modelType":"Wi-SHT10A","DATAS":["Temperature","Humidity"],"Temperature":5.49,"Humidity":0,"TIMESTAMP":"2022-11-27T20:19:23.723Z","BATT":100,"INTERVAL":300},{"modelID":"ba-b8-04-3c-ba-6a","modelType":"Wi-SHT10A","DATAS":["Temperature","Humidity"],"Temperature":6.5,"Humidity":0,"TIMESTAMP":"2022-11-27T20:08:52.979Z","BATT":100,"INTERVAL":300},{"modelID":"ba-b8-04-3c-ba-6a","modelType":"Wi-SHT10A","DATAS":["Temperature","Humidity"],"Temperature":5.32,"Humidity":0,"TIMESTAMP":"2022-11-27T20:04:16.443Z","BATT":100,"INTERVAL":300},{"modelID":"ba-b8-04-3c-ba-6a","modelType":"Wi-SHT10A","DATAS":["Temperature","Humidity"],"Temperature":5.99,"Humidity":0,"TIMESTAMP":"2022-11-27T19:58:54.071Z","BATT":100,"INTERVAL":300},{"modelID":"ba-b8-04-3c-ba-6a","modelType":"Wi-SHT10A","DATAS":["Temperature","Humidity"],"Temperature":6.47,"Humidity":0,"TIMESTAMP":"2022-11-27T19:54:32.562Z","BATT":100,"INTERVAL":300},{"modelID":"ba-b8-04-3c-ba-6a","modelType":"Wi-SHT10A","DATAS":["Temperature","Humidity"],"Temperature":5.22,"Humidity":0,"TIMESTAMP":"2022-11-27T19:49:16.518Z","BATT":100,"INTERVAL":300},{"modelID":"ba-b8-04-3c-ba-6a","modelType":"Wi-SHT10A","DATAS":["Temperature","Humidity"],"Temperature":5.99,"Humidity":0,"TIMESTAMP":"2022-11-27T19:44:40.900Z","BATT":100,"INTERVAL":300},{"modelID":"ba-b8-04-3c-ba-6a","modelType":"Wi-SHT10A","DATAS":["Temperature","Humidity"],"Temperature":6.57,"Humidity":0,"TIMESTAMP":"2022-11-27T19:39:32.631Z","BATT":100,"INTERVAL":300},{"modelID":"ba-b8-04-3c-ba-6a","modelType":"Wi-SHT10A","DATAS":["Temperature","Humidity"],"Temperature":5.22,"Humidity":0,"TIMESTAMP":"2022-11-27T19:33:58.712Z","BATT":100,"INTERVAL":300},{"modelID":"ba-b8-04-3c-ba-6a","modelType":"Wi-SHT10A","DATAS":["Temperature","Humidity"],"Temperature":6.16,"Humidity":0,"TIMESTAMP":"2022-11-27T19:29:33.623Z","BATT":100,"INTERVAL":300},{"modelID":"ba-b8-04-3c-ba-6a","modelType":"Wi-SHT10A","DATAS":["Temperature","Humidity"],"Temperature":6.2,"Humidity":0,"TIMESTAMP":"2022-11-27T19:24:10.489Z","BATT":100,"INTERVAL":300},{"modelID":"ba-b8-04-3c-ba-6a","modelType":"Wi-SHT10A","DATAS":["Temperature","Humidity"],"Temperature":5.25,"Humidity":0,"TIMESTAMP":"2022-11-27T19:18:53.498Z","BATT":100,"INTERVAL":300},{"modelID":"ba-b8-04-3c-ba-6a","modelType":"Wi-SHT10A","DATAS":["Temperature","Humidity"],"Temperature":6.33,"Humidity":0,"TIMESTAMP":"2022-11-27T19:14:33.701Z","BATT":100,"INTERVAL":300},{"modelID":"ba-b8-04-3c-ba-6a","modelType":"Wi-SHT10A","DATAS":["Temperature","Humidity"],"Temperature":6.2,"Humidity":0,"TIMESTAMP":"2022-11-27T19:09:44.223Z","BATT":100,"INTERVAL":300},{"modelID":"ba-b8-04-3c-ba-6a","modelType":"Wi-SHT10A","DATAS":["Temperature","Humidity"],"Temperature":5.29,"Humidity":0,"TIMESTAMP":"2022-11-27T19:04:37.864Z","BATT":100,"INTERVAL":300},{"modelID":"ba-b8-04-3c-ba-6a","modelType":"Wi-SHT10A","DATAS":["Temperature","Humidity"],"Temperature":5.59,"Humidity":0,"TIMESTAMP":"2022-11-27T18:53:56.847Z","BATT":100,"INTERVAL":300},{"modelID":"ba-b8-04-3c-ba-6a","modelType":"Wi-SHT10A","DATAS":["Temperature","Humidity"],"Temperature":5.32,"Humidity":0,"TIMESTAMP":"2022-11-27T18:49:48.608Z","BATT":100,"INTERVAL":300},{"modelID":"ba-b8-04-3c-ba-6a","modelType":"Wi-SHT10A","DATAS":["Temperature","Humidity"],"Temperature":6.53,"Humidity":0,"TIMESTAMP":"2022-11-27T18:44:22.342Z","BATT":100,"INTERVAL":300},{"modelID":"ba-b8-04-3c-ba-6a","modelType":"Wi-SHT10A","DATAS":["Temperature","Humidity"],"Temperature":5.59,"Humidity":0,"TIMESTAMP":"2022-11-27T18:39:19.598Z","BATT":100,"INTERVAL":300},{"modelID":"ba-b8-04-3c-ba-6a","modelType":"Wi-SHT10A","DATAS":["Temperature","Humidity"],"Temperature":5.46,"Humidity":0,"TIMESTAMP":"2022-11-27T18:34:48.608Z","BATT":100,"INTERVAL":300},{"modelID":"ba-b8-04-3c-ba-6a","modelType":"Wi-SHT10A","DATAS":["Temperature","Humidity"],"Temperature":6.53,"Humidity":0,"TIMESTAMP":"2022-11-27T18:29:19.651Z","BATT":100,"INTERVAL":300},{"modelID":"ba-b8-04-3c-ba-6a","modelType":"Wi-SHT10A","DATAS":["Temperature","Humidity"],"Temperature":5.46,"Humidity":0,"TIMESTAMP":"2022-11-27T18:24:22.023Z","BATT":100,"INTERVAL":300},{"modelID":"ba-b8-04-3c-ba-6a","modelType":"Wi-SHT10A","DATAS":["Temperature","Humidity"],"Temperature":5.69,"Humidity":0,"TIMESTAMP":"2022-11-27T18:19:41.389Z","BATT":100,"INTERVAL":300},{"modelID":"ba-b8-04-3c-ba-6a","modelType":"Wi-SHT10A","DATAS":["Temperature","Humidity"],"Temperature":5.32,"Humidity":0,"TIMESTAMP":"2022-11-27T18:09:32.637Z","BATT":100,"INTERVAL":300},{"modelID":"ba-b8-04-3c-ba-6a","modelType":"Wi-SHT10A","DATAS":["Temperature","Humidity"],"Temperature":5.89,"Humidity":0,"TIMESTAMP":"2022-11-27T18:04:41.454Z","BATT":100,"INTERVAL":300},{"modelID":"ba-b8-04-3c-ba-6a","modelType":"Wi-SHT10A","DATAS":["Temperature","Humidity"],"Temperature":6.57,"Humidity":0,"TIMESTAMP":"2022-11-27T17:59:33.186Z","BATT":100,"INTERVAL":300},{"modelID":"ba-b8-04-3c-ba-6a","modelType":"Wi-SHT10A","DATAS":["Temperature","Humidity"],"Temperature":5.22,"Humidity":0,"TIMESTAMP":"2022-11-27T17:54:17.244Z","BATT":100,"INTERVAL":300},{"modelID":"ba-b8-04-3c-ba-6a","modelType":"Wi-SHT10A","DATAS":["Temperature","Humidity"],"Temperature":5.99,"Humidity":0,"TIMESTAMP":"2022-11-27T17:49:48.922Z","BATT":100,"INTERVAL":300},{"modelID":"ba-b8-04-3c-ba-6a","modelType":"Wi-SHT10A","DATAS":["Temperature","Humidity"],"Temperature":6.53,"Humidity":0,"TIMESTAMP":"2022-11-27T17:44:33.271Z","BATT":100,"INTERVAL":300},{"modelID":"ba-b8-04-3c-ba-6a","modelType":"Wi-SHT10A","DATAS":["Temperature","Humidity"],"Temperature":5.22,"Humidity":0,"TIMESTAMP":"2022-11-27T17:39:27.545Z","BATT":100,"INTERVAL":300},{"modelID":"ba-b8-04-3c-ba-6a","modelType":"Wi-SHT10A","DATAS":["Temperature","Humidity"],"Temperature":6.23,"Humidity":0,"TIMESTAMP":"2022-11-27T17:34:38.357Z","BATT":100,"INTERVAL":300},{"modelID":"ba-b8-04-3c-ba-6a","modelType":"Wi-SHT10A","DATAS":["Temperature","Humidity"],"Temperature":6.43,"Humidity":0,"TIMESTAMP":"2022-11-27T17:29:44.920Z","BATT":100,"INTERVAL":300},{"modelID":"ba-b8-04-3c-ba-6a","modelType":"Wi-SHT10A","DATAS":["Temperature","Humidity"],"Temperature":5.29,"Humidity":0,"TIMESTAMP":"2022-11-27T17:23:54.207Z","BATT":100,"INTERVAL":300},{"modelID":"ba-b8-04-3c-ba-6a","modelType":"Wi-SHT10A","DATAS":["Temperature","Humidity"],"Temperature":6.33,"Humidity":0,"TIMESTAMP":"2022-11-27T17:19:35.397Z","BATT":100,"INTERVAL":300},{"modelID":"ba-b8-04-3c-ba-6a","modelType":"Wi-SHT10A","DATAS":["Temperature","Humidity"],"Temperature":6.1,"Humidity":0,"TIMESTAMP":"2022-11-27T17:14:44.917Z","BATT":100,"INTERVAL":300},{"modelID":"ba-b8-04-3c-ba-6a","modelType":"Wi-SHT10A","DATAS":["Temperature","Humidity"],"Temperature":5.29,"Humidity":0,"TIMESTAMP":"2022-11-27T17:09:39.579Z","BATT":100,"INTERVAL":300},{"modelID":"ba-b8-04-3c-ba-6a","modelType":"Wi-SHT10A","DATAS":["Temperature","Humidity"],"Temperature":6.43,"Humidity":0,"TIMESTAMP":"2022-11-27T17:04:31.612Z","BATT":100,"INTERVAL":300},{"modelID":"ba-b8-04-3c-ba-6a","modelType":"Wi-SHT10A","DATAS":["Temperature","Humidity"],"Temperature":5.73,"Humidity":0,"TIMESTAMP":"2022-11-27T16:59:39.100Z","BATT":100,"INTERVAL":300},{"modelID":"ba-b8-04-3c-ba-6a","modelType":"Wi-SHT10A","DATAS":["Temperature","Humidity"],"Temperature":5.42,"Humidity":0,"TIMESTAMP":"2022-11-27T16:54:49.233Z","BATT":100,"INTERVAL":300},{"modelID":"ba-b8-04-3c-ba-6a","modelType":"Wi-SHT10A","DATAS":["Temperature","Humidity"],"Temperature":6.53,"Humidity":0,"TIMESTAMP":"2022-11-27T16:49:24.771Z","BATT":100,"INTERVAL":300},{"modelID":"ba-b8-04-3c-ba-6a","modelType":"Wi-SHT10A","DATAS":["Temperature","Humidity"],"Temperature":null,"Humidity":0,"TIMESTAMP":"2022-11-27T16:44:52.061Z","BATT":null,"INTERVAL":null},{"modelID":"ba-b8-04-3c-ba-6a","modelType":"Wi-SHT10A","DATAS":["Temperature","Humidity"],"Temperature":5.62,"Humidity":0,"TIMESTAMP":"2022-11-27T16:39:49.228Z","BATT":100,"INTERVAL":300},{"modelID":"ba-b8-04-3c-ba-6a","modelType":"Wi-SHT10A","DATAS":["Temperature","Humidity"],"Temperature":6.53,"Humidity":0,"TIMESTAMP":"2022-11-27T16:33:56.812Z","BATT":100,"INTERVAL":300},{"modelID":"ba-b8-04-3c-ba-6a","modelType":"Wi-SHT10A","DATAS":["Temperature","Humidity"],"Temperature":5.32,"Humidity":0,"TIMESTAMP":"2022-11-27T16:29:25.944Z","BATT":100,"INTERVAL":300},{"modelID":"ba-b8-04-3c-ba-6a","modelType":"Wi-SHT10A","DATAS":["Temperature","Humidity"],"Temperature":5.83,"Humidity":0,"TIMESTAMP":"2022-11-27T16:24:49.408Z","BATT":100,"INTERVAL":300},{"modelID":"ba-b8-04-3c-ba-6a","modelType":"Wi-SHT10A","DATAS":["Temperature","Humidity"],"Temperature":6.53,"Humidity":0,"TIMESTAMP":"2022-11-27T16:19:45.138Z","BATT":100,"INTERVAL":300},{"modelID":"ba-b8-04-3c-ba-6a","modelType":"Wi-SHT10A","DATAS":["Temperature","Humidity"],"Temperature":null,"Humidity":0,"TIMESTAMP":"2022-11-27T16:08:55.330Z","BATT":null,"INTERVAL":null}],"DAYHOURS":["21","20","19","18","17","16","15","14","13","12","11","10","9","8","7","6","5","4","3","2","1","0"]}