{"SENSORNAME":"L3-Corridor 2(Outpatient)","SENSORTYPE":"WISENSOR","DTUID":"-1","SENSORID":"BA-94-13-8A-F3-87","DATE0":"2022-11-28T13:05:29.107Z","DATE1":"2022-03-22T00:14:45.270Z","DAYDATA":[{"modelID":"ba-94-13-8a-f3-87","modelType":"Wi-SHT10A","DATAS":["Temperature","Humidity"],"Temperature":5.19,"Humidity":0,"TIMESTAMP":"2022-11-28T13:05:29.107Z","BATT":100,"INTERVAL":1200},{"modelID":"ba-94-13-8a-f3-87","modelType":"Wi-SHT10A","DATAS":["Temperature","Humidity"],"Temperature":5.25,"Humidity":0,"TIMESTAMP":"2022-11-28T12:24:29.964Z","BATT":100,"INTERVAL":1200},{"modelID":"ba-94-13-8a-f3-87","modelType":"Wi-SHT10A","DATAS":["Temperature","Humidity"],"Temperature":5.32,"Humidity":0,"TIMESTAMP":"2022-11-28T12:04:45.402Z","BATT":100,"INTERVAL":1200},{"modelID":"ba-94-13-8a-f3-87","modelType":"Wi-SHT10A","DATAS":["Temperature","Humidity"],"Temperature":5.25,"Humidity":0,"TIMESTAMP":"2022-11-28T11:44:31.672Z","BATT":100,"INTERVAL":1200},{"modelID":"ba-94-13-8a-f3-87","modelType":"Wi-SHT10A","DATAS":["Temperature","Humidity"],"Temperature":5.19,"Humidity":0,"TIMESTAMP":"2022-11-28T11:24:31.734Z","BATT":100,"INTERVAL":1200},{"modelID":"ba-94-13-8a-f3-87","modelType":"Wi-SHT10A","DATAS":["Temperature","Humidity"],"Temperature":5.39,"Humidity":0,"TIMESTAMP":"2022-11-28T10:25:22.128Z","BATT":100,"INTERVAL":1200},{"modelID":"ba-94-13-8a-f3-87","modelType":"Wi-SHT10A","DATAS":["Temperature","Humidity"],"Temperature":5.29,"Humidity":0,"TIMESTAMP":"2022-11-28T10:04:50.246Z","BATT":100,"INTERVAL":1200},{"modelID":"ba-94-13-8a-f3-87","modelType":"Wi-SHT10A","DATAS":["Temperature","Humidity"],"Temperature":5.25,"Humidity":0,"TIMESTAMP":"2022-11-28T09:45:19.555Z","BATT":100,"INTERVAL":1200},{"modelID":"ba-94-13-8a-f3-87","modelType":"Wi-SHT10A","DATAS":["Temperature","Humidity"],"Temperature":5.29,"Humidity":0,"TIMESTAMP":"2022-11-28T09:25:06.102Z","BATT":100,"INTERVAL":1200},{"modelID":"ba-94-13-8a-f3-87","modelType":"Wi-SHT10A","DATAS":["Temperature","Humidity"],"Temperature":5.39,"Humidity":0,"TIMESTAMP":"2022-11-28T09:05:06.422Z","BATT":100,"INTERVAL":1200},{"modelID":"ba-94-13-8a-f3-87","modelType":"Wi-SHT10A","DATAS":["Temperature","Humidity"],"Temperature":5.39,"Humidity":0,"TIMESTAMP":"2022-11-28T08:45:04.382Z","BATT":100,"INTERVAL":1200},{"modelID":"ba-94-13-8a-f3-87","modelType":"Wi-SHT10A","DATAS":["Temperature","Humidity"],"Temperature":5.36,"Humidity":0,"TIMESTAMP":"2022-11-28T08:24:28.889Z","BATT":100,"INTERVAL":1200},{"modelID":"ba-94-13-8a-f3-87","modelType":"Wi-SHT10A","DATAS":["Temperature","Humidity"],"Temperature":5.32,"Humidity":0,"TIMESTAMP":"2022-11-28T08:05:12.370Z","BATT":100,"INTERVAL":1200},{"modelID":"ba-94-13-8a-f3-87","modelType":"Wi-SHT10A","DATAS":["Temperature","Humidity"],"Temperature":5.42,"Humidity":0,"TIMESTAMP":"2022-11-28T07:44:46.890Z","BATT":100,"INTERVAL":1200},{"modelID":"ba-94-13-8a-f3-87","modelType":"Wi-SHT10A","DATAS":["Temperature","Humidity"],"Temperature":5.66,"Humidity":0,"TIMESTAMP":"2022-11-28T07:25:09.522Z","BATT":100,"INTERVAL":1200},{"modelID":"ba-94-13-8a-f3-87","modelType":"Wi-SHT10A","DATAS":["Temperature","Humidity"],"Temperature":6.2,"Humidity":0,"TIMESTAMP":"2022-11-28T07:05:12.581Z","BATT":100,"INTERVAL":1200},{"modelID":"ba-94-13-8a-f3-87","modelType":"Wi-SHT10A","DATAS":["Temperature","Humidity"],"Temperature":5.42,"Humidity":0,"TIMESTAMP":"2022-11-28T06:45:04.703Z","BATT":100,"INTERVAL":1200},{"modelID":"ba-94-13-8a-f3-87","modelType":"Wi-SHT10A","DATAS":["Temperature","Humidity"],"Temperature":5.36,"Humidity":0,"TIMESTAMP":"2022-11-28T06:25:04.420Z","BATT":100,"INTERVAL":1200},{"modelID":"ba-94-13-8a-f3-87","modelType":"Wi-SHT10A","DATAS":["Temperature","Humidity"],"Temperature":5.39,"Humidity":0,"TIMESTAMP":"2022-11-28T06:04:45.030Z","BATT":100,"INTERVAL":1200},{"modelID":"ba-94-13-8a-f3-87","modelType":"Wi-SHT10A","DATAS":["Temperature","Humidity"],"Temperature":5.52,"Humidity":0,"TIMESTAMP":"2022-11-28T05:44:58.336Z","BATT":100,"INTERVAL":1200},{"modelID":"ba-94-13-8a-f3-87","modelType":"Wi-SHT10A","DATAS":["Temperature","Humidity"],"Temperature":5.59,"Humidity":0,"TIMESTAMP":"2022-11-28T05:24:42.165Z","BATT":100,"INTERVAL":1200},{"modelID":"ba-94-13-8a-f3-87","modelType":"Wi-SHT10A","DATAS":["Temperature","Humidity"],"Temperature":5.49,"Humidity":0,"TIMESTAMP":"2022-11-28T05:04:41.985Z","BATT":100,"INTERVAL":1200},{"modelID":"ba-94-13-8a-f3-87","modelType":"Wi-SHT10A","DATAS":["Temperature","Humidity"],"Temperature":5.49,"Humidity":0,"TIMESTAMP":"2022-11-28T04:45:13.096Z","BATT":100,"INTERVAL":1200},{"modelID":"ba-94-13-8a-f3-87","modelType":"Wi-SHT10A","DATAS":["Temperature","Humidity"],"Temperature":5.42,"Humidity":0,"TIMESTAMP":"2022-11-28T04:24:35.017Z","BATT":100,"INTERVAL":1200},{"modelID":"ba-94-13-8a-f3-87","modelType":"Wi-SHT10A","DATAS":["Temperature","Humidity"],"Temperature":5.56,"Humidity":0,"TIMESTAMP":"2022-11-28T04:04:46.806Z","BATT":100,"INTERVAL":1200},{"modelID":"ba-94-13-8a-f3-87","modelType":"Wi-SHT10A","DATAS":["Temperature","Humidity"],"Temperature":5.66,"Humidity":0,"TIMESTAMP":"2022-11-28T03:45:08.081Z","BATT":100,"INTERVAL":1200},{"modelID":"ba-94-13-8a-f3-87","modelType":"Wi-SHT10A","DATAS":["Temperature","Humidity"],"Temperature":5.73,"Humidity":0,"TIMESTAMP":"2022-11-28T03:25:06.764Z","BATT":100,"INTERVAL":1200},{"modelID":"ba-94-13-8a-f3-87","modelType":"Wi-SHT10A","DATAS":["Temperature","Humidity"],"Temperature":5.73,"Humidity":0,"TIMESTAMP":"2022-11-28T03:05:07.532Z","BATT":100,"INTERVAL":1200},{"modelID":"ba-94-13-8a-f3-87","modelType":"Wi-SHT10A","DATAS":["Temperature","Humidity"],"Temperature":5.66,"Humidity":0,"TIMESTAMP":"2022-11-28T02:25:27.946Z","BATT":100,"INTERVAL":1200},{"modelID":"ba-94-13-8a-f3-87","modelType":"Wi-SHT10A","DATAS":["Temperature","Humidity"],"Temperature":5.62,"Humidity":0,"TIMESTAMP":"2022-11-28T02:04:35.515Z","BATT":100,"INTERVAL":1200},{"modelID":"ba-94-13-8a-f3-87","modelType":"Wi-SHT10A","DATAS":["Temperature","Humidity"],"Temperature":5.52,"Humidity":0,"TIMESTAMP":"2022-11-28T01:24:59.275Z","BATT":100,"INTERVAL":1200},{"modelID":"ba-94-13-8a-f3-87","modelType":"Wi-SHT10A","DATAS":["Temperature","Humidity"],"Temperature":5.59,"Humidity":0,"TIMESTAMP":"2022-11-28T01:04:47.818Z","BATT":100,"INTERVAL":1200},{"modelID":"ba-94-13-8a-f3-87","modelType":"Wi-SHT10A","DATAS":["Temperature","Humidity"],"Temperature":5.66,"Humidity":0,"TIMESTAMP":"2022-11-28T00:44:47.114Z","BATT":100,"INTERVAL":1200},{"modelID":"ba-94-13-8a-f3-87","modelType":"Wi-SHT10A","DATAS":["Temperature","Humidity"],"Temperature":5.66,"Humidity":0,"TIMESTAMP":"2022-11-28T00:25:07.416Z","BATT":100,"INTERVAL":1200},{"modelID":"ba-94-13-8a-f3-87","modelType":"Wi-SHT10A","DATAS":["Temperature","Humidity"],"Temperature":5.73,"Humidity":0,"TIMESTAMP":"2022-11-28T00:04:46.394Z","BATT":100,"INTERVAL":1200},{"modelID":"ba-94-13-8a-f3-87","modelType":"Wi-SHT10A","DATAS":["Temperature","Humidity"],"Temperature":5.66,"Humidity":0,"TIMESTAMP":"2022-11-27T23:44:59.198Z","BATT":100,"INTERVAL":1200},{"modelID":"ba-94-13-8a-f3-87","modelType":"Wi-SHT10A","DATAS":["Temperature","Humidity"],"Temperature":5.69,"Humidity":0,"TIMESTAMP":"2022-11-27T23:25:29.644Z","BATT":100,"INTERVAL":1200},{"modelID":"ba-94-13-8a-f3-87","modelType":"Wi-SHT10A","DATAS":["Temperature","Humidity"],"Temperature":5.62,"Humidity":0,"TIMESTAMP":"2022-11-27T23:04:36.181Z","BATT":100,"INTERVAL":1200},{"modelID":"ba-94-13-8a-f3-87","modelType":"Wi-SHT10A","DATAS":["Temperature","Humidity"],"Temperature":5.56,"Humidity":0,"TIMESTAMP":"2022-11-27T22:44:42.227Z","BATT":100,"INTERVAL":1200},{"modelID":"ba-94-13-8a-f3-87","modelType":"Wi-SHT10A","DATAS":["Temperature","Humidity"],"Temperature":5.49,"Humidity":0,"TIMESTAMP":"2022-11-27T22:24:42.316Z","BATT":100,"INTERVAL":1200},{"modelID":"ba-94-13-8a-f3-87","modelType":"Wi-SHT10A","DATAS":["Temperature","Humidity"],"Temperature":5.49,"Humidity":0,"TIMESTAMP":"2022-11-27T22:04:36.374Z","BATT":100,"INTERVAL":1200},{"modelID":"ba-94-13-8a-f3-87","modelType":"Wi-SHT10A","DATAS":["Temperature","Humidity"],"Temperature":5.56,"Humidity":0,"TIMESTAMP":"2022-11-27T21:44:36.479Z","BATT":100,"INTERVAL":1200},{"modelID":"ba-94-13-8a-f3-87","modelType":"Wi-SHT10A","DATAS":["Temperature","Humidity"],"Temperature":5.56,"Humidity":0,"TIMESTAMP":"2022-11-27T21:25:29.281Z","BATT":100,"INTERVAL":1200},{"modelID":"ba-94-13-8a-f3-87","modelType":"Wi-SHT10A","DATAS":["Temperature","Humidity"],"Temperature":5.62,"Humidity":0,"TIMESTAMP":"2022-11-27T21:04:47.032Z","BATT":100,"INTERVAL":1200},{"modelID":"ba-94-13-8a-f3-87","modelType":"Wi-SHT10A","DATAS":["Temperature","Humidity"],"Temperature":5.66,"Humidity":0,"TIMESTAMP":"2022-11-27T20:44:47.121Z","BATT":100,"INTERVAL":1200},{"modelID":"ba-94-13-8a-f3-87","modelType":"Wi-SHT10A","DATAS":["Temperature","Humidity"],"Temperature":5.66,"Humidity":0,"TIMESTAMP":"2022-11-27T20:24:47.181Z","BATT":100,"INTERVAL":1200},{"modelID":"ba-94-13-8a-f3-87","modelType":"Wi-SHT10A","DATAS":["Temperature","Humidity"],"Temperature":5.66,"Humidity":0,"TIMESTAMP":"2022-11-27T20:05:00.427Z","BATT":100,"INTERVAL":1200},{"modelID":"ba-94-13-8a-f3-87","modelType":"Wi-SHT10A","DATAS":["Temperature","Humidity"],"Temperature":5.59,"Humidity":0,"TIMESTAMP":"2022-11-27T19:44:45.169Z","BATT":100,"INTERVAL":1200},{"modelID":"ba-94-13-8a-f3-87","modelType":"Wi-SHT10A","DATAS":["Temperature","Humidity"],"Temperature":5.52,"Humidity":0,"TIMESTAMP":"2022-11-27T19:24:42.953Z","BATT":100,"INTERVAL":1200},{"modelID":"ba-94-13-8a-f3-87","modelType":"Wi-SHT10A","DATAS":["Temperature","Humidity"],"Temperature":5.49,"Humidity":0,"TIMESTAMP":"2022-11-27T19:05:15.147Z","BATT":100,"INTERVAL":1200},{"modelID":"ba-94-13-8a-f3-87","modelType":"Wi-SHT10A","DATAS":["Temperature","Humidity"],"Temperature":5.42,"Humidity":0,"TIMESTAMP":"2022-11-27T18:44:43.089Z","BATT":100,"INTERVAL":1200},{"modelID":"ba-94-13-8a-f3-87","modelType":"Wi-SHT10A","DATAS":["Temperature","Humidity"],"Temperature":5.49,"Humidity":0,"TIMESTAMP":"2022-11-27T18:24:37.177Z","BATT":100,"INTERVAL":1200},{"modelID":"ba-94-13-8a-f3-87","modelType":"Wi-SHT10A","DATAS":["Temperature","Humidity"],"Temperature":5.56,"Humidity":0,"TIMESTAMP":"2022-11-27T18:05:29.800Z","BATT":100,"INTERVAL":1200},{"modelID":"ba-94-13-8a-f3-87","modelType":"Wi-SHT10A","DATAS":["Temperature","Humidity"],"Temperature":5.62,"Humidity":0,"TIMESTAMP":"2022-11-27T17:44:47.778Z","BATT":100,"INTERVAL":1200},{"modelID":"ba-94-13-8a-f3-87","modelType":"Wi-SHT10A","DATAS":["Temperature","Humidity"],"Temperature":5.66,"Humidity":0,"TIMESTAMP":"2022-11-27T17:25:00.993Z","BATT":100,"INTERVAL":1200},{"modelID":"ba-94-13-8a-f3-87","modelType":"Wi-SHT10A","DATAS":["Temperature","Humidity"],"Temperature":5.59,"Humidity":0,"TIMESTAMP":"2022-11-27T17:04:39.433Z","BATT":100,"INTERVAL":1200},{"modelID":"ba-94-13-8a-f3-87","modelType":"Wi-SHT10A","DATAS":["Temperature","Humidity"],"Temperature":5.56,"Humidity":0,"TIMESTAMP":"2022-11-27T16:44:37.525Z","BATT":100,"INTERVAL":1200},{"modelID":"ba-94-13-8a-f3-87","modelType":"Wi-SHT10A","DATAS":["Temperature","Humidity"],"Temperature":5.56,"Humidity":0,"TIMESTAMP":"2022-11-27T16:24:58.437Z","BATT":100,"INTERVAL":1200}],"DAYHOURS":["21","20","19","18","17","16","15","14","13","12","11","10","9","8","7","6","5","4","3","2","1","0"]}