{"SENSORNAME":"COOLING TOWER B CWS PRESS","SENSORTYPE":"WTRPRS(485)","DTUID":"204","SENSORID":"15","DATE0":"2022-11-28T11:56:21.509Z","DATE1":"2022-02-13T09:05:59.573Z","DAYDATA":[{"DTUID":"204","SENSORID":15,"FUNCID":3,"NDATA":2,"SENSORTYPE":"WATER-PRES","RCV_BYTES":["42FF","31AA"],"DATAS":[17151,12714],"DATAS1":[],"DATAS2":[],"TIMESTAMP":"2022-11-28T11:56:21.509Z"},{"DTUID":"204","SENSORID":15,"FUNCID":3,"NDATA":2,"SENSORTYPE":"WATER-PRES","RCV_BYTES":["42FD","92F2"],"DATAS":[17149,-27918],"DATAS1":[],"DATAS2":[],"TIMESTAMP":"2022-11-28T11:05:58.449Z"},{"DTUID":"204","SENSORID":15,"FUNCID":3,"NDATA":2,"SENSORTYPE":"WATER-PRES","RCV_BYTES":["42FD","92F2"],"DATAS":[17149,-27918],"DATAS1":[],"DATAS2":[],"TIMESTAMP":"2022-11-28T09:25:42.120Z"},{"DTUID":"204","SENSORID":15,"FUNCID":3,"NDATA":2,"SENSORTYPE":"WATER-PRES","RCV_BYTES":["42FD","92F2"],"DATAS":[17149,-27918],"DATAS1":[],"DATAS2":[],"TIMESTAMP":"2022-11-28T09:05:41.220Z"},{"DTUID":"204","SENSORID":15,"FUNCID":3,"NDATA":2,"SENSORTYPE":"WATER-PRES","RCV_BYTES":["42FE","624E"],"DATAS":[17150,25166],"DATAS1":[],"DATAS2":[],"TIMESTAMP":"2022-11-28T08:29:14.797Z"},{"DTUID":"204","SENSORID":15,"FUNCID":3,"NDATA":2,"SENSORTYPE":"WATER-PRES","RCV_BYTES":["42FD","92F2"],"DATAS":[17149,-27918],"DATAS1":[],"DATAS2":[],"TIMESTAMP":"2022-11-28T04:48:51.207Z"},{"DTUID":"204","SENSORID":15,"FUNCID":3,"NDATA":2,"SENSORTYPE":"WATER-PRES","RCV_BYTES":["42FC","C396"],"DATAS":[17148,-15466],"DATAS1":[],"DATAS2":[],"TIMESTAMP":"2022-11-28T03:03:29.793Z"},{"DTUID":"204","SENSORID":15,"FUNCID":3,"NDATA":2,"SENSORTYPE":"WATER-PRES","RCV_BYTES":["42FD","92F2"],"DATAS":[17149,-27918],"DATAS1":[],"DATAS2":[],"TIMESTAMP":"2022-11-28T01:00:12.602Z"},{"DTUID":"204","SENSORID":15,"FUNCID":3,"NDATA":2,"SENSORTYPE":"WATER-PRES","RCV_BYTES":["42FE","C9BA"],"DATAS":[17150,-13894],"DATAS1":[],"DATAS2":[],"TIMESTAMP":"2022-11-28T00:15:08.600Z"},{"DTUID":"204","SENSORID":15,"FUNCID":3,"NDATA":2,"SENSORTYPE":"WATER-PRES","RCV_BYTES":["42FE","C9BA"],"DATAS":[17150,-13894],"DATAS1":[],"DATAS2":[],"TIMESTAMP":"2022-11-27T22:34:59.936Z"},{"DTUID":"204","SENSORID":15,"FUNCID":3,"NDATA":2,"SENSORTYPE":"WATER-PRES","RCV_BYTES":["42FD","92F2"],"DATAS":[17149,-27918],"DATAS1":[],"DATAS2":[],"TIMESTAMP":"2022-11-27T22:14:59.496Z"},{"DTUID":"204","SENSORID":15,"FUNCID":3,"NDATA":2,"SENSORTYPE":"WATER-PRES","RCV_BYTES":["42FE","C9BA"],"DATAS":[17150,-13894],"DATAS1":[],"DATAS2":[],"TIMESTAMP":"2022-11-27T20:34:49.820Z"},{"DTUID":"204","SENSORID":15,"FUNCID":3,"NDATA":2,"SENSORTYPE":"WATER-PRES","RCV_BYTES":["42FE","624E"],"DATAS":[17150,25166],"DATAS1":[],"DATAS2":[],"TIMESTAMP":"2022-11-27T20:14:50.613Z"},{"DTUID":"204","SENSORID":15,"FUNCID":3,"NDATA":2,"SENSORTYPE":"WATER-PRES","RCV_BYTES":["42FD","FAE1"],"DATAS":[17149,-1311],"DATAS1":[],"DATAS2":[],"TIMESTAMP":"2022-11-27T19:14:44.596Z"},{"DTUID":"204","SENSORID":15,"FUNCID":3,"NDATA":2,"SENSORTYPE":"WATER-PRES","RCV_BYTES":["42FD","92F2"],"DATAS":[17149,-27918],"DATAS1":[],"DATAS2":[],"TIMESTAMP":"2022-11-27T18:14:42.993Z"},{"DTUID":"204","SENSORID":15,"FUNCID":3,"NDATA":2,"SENSORTYPE":"WATER-PRES","RCV_BYTES":["42FD","FAE1"],"DATAS":[17149,-1311],"DATAS1":[],"DATAS2":[],"TIMESTAMP":"2022-11-27T17:14:35.694Z"}],"DAYHOURS":["19","17","16","12","11","9","8","6","4","3","2","1"]}