{"SENSORNAME":"L3-Drive Thru Dispensing(outpatient)","SENSORTYPE":"WISENSOR","DTUID":"-1","SENSORID":"BA-FB-5C-43-FC-BE","DATE0":"2022-11-28T13:16:29.037Z","DATE1":"2022-03-22T00:14:29.085Z","DAYDATA":[{"modelID":"ba-fb-5c-43-fc-be","modelType":"Wi-SHT10","DATAS":["Temperature","Humidity"],"Temperature":3.59,"Humidity":-959.04,"TIMESTAMP":"2022-11-28T13:16:29.037Z","BATT":100,"INTERVAL":300},{"modelID":"ba-fb-5c-43-fc-be","modelType":"Wi-SHT10","DATAS":["Temperature","Humidity"],"Temperature":3.59,"Humidity":-959.04,"TIMESTAMP":"2022-11-28T13:06:51.908Z","BATT":100,"INTERVAL":300},{"modelID":"ba-fb-5c-43-fc-be","modelType":"Wi-SHT10","DATAS":["Temperature","Humidity"],"Temperature":4.39,"Humidity":-959.04,"TIMESTAMP":"2022-11-28T13:01:25.372Z","BATT":100,"INTERVAL":300},{"modelID":"ba-fb-5c-43-fc-be","modelType":"Wi-SHT10","DATAS":["Temperature","Humidity"],"Temperature":3.55,"Humidity":-959.04,"TIMESTAMP":"2022-11-28T12:56:53.967Z","BATT":100,"INTERVAL":300},{"modelID":"ba-fb-5c-43-fc-be","modelType":"Wi-SHT10","DATAS":["Temperature","Humidity"],"Temperature":4.46,"Humidity":-959.04,"TIMESTAMP":"2022-11-28T12:41:30.394Z","BATT":100,"INTERVAL":300},{"modelID":"ba-fb-5c-43-fc-be","modelType":"Wi-SHT10","DATAS":["Temperature","Humidity"],"Temperature":4.5,"Humidity":-959.04,"TIMESTAMP":"2022-11-28T12:31:37.287Z","BATT":100,"INTERVAL":300},{"modelID":"ba-fb-5c-43-fc-be","modelType":"Wi-SHT10","DATAS":["Temperature","Humidity"],"Temperature":4.43,"Humidity":-959.04,"TIMESTAMP":"2022-11-28T12:11:56.202Z","BATT":100,"INTERVAL":300},{"modelID":"ba-fb-5c-43-fc-be","modelType":"Wi-SHT10","DATAS":["Temperature","Humidity"],"Temperature":3.49,"Humidity":-959.04,"TIMESTAMP":"2022-11-28T11:56:50.953Z","BATT":100,"INTERVAL":300},{"modelID":"ba-fb-5c-43-fc-be","modelType":"Wi-SHT10","DATAS":["Temperature","Humidity"],"Temperature":3.99,"Humidity":-959.04,"TIMESTAMP":"2022-11-28T11:51:07.917Z","BATT":100,"INTERVAL":300},{"modelID":"ba-fb-5c-43-fc-be","modelType":"Wi-SHT10","DATAS":["Temperature","Humidity"],"Temperature":3.62,"Humidity":-959.04,"TIMESTAMP":"2022-11-28T11:46:50.992Z","BATT":100,"INTERVAL":300},{"modelID":"ba-fb-5c-43-fc-be","modelType":"Wi-SHT10","DATAS":["Temperature","Humidity"],"Temperature":3.99,"Humidity":-959.04,"TIMESTAMP":"2022-11-28T11:41:53.091Z","BATT":100,"INTERVAL":300},{"modelID":"ba-fb-5c-43-fc-be","modelType":"Wi-SHT10","DATAS":["Temperature","Humidity"],"Temperature":3.76,"Humidity":-959.04,"TIMESTAMP":"2022-11-28T11:37:00.052Z","BATT":100,"INTERVAL":300},{"modelID":"ba-fb-5c-43-fc-be","modelType":"Wi-SHT10","DATAS":["Temperature","Humidity"],"Temperature":3.92,"Humidity":-959.04,"TIMESTAMP":"2022-11-28T11:26:52.344Z","BATT":100,"INTERVAL":300},{"modelID":"ba-fb-5c-43-fc-be","modelType":"Wi-SHT10","DATAS":["Temperature","Humidity"],"Temperature":3.72,"Humidity":-959.04,"TIMESTAMP":"2022-11-28T11:21:21.489Z","BATT":100,"INTERVAL":300},{"modelID":"ba-fb-5c-43-fc-be","modelType":"Wi-SHT10","DATAS":["Temperature","Humidity"],"Temperature":4.09,"Humidity":-959.04,"TIMESTAMP":"2022-11-28T11:16:48.306Z","BATT":100,"INTERVAL":300},{"modelID":"ba-fb-5c-43-fc-be","modelType":"Wi-SHT10","DATAS":["Temperature","Humidity"],"Temperature":4.23,"Humidity":-959.04,"TIMESTAMP":"2022-11-28T11:06:48.344Z","BATT":100,"INTERVAL":300},{"modelID":"ba-fb-5c-43-fc-be","modelType":"Wi-SHT10","DATAS":["Temperature","Humidity"],"Temperature":3.69,"Humidity":-959.04,"TIMESTAMP":"2022-11-28T11:01:52.485Z","BATT":100,"INTERVAL":300},{"modelID":"ba-fb-5c-43-fc-be","modelType":"Wi-SHT10","DATAS":["Temperature","Humidity"],"Temperature":4.39,"Humidity":-959.04,"TIMESTAMP":"2022-11-28T10:56:37.206Z","BATT":100,"INTERVAL":300},{"modelID":"ba-fb-5c-43-fc-be","modelType":"Wi-SHT10","DATAS":["Temperature","Humidity"],"Temperature":3.49,"Humidity":-959.04,"TIMESTAMP":"2022-11-28T10:51:08.745Z","BATT":100,"INTERVAL":300},{"modelID":"ba-fb-5c-43-fc-be","modelType":"Wi-SHT10","DATAS":["Temperature","Humidity"],"Temperature":4.36,"Humidity":-959.04,"TIMESTAMP":"2022-11-28T10:46:56.614Z","BATT":100,"INTERVAL":300},{"modelID":"ba-fb-5c-43-fc-be","modelType":"Wi-SHT10","DATAS":["Temperature","Humidity"],"Temperature":3.52,"Humidity":-959.04,"TIMESTAMP":"2022-11-28T10:41:17.356Z","BATT":100,"INTERVAL":300},{"modelID":"ba-fb-5c-43-fc-be","modelType":"Wi-SHT10","DATAS":["Temperature","Humidity"],"Temperature":4.43,"Humidity":-959.04,"TIMESTAMP":"2022-11-28T10:36:56.636Z","BATT":100,"INTERVAL":300},{"modelID":"ba-fb-5c-43-fc-be","modelType":"Wi-SHT10","DATAS":["Temperature","Humidity"],"Temperature":3.52,"Humidity":-959.04,"TIMESTAMP":"2022-11-28T10:32:02.776Z","BATT":100,"INTERVAL":300},{"modelID":"ba-fb-5c-43-fc-be","modelType":"Wi-SHT10","DATAS":["Temperature","Humidity"],"Temperature":4.46,"Humidity":-959.04,"TIMESTAMP":"2022-11-28T10:26:37.337Z","BATT":100,"INTERVAL":300},{"modelID":"ba-fb-5c-43-fc-be","modelType":"Wi-SHT10","DATAS":["Temperature","Humidity"],"Temperature":3.49,"Humidity":-959.04,"TIMESTAMP":"2022-11-28T10:21:18.604Z","BATT":100,"INTERVAL":300},{"modelID":"ba-fb-5c-43-fc-be","modelType":"Wi-SHT10","DATAS":["Temperature","Humidity"],"Temperature":3.45,"Humidity":-959.04,"TIMESTAMP":"2022-11-28T10:12:00.218Z","BATT":100,"INTERVAL":300},{"modelID":"ba-fb-5c-43-fc-be","modelType":"Wi-SHT10","DATAS":["Temperature","Humidity"],"Temperature":4.19,"Humidity":-959.04,"TIMESTAMP":"2022-11-28T10:06:25.834Z","BATT":100,"INTERVAL":300},{"modelID":"ba-fb-5c-43-fc-be","modelType":"Wi-SHT10","DATAS":["Temperature","Humidity"],"Temperature":3.55,"Humidity":-959.04,"TIMESTAMP":"2022-11-28T10:01:21.854Z","BATT":100,"INTERVAL":300},{"modelID":"ba-fb-5c-43-fc-be","modelType":"Wi-SHT10","DATAS":["Temperature","Humidity"],"Temperature":4.09,"Humidity":-959.04,"TIMESTAMP":"2022-11-28T09:56:25.919Z","BATT":100,"INTERVAL":300},{"modelID":"ba-fb-5c-43-fc-be","modelType":"Wi-SHT10","DATAS":["Temperature","Humidity"],"Temperature":3.55,"Humidity":-959.04,"TIMESTAMP":"2022-11-28T09:51:51.513Z","BATT":100,"INTERVAL":300},{"modelID":"ba-fb-5c-43-fc-be","modelType":"Wi-SHT10","DATAS":["Temperature","Humidity"],"Temperature":3.99,"Humidity":-959.04,"TIMESTAMP":"2022-11-28T09:46:25.940Z","BATT":100,"INTERVAL":300},{"modelID":"ba-fb-5c-43-fc-be","modelType":"Wi-SHT10","DATAS":["Temperature","Humidity"],"Temperature":3.55,"Humidity":-959.04,"TIMESTAMP":"2022-11-28T09:42:04.768Z","BATT":100,"INTERVAL":300},{"modelID":"ba-fb-5c-43-fc-be","modelType":"Wi-SHT10","DATAS":["Temperature","Humidity"],"Temperature":3.92,"Humidity":-959.04,"TIMESTAMP":"2022-11-28T09:36:16.810Z","BATT":100,"INTERVAL":300},{"modelID":"ba-fb-5c-43-fc-be","modelType":"Wi-SHT10","DATAS":["Temperature","Humidity"],"Temperature":3.65,"Humidity":-959.04,"TIMESTAMP":"2022-11-28T09:31:51.628Z","BATT":100,"INTERVAL":300},{"modelID":"ba-fb-5c-43-fc-be","modelType":"Wi-SHT10","DATAS":["Temperature","Humidity"],"Temperature":3.99,"Humidity":-959.04,"TIMESTAMP":"2022-11-28T09:26:53.708Z","BATT":100,"INTERVAL":300},{"modelID":"ba-fb-5c-43-fc-be","modelType":"Wi-SHT10","DATAS":["Temperature","Humidity"],"Temperature":3.76,"Humidity":-959.04,"TIMESTAMP":"2022-11-28T09:21:53.728Z","BATT":100,"INTERVAL":300},{"modelID":"ba-fb-5c-43-fc-be","modelType":"Wi-SHT10","DATAS":["Temperature","Humidity"],"Temperature":3.76,"Humidity":-959.04,"TIMESTAMP":"2022-11-28T09:16:22.068Z","BATT":100,"INTERVAL":300},{"modelID":"ba-fb-5c-43-fc-be","modelType":"Wi-SHT10","DATAS":["Temperature","Humidity"],"Temperature":4.09,"Humidity":-959.04,"TIMESTAMP":"2022-11-28T09:11:14.529Z","BATT":100,"INTERVAL":300},{"modelID":"ba-fb-5c-43-fc-be","modelType":"Wi-SHT10","DATAS":["Temperature","Humidity"],"Temperature":3.79,"Humidity":-959.04,"TIMESTAMP":"2022-11-28T09:06:51.729Z","BATT":100,"INTERVAL":300},{"modelID":"ba-fb-5c-43-fc-be","modelType":"Wi-SHT10","DATAS":["Temperature","Humidity"],"Temperature":3.99,"Humidity":-959.04,"TIMESTAMP":"2022-11-28T09:01:53.009Z","BATT":100,"INTERVAL":300},{"modelID":"ba-fb-5c-43-fc-be","modelType":"Wi-SHT10","DATAS":["Temperature","Humidity"],"Temperature":3.72,"Humidity":-959.04,"TIMESTAMP":"2022-11-28T08:56:29.189Z","BATT":100,"INTERVAL":300},{"modelID":"ba-fb-5c-43-fc-be","modelType":"Wi-SHT10","DATAS":["Temperature","Humidity"],"Temperature":4.29,"Humidity":-959.04,"TIMESTAMP":"2022-11-28T08:51:08.749Z","BATT":100,"INTERVAL":300},{"modelID":"ba-fb-5c-43-fc-be","modelType":"Wi-SHT10","DATAS":["Temperature","Humidity"],"Temperature":3.62,"Humidity":-959.04,"TIMESTAMP":"2022-11-28T08:46:24.808Z","BATT":100,"INTERVAL":300},{"modelID":"ba-fb-5c-43-fc-be","modelType":"Wi-SHT10","DATAS":["Temperature","Humidity"],"Temperature":4.16,"Humidity":-959.04,"TIMESTAMP":"2022-11-28T08:41:49.572Z","BATT":100,"INTERVAL":300},{"modelID":"ba-fb-5c-43-fc-be","modelType":"Wi-SHT10","DATAS":["Temperature","Humidity"],"Temperature":3.59,"Humidity":-959.04,"TIMESTAMP":"2022-11-28T08:36:19.070Z","BATT":100,"INTERVAL":300},{"modelID":"ba-fb-5c-43-fc-be","modelType":"Wi-SHT10","DATAS":["Temperature","Humidity"],"Temperature":4.33,"Humidity":-959.04,"TIMESTAMP":"2022-11-28T08:31:26.269Z","BATT":100,"INTERVAL":300},{"modelID":"ba-fb-5c-43-fc-be","modelType":"Wi-SHT10","DATAS":["Temperature","Humidity"],"Temperature":3.55,"Humidity":-959.04,"TIMESTAMP":"2022-11-28T08:26:09.409Z","BATT":100,"INTERVAL":300},{"modelID":"ba-fb-5c-43-fc-be","modelType":"Wi-SHT10","DATAS":["Temperature","Humidity"],"Temperature":4.36,"Humidity":-959.04,"TIMESTAMP":"2022-11-28T08:21:17.178Z","BATT":100,"INTERVAL":300},{"modelID":"ba-fb-5c-43-fc-be","modelType":"Wi-SHT10","DATAS":["Temperature","Humidity"],"Temperature":4.39,"Humidity":-959.04,"TIMESTAMP":"2022-11-28T08:11:26.396Z","BATT":100,"INTERVAL":300},{"modelID":"ba-fb-5c-43-fc-be","modelType":"Wi-SHT10","DATAS":["Temperature","Humidity"],"Temperature":3.55,"Humidity":-959.04,"TIMESTAMP":"2022-11-28T08:06:29.409Z","BATT":100,"INTERVAL":300},{"modelID":"ba-fb-5c-43-fc-be","modelType":"Wi-SHT10","DATAS":["Temperature","Humidity"],"Temperature":4.29,"Humidity":-959.04,"TIMESTAMP":"2022-11-28T08:01:57.369Z","BATT":100,"INTERVAL":300},{"modelID":"ba-fb-5c-43-fc-be","modelType":"Wi-SHT10","DATAS":["Temperature","Humidity"],"Temperature":4.43,"Humidity":-959.04,"TIMESTAMP":"2022-11-28T07:51:49.800Z","BATT":100,"INTERVAL":300},{"modelID":"ba-fb-5c-43-fc-be","modelType":"Wi-SHT10","DATAS":["Temperature","Humidity"],"Temperature":3.59,"Humidity":-959.04,"TIMESTAMP":"2022-11-28T07:47:06.179Z","BATT":100,"INTERVAL":300},{"modelID":"ba-fb-5c-43-fc-be","modelType":"Wi-SHT10","DATAS":["Temperature","Humidity"],"Temperature":4.46,"Humidity":-959.04,"TIMESTAMP":"2022-11-28T07:41:38.100Z","BATT":100,"INTERVAL":300},{"modelID":"ba-fb-5c-43-fc-be","modelType":"Wi-SHT10","DATAS":["Temperature","Humidity"],"Temperature":4.46,"Humidity":-959.04,"TIMESTAMP":"2022-11-28T07:31:30.641Z","BATT":100,"INTERVAL":300},{"modelID":"ba-fb-5c-43-fc-be","modelType":"Wi-SHT10","DATAS":["Temperature","Humidity"],"Temperature":3.45,"Humidity":-959.04,"TIMESTAMP":"2022-11-28T07:26:24.402Z","BATT":100,"INTERVAL":300},{"modelID":"ba-fb-5c-43-fc-be","modelType":"Wi-SHT10","DATAS":["Temperature","Humidity"],"Temperature":4.5,"Humidity":-959.04,"TIMESTAMP":"2022-11-28T07:21:38.200Z","BATT":100,"INTERVAL":300},{"modelID":"ba-fb-5c-43-fc-be","modelType":"Wi-SHT10","DATAS":["Temperature","Humidity"],"Temperature":3.49,"Humidity":-959.04,"TIMESTAMP":"2022-11-28T07:16:18.301Z","BATT":100,"INTERVAL":300},{"modelID":"ba-fb-5c-43-fc-be","modelType":"Wi-SHT10","DATAS":["Temperature","Humidity"],"Temperature":4.43,"Humidity":-959.04,"TIMESTAMP":"2022-11-28T07:11:38.242Z","BATT":100,"INTERVAL":300},{"modelID":"ba-fb-5c-43-fc-be","modelType":"Wi-SHT10","DATAS":["Temperature","Humidity"],"Temperature":3.49,"Humidity":-959.04,"TIMESTAMP":"2022-11-28T07:06:33.024Z","BATT":100,"INTERVAL":300},{"modelID":"ba-fb-5c-43-fc-be","modelType":"Wi-SHT10","DATAS":["Temperature","Humidity"],"Temperature":4.23,"Humidity":-959.04,"TIMESTAMP":"2022-11-28T07:01:38.283Z","BATT":100,"INTERVAL":300},{"modelID":"ba-fb-5c-43-fc-be","modelType":"Wi-SHT10","DATAS":["Temperature","Humidity"],"Temperature":3.49,"Humidity":-959.04,"TIMESTAMP":"2022-11-28T06:57:01.892Z","BATT":100,"INTERVAL":300},{"modelID":"ba-fb-5c-43-fc-be","modelType":"Wi-SHT10","DATAS":["Temperature","Humidity"],"Temperature":4.19,"Humidity":-959.04,"TIMESTAMP":"2022-11-28T06:51:50.081Z","BATT":100,"INTERVAL":300},{"modelID":"ba-fb-5c-43-fc-be","modelType":"Wi-SHT10","DATAS":["Temperature","Humidity"],"Temperature":3.59,"Humidity":-959.04,"TIMESTAMP":"2022-11-28T06:46:39.484Z","BATT":100,"INTERVAL":300},{"modelID":"ba-fb-5c-43-fc-be","modelType":"Wi-SHT10","DATAS":["Temperature","Humidity"],"Temperature":3.89,"Humidity":-959.04,"TIMESTAMP":"2022-11-28T06:41:12.027Z","BATT":100,"INTERVAL":300},{"modelID":"ba-fb-5c-43-fc-be","modelType":"Wi-SHT10","DATAS":["Temperature","Humidity"],"Temperature":3.62,"Humidity":-959.04,"TIMESTAMP":"2022-11-28T06:36:46.663Z","BATT":100,"INTERVAL":300},{"modelID":"ba-fb-5c-43-fc-be","modelType":"Wi-SHT10","DATAS":["Temperature","Humidity"],"Temperature":4.06,"Humidity":-959.04,"TIMESTAMP":"2022-11-28T06:31:40.400Z","BATT":100,"INTERVAL":300},{"modelID":"ba-fb-5c-43-fc-be","modelType":"Wi-SHT10","DATAS":["Temperature","Humidity"],"Temperature":3.86,"Humidity":-959.04,"TIMESTAMP":"2022-11-28T06:26:22.862Z","BATT":100,"INTERVAL":300},{"modelID":"ba-fb-5c-43-fc-be","modelType":"Wi-SHT10","DATAS":["Temperature","Humidity"],"Temperature":4.09,"Humidity":-959.04,"TIMESTAMP":"2022-11-28T06:21:53.761Z","BATT":100,"INTERVAL":300},{"modelID":"ba-fb-5c-43-fc-be","modelType":"Wi-SHT10","DATAS":["Temperature","Humidity"],"Temperature":3.72,"Humidity":-959.04,"TIMESTAMP":"2022-11-28T06:17:07.210Z","BATT":100,"INTERVAL":300},{"modelID":"ba-fb-5c-43-fc-be","modelType":"Wi-SHT10","DATAS":["Temperature","Humidity"],"Temperature":3.92,"Humidity":-959.04,"TIMESTAMP":"2022-11-28T06:11:52.540Z","BATT":100,"INTERVAL":300},{"modelID":"ba-fb-5c-43-fc-be","modelType":"Wi-SHT10","DATAS":["Temperature","Humidity"],"Temperature":3.99,"Humidity":-959.04,"TIMESTAMP":"2022-11-28T06:06:40.517Z","BATT":100,"INTERVAL":300},{"modelID":"ba-fb-5c-43-fc-be","modelType":"Wi-SHT10","DATAS":["Temperature","Humidity"],"Temperature":3.86,"Humidity":-959.04,"TIMESTAMP":"2022-11-28T06:01:46.816Z","BATT":100,"INTERVAL":300},{"modelID":"ba-fb-5c-43-fc-be","modelType":"Wi-SHT10","DATAS":["Temperature","Humidity"],"Temperature":4.06,"Humidity":-959.04,"TIMESTAMP":"2022-11-28T05:56:40.557Z","BATT":100,"INTERVAL":300},{"modelID":"ba-fb-5c-43-fc-be","modelType":"Wi-SHT10","DATAS":["Temperature","Humidity"],"Temperature":3.86,"Humidity":-959.04,"TIMESTAMP":"2022-11-28T05:51:46.876Z","BATT":100,"INTERVAL":300},{"modelID":"ba-fb-5c-43-fc-be","modelType":"Wi-SHT10","DATAS":["Temperature","Humidity"],"Temperature":4.06,"Humidity":-959.04,"TIMESTAMP":"2022-11-28T05:46:49.837Z","BATT":100,"INTERVAL":300},{"modelID":"ba-fb-5c-43-fc-be","modelType":"Wi-SHT10","DATAS":["Temperature","Humidity"],"Temperature":3.69,"Humidity":-959.04,"TIMESTAMP":"2022-11-28T05:41:23.056Z","BATT":100,"INTERVAL":300},{"modelID":"ba-fb-5c-43-fc-be","modelType":"Wi-SHT10","DATAS":["Temperature","Humidity"],"Temperature":4.09,"Humidity":-959.04,"TIMESTAMP":"2022-11-28T05:36:49.874Z","BATT":100,"INTERVAL":300},{"modelID":"ba-fb-5c-43-fc-be","modelType":"Wi-SHT10","DATAS":["Temperature","Humidity"],"Temperature":3.69,"Humidity":-959.04,"TIMESTAMP":"2022-11-28T05:31:52.674Z","BATT":100,"INTERVAL":300},{"modelID":"ba-fb-5c-43-fc-be","modelType":"Wi-SHT10","DATAS":["Temperature","Humidity"],"Temperature":4.13,"Humidity":-959.04,"TIMESTAMP":"2022-11-28T05:26:50.479Z","BATT":100,"INTERVAL":300},{"modelID":"ba-fb-5c-43-fc-be","modelType":"Wi-SHT10","DATAS":["Temperature","Humidity"],"Temperature":3.59,"Humidity":-959.04,"TIMESTAMP":"2022-11-28T05:21:19.973Z","BATT":100,"INTERVAL":300},{"modelID":"ba-fb-5c-43-fc-be","modelType":"Wi-SHT10","DATAS":["Temperature","Humidity"],"Temperature":4.33,"Humidity":-959.04,"TIMESTAMP":"2022-11-28T05:16:11.209Z","BATT":100,"INTERVAL":300},{"modelID":"ba-fb-5c-43-fc-be","modelType":"Wi-SHT10","DATAS":["Temperature","Humidity"],"Temperature":3.62,"Humidity":-959.04,"TIMESTAMP":"2022-11-28T05:11:30.216Z","BATT":100,"INTERVAL":300},{"modelID":"ba-fb-5c-43-fc-be","modelType":"Wi-SHT10","DATAS":["Temperature","Humidity"],"Temperature":4.29,"Humidity":-959.04,"TIMESTAMP":"2022-11-28T05:06:50.578Z","BATT":100,"INTERVAL":300},{"modelID":"ba-fb-5c-43-fc-be","modelType":"Wi-SHT10","DATAS":["Temperature","Humidity"],"Temperature":3.59,"Humidity":-959.04,"TIMESTAMP":"2022-11-28T05:01:54.134Z","BATT":100,"INTERVAL":300},{"modelID":"ba-fb-5c-43-fc-be","modelType":"Wi-SHT10","DATAS":["Temperature","Humidity"],"Temperature":4.39,"Humidity":-959.04,"TIMESTAMP":"2022-11-28T04:56:27.257Z","BATT":100,"INTERVAL":300},{"modelID":"ba-fb-5c-43-fc-be","modelType":"Wi-SHT10","DATAS":["Temperature","Humidity"],"Temperature":3.55,"Humidity":-959.04,"TIMESTAMP":"2022-11-28T04:51:11.413Z","BATT":100,"INTERVAL":300},{"modelID":"ba-fb-5c-43-fc-be","modelType":"Wi-SHT10","DATAS":["Temperature","Humidity"],"Temperature":4.36,"Humidity":-959.04,"TIMESTAMP":"2022-11-28T04:46:38.917Z","BATT":100,"INTERVAL":300},{"modelID":"ba-fb-5c-43-fc-be","modelType":"Wi-SHT10","DATAS":["Temperature","Humidity"],"Temperature":3.49,"Humidity":-959.04,"TIMESTAMP":"2022-11-28T04:41:18.994Z","BATT":100,"INTERVAL":300},{"modelID":"ba-fb-5c-43-fc-be","modelType":"Wi-SHT10","DATAS":["Temperature","Humidity"],"Temperature":4.43,"Humidity":-959.04,"TIMESTAMP":"2022-11-28T04:36:27.357Z","BATT":100,"INTERVAL":300},{"modelID":"ba-fb-5c-43-fc-be","modelType":"Wi-SHT10","DATAS":["Temperature","Humidity"],"Temperature":4.46,"Humidity":-959.04,"TIMESTAMP":"2022-11-28T04:26:38.999Z","BATT":100,"INTERVAL":300},{"modelID":"ba-fb-5c-43-fc-be","modelType":"Wi-SHT10","DATAS":["Temperature","Humidity"],"Temperature":3.49,"Humidity":-959.04,"TIMESTAMP":"2022-11-28T04:21:54.359Z","BATT":100,"INTERVAL":300},{"modelID":"ba-fb-5c-43-fc-be","modelType":"Wi-SHT10","DATAS":["Temperature","Humidity"],"Temperature":4.39,"Humidity":-959.04,"TIMESTAMP":"2022-11-28T04:16:31.541Z","BATT":100,"INTERVAL":300},{"modelID":"ba-fb-5c-43-fc-be","modelType":"Wi-SHT10","DATAS":["Temperature","Humidity"],"Temperature":3.45,"Humidity":-959.04,"TIMESTAMP":"2022-11-28T04:11:20.297Z","BATT":100,"INTERVAL":300},{"modelID":"ba-fb-5c-43-fc-be","modelType":"Wi-SHT10","DATAS":["Temperature","Humidity"],"Temperature":4.33,"Humidity":-959.04,"TIMESTAMP":"2022-11-28T04:06:31.597Z","BATT":100,"INTERVAL":300},{"modelID":"ba-fb-5c-43-fc-be","modelType":"Wi-SHT10","DATAS":["Temperature","Humidity"],"Temperature":3.45,"Humidity":-959.04,"TIMESTAMP":"2022-11-28T04:02:03.952Z","BATT":100,"INTERVAL":300},{"modelID":"ba-fb-5c-43-fc-be","modelType":"Wi-SHT10","DATAS":["Temperature","Humidity"],"Temperature":3.55,"Humidity":-959.04,"TIMESTAMP":"2022-11-28T03:51:33.916Z","BATT":100,"INTERVAL":300},{"modelID":"ba-fb-5c-43-fc-be","modelType":"Wi-SHT10","DATAS":["Temperature","Humidity"],"Temperature":4.23,"Humidity":-959.04,"TIMESTAMP":"2022-11-28T03:46:55.277Z","BATT":100,"INTERVAL":300},{"modelID":"ba-fb-5c-43-fc-be","modelType":"Wi-SHT10","DATAS":["Temperature","Humidity"],"Temperature":3.72,"Humidity":-959.04,"TIMESTAMP":"2022-11-28T03:31:34.641Z","BATT":100,"INTERVAL":300},{"modelID":"ba-fb-5c-43-fc-be","modelType":"Wi-SHT10","DATAS":["Temperature","Humidity"],"Temperature":4.02,"Humidity":-959.04,"TIMESTAMP":"2022-11-28T03:26:54.556Z","BATT":100,"INTERVAL":300},{"modelID":"ba-fb-5c-43-fc-be","modelType":"Wi-SHT10","DATAS":["Temperature","Humidity"],"Temperature":3.72,"Humidity":-959.04,"TIMESTAMP":"2022-11-28T03:22:04.807Z","BATT":100,"INTERVAL":300},{"modelID":"ba-fb-5c-43-fc-be","modelType":"Wi-SHT10","DATAS":["Temperature","Humidity"],"Temperature":3.86,"Humidity":-959.04,"TIMESTAMP":"2022-11-28T03:07:03.946Z","BATT":100,"INTERVAL":300},{"modelID":"ba-fb-5c-43-fc-be","modelType":"Wi-SHT10","DATAS":["Temperature","Humidity"],"Temperature":4.19,"Humidity":-959.04,"TIMESTAMP":"2022-11-28T03:01:18.638Z","BATT":100,"INTERVAL":300},{"modelID":"ba-fb-5c-43-fc-be","modelType":"Wi-SHT10","DATAS":["Temperature","Humidity"],"Temperature":3.65,"Humidity":-959.04,"TIMESTAMP":"2022-11-28T02:56:20.641Z","BATT":100,"INTERVAL":300},{"modelID":"ba-fb-5c-43-fc-be","modelType":"Wi-SHT10","DATAS":["Temperature","Humidity"],"Temperature":4.33,"Humidity":-959.04,"TIMESTAMP":"2022-11-28T02:51:11.892Z","BATT":100,"INTERVAL":300},{"modelID":"ba-fb-5c-43-fc-be","modelType":"Wi-SHT10","DATAS":["Temperature","Humidity"],"Temperature":3.62,"Humidity":-959.04,"TIMESTAMP":"2022-11-28T02:46:30.883Z","BATT":100,"INTERVAL":300},{"modelID":"ba-fb-5c-43-fc-be","modelType":"Wi-SHT10","DATAS":["Temperature","Humidity"],"Temperature":4.29,"Humidity":-959.04,"TIMESTAMP":"2022-11-28T02:41:31.091Z","BATT":100,"INTERVAL":300},{"modelID":"ba-fb-5c-43-fc-be","modelType":"Wi-SHT10","DATAS":["Temperature","Humidity"],"Temperature":3.55,"Humidity":-959.04,"TIMESTAMP":"2022-11-28T02:36:20.735Z","BATT":100,"INTERVAL":300},{"modelID":"ba-fb-5c-43-fc-be","modelType":"Wi-SHT10","DATAS":["Temperature","Humidity"],"Temperature":4.33,"Humidity":-959.04,"TIMESTAMP":"2022-11-28T02:31:53.316Z","BATT":100,"INTERVAL":300},{"modelID":"ba-fb-5c-43-fc-be","modelType":"Wi-SHT10","DATAS":["Temperature","Humidity"],"Temperature":4.39,"Humidity":-959.04,"TIMESTAMP":"2022-11-28T02:21:27.963Z","BATT":100,"INTERVAL":300},{"modelID":"ba-fb-5c-43-fc-be","modelType":"Wi-SHT10","DATAS":["Temperature","Humidity"],"Temperature":3.55,"Humidity":-959.04,"TIMESTAMP":"2022-11-28T02:16:55.420Z","BATT":100,"INTERVAL":300},{"modelID":"ba-fb-5c-43-fc-be","modelType":"Wi-SHT10","DATAS":["Temperature","Humidity"],"Temperature":4.39,"Humidity":-959.04,"TIMESTAMP":"2022-11-28T02:11:58.979Z","BATT":100,"INTERVAL":300},{"modelID":"ba-fb-5c-43-fc-be","modelType":"Wi-SHT10","DATAS":["Temperature","Humidity"],"Temperature":3.52,"Humidity":-959.04,"TIMESTAMP":"2022-11-28T02:06:19.715Z","BATT":100,"INTERVAL":300},{"modelID":"ba-fb-5c-43-fc-be","modelType":"Wi-SHT10","DATAS":["Temperature","Humidity"],"Temperature":4.43,"Humidity":-959.04,"TIMESTAMP":"2022-11-28T02:01:59.015Z","BATT":100,"INTERVAL":300},{"modelID":"ba-fb-5c-43-fc-be","modelType":"Wi-SHT10","DATAS":["Temperature","Humidity"],"Temperature":4.46,"Humidity":-959.04,"TIMESTAMP":"2022-11-28T01:51:59.996Z","BATT":100,"INTERVAL":300},{"modelID":"ba-fb-5c-43-fc-be","modelType":"Wi-SHT10","DATAS":["Temperature","Humidity"],"Temperature":3.52,"Humidity":-959.04,"TIMESTAMP":"2022-11-28T01:46:34.487Z","BATT":100,"INTERVAL":300},{"modelID":"ba-fb-5c-43-fc-be","modelType":"Wi-SHT10","DATAS":["Temperature","Humidity"],"Temperature":4.23,"Humidity":-959.04,"TIMESTAMP":"2022-11-28T01:41:28.165Z","BATT":100,"INTERVAL":300},{"modelID":"ba-fb-5c-43-fc-be","modelType":"Wi-SHT10","DATAS":["Temperature","Humidity"],"Temperature":3.55,"Humidity":-959.04,"TIMESTAMP":"2022-11-28T01:36:50.536Z","BATT":100,"INTERVAL":300},{"modelID":"ba-fb-5c-43-fc-be","modelType":"Wi-SHT10","DATAS":["Temperature","Humidity"],"Temperature":3.62,"Humidity":-959.04,"TIMESTAMP":"2022-11-28T01:26:26.835Z","BATT":100,"INTERVAL":300},{"modelID":"ba-fb-5c-43-fc-be","modelType":"Wi-SHT10","DATAS":["Temperature","Humidity"],"Temperature":4.16,"Humidity":-959.04,"TIMESTAMP":"2022-11-28T01:21:56.668Z","BATT":100,"INTERVAL":300},{"modelID":"ba-fb-5c-43-fc-be","modelType":"Wi-SHT10","DATAS":["Temperature","Humidity"],"Temperature":4.06,"Humidity":-959.04,"TIMESTAMP":"2022-11-28T01:12:02.635Z","BATT":100,"INTERVAL":300},{"modelID":"ba-fb-5c-43-fc-be","modelType":"Wi-SHT10","DATAS":["Temperature","Humidity"],"Temperature":3.76,"Humidity":-959.04,"TIMESTAMP":"2022-11-28T01:07:02.949Z","BATT":100,"INTERVAL":300},{"modelID":"ba-fb-5c-43-fc-be","modelType":"Wi-SHT10","DATAS":["Temperature","Humidity"],"Temperature":3.96,"Humidity":-959.04,"TIMESTAMP":"2022-11-28T01:01:53.975Z","BATT":100,"INTERVAL":300},{"modelID":"ba-fb-5c-43-fc-be","modelType":"Wi-SHT10","DATAS":["Temperature","Humidity"],"Temperature":3.99,"Humidity":-959.04,"TIMESTAMP":"2022-11-28T00:56:41.097Z","BATT":100,"INTERVAL":300},{"modelID":"ba-fb-5c-43-fc-be","modelType":"Wi-SHT10","DATAS":["Temperature","Humidity"],"Temperature":3.89,"Humidity":-959.04,"TIMESTAMP":"2022-11-28T00:51:54.016Z","BATT":100,"INTERVAL":300},{"modelID":"ba-fb-5c-43-fc-be","modelType":"Wi-SHT10","DATAS":["Temperature","Humidity"],"Temperature":3.99,"Humidity":-959.04,"TIMESTAMP":"2022-11-28T00:46:55.296Z","BATT":100,"INTERVAL":300},{"modelID":"ba-fb-5c-43-fc-be","modelType":"Wi-SHT10","DATAS":["Temperature","Humidity"],"Temperature":3.72,"Humidity":-959.04,"TIMESTAMP":"2022-11-28T00:41:24.438Z","BATT":100,"INTERVAL":300},{"modelID":"ba-fb-5c-43-fc-be","modelType":"Wi-SHT10","DATAS":["Temperature","Humidity"],"Temperature":4.09,"Humidity":-959.04,"TIMESTAMP":"2022-11-28T00:36:51.254Z","BATT":100,"INTERVAL":300},{"modelID":"ba-fb-5c-43-fc-be","modelType":"Wi-SHT10","DATAS":["Temperature","Humidity"],"Temperature":4.33,"Humidity":-959.04,"TIMESTAMP":"2022-11-28T00:26:11.099Z","BATT":100,"INTERVAL":300},{"modelID":"ba-fb-5c-43-fc-be","modelType":"Wi-SHT10","DATAS":["Temperature","Humidity"],"Temperature":4.29,"Humidity":-959.04,"TIMESTAMP":"2022-11-28T00:16:51.893Z","BATT":100,"INTERVAL":300},{"modelID":"ba-fb-5c-43-fc-be","modelType":"Wi-SHT10","DATAS":["Temperature","Humidity"],"Temperature":3.52,"Humidity":-959.04,"TIMESTAMP":"2022-11-27T23:51:11.797Z","BATT":100,"INTERVAL":300},{"modelID":"ba-fb-5c-43-fc-be","modelType":"Wi-SHT10","DATAS":["Temperature","Humidity"],"Temperature":4.36,"Humidity":-959.04,"TIMESTAMP":"2022-11-27T23:46:28.697Z","BATT":100,"INTERVAL":300},{"modelID":"ba-fb-5c-43-fc-be","modelType":"Wi-SHT10","DATAS":["Temperature","Humidity"],"Temperature":3.52,"Humidity":-959.04,"TIMESTAMP":"2022-11-27T23:31:31.784Z","BATT":100,"INTERVAL":300},{"modelID":"ba-fb-5c-43-fc-be","modelType":"Wi-SHT10","DATAS":["Temperature","Humidity"],"Temperature":4.29,"Humidity":-959.04,"TIMESTAMP":"2022-11-27T23:26:51.584Z","BATT":100,"INTERVAL":300},{"modelID":"ba-fb-5c-43-fc-be","modelType":"Wi-SHT10","DATAS":["Temperature","Humidity"],"Temperature":3.69,"Humidity":-959.04,"TIMESTAMP":"2022-11-27T23:21:27.414Z","BATT":100,"INTERVAL":300},{"modelID":"ba-fb-5c-43-fc-be","modelType":"Wi-SHT10","DATAS":["Temperature","Humidity"],"Temperature":4.16,"Humidity":-959.04,"TIMESTAMP":"2022-11-27T23:16:55.734Z","BATT":100,"INTERVAL":300},{"modelID":"ba-fb-5c-43-fc-be","modelType":"Wi-SHT10","DATAS":["Temperature","Humidity"],"Temperature":3.72,"Humidity":-959.04,"TIMESTAMP":"2022-11-27T23:11:41.583Z","BATT":100,"INTERVAL":300},{"modelID":"ba-fb-5c-43-fc-be","modelType":"Wi-SHT10","DATAS":["Temperature","Humidity"],"Temperature":3.89,"Humidity":-959.04,"TIMESTAMP":"2022-11-27T23:06:17.310Z","BATT":100,"INTERVAL":300},{"modelID":"ba-fb-5c-43-fc-be","modelType":"Wi-SHT10","DATAS":["Temperature","Humidity"],"Temperature":3.79,"Humidity":-959.04,"TIMESTAMP":"2022-11-27T23:02:03.533Z","BATT":100,"INTERVAL":300},{"modelID":"ba-fb-5c-43-fc-be","modelType":"Wi-SHT10","DATAS":["Temperature","Humidity"],"Temperature":3.96,"Humidity":-959.04,"TIMESTAMP":"2022-11-27T22:56:54.553Z","BATT":100,"INTERVAL":300},{"modelID":"ba-fb-5c-43-fc-be","modelType":"Wi-SHT10","DATAS":["Temperature","Humidity"],"Temperature":3.99,"Humidity":-959.04,"TIMESTAMP":"2022-11-27T22:51:41.666Z","BATT":100,"INTERVAL":300},{"modelID":"ba-fb-5c-43-fc-be","modelType":"Wi-SHT10","DATAS":["Temperature","Humidity"],"Temperature":3.89,"Humidity":-959.04,"TIMESTAMP":"2022-11-27T22:47:03.386Z","BATT":100,"INTERVAL":300},{"modelID":"ba-fb-5c-43-fc-be","modelType":"Wi-SHT10","DATAS":["Temperature","Humidity"],"Temperature":4.19,"Humidity":-959.04,"TIMESTAMP":"2022-11-27T22:41:19.847Z","BATT":100,"INTERVAL":300},{"modelID":"ba-fb-5c-43-fc-be","modelType":"Wi-SHT10","DATAS":["Temperature","Humidity"],"Temperature":3.65,"Humidity":-959.04,"TIMESTAMP":"2022-11-27T22:36:27.606Z","BATT":100,"INTERVAL":300},{"modelID":"ba-fb-5c-43-fc-be","modelType":"Wi-SHT10","DATAS":["Temperature","Humidity"],"Temperature":4.16,"Humidity":-959.04,"TIMESTAMP":"2022-11-27T22:31:56.743Z","BATT":100,"INTERVAL":300},{"modelID":"ba-fb-5c-43-fc-be","modelType":"Wi-SHT10","DATAS":["Temperature","Humidity"],"Temperature":3.76,"Humidity":-959.04,"TIMESTAMP":"2022-11-27T22:27:03.472Z","BATT":100,"INTERVAL":300},{"modelID":"ba-fb-5c-43-fc-be","modelType":"Wi-SHT10","DATAS":["Temperature","Humidity"],"Temperature":4.19,"Humidity":-959.04,"TIMESTAMP":"2022-11-27T22:22:00.043Z","BATT":100,"INTERVAL":300},{"modelID":"ba-fb-5c-43-fc-be","modelType":"Wi-SHT10","DATAS":["Temperature","Humidity"],"Temperature":3.52,"Humidity":-959.04,"TIMESTAMP":"2022-11-27T22:16:12.216Z","BATT":100,"INTERVAL":300},{"modelID":"ba-fb-5c-43-fc-be","modelType":"Wi-SHT10","DATAS":["Temperature","Humidity"],"Temperature":4.36,"Humidity":-959.04,"TIMESTAMP":"2022-11-27T22:11:29.142Z","BATT":100,"INTERVAL":300},{"modelID":"ba-fb-5c-43-fc-be","modelType":"Wi-SHT10","DATAS":["Temperature","Humidity"],"Temperature":3.55,"Humidity":-959.04,"TIMESTAMP":"2022-11-27T22:06:22.002Z","BATT":100,"INTERVAL":300},{"modelID":"ba-fb-5c-43-fc-be","modelType":"Wi-SHT10","DATAS":["Temperature","Humidity"],"Temperature":4.33,"Humidity":-959.04,"TIMESTAMP":"2022-11-27T22:02:00.135Z","BATT":100,"INTERVAL":300},{"modelID":"ba-fb-5c-43-fc-be","modelType":"Wi-SHT10","DATAS":["Temperature","Humidity"],"Temperature":3.52,"Humidity":-959.04,"TIMESTAMP":"2022-11-27T21:56:56.100Z","BATT":100,"INTERVAL":300},{"modelID":"ba-fb-5c-43-fc-be","modelType":"Wi-SHT10","DATAS":["Temperature","Humidity"],"Temperature":4.39,"Humidity":-959.04,"TIMESTAMP":"2022-11-27T21:52:00.171Z","BATT":100,"INTERVAL":300},{"modelID":"ba-fb-5c-43-fc-be","modelType":"Wi-SHT10","DATAS":["Temperature","Humidity"],"Temperature":3.52,"Humidity":-959.04,"TIMESTAMP":"2022-11-27T21:46:56.154Z","BATT":100,"INTERVAL":300},{"modelID":"ba-fb-5c-43-fc-be","modelType":"Wi-SHT10","DATAS":["Temperature","Humidity"],"Temperature":4.39,"Humidity":-959.04,"TIMESTAMP":"2022-11-27T21:42:00.219Z","BATT":100,"INTERVAL":300},{"modelID":"ba-fb-5c-43-fc-be","modelType":"Wi-SHT10","DATAS":["Temperature","Humidity"],"Temperature":3.52,"Humidity":-959.04,"TIMESTAMP":"2022-11-27T21:36:56.200Z","BATT":100,"INTERVAL":300},{"modelID":"ba-fb-5c-43-fc-be","modelType":"Wi-SHT10","DATAS":["Temperature","Humidity"],"Temperature":4.39,"Humidity":-959.04,"TIMESTAMP":"2022-11-27T21:32:00.272Z","BATT":100,"INTERVAL":300},{"modelID":"ba-fb-5c-43-fc-be","modelType":"Wi-SHT10","DATAS":["Temperature","Humidity"],"Temperature":3.52,"Humidity":-959.04,"TIMESTAMP":"2022-11-27T21:26:49.193Z","BATT":100,"INTERVAL":300},{"modelID":"ba-fb-5c-43-fc-be","modelType":"Wi-SHT10","DATAS":["Temperature","Humidity"],"Temperature":4.06,"Humidity":-959.04,"TIMESTAMP":"2022-11-27T21:21:17.792Z","BATT":100,"INTERVAL":300},{"modelID":"ba-fb-5c-43-fc-be","modelType":"Wi-SHT10","DATAS":["Temperature","Humidity"],"Temperature":3.79,"Humidity":-959.04,"TIMESTAMP":"2022-11-27T21:16:25.392Z","BATT":100,"INTERVAL":300},{"modelID":"ba-fb-5c-43-fc-be","modelType":"Wi-SHT10","DATAS":["Temperature","Humidity"],"Temperature":4.09,"Humidity":-959.04,"TIMESTAMP":"2022-11-27T21:11:57.099Z","BATT":100,"INTERVAL":300},{"modelID":"ba-fb-5c-43-fc-be","modelType":"Wi-SHT10","DATAS":["Temperature","Humidity"],"Temperature":3.76,"Humidity":-959.04,"TIMESTAMP":"2022-11-27T21:06:55.054Z","BATT":100,"INTERVAL":300},{"modelID":"ba-fb-5c-43-fc-be","modelType":"Wi-SHT10","DATAS":["Temperature","Humidity"],"Temperature":3.99,"Humidity":-959.04,"TIMESTAMP":"2022-11-27T21:02:04.072Z","BATT":100,"INTERVAL":300},{"modelID":"ba-fb-5c-43-fc-be","modelType":"Wi-SHT10","DATAS":["Temperature","Humidity"],"Temperature":3.96,"Humidity":-959.04,"TIMESTAMP":"2022-11-27T20:56:52.282Z","BATT":100,"INTERVAL":300},{"modelID":"ba-fb-5c-43-fc-be","modelType":"Wi-SHT10","DATAS":["Temperature","Humidity"],"Temperature":3.69,"Humidity":-959.04,"TIMESTAMP":"2022-11-27T20:51:25.494Z","BATT":100,"INTERVAL":300},{"modelID":"ba-fb-5c-43-fc-be","modelType":"Wi-SHT10","DATAS":["Temperature","Humidity"],"Temperature":4.09,"Humidity":-959.04,"TIMESTAMP":"2022-11-27T20:46:57.211Z","BATT":100,"INTERVAL":300},{"modelID":"ba-fb-5c-43-fc-be","modelType":"Wi-SHT10","DATAS":["Temperature","Humidity"],"Temperature":3.76,"Humidity":-959.04,"TIMESTAMP":"2022-11-27T20:42:03.950Z","BATT":100,"INTERVAL":300},{"modelID":"ba-fb-5c-43-fc-be","modelType":"Wi-SHT10","DATAS":["Temperature","Humidity"],"Temperature":4.19,"Humidity":-959.04,"TIMESTAMP":"2022-11-27T20:36:52.374Z","BATT":100,"INTERVAL":300},{"modelID":"ba-fb-5c-43-fc-be","modelType":"Wi-SHT10","DATAS":["Temperature","Humidity"],"Temperature":3.69,"Humidity":-959.04,"TIMESTAMP":"2022-11-27T20:32:06.293Z","BATT":100,"INTERVAL":300},{"modelID":"ba-fb-5c-43-fc-be","modelType":"Wi-SHT10","DATAS":["Temperature","Humidity"],"Temperature":4.26,"Humidity":-959.04,"TIMESTAMP":"2022-11-27T20:26:52.974Z","BATT":100,"INTERVAL":300},{"modelID":"ba-fb-5c-43-fc-be","modelType":"Wi-SHT10","DATAS":["Temperature","Humidity"],"Temperature":3.59,"Humidity":-959.04,"TIMESTAMP":"2022-11-27T20:21:56.541Z","BATT":100,"INTERVAL":300},{"modelID":"ba-fb-5c-43-fc-be","modelType":"Wi-SHT10","DATAS":["Temperature","Humidity"],"Temperature":4.39,"Humidity":-959.04,"TIMESTAMP":"2022-11-27T20:16:41.251Z","BATT":100,"INTERVAL":300},{"modelID":"ba-fb-5c-43-fc-be","modelType":"Wi-SHT10","DATAS":["Temperature","Humidity"],"Temperature":3.49,"Humidity":-959.04,"TIMESTAMP":"2022-11-27T20:11:21.360Z","BATT":100,"INTERVAL":300},{"modelID":"ba-fb-5c-43-fc-be","modelType":"Wi-SHT10","DATAS":["Temperature","Humidity"],"Temperature":4.43,"Humidity":-959.04,"TIMESTAMP":"2022-11-27T20:06:29.710Z","BATT":100,"INTERVAL":300},{"modelID":"ba-fb-5c-43-fc-be","modelType":"Wi-SHT10","DATAS":["Temperature","Humidity"],"Temperature":3.55,"Humidity":-959.04,"TIMESTAMP":"2022-11-27T20:01:12.849Z","BATT":100,"INTERVAL":300},{"modelID":"ba-fb-5c-43-fc-be","modelType":"Wi-SHT10","DATAS":["Temperature","Humidity"],"Temperature":4.36,"Humidity":-959.04,"TIMESTAMP":"2022-11-27T19:56:53.110Z","BATT":100,"INTERVAL":300},{"modelID":"ba-fb-5c-43-fc-be","modelType":"Wi-SHT10","DATAS":["Temperature","Humidity"],"Temperature":3.59,"Humidity":-959.04,"TIMESTAMP":"2022-11-27T19:51:28.393Z","BATT":100,"INTERVAL":300},{"modelID":"ba-fb-5c-43-fc-be","modelType":"Wi-SHT10","DATAS":["Temperature","Humidity"],"Temperature":4.16,"Humidity":-959.04,"TIMESTAMP":"2022-11-27T19:46:29.816Z","BATT":100,"INTERVAL":300},{"modelID":"ba-fb-5c-43-fc-be","modelType":"Wi-SHT10","DATAS":["Temperature","Humidity"],"Temperature":3.55,"Humidity":-959.04,"TIMESTAMP":"2022-11-27T19:41:55.407Z","BATT":100,"INTERVAL":300},{"modelID":"ba-fb-5c-43-fc-be","modelType":"Wi-SHT10","DATAS":["Temperature","Humidity"],"Temperature":4.13,"Humidity":-959.04,"TIMESTAMP":"2022-11-27T19:36:56.718Z","BATT":100,"INTERVAL":300},{"modelID":"ba-fb-5c-43-fc-be","modelType":"Wi-SHT10","DATAS":["Temperature","Humidity"],"Temperature":3.72,"Humidity":-959.04,"TIMESTAMP":"2022-11-27T19:31:55.500Z","BATT":100,"INTERVAL":300},{"modelID":"ba-fb-5c-43-fc-be","modelType":"Wi-SHT10","DATAS":["Temperature","Humidity"],"Temperature":3.99,"Humidity":-959.04,"TIMESTAMP":"2022-11-27T19:26:42.611Z","BATT":100,"INTERVAL":300},{"modelID":"ba-fb-5c-43-fc-be","modelType":"Wi-SHT10","DATAS":["Temperature","Humidity"],"Temperature":3.89,"Humidity":-959.04,"TIMESTAMP":"2022-11-27T19:21:25.912Z","BATT":100,"INTERVAL":300},{"modelID":"ba-fb-5c-43-fc-be","modelType":"Wi-SHT10","DATAS":["Temperature","Humidity"],"Temperature":4.09,"Humidity":-959.04,"TIMESTAMP":"2022-11-27T19:17:04.574Z","BATT":100,"INTERVAL":300},{"modelID":"ba-fb-5c-43-fc-be","modelType":"Wi-SHT10","DATAS":["Temperature","Humidity"],"Temperature":3.96,"Humidity":-959.04,"TIMESTAMP":"2022-11-27T19:11:43.533Z","BATT":100,"INTERVAL":300},{"modelID":"ba-fb-5c-43-fc-be","modelType":"Wi-SHT10","DATAS":["Temperature","Humidity"],"Temperature":3.86,"Humidity":-959.04,"TIMESTAMP":"2022-11-27T19:06:55.612Z","BATT":100,"INTERVAL":300},{"modelID":"ba-fb-5c-43-fc-be","modelType":"Wi-SHT10","DATAS":["Temperature","Humidity"],"Temperature":3.99,"Humidity":-959.04,"TIMESTAMP":"2022-11-27T19:01:57.692Z","BATT":100,"INTERVAL":300},{"modelID":"ba-fb-5c-43-fc-be","modelType":"Wi-SHT10","DATAS":["Temperature","Humidity"],"Temperature":3.76,"Humidity":-959.04,"TIMESTAMP":"2022-11-27T18:56:36.392Z","BATT":100,"INTERVAL":300},{"modelID":"ba-fb-5c-43-fc-be","modelType":"Wi-SHT10","DATAS":["Temperature","Humidity"],"Temperature":4.23,"Humidity":-959.04,"TIMESTAMP":"2022-11-27T18:51:30.050Z","BATT":100,"INTERVAL":300},{"modelID":"ba-fb-5c-43-fc-be","modelType":"Wi-SHT10","DATAS":["Temperature","Humidity"],"Temperature":3.55,"Humidity":-959.04,"TIMESTAMP":"2022-11-27T18:46:13.199Z","BATT":100,"INTERVAL":300},{"modelID":"ba-fb-5c-43-fc-be","modelType":"Wi-SHT10","DATAS":["Temperature","Humidity"],"Temperature":4.36,"Humidity":-959.04,"TIMESTAMP":"2022-11-27T18:41:12.671Z","BATT":100,"INTERVAL":300},{"modelID":"ba-fb-5c-43-fc-be","modelType":"Wi-SHT10","DATAS":["Temperature","Humidity"],"Temperature":3.62,"Humidity":-959.04,"TIMESTAMP":"2022-11-27T18:36:33.151Z","BATT":100,"INTERVAL":300},{"modelID":"ba-fb-5c-43-fc-be","modelType":"Wi-SHT10","DATAS":["Temperature","Humidity"],"Temperature":4.29,"Humidity":-959.04,"TIMESTAMP":"2022-11-27T18:31:53.509Z","BATT":100,"INTERVAL":300},{"modelID":"ba-fb-5c-43-fc-be","modelType":"Wi-SHT10","DATAS":["Temperature","Humidity"],"Temperature":3.59,"Humidity":-959.04,"TIMESTAMP":"2022-11-27T18:26:57.069Z","BATT":100,"INTERVAL":300},{"modelID":"ba-fb-5c-43-fc-be","modelType":"Wi-SHT10","DATAS":["Temperature","Humidity"],"Temperature":4.39,"Humidity":-959.04,"TIMESTAMP":"2022-11-27T18:21:30.192Z","BATT":100,"INTERVAL":300},{"modelID":"ba-fb-5c-43-fc-be","modelType":"Wi-SHT10","DATAS":["Temperature","Humidity"],"Temperature":3.55,"Humidity":-959.04,"TIMESTAMP":"2022-11-27T18:16:21.898Z","BATT":100,"INTERVAL":300},{"modelID":"ba-fb-5c-43-fc-be","modelType":"Wi-SHT10","DATAS":["Temperature","Humidity"],"Temperature":4.43,"Humidity":-959.04,"TIMESTAMP":"2022-11-27T18:11:41.851Z","BATT":100,"INTERVAL":300},{"modelID":"ba-fb-5c-43-fc-be","modelType":"Wi-SHT10","DATAS":["Temperature","Humidity"],"Temperature":3.49,"Humidity":-959.04,"TIMESTAMP":"2022-11-27T18:06:13.371Z","BATT":100,"INTERVAL":300},{"modelID":"ba-fb-5c-43-fc-be","modelType":"Wi-SHT10","DATAS":["Temperature","Humidity"],"Temperature":4.36,"Humidity":-959.04,"TIMESTAMP":"2022-11-27T18:01:41.890Z","BATT":100,"INTERVAL":300},{"modelID":"ba-fb-5c-43-fc-be","modelType":"Wi-SHT10","DATAS":["Temperature","Humidity"],"Temperature":3.49,"Humidity":-959.04,"TIMESTAMP":"2022-11-27T17:57:04.709Z","BATT":100,"INTERVAL":300},{"modelID":"ba-fb-5c-43-fc-be","modelType":"Wi-SHT10","DATAS":["Temperature","Humidity"],"Temperature":4.19,"Humidity":-959.04,"TIMESTAMP":"2022-11-27T17:51:30.334Z","BATT":100,"INTERVAL":300},{"modelID":"ba-fb-5c-43-fc-be","modelType":"Wi-SHT10","DATAS":["Temperature","Humidity"],"Temperature":3.55,"Humidity":-959.04,"TIMESTAMP":"2022-11-27T17:47:04.774Z","BATT":100,"INTERVAL":300},{"modelID":"ba-fb-5c-43-fc-be","modelType":"Wi-SHT10","DATAS":["Temperature","Humidity"],"Temperature":4.19,"Humidity":-959.04,"TIMESTAMP":"2022-11-27T17:41:58.090Z","BATT":100,"INTERVAL":300},{"modelID":"ba-fb-5c-43-fc-be","modelType":"Wi-SHT10","DATAS":["Temperature","Humidity"],"Temperature":3.76,"Humidity":-959.04,"TIMESTAMP":"2022-11-27T17:36:50.256Z","BATT":100,"INTERVAL":300},{"modelID":"ba-fb-5c-43-fc-be","modelType":"Wi-SHT10","DATAS":["Temperature","Humidity"],"Temperature":4.06,"Humidity":-959.04,"TIMESTAMP":"2022-11-27T17:32:09.249Z","BATT":100,"INTERVAL":300},{"modelID":"ba-fb-5c-43-fc-be","modelType":"Wi-SHT10","DATAS":["Temperature","Humidity"],"Temperature":3.92,"Humidity":-959.04,"TIMESTAMP":"2022-11-27T17:26:43.173Z","BATT":100,"INTERVAL":300},{"modelID":"ba-fb-5c-43-fc-be","modelType":"Wi-SHT10","DATAS":["Temperature","Humidity"],"Temperature":3.89,"Humidity":-959.04,"TIMESTAMP":"2022-11-27T17:21:56.051Z","BATT":100,"INTERVAL":300},{"modelID":"ba-fb-5c-43-fc-be","modelType":"Wi-SHT10","DATAS":["Temperature","Humidity"],"Temperature":4.13,"Humidity":-959.04,"TIMESTAMP":"2022-11-27T17:16:18.932Z","BATT":100,"INTERVAL":300},{"modelID":"ba-fb-5c-43-fc-be","modelType":"Wi-SHT10","DATAS":["Temperature","Humidity"],"Temperature":3.79,"Humidity":-959.04,"TIMESTAMP":"2022-11-27T17:11:36.862Z","BATT":100,"INTERVAL":300},{"modelID":"ba-fb-5c-43-fc-be","modelType":"Wi-SHT10","DATAS":["Temperature","Humidity"],"Temperature":4.23,"Humidity":-959.04,"TIMESTAMP":"2022-11-27T17:06:21.383Z","BATT":100,"INTERVAL":300},{"modelID":"ba-fb-5c-43-fc-be","modelType":"Wi-SHT10","DATAS":["Temperature","Humidity"],"Temperature":3.65,"Humidity":-959.04,"TIMESTAMP":"2022-11-27T17:01:36.927Z","BATT":100,"INTERVAL":300},{"modelID":"ba-fb-5c-43-fc-be","modelType":"Wi-SHT10","DATAS":["Temperature","Humidity"],"Temperature":4.23,"Humidity":-959.04,"TIMESTAMP":"2022-11-27T16:56:53.936Z","BATT":100,"INTERVAL":300},{"modelID":"ba-fb-5c-43-fc-be","modelType":"Wi-SHT10","DATAS":["Temperature","Humidity"],"Temperature":3.59,"Humidity":-959.04,"TIMESTAMP":"2022-11-27T16:51:36.953Z","BATT":100,"INTERVAL":300},{"modelID":"ba-fb-5c-43-fc-be","modelType":"Wi-SHT10","DATAS":["Temperature","Humidity"],"Temperature":4.23,"Humidity":-959.04,"TIMESTAMP":"2022-11-27T16:47:01.576Z","BATT":100,"INTERVAL":300},{"modelID":"ba-fb-5c-43-fc-be","modelType":"Wi-SHT10","DATAS":["Temperature","Humidity"],"Temperature":4.36,"Humidity":-959.04,"TIMESTAMP":"2022-11-27T16:36:42.280Z","BATT":100,"INTERVAL":300},{"modelID":"ba-fb-5c-43-fc-be","modelType":"Wi-SHT10","DATAS":["Temperature","Humidity"],"Temperature":3.49,"Humidity":-959.04,"TIMESTAMP":"2022-11-27T16:31:22.364Z","BATT":100,"INTERVAL":300},{"modelID":"ba-fb-5c-43-fc-be","modelType":"Wi-SHT10","DATAS":["Temperature","Humidity"],"Temperature":4.43,"Humidity":-959.04,"TIMESTAMP":"2022-11-27T16:26:42.337Z","BATT":100,"INTERVAL":300},{"modelID":"ba-fb-5c-43-fc-be","modelType":"Wi-SHT10","DATAS":["Temperature","Humidity"],"Temperature":4.43,"Humidity":-959.04,"TIMESTAMP":"2022-11-27T16:17:01.712Z","BATT":100,"INTERVAL":300},{"modelID":"ba-fb-5c-43-fc-be","modelType":"Wi-SHT10","DATAS":["Temperature","Humidity"],"Temperature":3.52,"Humidity":-959.04,"TIMESTAMP":"2022-11-27T16:11:34.981Z","BATT":100,"INTERVAL":300},{"modelID":"ba-fb-5c-43-fc-be","modelType":"Wi-SHT10","DATAS":["Temperature","Humidity"],"Temperature":4.29,"Humidity":-959.04,"TIMESTAMP":"2022-11-27T16:07:04.711Z","BATT":100,"INTERVAL":300}],"DAYHOURS":["21","20","19","18","17","16","15","14","13","12","11","10","9","8","7","6","5","4","3","2","1","0"]}