{"SENSORNAME":"AIR COMPRESSOR C1","SENSORTYPE":"WTRPRS(485)","DTUID":"219","SENSORID":"40","DATE0":"2022-11-28T11:25:54.849Z","DATE1":"2022-02-13T09:06:03.603Z","DAYDATA":[{"DTUID":"219","SENSORID":40,"FUNCID":3,"NDATA":2,"SENSORTYPE":"AIR-PRES","RCV_BYTES":["442E","D52F"],"DATAS":[17454,-10961],"DATAS1":[],"DATAS2":[],"TIMESTAMP":"2022-11-28T11:25:54.849Z"},{"DTUID":"219","SENSORID":40,"FUNCID":3,"NDATA":2,"SENSORTYPE":"AIR-PRES","RCV_BYTES":["4432","2E66"],"DATAS":[17458,11878],"DATAS1":[],"DATAS2":[],"TIMESTAMP":"2022-11-28T11:06:00.756Z"},{"DTUID":"219","SENSORID":40,"FUNCID":3,"NDATA":2,"SENSORTYPE":"AIR-PRES","RCV_BYTES":["4432","83F8"],"DATAS":[17458,-31752],"DATAS1":[],"DATAS2":[],"TIMESTAMP":"2022-11-28T10:05:49.006Z"},{"DTUID":"219","SENSORID":40,"FUNCID":3,"NDATA":2,"SENSORTYPE":"AIR-PRES","RCV_BYTES":["4431","025E"],"DATAS":[17457,606],"DATAS1":[],"DATAS2":[],"TIMESTAMP":"2022-11-28T09:25:44.400Z"},{"DTUID":"219","SENSORID":40,"FUNCID":3,"NDATA":2,"SENSORTYPE":"AIR-PRES","RCV_BYTES":["4432","AF2B"],"DATAS":[17458,-20693],"DATAS1":[],"DATAS2":[],"TIMESTAMP":"2022-11-28T08:29:16.536Z"},{"DTUID":"219","SENSORID":40,"FUNCID":3,"NDATA":2,"SENSORTYPE":"AIR-PRES","RCV_BYTES":["4430","56C9"],"DATAS":[17456,22217],"DATAS1":[],"DATAS2":[],"TIMESTAMP":"2022-11-28T05:29:00.431Z"},{"DTUID":"219","SENSORID":40,"FUNCID":3,"NDATA":2,"SENSORTYPE":"AIR-PRES","RCV_BYTES":["4431","5800"],"DATAS":[17457,22528],"DATAS1":[],"DATAS2":[],"TIMESTAMP":"2022-11-28T04:48:52.936Z"},{"DTUID":"219","SENSORID":40,"FUNCID":3,"NDATA":2,"SENSORTYPE":"AIR-PRES","RCV_BYTES":["4432","0396"],"DATAS":[17458,918],"DATAS1":[],"DATAS2":[],"TIMESTAMP":"2022-11-28T03:03:31.534Z"},{"DTUID":"219","SENSORID":40,"FUNCID":3,"NDATA":2,"SENSORTYPE":"AIR-PRES","RCV_BYTES":["4432","AF2B"],"DATAS":[17458,-20693],"DATAS1":[],"DATAS2":[],"TIMESTAMP":"2022-11-28T01:00:14.911Z"},{"DTUID":"219","SENSORID":40,"FUNCID":3,"NDATA":2,"SENSORTYPE":"AIR-PRES","RCV_BYTES":["4433","04CD"],"DATAS":[17459,1229],"DATAS1":[],"DATAS2":[],"TIMESTAMP":"2022-11-28T00:15:10.312Z"},{"DTUID":"219","SENSORID":40,"FUNCID":3,"NDATA":2,"SENSORTYPE":"AIR-PRES","RCV_BYTES":["4430","ACCD"],"DATAS":[17456,-21299],"DATAS1":[],"DATAS2":[],"TIMESTAMP":"2022-11-27T23:15:05.716Z"},{"DTUID":"219","SENSORID":40,"FUNCID":3,"NDATA":2,"SENSORTYPE":"AIR-PRES","RCV_BYTES":["4432","83F8"],"DATAS":[17458,-31752],"DATAS1":[],"DATAS2":[],"TIMESTAMP":"2022-11-27T22:15:01.796Z"},{"DTUID":"219","SENSORID":40,"FUNCID":3,"NDATA":2,"SENSORTYPE":"AIR-PRES","RCV_BYTES":["4431","D8C5"],"DATAS":[17457,-10043],"DATAS1":[],"DATAS2":[],"TIMESTAMP":"2022-11-27T21:15:00.101Z"},{"DTUID":"219","SENSORID":40,"FUNCID":3,"NDATA":2,"SENSORTYPE":"AIR-PRES","RCV_BYTES":["4433","2F8D"],"DATAS":[17459,12173],"DATAS1":[],"DATAS2":[],"TIMESTAMP":"2022-11-27T20:14:52.913Z"},{"DTUID":"219","SENSORID":40,"FUNCID":3,"NDATA":2,"SENSORTYPE":"AIR-PRES","RCV_BYTES":["4432","83F8"],"DATAS":[17458,-31752],"DATAS1":[],"DATAS2":[],"TIMESTAMP":"2022-11-27T19:34:46.624Z"},{"DTUID":"219","SENSORID":40,"FUNCID":3,"NDATA":2,"SENSORTYPE":"AIR-PRES","RCV_BYTES":["4431","ADF4"],"DATAS":[17457,-21004],"DATAS1":[],"DATAS2":[],"TIMESTAMP":"2022-11-27T19:14:46.896Z"},{"DTUID":"219","SENSORID":40,"FUNCID":3,"NDATA":2,"SENSORTYPE":"AIR-PRES","RCV_BYTES":["4433","2F8D"],"DATAS":[17459,12173],"DATAS1":[],"DATAS2":[],"TIMESTAMP":"2022-11-27T18:34:43.613Z"},{"DTUID":"219","SENSORID":40,"FUNCID":3,"NDATA":2,"SENSORTYPE":"AIR-PRES","RCV_BYTES":["4432","AF2B"],"DATAS":[17458,-20693],"DATAS1":[],"DATAS2":[],"TIMESTAMP":"2022-11-27T18:14:44.712Z"},{"DTUID":"219","SENSORID":40,"FUNCID":3,"NDATA":2,"SENSORTYPE":"AIR-PRES","RCV_BYTES":["4432","83F8"],"DATAS":[17458,-31752],"DATAS1":[],"DATAS2":[],"TIMESTAMP":"2022-11-27T17:34:39.903Z"},{"DTUID":"219","SENSORID":40,"FUNCID":3,"NDATA":2,"SENSORTYPE":"AIR-PRES","RCV_BYTES":["4431","D8C5"],"DATAS":[17457,-10043],"DATAS1":[],"DATAS2":[],"TIMESTAMP":"2022-11-27T17:14:37.974Z"}],"DAYHOURS":["19","18","17","16","13","12","11","9","8","7","6","5","4","3","2","1"]}