{"SENSORNAME":"L4-Chemotherapy Holding(daycare)","SENSORTYPE":"WISENSOR","DTUID":"-1","SENSORID":"BA-7E-1E-39-D7-38","DATE0":"2022-11-28T13:09:14.066Z","DATE1":"2022-03-22T00:13:47.670Z","DAYDATA":[{"modelID":"ba-7e-1e-39-d7-38","modelType":"Wi-SHT10","DATAS":["Temperature","Humidity"],"Temperature":3.77,"Humidity":-959.04,"TIMESTAMP":"2022-11-28T13:09:14.066Z","BATT":100,"INTERVAL":300},{"modelID":"ba-7e-1e-39-d7-38","modelType":"Wi-SHT10","DATAS":["Temperature","Humidity"],"Temperature":3.73,"Humidity":-959.04,"TIMESTAMP":"2022-11-28T13:03:45.205Z","BATT":100,"INTERVAL":300},{"modelID":"ba-7e-1e-39-d7-38","modelType":"Wi-SHT10","DATAS":["Temperature","Humidity"],"Temperature":4,"Humidity":-959.04,"TIMESTAMP":"2022-11-28T12:58:48.125Z","BATT":100,"INTERVAL":300},{"modelID":"ba-7e-1e-39-d7-38","modelType":"Wi-SHT10","DATAS":["Temperature","Humidity"],"Temperature":3.67,"Humidity":-959.04,"TIMESTAMP":"2022-11-28T12:29:06.569Z","BATT":100,"INTERVAL":300},{"modelID":"ba-7e-1e-39-d7-38","modelType":"Wi-SHT10","DATAS":["Temperature","Humidity"],"Temperature":3.83,"Humidity":-959.04,"TIMESTAMP":"2022-11-28T12:23:45.380Z","BATT":100,"INTERVAL":300},{"modelID":"ba-7e-1e-39-d7-38","modelType":"Wi-SHT10","DATAS":["Temperature","Humidity"],"Temperature":3.57,"Humidity":-959.04,"TIMESTAMP":"2022-11-28T12:13:44.821Z","BATT":100,"INTERVAL":300},{"modelID":"ba-7e-1e-39-d7-38","modelType":"Wi-SHT10","DATAS":["Temperature","Humidity"],"Temperature":3.97,"Humidity":-959.04,"TIMESTAMP":"2022-11-28T12:09:14.975Z","BATT":100,"INTERVAL":300},{"modelID":"ba-7e-1e-39-d7-38","modelType":"Wi-SHT10","DATAS":["Temperature","Humidity"],"Temperature":3.73,"Humidity":-959.04,"TIMESTAMP":"2022-11-28T12:04:05.015Z","BATT":100,"INTERVAL":300},{"modelID":"ba-7e-1e-39-d7-38","modelType":"Wi-SHT10","DATAS":["Temperature","Humidity"],"Temperature":3.63,"Humidity":-959.04,"TIMESTAMP":"2022-11-28T11:59:13.622Z","BATT":100,"INTERVAL":300},{"modelID":"ba-7e-1e-39-d7-38","modelType":"Wi-SHT10","DATAS":["Temperature","Humidity"],"Temperature":4.04,"Humidity":-959.04,"TIMESTAMP":"2022-11-28T11:54:05.033Z","BATT":100,"INTERVAL":300},{"modelID":"ba-7e-1e-39-d7-38","modelType":"Wi-SHT10","DATAS":["Temperature","Humidity"],"Temperature":3.63,"Humidity":-959.04,"TIMESTAMP":"2022-11-28T11:49:37.931Z","BATT":100,"INTERVAL":300},{"modelID":"ba-7e-1e-39-d7-38","modelType":"Wi-SHT10","DATAS":["Temperature","Humidity"],"Temperature":3.8,"Humidity":-959.04,"TIMESTAMP":"2022-11-28T11:44:37.952Z","BATT":100,"INTERVAL":300},{"modelID":"ba-7e-1e-39-d7-38","modelType":"Wi-SHT10","DATAS":["Temperature","Humidity"],"Temperature":3.8,"Humidity":-959.04,"TIMESTAMP":"2022-11-28T11:38:48.464Z","BATT":100,"INTERVAL":300},{"modelID":"ba-7e-1e-39-d7-38","modelType":"Wi-SHT10","DATAS":["Temperature","Humidity"],"Temperature":3.6,"Humidity":-959.04,"TIMESTAMP":"2022-11-28T11:33:45.012Z","BATT":100,"INTERVAL":300},{"modelID":"ba-7e-1e-39-d7-38","modelType":"Wi-SHT10","DATAS":["Temperature","Humidity"],"Temperature":3.97,"Humidity":-959.04,"TIMESTAMP":"2022-11-28T11:28:53.606Z","BATT":100,"INTERVAL":300},{"modelID":"ba-7e-1e-39-d7-38","modelType":"Wi-SHT10","DATAS":["Temperature","Humidity"],"Temperature":3.7,"Humidity":-959.04,"TIMESTAMP":"2022-11-28T11:24:38.053Z","BATT":100,"INTERVAL":300},{"modelID":"ba-7e-1e-39-d7-38","modelType":"Wi-SHT10","DATAS":["Temperature","Humidity"],"Temperature":3.8,"Humidity":-959.04,"TIMESTAMP":"2022-11-28T11:18:45.064Z","BATT":100,"INTERVAL":300},{"modelID":"ba-7e-1e-39-d7-38","modelType":"Wi-SHT10","DATAS":["Temperature","Humidity"],"Temperature":3.97,"Humidity":-959.04,"TIMESTAMP":"2022-11-28T11:14:41.952Z","BATT":100,"INTERVAL":300},{"modelID":"ba-7e-1e-39-d7-38","modelType":"Wi-SHT10","DATAS":["Temperature","Humidity"],"Temperature":3.57,"Humidity":-959.04,"TIMESTAMP":"2022-11-28T11:08:51.326Z","BATT":100,"INTERVAL":300},{"modelID":"ba-7e-1e-39-d7-38","modelType":"Wi-SHT10","DATAS":["Temperature","Humidity"],"Temperature":3.9,"Humidity":-959.04,"TIMESTAMP":"2022-11-28T11:04:38.125Z","BATT":100,"INTERVAL":300},{"modelID":"ba-7e-1e-39-d7-38","modelType":"Wi-SHT10","DATAS":["Temperature","Humidity"],"Temperature":3.8,"Humidity":-959.04,"TIMESTAMP":"2022-11-28T10:59:08.768Z","BATT":100,"INTERVAL":300},{"modelID":"ba-7e-1e-39-d7-38","modelType":"Wi-SHT10","DATAS":["Temperature","Humidity"],"Temperature":3.67,"Humidity":-959.04,"TIMESTAMP":"2022-11-28T10:53:45.786Z","BATT":100,"INTERVAL":300},{"modelID":"ba-7e-1e-39-d7-38","modelType":"Wi-SHT10","DATAS":["Temperature","Humidity"],"Temperature":4,"Humidity":-959.04,"TIMESTAMP":"2022-11-28T10:48:48.686Z","BATT":100,"INTERVAL":300},{"modelID":"ba-7e-1e-39-d7-38","modelType":"Wi-SHT10","DATAS":["Temperature","Humidity"],"Temperature":3.6,"Humidity":-959.04,"TIMESTAMP":"2022-11-28T10:44:06.636Z","BATT":100,"INTERVAL":300},{"modelID":"ba-7e-1e-39-d7-38","modelType":"Wi-SHT10","DATAS":["Temperature","Humidity"],"Temperature":3.83,"Humidity":-959.04,"TIMESTAMP":"2022-11-28T10:39:43.816Z","BATT":100,"INTERVAL":300},{"modelID":"ba-7e-1e-39-d7-38","modelType":"Wi-SHT10","DATAS":["Temperature","Humidity"],"Temperature":3.87,"Humidity":-959.04,"TIMESTAMP":"2022-11-28T10:33:48.757Z","BATT":100,"INTERVAL":300},{"modelID":"ba-7e-1e-39-d7-38","modelType":"Wi-SHT10","DATAS":["Temperature","Humidity"],"Temperature":3.6,"Humidity":-959.04,"TIMESTAMP":"2022-11-28T10:28:45.880Z","BATT":100,"INTERVAL":300},{"modelID":"ba-7e-1e-39-d7-38","modelType":"Wi-SHT10","DATAS":["Temperature","Humidity"],"Temperature":4,"Humidity":-959.04,"TIMESTAMP":"2022-11-28T10:24:25.678Z","BATT":100,"INTERVAL":300},{"modelID":"ba-7e-1e-39-d7-38","modelType":"Wi-SHT10","DATAS":["Temperature","Humidity"],"Temperature":3.77,"Humidity":-959.04,"TIMESTAMP":"2022-11-28T10:19:25.695Z","BATT":100,"INTERVAL":300},{"modelID":"ba-7e-1e-39-d7-38","modelType":"Wi-SHT10","DATAS":["Temperature","Humidity"],"Temperature":3.77,"Humidity":-959.04,"TIMESTAMP":"2022-11-28T10:13:45.957Z","BATT":100,"INTERVAL":300},{"modelID":"ba-7e-1e-39-d7-38","modelType":"Wi-SHT10","DATAS":["Temperature","Humidity"],"Temperature":4,"Humidity":-959.04,"TIMESTAMP":"2022-11-28T10:08:48.856Z","BATT":100,"INTERVAL":300},{"modelID":"ba-7e-1e-39-d7-38","modelType":"Wi-SHT10","DATAS":["Temperature","Humidity"],"Temperature":3.6,"Humidity":-959.04,"TIMESTAMP":"2022-11-28T10:04:04.932Z","BATT":100,"INTERVAL":300},{"modelID":"ba-7e-1e-39-d7-38","modelType":"Wi-SHT10","DATAS":["Temperature","Humidity"],"Temperature":3.94,"Humidity":-959.04,"TIMESTAMP":"2022-11-28T09:59:14.875Z","BATT":100,"INTERVAL":300},{"modelID":"ba-7e-1e-39-d7-38","modelType":"Wi-SHT10","DATAS":["Temperature","Humidity"],"Temperature":3.73,"Humidity":-959.04,"TIMESTAMP":"2022-11-28T09:53:54.014Z","BATT":100,"INTERVAL":300},{"modelID":"ba-7e-1e-39-d7-38","modelType":"Wi-SHT10","DATAS":["Temperature","Humidity"],"Temperature":3.7,"Humidity":-959.04,"TIMESTAMP":"2022-11-28T09:48:46.054Z","BATT":100,"INTERVAL":300},{"modelID":"ba-7e-1e-39-d7-38","modelType":"Wi-SHT10","DATAS":["Temperature","Humidity"],"Temperature":4,"Humidity":-959.04,"TIMESTAMP":"2022-11-28T09:44:05.587Z","BATT":100,"INTERVAL":300},{"modelID":"ba-7e-1e-39-d7-38","modelType":"Wi-SHT10","DATAS":["Temperature","Humidity"],"Temperature":3.63,"Humidity":-959.04,"TIMESTAMP":"2022-11-28T09:39:05.049Z","BATT":100,"INTERVAL":300},{"modelID":"ba-7e-1e-39-d7-38","modelType":"Wi-SHT10","DATAS":["Temperature","Humidity"],"Temperature":3.94,"Humidity":-959.04,"TIMESTAMP":"2022-11-28T09:33:51.728Z","BATT":100,"INTERVAL":300},{"modelID":"ba-7e-1e-39-d7-38","modelType":"Wi-SHT10","DATAS":["Temperature","Humidity"],"Temperature":3.9,"Humidity":-959.04,"TIMESTAMP":"2022-11-28T09:29:05.668Z","BATT":100,"INTERVAL":300},{"modelID":"ba-7e-1e-39-d7-38","modelType":"Wi-SHT10","DATAS":["Temperature","Humidity"],"Temperature":3.63,"Humidity":-959.04,"TIMESTAMP":"2022-11-28T09:23:46.169Z","BATT":100,"INTERVAL":300},{"modelID":"ba-7e-1e-39-d7-38","modelType":"Wi-SHT10","DATAS":["Temperature","Humidity"],"Temperature":4,"Humidity":-959.04,"TIMESTAMP":"2022-11-28T09:18:54.168Z","BATT":100,"INTERVAL":300},{"modelID":"ba-7e-1e-39-d7-38","modelType":"Wi-SHT10","DATAS":["Temperature","Humidity"],"Temperature":3.7,"Humidity":-959.04,"TIMESTAMP":"2022-11-28T09:14:26.268Z","BATT":100,"INTERVAL":300},{"modelID":"ba-7e-1e-39-d7-38","modelType":"Wi-SHT10","DATAS":["Temperature","Humidity"],"Temperature":3.77,"Humidity":-959.04,"TIMESTAMP":"2022-11-28T09:09:14.350Z","BATT":100,"INTERVAL":300},{"modelID":"ba-7e-1e-39-d7-38","modelType":"Wi-SHT10","DATAS":["Temperature","Humidity"],"Temperature":4.04,"Humidity":-959.04,"TIMESTAMP":"2022-11-28T09:03:49.135Z","BATT":100,"INTERVAL":300},{"modelID":"ba-7e-1e-39-d7-38","modelType":"Wi-SHT10","DATAS":["Temperature","Humidity"],"Temperature":3.6,"Humidity":-959.04,"TIMESTAMP":"2022-11-28T08:58:45.670Z","BATT":100,"INTERVAL":300},{"modelID":"ba-7e-1e-39-d7-38","modelType":"Wi-SHT10","DATAS":["Temperature","Humidity"],"Temperature":3.97,"Humidity":-959.04,"TIMESTAMP":"2022-11-28T08:54:07.108Z","BATT":100,"INTERVAL":300},{"modelID":"ba-7e-1e-39-d7-38","modelType":"Wi-SHT10","DATAS":["Temperature","Humidity"],"Temperature":3.83,"Humidity":-959.04,"TIMESTAMP":"2022-11-28T08:49:05.830Z","BATT":100,"INTERVAL":300},{"modelID":"ba-7e-1e-39-d7-38","modelType":"Wi-SHT10","DATAS":["Temperature","Humidity"],"Temperature":3.63,"Humidity":-959.04,"TIMESTAMP":"2022-11-28T08:44:14.468Z","BATT":100,"INTERVAL":300},{"modelID":"ba-7e-1e-39-d7-38","modelType":"Wi-SHT10","DATAS":["Temperature","Humidity"],"Temperature":4.04,"Humidity":-959.04,"TIMESTAMP":"2022-11-28T08:39:05.890Z","BATT":100,"INTERVAL":300},{"modelID":"ba-7e-1e-39-d7-38","modelType":"Wi-SHT10","DATAS":["Temperature","Humidity"],"Temperature":3.63,"Humidity":-959.04,"TIMESTAMP":"2022-11-28T08:34:05.329Z","BATT":100,"INTERVAL":300},{"modelID":"ba-7e-1e-39-d7-38","modelType":"Wi-SHT10","DATAS":["Temperature","Humidity"],"Temperature":3.94,"Humidity":-959.04,"TIMESTAMP":"2022-11-28T08:28:45.808Z","BATT":100,"INTERVAL":300},{"modelID":"ba-7e-1e-39-d7-38","modelType":"Wi-SHT10","DATAS":["Temperature","Humidity"],"Temperature":3.97,"Humidity":-959.04,"TIMESTAMP":"2022-11-28T08:24:05.950Z","BATT":100,"INTERVAL":300},{"modelID":"ba-7e-1e-39-d7-38","modelType":"Wi-SHT10","DATAS":["Temperature","Humidity"],"Temperature":3.63,"Humidity":-959.04,"TIMESTAMP":"2022-11-28T08:18:46.450Z","BATT":100,"INTERVAL":300},{"modelID":"ba-7e-1e-39-d7-38","modelType":"Wi-SHT10","DATAS":["Temperature","Humidity"],"Temperature":4,"Humidity":-959.04,"TIMESTAMP":"2022-11-28T08:14:15.330Z","BATT":100,"INTERVAL":300},{"modelID":"ba-7e-1e-39-d7-38","modelType":"Wi-SHT10","DATAS":["Temperature","Humidity"],"Temperature":3.73,"Humidity":-959.04,"TIMESTAMP":"2022-11-28T08:09:15.357Z","BATT":100,"INTERVAL":300},{"modelID":"ba-7e-1e-39-d7-38","modelType":"Wi-SHT10","DATAS":["Temperature","Humidity"],"Temperature":3.73,"Humidity":-959.04,"TIMESTAMP":"2022-11-28T08:04:14.629Z","BATT":100,"INTERVAL":300},{"modelID":"ba-7e-1e-39-d7-38","modelType":"Wi-SHT10","DATAS":["Temperature","Humidity"],"Temperature":4.04,"Humidity":-959.04,"TIMESTAMP":"2022-11-28T07:59:09.550Z","BATT":100,"INTERVAL":300},{"modelID":"ba-7e-1e-39-d7-38","modelType":"Wi-SHT10","DATAS":["Temperature","Humidity"],"Temperature":3.67,"Humidity":-959.04,"TIMESTAMP":"2022-11-28T07:53:46.570Z","BATT":100,"INTERVAL":300},{"modelID":"ba-7e-1e-39-d7-38","modelType":"Wi-SHT10","DATAS":["Temperature","Humidity"],"Temperature":4,"Humidity":-959.04,"TIMESTAMP":"2022-11-28T07:49:05.539Z","BATT":100,"INTERVAL":300},{"modelID":"ba-7e-1e-39-d7-38","modelType":"Wi-SHT10","DATAS":["Temperature","Humidity"],"Temperature":3.94,"Humidity":-959.04,"TIMESTAMP":"2022-11-28T07:44:09.618Z","BATT":100,"INTERVAL":300},{"modelID":"ba-7e-1e-39-d7-38","modelType":"Wi-SHT10","DATAS":["Temperature","Humidity"],"Temperature":3.67,"Humidity":-959.04,"TIMESTAMP":"2022-11-28T07:39:27.579Z","BATT":100,"INTERVAL":300},{"modelID":"ba-7e-1e-39-d7-38","modelType":"Wi-SHT10","DATAS":["Temperature","Humidity"],"Temperature":4.1,"Humidity":-959.04,"TIMESTAMP":"2022-11-28T07:34:15.501Z","BATT":100,"INTERVAL":300},{"modelID":"ba-7e-1e-39-d7-38","modelType":"Wi-SHT10","DATAS":["Temperature","Humidity"],"Temperature":3.73,"Humidity":-959.04,"TIMESTAMP":"2022-11-28T07:29:05.621Z","BATT":100,"INTERVAL":300},{"modelID":"ba-7e-1e-39-d7-38","modelType":"Wi-SHT10","DATAS":["Temperature","Humidity"],"Temperature":3.94,"Humidity":-959.04,"TIMESTAMP":"2022-11-28T07:23:52.043Z","BATT":100,"INTERVAL":300},{"modelID":"ba-7e-1e-39-d7-38","modelType":"Wi-SHT10","DATAS":["Temperature","Humidity"],"Temperature":4.34,"Humidity":-959.04,"TIMESTAMP":"2022-11-28T07:19:46.833Z","BATT":100,"INTERVAL":300},{"modelID":"ba-7e-1e-39-d7-38","modelType":"Wi-SHT10","DATAS":["Temperature","Humidity"],"Temperature":3.87,"Humidity":-959.04,"TIMESTAMP":"2022-11-28T07:14:08.680Z","BATT":100,"INTERVAL":300},{"modelID":"ba-7e-1e-39-d7-38","modelType":"Wi-SHT10","DATAS":["Temperature","Humidity"],"Temperature":4.27,"Humidity":-959.04,"TIMESTAMP":"2022-11-28T07:09:39.160Z","BATT":100,"INTERVAL":300},{"modelID":"ba-7e-1e-39-d7-38","modelType":"Wi-SHT10","DATAS":["Temperature","Humidity"],"Temperature":3.8,"Humidity":-959.04,"TIMESTAMP":"2022-11-28T07:03:53.460Z","BATT":100,"INTERVAL":300},{"modelID":"ba-7e-1e-39-d7-38","modelType":"Wi-SHT10","DATAS":["Temperature","Humidity"],"Temperature":4.07,"Humidity":-959.04,"TIMESTAMP":"2022-11-28T06:59:16.261Z","BATT":100,"INTERVAL":300},{"modelID":"ba-7e-1e-39-d7-38","modelType":"Wi-SHT10","DATAS":["Temperature","Humidity"],"Temperature":4.14,"Humidity":-959.04,"TIMESTAMP":"2022-11-28T06:54:26.580Z","BATT":100,"INTERVAL":300},{"modelID":"ba-7e-1e-39-d7-38","modelType":"Wi-SHT10","DATAS":["Temperature","Humidity"],"Temperature":3.77,"Humidity":-959.04,"TIMESTAMP":"2022-11-28T06:49:36.381Z","BATT":100,"INTERVAL":300},{"modelID":"ba-7e-1e-39-d7-38","modelType":"Wi-SHT10","DATAS":["Temperature","Humidity"],"Temperature":4.2,"Humidity":-959.04,"TIMESTAMP":"2022-11-28T06:44:46.965Z","BATT":100,"INTERVAL":300},{"modelID":"ba-7e-1e-39-d7-38","modelType":"Wi-SHT10","DATAS":["Temperature","Humidity"],"Temperature":3.87,"Humidity":-959.04,"TIMESTAMP":"2022-11-28T06:38:52.500Z","BATT":100,"INTERVAL":300},{"modelID":"ba-7e-1e-39-d7-38","modelType":"Wi-SHT10","DATAS":["Temperature","Humidity"],"Temperature":3.9,"Humidity":-959.04,"TIMESTAMP":"2022-11-28T06:34:14.921Z","BATT":100,"INTERVAL":300},{"modelID":"ba-7e-1e-39-d7-38","modelType":"Wi-SHT10","DATAS":["Temperature","Humidity"],"Temperature":4.24,"Humidity":-959.04,"TIMESTAMP":"2022-11-28T06:29:26.680Z","BATT":100,"INTERVAL":300},{"modelID":"ba-7e-1e-39-d7-38","modelType":"Wi-SHT10","DATAS":["Temperature","Humidity"],"Temperature":3.77,"Humidity":-959.04,"TIMESTAMP":"2022-11-28T06:24:16.401Z","BATT":100,"INTERVAL":300},{"modelID":"ba-7e-1e-39-d7-38","modelType":"Wi-SHT10","DATAS":["Temperature","Humidity"],"Temperature":4.14,"Humidity":-959.04,"TIMESTAMP":"2022-11-28T06:18:53.720Z","BATT":100,"INTERVAL":300},{"modelID":"ba-7e-1e-39-d7-38","modelType":"Wi-SHT10","DATAS":["Temperature","Humidity"],"Temperature":4.07,"Humidity":-959.04,"TIMESTAMP":"2022-11-28T06:14:26.760Z","BATT":100,"INTERVAL":300},{"modelID":"ba-7e-1e-39-d7-38","modelType":"Wi-SHT10","DATAS":["Temperature","Humidity"],"Temperature":3.77,"Humidity":-959.04,"TIMESTAMP":"2022-11-28T06:09:36.562Z","BATT":100,"INTERVAL":300},{"modelID":"ba-7e-1e-39-d7-38","modelType":"Wi-SHT10","DATAS":["Temperature","Humidity"],"Temperature":4.2,"Humidity":-959.04,"TIMESTAMP":"2022-11-28T06:04:07.853Z","BATT":100,"INTERVAL":300},{"modelID":"ba-7e-1e-39-d7-38","modelType":"Wi-SHT10","DATAS":["Temperature","Humidity"],"Temperature":3.83,"Humidity":-959.04,"TIMESTAMP":"2022-11-28T05:58:52.675Z","BATT":100,"INTERVAL":300},{"modelID":"ba-7e-1e-39-d7-38","modelType":"Wi-SHT10","DATAS":["Temperature","Humidity"],"Temperature":3.9,"Humidity":-959.04,"TIMESTAMP":"2022-11-28T05:54:36.614Z","BATT":100,"INTERVAL":300},{"modelID":"ba-7e-1e-39-d7-38","modelType":"Wi-SHT10","DATAS":["Temperature","Humidity"],"Temperature":4.2,"Humidity":-959.04,"TIMESTAMP":"2022-11-28T05:49:26.854Z","BATT":100,"INTERVAL":300},{"modelID":"ba-7e-1e-39-d7-38","modelType":"Wi-SHT10","DATAS":["Temperature","Humidity"],"Temperature":3.77,"Humidity":-959.04,"TIMESTAMP":"2022-11-28T05:44:28.056Z","BATT":100,"INTERVAL":300},{"modelID":"ba-7e-1e-39-d7-38","modelType":"Wi-SHT10","DATAS":["Temperature","Humidity"],"Temperature":4.1,"Humidity":-959.04,"TIMESTAMP":"2022-11-28T05:39:15.274Z","BATT":100,"INTERVAL":300},{"modelID":"ba-7e-1e-39-d7-38","modelType":"Wi-SHT10","DATAS":["Temperature","Humidity"],"Temperature":4.04,"Humidity":-959.04,"TIMESTAMP":"2022-11-28T05:34:16.015Z","BATT":100,"INTERVAL":300},{"modelID":"ba-7e-1e-39-d7-38","modelType":"Wi-SHT10","DATAS":["Temperature","Humidity"],"Temperature":3.73,"Humidity":-959.04,"TIMESTAMP":"2022-11-28T05:29:36.733Z","BATT":100,"INTERVAL":300},{"modelID":"ba-7e-1e-39-d7-38","modelType":"Wi-SHT10","DATAS":["Temperature","Humidity"],"Temperature":4.2,"Humidity":-959.04,"TIMESTAMP":"2022-11-28T05:24:39.697Z","BATT":100,"INTERVAL":300},{"modelID":"ba-7e-1e-39-d7-38","modelType":"Wi-SHT10","DATAS":["Temperature","Humidity"],"Temperature":3.8,"Humidity":-959.04,"TIMESTAMP":"2022-11-28T05:18:47.234Z","BATT":100,"INTERVAL":300},{"modelID":"ba-7e-1e-39-d7-38","modelType":"Wi-SHT10","DATAS":["Temperature","Humidity"],"Temperature":4,"Humidity":-959.04,"TIMESTAMP":"2022-11-28T05:14:36.796Z","BATT":100,"INTERVAL":300},{"modelID":"ba-7e-1e-39-d7-38","modelType":"Wi-SHT10","DATAS":["Temperature","Humidity"],"Temperature":4.2,"Humidity":-959.04,"TIMESTAMP":"2022-11-28T05:09:27.035Z","BATT":100,"INTERVAL":300},{"modelID":"ba-7e-1e-39-d7-38","modelType":"Wi-SHT10","DATAS":["Temperature","Humidity"],"Temperature":3.77,"Humidity":-959.04,"TIMESTAMP":"2022-11-28T05:04:38.655Z","BATT":100,"INTERVAL":300},{"modelID":"ba-7e-1e-39-d7-38","modelType":"Wi-SHT10","DATAS":["Temperature","Humidity"],"Temperature":4.17,"Humidity":-959.04,"TIMESTAMP":"2022-11-28T04:58:53.427Z","BATT":100,"INTERVAL":300},{"modelID":"ba-7e-1e-39-d7-38","modelType":"Wi-SHT10","DATAS":["Temperature","Humidity"],"Temperature":3.9,"Humidity":-959.04,"TIMESTAMP":"2022-11-28T04:54:08.154Z","BATT":100,"INTERVAL":300},{"modelID":"ba-7e-1e-39-d7-38","modelType":"Wi-SHT10","DATAS":["Temperature","Humidity"],"Temperature":3.83,"Humidity":-959.04,"TIMESTAMP":"2022-11-28T04:49:36.894Z","BATT":100,"INTERVAL":300},{"modelID":"ba-7e-1e-39-d7-38","modelType":"Wi-SHT10","DATAS":["Temperature","Humidity"],"Temperature":4.2,"Humidity":-959.04,"TIMESTAMP":"2022-11-28T04:44:27.155Z","BATT":100,"INTERVAL":300},{"modelID":"ba-7e-1e-39-d7-38","modelType":"Wi-SHT10","DATAS":["Temperature","Humidity"],"Temperature":3.77,"Humidity":-959.04,"TIMESTAMP":"2022-11-28T04:39:16.856Z","BATT":100,"INTERVAL":300},{"modelID":"ba-7e-1e-39-d7-38","modelType":"Wi-SHT10","DATAS":["Temperature","Humidity"],"Temperature":4.14,"Humidity":-959.04,"TIMESTAMP":"2022-11-28T04:33:54.115Z","BATT":100,"INTERVAL":300},{"modelID":"ba-7e-1e-39-d7-38","modelType":"Wi-SHT10","DATAS":["Temperature","Humidity"],"Temperature":4.07,"Humidity":-959.04,"TIMESTAMP":"2022-11-28T04:29:27.215Z","BATT":100,"INTERVAL":300},{"modelID":"ba-7e-1e-39-d7-38","modelType":"Wi-SHT10","DATAS":["Temperature","Humidity"],"Temperature":3.77,"Humidity":-959.04,"TIMESTAMP":"2022-11-28T04:24:38.836Z","BATT":100,"INTERVAL":300},{"modelID":"ba-7e-1e-39-d7-38","modelType":"Wi-SHT10","DATAS":["Temperature","Humidity"],"Temperature":4.17,"Humidity":-959.04,"TIMESTAMP":"2022-11-28T04:19:41.591Z","BATT":100,"INTERVAL":300},{"modelID":"ba-7e-1e-39-d7-38","modelType":"Wi-SHT10","DATAS":["Temperature","Humidity"],"Temperature":3.8,"Humidity":-959.04,"TIMESTAMP":"2022-11-28T04:13:55.235Z","BATT":100,"INTERVAL":300},{"modelID":"ba-7e-1e-39-d7-38","modelType":"Wi-SHT10","DATAS":["Temperature","Humidity"],"Temperature":3.9,"Humidity":-959.04,"TIMESTAMP":"2022-11-28T04:09:38.895Z","BATT":100,"INTERVAL":300},{"modelID":"ba-7e-1e-39-d7-38","modelType":"Wi-SHT10","DATAS":["Temperature","Humidity"],"Temperature":4.17,"Humidity":-959.04,"TIMESTAMP":"2022-11-28T04:04:16.417Z","BATT":100,"INTERVAL":300},{"modelID":"ba-7e-1e-39-d7-38","modelType":"Wi-SHT10","DATAS":["Temperature","Humidity"],"Temperature":3.73,"Humidity":-959.04,"TIMESTAMP":"2022-11-28T03:59:17.036Z","BATT":100,"INTERVAL":300},{"modelID":"ba-7e-1e-39-d7-38","modelType":"Wi-SHT10","DATAS":["Temperature","Humidity"],"Temperature":4.14,"Humidity":-959.04,"TIMESTAMP":"2022-11-28T03:54:15.717Z","BATT":100,"INTERVAL":300},{"modelID":"ba-7e-1e-39-d7-38","modelType":"Wi-SHT10","DATAS":["Temperature","Humidity"],"Temperature":4.2,"Humidity":-959.04,"TIMESTAMP":"2022-11-28T03:39:41.493Z","BATT":100,"INTERVAL":300},{"modelID":"ba-7e-1e-39-d7-38","modelType":"Wi-SHT10","DATAS":["Temperature","Humidity"],"Temperature":3.8,"Humidity":-959.04,"TIMESTAMP":"2022-11-28T03:33:54.370Z","BATT":100,"INTERVAL":300},{"modelID":"ba-7e-1e-39-d7-38","modelType":"Wi-SHT10","DATAS":["Temperature","Humidity"],"Temperature":3.7,"Humidity":-959.04,"TIMESTAMP":"2022-11-28T03:19:39.124Z","BATT":100,"INTERVAL":300},{"modelID":"ba-7e-1e-39-d7-38","modelType":"Wi-SHT10","DATAS":["Temperature","Humidity"],"Temperature":4.17,"Humidity":-959.04,"TIMESTAMP":"2022-11-28T03:13:53.395Z","BATT":100,"INTERVAL":300},{"modelID":"ba-7e-1e-39-d7-38","modelType":"Wi-SHT10","DATAS":["Temperature","Humidity"],"Temperature":3.9,"Humidity":-959.04,"TIMESTAMP":"2022-11-28T03:09:41.329Z","BATT":100,"INTERVAL":300},{"modelID":"ba-7e-1e-39-d7-38","modelType":"Wi-SHT10","DATAS":["Temperature","Humidity"],"Temperature":3.8,"Humidity":-959.04,"TIMESTAMP":"2022-11-28T03:04:39.922Z","BATT":100,"INTERVAL":300},{"modelID":"ba-7e-1e-39-d7-38","modelType":"Wi-SHT10","DATAS":["Temperature","Humidity"],"Temperature":4.17,"Humidity":-959.04,"TIMESTAMP":"2022-11-28T02:59:27.601Z","BATT":100,"INTERVAL":300},{"modelID":"ba-7e-1e-39-d7-38","modelType":"Wi-SHT10","DATAS":["Temperature","Humidity"],"Temperature":3.77,"Humidity":-959.04,"TIMESTAMP":"2022-11-28T02:53:54.540Z","BATT":100,"INTERVAL":300},{"modelID":"ba-7e-1e-39-d7-38","modelType":"Wi-SHT10","DATAS":["Temperature","Humidity"],"Temperature":4.07,"Humidity":-959.04,"TIMESTAMP":"2022-11-28T02:49:28.824Z","BATT":100,"INTERVAL":300},{"modelID":"ba-7e-1e-39-d7-38","modelType":"Wi-SHT10","DATAS":["Temperature","Humidity"],"Temperature":4.1,"Humidity":-959.04,"TIMESTAMP":"2022-11-28T02:44:27.653Z","BATT":100,"INTERVAL":300},{"modelID":"ba-7e-1e-39-d7-38","modelType":"Wi-SHT10","DATAS":["Temperature","Humidity"],"Temperature":4.2,"Humidity":-959.04,"TIMESTAMP":"2022-11-28T02:34:08.773Z","BATT":100,"INTERVAL":300},{"modelID":"ba-7e-1e-39-d7-38","modelType":"Wi-SHT10","DATAS":["Temperature","Humidity"],"Temperature":3.83,"Humidity":-959.04,"TIMESTAMP":"2022-11-28T02:29:06.920Z","BATT":100,"INTERVAL":300},{"modelID":"ba-7e-1e-39-d7-38","modelType":"Wi-SHT10","DATAS":["Temperature","Humidity"],"Temperature":3.94,"Humidity":-959.04,"TIMESTAMP":"2022-11-28T02:24:37.525Z","BATT":100,"INTERVAL":300},{"modelID":"ba-7e-1e-39-d7-38","modelType":"Wi-SHT10","DATAS":["Temperature","Humidity"],"Temperature":4.2,"Humidity":-959.04,"TIMESTAMP":"2022-11-28T02:19:27.783Z","BATT":100,"INTERVAL":300},{"modelID":"ba-7e-1e-39-d7-38","modelType":"Wi-SHT10","DATAS":["Temperature","Humidity"],"Temperature":3.77,"Humidity":-959.04,"TIMESTAMP":"2022-11-28T02:14:39.400Z","BATT":100,"INTERVAL":300},{"modelID":"ba-7e-1e-39-d7-38","modelType":"Wi-SHT10","DATAS":["Temperature","Humidity"],"Temperature":4.17,"Humidity":-959.04,"TIMESTAMP":"2022-11-28T02:09:16.175Z","BATT":100,"INTERVAL":300},{"modelID":"ba-7e-1e-39-d7-38","modelType":"Wi-SHT10","DATAS":["Temperature","Humidity"],"Temperature":4.04,"Humidity":-959.04,"TIMESTAMP":"2022-11-28T02:04:41.518Z","BATT":100,"INTERVAL":300},{"modelID":"ba-7e-1e-39-d7-38","modelType":"Wi-SHT10","DATAS":["Temperature","Humidity"],"Temperature":3.8,"Humidity":-959.04,"TIMESTAMP":"2022-11-28T01:59:37.635Z","BATT":100,"INTERVAL":300},{"modelID":"ba-7e-1e-39-d7-38","modelType":"Wi-SHT10","DATAS":["Temperature","Humidity"],"Temperature":4.2,"Humidity":-959.04,"TIMESTAMP":"2022-11-28T01:54:28.203Z","BATT":100,"INTERVAL":300},{"modelID":"ba-7e-1e-39-d7-38","modelType":"Wi-SHT10","DATAS":["Temperature","Humidity"],"Temperature":3.77,"Humidity":-959.04,"TIMESTAMP":"2022-11-28T01:48:54.825Z","BATT":100,"INTERVAL":300},{"modelID":"ba-7e-1e-39-d7-38","modelType":"Wi-SHT10","DATAS":["Temperature","Humidity"],"Temperature":4.07,"Humidity":-959.04,"TIMESTAMP":"2022-11-28T01:44:17.628Z","BATT":100,"INTERVAL":300},{"modelID":"ba-7e-1e-39-d7-38","modelType":"Wi-SHT10","DATAS":["Temperature","Humidity"],"Temperature":4.14,"Humidity":-959.04,"TIMESTAMP":"2022-11-28T01:39:17.046Z","BATT":100,"INTERVAL":300},{"modelID":"ba-7e-1e-39-d7-38","modelType":"Wi-SHT10","DATAS":["Temperature","Humidity"],"Temperature":3.73,"Humidity":-959.04,"TIMESTAMP":"2022-11-28T01:34:37.761Z","BATT":100,"INTERVAL":300},{"modelID":"ba-7e-1e-39-d7-38","modelType":"Wi-SHT10","DATAS":["Temperature","Humidity"],"Temperature":4.2,"Humidity":-959.04,"TIMESTAMP":"2022-11-28T01:28:47.635Z","BATT":100,"INTERVAL":300},{"modelID":"ba-7e-1e-39-d7-38","modelType":"Wi-SHT10","DATAS":["Temperature","Humidity"],"Temperature":3.97,"Humidity":-959.04,"TIMESTAMP":"2022-11-28T01:24:41.484Z","BATT":100,"INTERVAL":300},{"modelID":"ba-7e-1e-39-d7-38","modelType":"Wi-SHT10","DATAS":["Temperature","Humidity"],"Temperature":3.8,"Humidity":-959.04,"TIMESTAMP":"2022-11-28T01:19:39.709Z","BATT":100,"INTERVAL":300},{"modelID":"ba-7e-1e-39-d7-38","modelType":"Wi-SHT10","DATAS":["Temperature","Humidity"],"Temperature":3.77,"Humidity":-959.04,"TIMESTAMP":"2022-11-28T01:09:29.256Z","BATT":100,"INTERVAL":300},{"modelID":"ba-7e-1e-39-d7-38","modelType":"Wi-SHT10","DATAS":["Temperature","Humidity"],"Temperature":4.07,"Humidity":-959.04,"TIMESTAMP":"2022-11-28T00:59:21.401Z","BATT":100,"INTERVAL":300},{"modelID":"ba-7e-1e-39-d7-38","modelType":"Wi-SHT10","DATAS":["Temperature","Humidity"],"Temperature":3.73,"Humidity":-959.04,"TIMESTAMP":"2022-11-28T00:54:17.834Z","BATT":100,"INTERVAL":300},{"modelID":"ba-7e-1e-39-d7-38","modelType":"Wi-SHT10","DATAS":["Temperature","Humidity"],"Temperature":4.14,"Humidity":-959.04,"TIMESTAMP":"2022-11-28T00:49:41.966Z","BATT":100,"INTERVAL":300},{"modelID":"ba-7e-1e-39-d7-38","modelType":"Wi-SHT10","DATAS":["Temperature","Humidity"],"Temperature":3.8,"Humidity":-959.04,"TIMESTAMP":"2022-11-28T00:43:54.036Z","BATT":100,"INTERVAL":300},{"modelID":"ba-7e-1e-39-d7-38","modelType":"Wi-SHT10","DATAS":["Temperature","Humidity"],"Temperature":3.9,"Humidity":-959.04,"TIMESTAMP":"2022-11-28T00:39:40.431Z","BATT":100,"INTERVAL":300},{"modelID":"ba-7e-1e-39-d7-38","modelType":"Wi-SHT10","DATAS":["Temperature","Humidity"],"Temperature":4.17,"Humidity":-959.04,"TIMESTAMP":"2022-11-28T00:34:17.334Z","BATT":100,"INTERVAL":300},{"modelID":"ba-7e-1e-39-d7-38","modelType":"Wi-SHT10","DATAS":["Temperature","Humidity"],"Temperature":3.73,"Humidity":-959.04,"TIMESTAMP":"2022-11-28T00:29:39.854Z","BATT":100,"INTERVAL":300},{"modelID":"ba-7e-1e-39-d7-38","modelType":"Wi-SHT10","DATAS":["Temperature","Humidity"],"Temperature":4.17,"Humidity":-959.04,"TIMESTAMP":"2022-11-28T00:24:07.454Z","BATT":100,"INTERVAL":300},{"modelID":"ba-7e-1e-39-d7-38","modelType":"Wi-SHT10","DATAS":["Temperature","Humidity"],"Temperature":3.94,"Humidity":-959.04,"TIMESTAMP":"2022-11-28T00:19:09.354Z","BATT":100,"INTERVAL":300},{"modelID":"ba-7e-1e-39-d7-38","modelType":"Wi-SHT10","DATAS":["Temperature","Humidity"],"Temperature":3.83,"Humidity":-959.04,"TIMESTAMP":"2022-11-28T00:14:38.115Z","BATT":100,"INTERVAL":300},{"modelID":"ba-7e-1e-39-d7-38","modelType":"Wi-SHT10","DATAS":["Temperature","Humidity"],"Temperature":4.2,"Humidity":-959.04,"TIMESTAMP":"2022-11-28T00:09:40.974Z","BATT":100,"INTERVAL":300},{"modelID":"ba-7e-1e-39-d7-38","modelType":"Wi-SHT10","DATAS":["Temperature","Humidity"],"Temperature":3.8,"Humidity":-959.04,"TIMESTAMP":"2022-11-28T00:04:29.527Z","BATT":100,"INTERVAL":300},{"modelID":"ba-7e-1e-39-d7-38","modelType":"Wi-SHT10","DATAS":["Temperature","Humidity"],"Temperature":4.1,"Humidity":-959.04,"TIMESTAMP":"2022-11-27T23:59:18.075Z","BATT":100,"INTERVAL":300},{"modelID":"ba-7e-1e-39-d7-38","modelType":"Wi-SHT10","DATAS":["Temperature","Humidity"],"Temperature":3.77,"Humidity":-959.04,"TIMESTAMP":"2022-11-27T23:49:38.214Z","BATT":100,"INTERVAL":300},{"modelID":"ba-7e-1e-39-d7-38","modelType":"Wi-SHT10","DATAS":["Temperature","Humidity"],"Temperature":4.2,"Humidity":-959.04,"TIMESTAMP":"2022-11-27T23:43:54.313Z","BATT":100,"INTERVAL":300},{"modelID":"ba-7e-1e-39-d7-38","modelType":"Wi-SHT10","DATAS":["Temperature","Humidity"],"Temperature":3.9,"Humidity":-959.04,"TIMESTAMP":"2022-11-27T23:39:46.695Z","BATT":100,"INTERVAL":300},{"modelID":"ba-7e-1e-39-d7-38","modelType":"Wi-SHT10","DATAS":["Temperature","Humidity"],"Temperature":3.87,"Humidity":-959.04,"TIMESTAMP":"2022-11-27T23:34:40.091Z","BATT":100,"INTERVAL":300},{"modelID":"ba-7e-1e-39-d7-38","modelType":"Wi-SHT10","DATAS":["Temperature","Humidity"],"Temperature":4.17,"Humidity":-959.04,"TIMESTAMP":"2022-11-27T23:29:17.604Z","BATT":100,"INTERVAL":300},{"modelID":"ba-7e-1e-39-d7-38","modelType":"Wi-SHT10","DATAS":["Temperature","Humidity"],"Temperature":3.73,"Humidity":-959.04,"TIMESTAMP":"2022-11-27T23:24:18.227Z","BATT":100,"INTERVAL":300},{"modelID":"ba-7e-1e-39-d7-38","modelType":"Wi-SHT10","DATAS":["Temperature","Humidity"],"Temperature":4.14,"Humidity":-959.04,"TIMESTAMP":"2022-11-27T23:18:48.806Z","BATT":100,"INTERVAL":300},{"modelID":"ba-7e-1e-39-d7-38","modelType":"Wi-SHT10","DATAS":["Temperature","Humidity"],"Temperature":4,"Humidity":-959.04,"TIMESTAMP":"2022-11-27T23:14:29.436Z","BATT":100,"INTERVAL":300},{"modelID":"ba-7e-1e-39-d7-38","modelType":"Wi-SHT10","DATAS":["Temperature","Humidity"],"Temperature":3.77,"Humidity":-959.04,"TIMESTAMP":"2022-11-27T23:09:38.684Z","BATT":100,"INTERVAL":300},{"modelID":"ba-7e-1e-39-d7-38","modelType":"Wi-SHT10","DATAS":["Temperature","Humidity"],"Temperature":4.2,"Humidity":-959.04,"TIMESTAMP":"2022-11-27T23:04:41.571Z","BATT":100,"INTERVAL":300},{"modelID":"ba-7e-1e-39-d7-38","modelType":"Wi-SHT10","DATAS":["Temperature","Humidity"],"Temperature":3.8,"Humidity":-959.04,"TIMESTAMP":"2022-11-27T22:59:07.832Z","BATT":100,"INTERVAL":300},{"modelID":"ba-7e-1e-39-d7-38","modelType":"Wi-SHT10","DATAS":["Temperature","Humidity"],"Temperature":3.94,"Humidity":-959.04,"TIMESTAMP":"2022-11-27T22:54:40.271Z","BATT":100,"INTERVAL":300},{"modelID":"ba-7e-1e-39-d7-38","modelType":"Wi-SHT10","DATAS":["Temperature","Humidity"],"Temperature":4.17,"Humidity":-959.04,"TIMESTAMP":"2022-11-27T22:49:17.786Z","BATT":100,"INTERVAL":300},{"modelID":"ba-7e-1e-39-d7-38","modelType":"Wi-SHT10","DATAS":["Temperature","Humidity"],"Temperature":3.73,"Humidity":-959.04,"TIMESTAMP":"2022-11-27T22:44:18.407Z","BATT":100,"INTERVAL":300},{"modelID":"ba-7e-1e-39-d7-38","modelType":"Wi-SHT10","DATAS":["Temperature","Humidity"],"Temperature":4.14,"Humidity":-959.04,"TIMESTAMP":"2022-11-27T22:39:46.967Z","BATT":100,"INTERVAL":300},{"modelID":"ba-7e-1e-39-d7-38","modelType":"Wi-SHT10","DATAS":["Temperature","Humidity"],"Temperature":3.87,"Humidity":-959.04,"TIMESTAMP":"2022-11-27T22:34:11.301Z","BATT":100,"INTERVAL":300},{"modelID":"ba-7e-1e-39-d7-38","modelType":"Wi-SHT10","DATAS":["Temperature","Humidity"],"Temperature":3.83,"Humidity":-959.04,"TIMESTAMP":"2022-11-27T22:29:38.554Z","BATT":100,"INTERVAL":300},{"modelID":"ba-7e-1e-39-d7-38","modelType":"Wi-SHT10","DATAS":["Temperature","Humidity"],"Temperature":4.2,"Humidity":-959.04,"TIMESTAMP":"2022-11-27T22:24:17.904Z","BATT":100,"INTERVAL":300},{"modelID":"ba-7e-1e-39-d7-38","modelType":"Wi-SHT10","DATAS":["Temperature","Humidity"],"Temperature":3.73,"Humidity":-959.04,"TIMESTAMP":"2022-11-27T22:19:18.509Z","BATT":100,"INTERVAL":300},{"modelID":"ba-7e-1e-39-d7-38","modelType":"Wi-SHT10","DATAS":["Temperature","Humidity"],"Temperature":4.14,"Humidity":-959.04,"TIMESTAMP":"2022-11-27T22:13:58.200Z","BATT":100,"INTERVAL":300},{"modelID":"ba-7e-1e-39-d7-38","modelType":"Wi-SHT10","DATAS":["Temperature","Humidity"],"Temperature":4.07,"Humidity":-959.04,"TIMESTAMP":"2022-11-27T22:09:17.955Z","BATT":100,"INTERVAL":300},{"modelID":"ba-7e-1e-39-d7-38","modelType":"Wi-SHT10","DATAS":["Temperature","Humidity"],"Temperature":3.73,"Humidity":-959.04,"TIMESTAMP":"2022-11-27T22:04:38.654Z","BATT":100,"INTERVAL":300},{"modelID":"ba-7e-1e-39-d7-38","modelType":"Wi-SHT10","DATAS":["Temperature","Humidity"],"Temperature":4.2,"Humidity":-959.04,"TIMESTAMP":"2022-11-27T21:59:41.562Z","BATT":100,"INTERVAL":300},{"modelID":"ba-7e-1e-39-d7-38","modelType":"Wi-SHT10","DATAS":["Temperature","Humidity"],"Temperature":3.9,"Humidity":-959.04,"TIMESTAMP":"2022-11-27T21:49:40.545Z","BATT":100,"INTERVAL":300},{"modelID":"ba-7e-1e-39-d7-38","modelType":"Wi-SHT10","DATAS":["Temperature","Humidity"],"Temperature":4.17,"Humidity":-959.04,"TIMESTAMP":"2022-11-27T21:44:28.964Z","BATT":100,"INTERVAL":300},{"modelID":"ba-7e-1e-39-d7-38","modelType":"Wi-SHT10","DATAS":["Temperature","Humidity"],"Temperature":3.77,"Humidity":-959.04,"TIMESTAMP":"2022-11-27T21:39:40.600Z","BATT":100,"INTERVAL":300},{"modelID":"ba-7e-1e-39-d7-38","modelType":"Wi-SHT10","DATAS":["Temperature","Humidity"],"Temperature":4.17,"Humidity":-959.04,"TIMESTAMP":"2022-11-27T21:33:50.990Z","BATT":100,"INTERVAL":300},{"modelID":"ba-7e-1e-39-d7-38","modelType":"Wi-SHT10","DATAS":["Temperature","Humidity"],"Temperature":4,"Humidity":-959.04,"TIMESTAMP":"2022-11-27T21:29:29.031Z","BATT":100,"INTERVAL":300},{"modelID":"ba-7e-1e-39-d7-38","modelType":"Wi-SHT10","DATAS":["Temperature","Humidity"],"Temperature":3.77,"Humidity":-959.04,"TIMESTAMP":"2022-11-27T21:24:38.833Z","BATT":100,"INTERVAL":300},{"modelID":"ba-7e-1e-39-d7-38","modelType":"Wi-SHT10","DATAS":["Temperature","Humidity"],"Temperature":4.2,"Humidity":-959.04,"TIMESTAMP":"2022-11-27T21:19:41.721Z","BATT":100,"INTERVAL":300},{"modelID":"ba-7e-1e-39-d7-38","modelType":"Wi-SHT10","DATAS":["Temperature","Humidity"],"Temperature":3.94,"Humidity":-959.04,"TIMESTAMP":"2022-11-27T21:09:40.719Z","BATT":100,"INTERVAL":300},{"modelID":"ba-7e-1e-39-d7-38","modelType":"Wi-SHT10","DATAS":["Temperature","Humidity"],"Temperature":4.17,"Humidity":-959.04,"TIMESTAMP":"2022-11-27T21:04:18.240Z","BATT":100,"INTERVAL":300},{"modelID":"ba-7e-1e-39-d7-38","modelType":"Wi-SHT10","DATAS":["Temperature","Humidity"],"Temperature":3.73,"Humidity":-959.04,"TIMESTAMP":"2022-11-27T20:59:18.860Z","BATT":100,"INTERVAL":300},{"modelID":"ba-7e-1e-39-d7-38","modelType":"Wi-SHT10","DATAS":["Temperature","Humidity"],"Temperature":3.97,"Humidity":-959.04,"TIMESTAMP":"2022-11-27T20:49:41.868Z","BATT":100,"INTERVAL":300},{"modelID":"ba-7e-1e-39-d7-38","modelType":"Wi-SHT10","DATAS":["Temperature","Humidity"],"Temperature":3.8,"Humidity":-959.04,"TIMESTAMP":"2022-11-27T20:44:39.011Z","BATT":100,"INTERVAL":300},{"modelID":"ba-7e-1e-39-d7-38","modelType":"Wi-SHT10","DATAS":["Temperature","Humidity"],"Temperature":4.2,"Humidity":-959.04,"TIMESTAMP":"2022-11-27T20:39:29.260Z","BATT":100,"INTERVAL":300},{"modelID":"ba-7e-1e-39-d7-38","modelType":"Wi-SHT10","DATAS":["Temperature","Humidity"],"Temperature":3.77,"Humidity":-959.04,"TIMESTAMP":"2022-11-27T20:34:17.631Z","BATT":100,"INTERVAL":300},{"modelID":"ba-7e-1e-39-d7-38","modelType":"Wi-SHT10","DATAS":["Temperature","Humidity"],"Temperature":4.04,"Humidity":-959.04,"TIMESTAMP":"2022-11-27T20:29:30.471Z","BATT":100,"INTERVAL":300},{"modelID":"ba-7e-1e-39-d7-38","modelType":"Wi-SHT10","DATAS":["Temperature","Humidity"],"Temperature":4.1,"Humidity":-959.04,"TIMESTAMP":"2022-11-27T20:24:18.419Z","BATT":100,"INTERVAL":300},{"modelID":"ba-7e-1e-39-d7-38","modelType":"Wi-SHT10","DATAS":["Temperature","Humidity"],"Temperature":3.73,"Humidity":-959.04,"TIMESTAMP":"2022-11-27T20:19:40.939Z","BATT":100,"INTERVAL":300},{"modelID":"ba-7e-1e-39-d7-38","modelType":"Wi-SHT10","DATAS":["Temperature","Humidity"],"Temperature":4.17,"Humidity":-959.04,"TIMESTAMP":"2022-11-27T20:14:09.624Z","BATT":100,"INTERVAL":300},{"modelID":"ba-7e-1e-39-d7-38","modelType":"Wi-SHT10","DATAS":["Temperature","Humidity"],"Temperature":3.94,"Humidity":-959.04,"TIMESTAMP":"2022-11-27T20:09:42.019Z","BATT":100,"INTERVAL":300},{"modelID":"ba-7e-1e-39-d7-38","modelType":"Wi-SHT10","DATAS":["Temperature","Humidity"],"Temperature":3.8,"Humidity":-959.04,"TIMESTAMP":"2022-11-27T20:04:39.188Z","BATT":100,"INTERVAL":300},{"modelID":"ba-7e-1e-39-d7-38","modelType":"Wi-SHT10","DATAS":["Temperature","Humidity"],"Temperature":4.2,"Humidity":-959.04,"TIMESTAMP":"2022-11-27T19:59:18.536Z","BATT":100,"INTERVAL":300},{"modelID":"ba-7e-1e-39-d7-38","modelType":"Wi-SHT10","DATAS":["Temperature","Humidity"],"Temperature":4.07,"Humidity":-959.04,"TIMESTAMP":"2022-11-27T19:48:49.709Z","BATT":100,"INTERVAL":300},{"modelID":"ba-7e-1e-39-d7-38","modelType":"Wi-SHT10","DATAS":["Temperature","Humidity"],"Temperature":4,"Humidity":-959.04,"TIMESTAMP":"2022-11-27T19:43:57.709Z","BATT":100,"INTERVAL":300},{"modelID":"ba-7e-1e-39-d7-38","modelType":"Wi-SHT10","DATAS":["Temperature","Humidity"],"Temperature":3.7,"Humidity":-959.04,"TIMESTAMP":"2022-11-27T19:39:41.116Z","BATT":100,"INTERVAL":300},{"modelID":"ba-7e-1e-39-d7-38","modelType":"Wi-SHT10","DATAS":["Temperature","Humidity"],"Temperature":4.17,"Humidity":-959.04,"TIMESTAMP":"2022-11-27T19:33:58.704Z","BATT":100,"INTERVAL":300},{"modelID":"ba-7e-1e-39-d7-38","modelType":"Wi-SHT10","DATAS":["Temperature","Humidity"],"Temperature":3.9,"Humidity":-959.04,"TIMESTAMP":"2022-11-27T19:29:47.801Z","BATT":100,"INTERVAL":300},{"modelID":"ba-7e-1e-39-d7-38","modelType":"Wi-SHT10","DATAS":["Temperature","Humidity"],"Temperature":3.87,"Humidity":-959.04,"TIMESTAMP":"2022-11-27T19:24:41.172Z","BATT":100,"INTERVAL":300},{"modelID":"ba-7e-1e-39-d7-38","modelType":"Wi-SHT10","DATAS":["Temperature","Humidity"],"Temperature":4.17,"Humidity":-959.04,"TIMESTAMP":"2022-11-27T19:19:18.692Z","BATT":100,"INTERVAL":300},{"modelID":"ba-7e-1e-39-d7-38","modelType":"Wi-SHT10","DATAS":["Temperature","Humidity"],"Temperature":3.73,"Humidity":-959.04,"TIMESTAMP":"2022-11-27T19:14:19.319Z","BATT":100,"INTERVAL":300},{"modelID":"ba-7e-1e-39-d7-38","modelType":"Wi-SHT10","DATAS":["Temperature","Humidity"],"Temperature":4.14,"Humidity":-959.04,"TIMESTAMP":"2022-11-27T19:08:56.573Z","BATT":100,"INTERVAL":300},{"modelID":"ba-7e-1e-39-d7-38","modelType":"Wi-SHT10","DATAS":["Temperature","Humidity"],"Temperature":4.07,"Humidity":-959.04,"TIMESTAMP":"2022-11-27T19:04:29.680Z","BATT":100,"INTERVAL":300},{"modelID":"ba-7e-1e-39-d7-38","modelType":"Wi-SHT10","DATAS":["Temperature","Humidity"],"Temperature":3.77,"Humidity":-959.04,"TIMESTAMP":"2022-11-27T18:59:41.292Z","BATT":100,"INTERVAL":300},{"modelID":"ba-7e-1e-39-d7-38","modelType":"Wi-SHT10","DATAS":["Temperature","Humidity"],"Temperature":4.17,"Humidity":-959.04,"TIMESTAMP":"2022-11-27T18:54:42.357Z","BATT":100,"INTERVAL":300},{"modelID":"ba-7e-1e-39-d7-38","modelType":"Wi-SHT10","DATAS":["Temperature","Humidity"],"Temperature":3.8,"Humidity":-959.04,"TIMESTAMP":"2022-11-27T18:49:18.090Z","BATT":100,"INTERVAL":300},{"modelID":"ba-7e-1e-39-d7-38","modelType":"Wi-SHT10","DATAS":["Temperature","Humidity"],"Temperature":4.04,"Humidity":-959.04,"TIMESTAMP":"2022-11-27T18:44:19.450Z","BATT":100,"INTERVAL":300},{"modelID":"ba-7e-1e-39-d7-38","modelType":"Wi-SHT10","DATAS":["Temperature","Humidity"],"Temperature":4.14,"Humidity":-959.04,"TIMESTAMP":"2022-11-27T18:39:18.870Z","BATT":100,"INTERVAL":300},{"modelID":"ba-7e-1e-39-d7-38","modelType":"Wi-SHT10","DATAS":["Temperature","Humidity"],"Temperature":3.73,"Humidity":-959.04,"TIMESTAMP":"2022-11-27T18:34:39.569Z","BATT":100,"INTERVAL":300},{"modelID":"ba-7e-1e-39-d7-38","modelType":"Wi-SHT10","DATAS":["Temperature","Humidity"],"Temperature":4.2,"Humidity":-959.04,"TIMESTAMP":"2022-11-27T18:28:49.478Z","BATT":100,"INTERVAL":300},{"modelID":"ba-7e-1e-39-d7-38","modelType":"Wi-SHT10","DATAS":["Temperature","Humidity"],"Temperature":3.97,"Humidity":-959.04,"TIMESTAMP":"2022-11-27T18:24:42.497Z","BATT":100,"INTERVAL":300},{"modelID":"ba-7e-1e-39-d7-38","modelType":"Wi-SHT10","DATAS":["Temperature","Humidity"],"Temperature":3.8,"Humidity":-959.04,"TIMESTAMP":"2022-11-27T18:19:39.650Z","BATT":100,"INTERVAL":300},{"modelID":"ba-7e-1e-39-d7-38","modelType":"Wi-SHT10","DATAS":["Temperature","Humidity"],"Temperature":4.2,"Humidity":-959.04,"TIMESTAMP":"2022-11-27T18:14:29.889Z","BATT":100,"INTERVAL":300},{"modelID":"ba-7e-1e-39-d7-38","modelType":"Wi-SHT10","DATAS":["Temperature","Humidity"],"Temperature":3.77,"Humidity":-959.04,"TIMESTAMP":"2022-11-27T18:08:56.830Z","BATT":100,"INTERVAL":300},{"modelID":"ba-7e-1e-39-d7-38","modelType":"Wi-SHT10","DATAS":["Temperature","Humidity"],"Temperature":4.07,"Humidity":-959.04,"TIMESTAMP":"2022-11-27T18:04:31.090Z","BATT":100,"INTERVAL":300},{"modelID":"ba-7e-1e-39-d7-38","modelType":"Wi-SHT10","DATAS":["Temperature","Humidity"],"Temperature":4.1,"Humidity":-959.04,"TIMESTAMP":"2022-11-27T17:59:19.051Z","BATT":100,"INTERVAL":300},{"modelID":"ba-7e-1e-39-d7-38","modelType":"Wi-SHT10","DATAS":["Temperature","Humidity"],"Temperature":3.73,"Humidity":-959.04,"TIMESTAMP":"2022-11-27T17:54:41.574Z","BATT":100,"INTERVAL":300},{"modelID":"ba-7e-1e-39-d7-38","modelType":"Wi-SHT10","DATAS":["Temperature","Humidity"],"Temperature":4.17,"Humidity":-959.04,"TIMESTAMP":"2022-11-27T17:48:55.853Z","BATT":100,"INTERVAL":300},{"modelID":"ba-7e-1e-39-d7-38","modelType":"Wi-SHT10","DATAS":["Temperature","Humidity"],"Temperature":3.9,"Humidity":-959.04,"TIMESTAMP":"2022-11-27T17:44:48.754Z","BATT":100,"INTERVAL":300},{"modelID":"ba-7e-1e-39-d7-38","modelType":"Wi-SHT10","DATAS":["Temperature","Humidity"],"Temperature":3.87,"Humidity":-959.04,"TIMESTAMP":"2022-11-27T17:39:41.641Z","BATT":100,"INTERVAL":300},{"modelID":"ba-7e-1e-39-d7-38","modelType":"Wi-SHT10","DATAS":["Temperature","Humidity"],"Temperature":4.17,"Humidity":-959.04,"TIMESTAMP":"2022-11-27T17:34:19.150Z","BATT":100,"INTERVAL":300},{"modelID":"ba-7e-1e-39-d7-38","modelType":"Wi-SHT10","DATAS":["Temperature","Humidity"],"Temperature":3.73,"Humidity":-959.04,"TIMESTAMP":"2022-11-27T17:28:57.011Z","BATT":100,"INTERVAL":300},{"modelID":"ba-7e-1e-39-d7-38","modelType":"Wi-SHT10","DATAS":["Temperature","Humidity"],"Temperature":4.07,"Humidity":-959.04,"TIMESTAMP":"2022-11-27T17:24:18.478Z","BATT":100,"INTERVAL":300},{"modelID":"ba-7e-1e-39-d7-38","modelType":"Wi-SHT10","DATAS":["Temperature","Humidity"],"Temperature":4.04,"Humidity":-959.04,"TIMESTAMP":"2022-11-27T17:19:30.132Z","BATT":100,"INTERVAL":300},{"modelID":"ba-7e-1e-39-d7-38","modelType":"Wi-SHT10","DATAS":["Temperature","Humidity"],"Temperature":3.77,"Humidity":-959.04,"TIMESTAMP":"2022-11-27T17:14:41.759Z","BATT":100,"INTERVAL":300},{"modelID":"ba-7e-1e-39-d7-38","modelType":"Wi-SHT10","DATAS":["Temperature","Humidity"],"Temperature":4.17,"Humidity":-959.04,"TIMESTAMP":"2022-11-27T17:09:43.677Z","BATT":100,"INTERVAL":300},{"modelID":"ba-7e-1e-39-d7-38","modelType":"Wi-SHT10","DATAS":["Temperature","Humidity"],"Temperature":3.8,"Humidity":-959.04,"TIMESTAMP":"2022-11-27T17:04:09.374Z","BATT":100,"INTERVAL":300},{"modelID":"ba-7e-1e-39-d7-38","modelType":"Wi-SHT10","DATAS":["Temperature","Humidity"],"Temperature":3.94,"Humidity":-959.04,"TIMESTAMP":"2022-11-27T16:59:43.167Z","BATT":100,"INTERVAL":300},{"modelID":"ba-7e-1e-39-d7-38","modelType":"Wi-SHT10","DATAS":["Temperature","Humidity"],"Temperature":4.17,"Humidity":-959.04,"TIMESTAMP":"2022-11-27T16:54:31.377Z","BATT":100,"INTERVAL":300},{"modelID":"ba-7e-1e-39-d7-38","modelType":"Wi-SHT10","DATAS":["Temperature","Humidity"],"Temperature":3.77,"Humidity":-959.04,"TIMESTAMP":"2022-11-27T16:49:42.681Z","BATT":100,"INTERVAL":300},{"modelID":"ba-7e-1e-39-d7-38","modelType":"Wi-SHT10","DATAS":["Temperature","Humidity"],"Temperature":4.17,"Humidity":-959.04,"TIMESTAMP":"2022-11-27T16:43:51.212Z","BATT":100,"INTERVAL":300},{"modelID":"ba-7e-1e-39-d7-38","modelType":"Wi-SHT10","DATAS":["Temperature","Humidity"],"Temperature":3.97,"Humidity":-959.04,"TIMESTAMP":"2022-11-27T16:39:42.934Z","BATT":100,"INTERVAL":300},{"modelID":"ba-7e-1e-39-d7-38","modelType":"Wi-SHT10","DATAS":["Temperature","Humidity"],"Temperature":4.17,"Humidity":-959.04,"TIMESTAMP":"2022-11-27T16:29:32.763Z","BATT":100,"INTERVAL":300},{"modelID":"ba-7e-1e-39-d7-38","modelType":"Wi-SHT10","DATAS":["Temperature","Humidity"],"Temperature":3.77,"Humidity":-959.04,"TIMESTAMP":"2022-11-27T16:24:18.717Z","BATT":100,"INTERVAL":300},{"modelID":"ba-7e-1e-39-d7-38","modelType":"Wi-SHT10","DATAS":["Temperature","Humidity"],"Temperature":4.04,"Humidity":-959.04,"TIMESTAMP":"2022-11-27T16:19:21.107Z","BATT":100,"INTERVAL":300},{"modelID":"ba-7e-1e-39-d7-38","modelType":"Wi-SHT10","DATAS":["Temperature","Humidity"],"Temperature":3.7,"Humidity":-959.04,"TIMESTAMP":"2022-11-27T16:09:42.016Z","BATT":100,"INTERVAL":300}],"DAYHOURS":["21","20","19","18","17","16","15","14","13","12","11","10","9","8","7","6","5","4","3","2","1","0"]}