{"SENSORNAME":"AHU FE","SENSORTYPE":"AIRRH(485)","DTUID":"215","SENSORID":"21","DATE0":"2022-11-28T10:06:11.309Z","DATE1":"2022-02-13T09:06:31.792Z","DAYDATA":[{"DTUID":"215","SENSORID":21,"FUNCID":3,"NDATA":2,"SENSORTYPE":"AIRFLOW-TEMP","RCV_BYTES":["0378","007A"],"DATAS":[888,122],"DATAS1":[],"DATAS2":[],"TIMESTAMP":"2022-11-28T10:06:11.309Z"},{"DTUID":"215","SENSORID":21,"FUNCID":3,"NDATA":2,"SENSORTYPE":"AIRFLOW-TEMP","RCV_BYTES":["0374","007C"],"DATAS":[884,124],"DATAS1":[],"DATAS2":[],"TIMESTAMP":"2022-11-28T09:26:24.380Z"},{"DTUID":"215","SENSORID":21,"FUNCID":3,"NDATA":2,"SENSORTYPE":"AIRFLOW-TEMP","RCV_BYTES":["0378","0081"],"DATAS":[888,129],"DATAS1":[],"DATAS2":[],"TIMESTAMP":"2022-11-28T09:05:57.620Z"},{"DTUID":"215","SENSORID":21,"FUNCID":3,"NDATA":2,"SENSORTYPE":"AIRFLOW-TEMP","RCV_BYTES":["037B","007A"],"DATAS":[891,122],"DATAS1":[],"DATAS2":[],"TIMESTAMP":"2022-11-28T08:29:30.505Z"},{"DTUID":"215","SENSORID":21,"FUNCID":3,"NDATA":2,"SENSORTYPE":"AIRFLOW-TEMP","RCV_BYTES":["0366","007F"],"DATAS":[870,127],"DATAS1":[],"DATAS2":[],"TIMESTAMP":"2022-11-28T05:30:34.251Z"},{"DTUID":"215","SENSORID":21,"FUNCID":3,"NDATA":2,"SENSORTYPE":"AIRFLOW-TEMP","RCV_BYTES":["0366","007F"],"DATAS":[870,127],"DATAS1":[],"DATAS2":[],"TIMESTAMP":"2022-11-28T04:29:11.087Z"},{"DTUID":"215","SENSORID":21,"FUNCID":3,"NDATA":2,"SENSORTYPE":"AIRFLOW-TEMP","RCV_BYTES":["039A","008C"],"DATAS":[922,140],"DATAS1":[],"DATAS2":[],"TIMESTAMP":"2022-11-27T21:15:16.939Z"},{"DTUID":"215","SENSORID":21,"FUNCID":3,"NDATA":2,"SENSORTYPE":"AIRFLOW-TEMP","RCV_BYTES":["0393","0093"],"DATAS":[915,147],"DATAS1":[],"DATAS2":[],"TIMESTAMP":"2022-11-27T20:35:05.632Z"},{"DTUID":"215","SENSORID":21,"FUNCID":3,"NDATA":2,"SENSORTYPE":"AIRFLOW-TEMP","RCV_BYTES":["037A","007F"],"DATAS":[890,127],"DATAS1":[],"DATAS2":[],"TIMESTAMP":"2022-11-27T20:15:07.612Z"},{"DTUID":"215","SENSORID":21,"FUNCID":3,"NDATA":2,"SENSORTYPE":"AIRFLOW-TEMP","RCV_BYTES":["0398","0091"],"DATAS":[920,145],"DATAS1":[],"DATAS2":[],"TIMESTAMP":"2022-11-27T18:35:00.752Z"},{"DTUID":"215","SENSORID":21,"FUNCID":3,"NDATA":2,"SENSORTYPE":"AIRFLOW-TEMP","RCV_BYTES":["038F","0086"],"DATAS":[911,134],"DATAS1":[],"DATAS2":[],"TIMESTAMP":"2022-11-27T17:34:53.775Z"},{"DTUID":"215","SENSORID":21,"FUNCID":3,"NDATA":2,"SENSORTYPE":"AIRFLOW-TEMP","RCV_BYTES":["038B","007E"],"DATAS":[907,126],"DATAS1":[],"DATAS2":[],"TIMESTAMP":"2022-11-27T17:14:51.963Z"}],"DAYHOURS":["18","17","16","13","12","5","4","2","1"]}