{"SENSORNAME":"CWP1","SENSORTYPE":"PWRMTR(485)","DTUID":"100","SENSORID":19,"PWRMTR0":"3511","PWRMTR1":"0","DAYDATA":[{"DTUID":"100","SENSORID":19,"FUNCID":3,"NDATA":2,"SENSORTYPE":"PWR-METER-POWER","RCV_BYTES":["0005","5B81"],"DATAS":[5,23425],"DATAS1":[],"DATAS2":[],"TIMESTAMP":"2022-11-28T10:06:35.864Z"},{"DTUID":"100","SENSORID":19,"FUNCID":3,"NDATA":2,"SENSORTYPE":"PWR-METER-POWER","RCV_BYTES":["0005","5B81"],"DATAS":[5,23425],"DATAS1":[],"DATAS2":[],"TIMESTAMP":"2022-11-28T09:26:31.440Z"},{"DTUID":"100","SENSORID":19,"FUNCID":3,"NDATA":2,"SENSORTYPE":"PWR-METER-POWER","RCV_BYTES":["0005","5B81"],"DATAS":[5,23425],"DATAS1":[],"DATAS2":[],"TIMESTAMP":"2022-11-28T09:07:11.687Z"},{"DTUID":"100","SENSORID":19,"FUNCID":3,"NDATA":2,"SENSORTYPE":"PWR-METER-POWER","RCV_BYTES":["0005","5B81"],"DATAS":[5,23425],"DATAS1":[],"DATAS2":[],"TIMESTAMP":"2022-11-28T01:01:01.622Z"},{"DTUID":"100","SENSORID":19,"FUNCID":3,"NDATA":2,"SENSORTYPE":"PWR-METER-POWER","RCV_BYTES":["0005","5B81"],"DATAS":[5,23425],"DATAS1":[],"DATAS2":[],"TIMESTAMP":"2022-11-28T00:16:03.694Z"},{"DTUID":"100","SENSORID":19,"FUNCID":3,"NDATA":2,"SENSORTYPE":"PWR-METER-POWER","RCV_BYTES":["0005","5B81"],"DATAS":[5,23425],"DATAS1":[],"DATAS2":[],"TIMESTAMP":"2022-11-27T23:16:01.296Z"},{"DTUID":"100","SENSORID":19,"FUNCID":3,"NDATA":2,"SENSORTYPE":"PWR-METER-POWER","RCV_BYTES":["0005","5B81"],"DATAS":[5,23425],"DATAS1":[],"DATAS2":[],"TIMESTAMP":"2022-11-27T22:15:59.095Z"},{"DTUID":"100","SENSORID":19,"FUNCID":3,"NDATA":2,"SENSORTYPE":"PWR-METER-POWER","RCV_BYTES":["0005","5B81"],"DATAS":[5,23425],"DATAS1":[],"DATAS2":[],"TIMESTAMP":"2022-11-27T21:16:11.814Z"},{"DTUID":"100","SENSORID":19,"FUNCID":3,"NDATA":2,"SENSORTYPE":"PWR-METER-POWER","RCV_BYTES":["0005","5B81"],"DATAS":[5,23425],"DATAS1":[],"DATAS2":[],"TIMESTAMP":"2022-11-27T20:35:44.813Z"},{"DTUID":"100","SENSORID":19,"FUNCID":3,"NDATA":2,"SENSORTYPE":"PWR-METER-POWER","RCV_BYTES":["0005","5B81"],"DATAS":[5,23425],"DATAS1":[],"DATAS2":[],"TIMESTAMP":"2022-11-27T19:15:39.764Z"},{"DTUID":"100","SENSORID":19,"FUNCID":3,"NDATA":2,"SENSORTYPE":"PWR-METER-POWER","RCV_BYTES":["0005","5B81"],"DATAS":[5,23425],"DATAS1":[],"DATAS2":[],"TIMESTAMP":"2022-11-27T18:35:36.319Z"},{"DTUID":"100","SENSORID":19,"FUNCID":3,"NDATA":2,"SENSORTYPE":"PWR-METER-POWER","RCV_BYTES":["0005","5B81"],"DATAS":[5,23425],"DATAS1":[],"DATAS2":[],"TIMESTAMP":"2022-11-27T18:15:37.526Z"}],"DAYHOURS":["18","17","9","8","7","6","5","4","3","2"],"MNTH-2022_11":"3511","WK48":"3511","WK47":"3511","WK46":"3511","WK45":"3511","WK44":"3511","MNTH-2022_10":"3511","WK43":"3511","WK42":"3511","WK41":"3511","WK40":"3511","MNTH-2022_9":"3511","WK39":"3511","WK38":"3511","WK37":"3511","WK36":"3511","MNTH-2022_8":"3511","WK35":"3511","WK34":"3511","WK33":"3511","WK32":"3511","WK31":"3511","MNTH-2022_7":"3511","WK30":"3511","WK29":"3511","WK28":"3511","WK27":"3511","MNTH-2022_6":"3511","WK26":"3511","WK25":"2598","WK24":"0","WK23":"0","MNTH-2022_5":"0","WK22":"0","WK21":"0","WK20":"0","WK19":"0"}