{"SENSORNAME":"AHU FE","SENSORTYPE":"PWRMTR(485)","DTUID":"112","SENSORID":7,"PWRMTR0":"39303","PWRMTR1":"981","DAYDATA":[{"DTUID":"112","SENSORID":7,"FUNCID":3,"NDATA":2,"SENSORTYPE":"PWR-METER-POWER","RCV_BYTES":["003B","F8E4"],"DATAS":[59,-1820],"DATAS1":[],"DATAS2":[],"TIMESTAMP":"2022-11-28T11:56:50.708Z"},{"DTUID":"112","SENSORID":7,"FUNCID":3,"NDATA":2,"SENSORTYPE":"PWR-METER-POWER","RCV_BYTES":["003B","F0EC"],"DATAS":[59,-3860],"DATAS1":[],"DATAS2":[],"TIMESTAMP":"2022-11-28T09:26:11.321Z"},{"DTUID":"112","SENSORID":7,"FUNCID":3,"NDATA":2,"SENSORTYPE":"PWR-METER-POWER","RCV_BYTES":["003B","EFE8"],"DATAS":[59,-4120],"DATAS1":[],"DATAS2":[],"TIMESTAMP":"2022-11-28T09:06:10.580Z"},{"DTUID":"112","SENSORID":7,"FUNCID":3,"NDATA":2,"SENSORTYPE":"PWR-METER-POWER","RCV_BYTES":["003B","EDF4"],"DATAS":[59,-4620],"DATAS1":[],"DATAS2":[],"TIMESTAMP":"2022-11-28T08:29:43.865Z"},{"DTUID":"112","SENSORID":7,"FUNCID":3,"NDATA":2,"SENSORTYPE":"PWR-METER-POWER","RCV_BYTES":["003B","E480"],"DATAS":[59,-7040],"DATAS1":[],"DATAS2":[],"TIMESTAMP":"2022-11-28T05:29:27.799Z"},{"DTUID":"112","SENSORID":7,"FUNCID":3,"NDATA":2,"SENSORTYPE":"PWR-METER-POWER","RCV_BYTES":["003B","DCEC"],"DATAS":[59,-8980],"DATAS1":[],"DATAS2":[],"TIMESTAMP":"2022-11-28T03:03:58.793Z"},{"DTUID":"112","SENSORID":7,"FUNCID":3,"NDATA":2,"SENSORTYPE":"PWR-METER-POWER","RCV_BYTES":["003B","D670"],"DATAS":[59,-10640],"DATAS1":[],"DATAS2":[],"TIMESTAMP":"2022-11-28T01:00:41.890Z"},{"DTUID":"112","SENSORID":7,"FUNCID":3,"NDATA":2,"SENSORTYPE":"PWR-METER-POWER","RCV_BYTES":["003B","CA7C"],"DATAS":[59,-13700],"DATAS1":[],"DATAS2":[],"TIMESTAMP":"2022-11-27T21:15:30.596Z"},{"DTUID":"112","SENSORID":7,"FUNCID":3,"NDATA":2,"SENSORTYPE":"PWR-METER-POWER","RCV_BYTES":["003B","C52C"],"DATAS":[59,-15060],"DATAS1":[],"DATAS2":[],"TIMESTAMP":"2022-11-27T19:35:13.836Z"},{"DTUID":"112","SENSORID":7,"FUNCID":3,"NDATA":2,"SENSORTYPE":"PWR-METER-POWER","RCV_BYTES":["003B","C20C"],"DATAS":[59,-15860],"DATAS1":[],"DATAS2":[],"TIMESTAMP":"2022-11-27T18:35:10.832Z"},{"DTUID":"112","SENSORID":7,"FUNCID":3,"NDATA":2,"SENSORTYPE":"PWR-METER-POWER","RCV_BYTES":["003B","C0F4"],"DATAS":[59,-16140],"DATAS1":[],"DATAS2":[],"TIMESTAMP":"2022-11-27T18:15:12.052Z"},{"DTUID":"112","SENSORID":7,"FUNCID":3,"NDATA":2,"SENSORTYPE":"PWR-METER-POWER","RCV_BYTES":["003B","BDD4"],"DATAS":[59,-16940],"DATAS1":[],"DATAS2":[],"TIMESTAMP":"2022-11-27T17:15:05.054Z"}],"DAYHOURS":["19","17","16","13","11","9","5","3","2","1"],"MNTH-2022_11":"39303","WK48":"39303","WK47":"38168","WK46":"36805","WK45":"35473","MNTH-2022_10":"29644","WK41":"29644","WK40":"28951","MNTH-2022_8":"19500","WK33":"19500","WK32":"18637","WK31":"17335","MNTH-2022_7":"16945","WK30":"16009","WK29":"14664","WK28":"13337","WK27":"11992","MNTH-2022_6":"11011","WK26":"10645","WK25":"9338","WK24":"8036","MNTH-2022_5":"1974","WK20":"1974","WK19":"1292"}