{"SENSORNAME":"L3-Corridor 2 15-A3(Outpatient)","SENSORTYPE":"WISENSOR","DTUID":"-1","SENSORID":"BA-E3-03-55-15-A3","DATE0":"2022-11-28T13:17:43.916Z","DATE1":"2022-03-22T00:13:53.269Z","DAYDATA":[{"modelID":"ba-e3-03-55-15-a3","modelType":"Wi-SHT10","DATAS":["Temperature","Humidity"],"Temperature":4.38,"Humidity":-959.04,"TIMESTAMP":"2022-11-28T13:17:43.916Z","BATT":100,"INTERVAL":300},{"modelID":"ba-e3-03-55-15-a3","modelType":"Wi-SHT10","DATAS":["Temperature","Humidity"],"Temperature":4.61,"Humidity":-959.04,"TIMESTAMP":"2022-11-28T13:12:57.062Z","BATT":100,"INTERVAL":300},{"modelID":"ba-e3-03-55-15-a3","modelType":"Wi-SHT10","DATAS":["Temperature","Humidity"],"Temperature":4.38,"Humidity":-959.04,"TIMESTAMP":"2022-11-28T13:08:43.575Z","BATT":100,"INTERVAL":300},{"modelID":"ba-e3-03-55-15-a3","modelType":"Wi-SHT10","DATAS":["Temperature","Humidity"],"Temperature":4.44,"Humidity":-959.04,"TIMESTAMP":"2022-11-28T13:02:48.107Z","BATT":100,"INTERVAL":300},{"modelID":"ba-e3-03-55-15-a3","modelType":"Wi-SHT10","DATAS":["Temperature","Humidity"],"Temperature":4.58,"Humidity":-959.04,"TIMESTAMP":"2022-11-28T12:58:18.729Z","BATT":100,"INTERVAL":300},{"modelID":"ba-e3-03-55-15-a3","modelType":"Wi-SHT10","DATAS":["Temperature","Humidity"],"Temperature":4.44,"Humidity":-959.04,"TIMESTAMP":"2022-11-28T12:32:48.216Z","BATT":100,"INTERVAL":300},{"modelID":"ba-e3-03-55-15-a3","modelType":"Wi-SHT10","DATAS":["Temperature","Humidity"],"Temperature":4.58,"Humidity":-959.04,"TIMESTAMP":"2022-11-28T12:28:42.495Z","BATT":100,"INTERVAL":300},{"modelID":"ba-e3-03-55-15-a3","modelType":"Wi-SHT10","DATAS":["Temperature","Humidity"],"Temperature":4.44,"Humidity":-959.04,"TIMESTAMP":"2022-11-28T12:23:42.501Z","BATT":100,"INTERVAL":300},{"modelID":"ba-e3-03-55-15-a3","modelType":"Wi-SHT10","DATAS":["Temperature","Humidity"],"Temperature":4.44,"Humidity":-959.04,"TIMESTAMP":"2022-11-28T12:18:04.040Z","BATT":100,"INTERVAL":300},{"modelID":"ba-e3-03-55-15-a3","modelType":"Wi-SHT10","DATAS":["Temperature","Humidity"],"Temperature":4.65,"Humidity":-959.04,"TIMESTAMP":"2022-11-28T12:12:49.741Z","BATT":100,"INTERVAL":300},{"modelID":"ba-e3-03-55-15-a3","modelType":"Wi-SHT10","DATAS":["Temperature","Humidity"],"Temperature":4.68,"Humidity":-959.04,"TIMESTAMP":"2022-11-28T12:02:57.340Z","BATT":100,"INTERVAL":300},{"modelID":"ba-e3-03-55-15-a3","modelType":"Wi-SHT10","DATAS":["Temperature","Humidity"],"Temperature":4.58,"Humidity":-959.04,"TIMESTAMP":"2022-11-28T11:53:28.051Z","BATT":100,"INTERVAL":300},{"modelID":"ba-e3-03-55-15-a3","modelType":"Wi-SHT10","DATAS":["Temperature","Humidity"],"Temperature":4.48,"Humidity":-959.04,"TIMESTAMP":"2022-11-28T11:48:19.012Z","BATT":100,"INTERVAL":300},{"modelID":"ba-e3-03-55-15-a3","modelType":"Wi-SHT10","DATAS":["Temperature","Humidity"],"Temperature":4.41,"Humidity":-959.04,"TIMESTAMP":"2022-11-28T11:43:04.193Z","BATT":100,"INTERVAL":300},{"modelID":"ba-e3-03-55-15-a3","modelType":"Wi-SHT10","DATAS":["Temperature","Humidity"],"Temperature":4.65,"Humidity":-959.04,"TIMESTAMP":"2022-11-28T11:37:49.872Z","BATT":100,"INTERVAL":300},{"modelID":"ba-e3-03-55-15-a3","modelType":"Wi-SHT10","DATAS":["Temperature","Humidity"],"Temperature":4.34,"Humidity":-959.04,"TIMESTAMP":"2022-11-28T11:33:04.212Z","BATT":100,"INTERVAL":300},{"modelID":"ba-e3-03-55-15-a3","modelType":"Wi-SHT10","DATAS":["Temperature","Humidity"],"Temperature":4.65,"Humidity":-959.04,"TIMESTAMP":"2022-11-28T11:28:43.845Z","BATT":100,"INTERVAL":300},{"modelID":"ba-e3-03-55-15-a3","modelType":"Wi-SHT10","DATAS":["Temperature","Humidity"],"Temperature":4.31,"Humidity":-959.04,"TIMESTAMP":"2022-11-28T11:23:02.626Z","BATT":100,"INTERVAL":300},{"modelID":"ba-e3-03-55-15-a3","modelType":"Wi-SHT10","DATAS":["Temperature","Humidity"],"Temperature":4.68,"Humidity":-959.04,"TIMESTAMP":"2022-11-28T11:18:43.885Z","BATT":100,"INTERVAL":300},{"modelID":"ba-e3-03-55-15-a3","modelType":"Wi-SHT10","DATAS":["Temperature","Humidity"],"Temperature":4.31,"Humidity":-959.04,"TIMESTAMP":"2022-11-28T11:13:28.205Z","BATT":100,"INTERVAL":300},{"modelID":"ba-e3-03-55-15-a3","modelType":"Wi-SHT10","DATAS":["Temperature","Humidity"],"Temperature":4.48,"Humidity":-959.04,"TIMESTAMP":"2022-11-28T11:08:09.386Z","BATT":100,"INTERVAL":300},{"modelID":"ba-e3-03-55-15-a3","modelType":"Wi-SHT10","DATAS":["Temperature","Humidity"],"Temperature":4.54,"Humidity":-959.04,"TIMESTAMP":"2022-11-28T11:02:57.567Z","BATT":100,"INTERVAL":300},{"modelID":"ba-e3-03-55-15-a3","modelType":"Wi-SHT10","DATAS":["Temperature","Humidity"],"Temperature":4.38,"Humidity":-959.04,"TIMESTAMP":"2022-11-28T10:58:09.425Z","BATT":100,"INTERVAL":300},{"modelID":"ba-e3-03-55-15-a3","modelType":"Wi-SHT10","DATAS":["Temperature","Humidity"],"Temperature":4.54,"Humidity":-959.04,"TIMESTAMP":"2022-11-28T10:53:43.965Z","BATT":100,"INTERVAL":300},{"modelID":"ba-e3-03-55-15-a3","modelType":"Wi-SHT10","DATAS":["Temperature","Humidity"],"Temperature":4.31,"Humidity":-959.04,"TIMESTAMP":"2022-11-28T10:48:04.384Z","BATT":100,"INTERVAL":300},{"modelID":"ba-e3-03-55-15-a3","modelType":"Wi-SHT10","DATAS":["Temperature","Humidity"],"Temperature":4.65,"Humidity":-959.04,"TIMESTAMP":"2022-11-28T10:42:50.096Z","BATT":100,"INTERVAL":300},{"modelID":"ba-e3-03-55-15-a3","modelType":"Wi-SHT10","DATAS":["Temperature","Humidity"],"Temperature":4.34,"Humidity":-959.04,"TIMESTAMP":"2022-11-28T10:37:48.635Z","BATT":100,"INTERVAL":300},{"modelID":"ba-e3-03-55-15-a3","modelType":"Wi-SHT10","DATAS":["Temperature","Humidity"],"Temperature":4.58,"Humidity":-959.04,"TIMESTAMP":"2022-11-28T10:33:19.296Z","BATT":100,"INTERVAL":300},{"modelID":"ba-e3-03-55-15-a3","modelType":"Wi-SHT10","DATAS":["Temperature","Humidity"],"Temperature":4.41,"Humidity":-959.04,"TIMESTAMP":"2022-11-28T10:28:42.936Z","BATT":100,"INTERVAL":300},{"modelID":"ba-e3-03-55-15-a3","modelType":"Wi-SHT10","DATAS":["Temperature","Humidity"],"Temperature":4.44,"Humidity":-959.04,"TIMESTAMP":"2022-11-28T10:22:44.572Z","BATT":100,"INTERVAL":300},{"modelID":"ba-e3-03-55-15-a3","modelType":"Wi-SHT10","DATAS":["Temperature","Humidity"],"Temperature":4.61,"Humidity":-959.04,"TIMESTAMP":"2022-11-28T10:17:57.735Z","BATT":100,"INTERVAL":300},{"modelID":"ba-e3-03-55-15-a3","modelType":"Wi-SHT10","DATAS":["Temperature","Humidity"],"Temperature":4.38,"Humidity":-959.04,"TIMESTAMP":"2022-11-28T10:13:02.896Z","BATT":100,"INTERVAL":300},{"modelID":"ba-e3-03-55-15-a3","modelType":"Wi-SHT10","DATAS":["Temperature","Humidity"],"Temperature":4.68,"Humidity":-959.04,"TIMESTAMP":"2022-11-28T10:07:50.214Z","BATT":100,"INTERVAL":300},{"modelID":"ba-e3-03-55-15-a3","modelType":"Wi-SHT10","DATAS":["Temperature","Humidity"],"Temperature":4.34,"Humidity":-959.04,"TIMESTAMP":"2022-11-28T10:03:04.555Z","BATT":100,"INTERVAL":300},{"modelID":"ba-e3-03-55-15-a3","modelType":"Wi-SHT10","DATAS":["Temperature","Humidity"],"Temperature":4.65,"Humidity":-959.04,"TIMESTAMP":"2022-11-28T09:57:50.255Z","BATT":100,"INTERVAL":300},{"modelID":"ba-e3-03-55-15-a3","modelType":"Wi-SHT10","DATAS":["Temperature","Humidity"],"Temperature":4.54,"Humidity":-959.04,"TIMESTAMP":"2022-11-28T09:48:18.615Z","BATT":100,"INTERVAL":300},{"modelID":"ba-e3-03-55-15-a3","modelType":"Wi-SHT10","DATAS":["Temperature","Humidity"],"Temperature":4.51,"Humidity":-959.04,"TIMESTAMP":"2022-11-28T09:43:19.497Z","BATT":100,"INTERVAL":300},{"modelID":"ba-e3-03-55-15-a3","modelType":"Wi-SHT10","DATAS":["Temperature","Humidity"],"Temperature":4.41,"Humidity":-959.04,"TIMESTAMP":"2022-11-28T09:37:44.749Z","BATT":100,"INTERVAL":300},{"modelID":"ba-e3-03-55-15-a3","modelType":"Wi-SHT10","DATAS":["Temperature","Humidity"],"Temperature":4.61,"Humidity":-959.04,"TIMESTAMP":"2022-11-28T09:33:19.529Z","BATT":100,"INTERVAL":300},{"modelID":"ba-e3-03-55-15-a3","modelType":"Wi-SHT10","DATAS":["Temperature","Humidity"],"Temperature":4.41,"Humidity":-959.04,"TIMESTAMP":"2022-11-28T09:28:30.068Z","BATT":100,"INTERVAL":300},{"modelID":"ba-e3-03-55-15-a3","modelType":"Wi-SHT10","DATAS":["Temperature","Humidity"],"Temperature":4.71,"Humidity":-959.04,"TIMESTAMP":"2022-11-28T09:22:50.388Z","BATT":100,"INTERVAL":300},{"modelID":"ba-e3-03-55-15-a3","modelType":"Wi-SHT10","DATAS":["Temperature","Humidity"],"Temperature":4.34,"Humidity":-959.04,"TIMESTAMP":"2022-11-28T09:17:44.830Z","BATT":100,"INTERVAL":300},{"modelID":"ba-e3-03-55-15-a3","modelType":"Wi-SHT10","DATAS":["Temperature","Humidity"],"Temperature":4.61,"Humidity":-959.04,"TIMESTAMP":"2022-11-28T09:12:57.989Z","BATT":100,"INTERVAL":300},{"modelID":"ba-e3-03-55-15-a3","modelType":"Wi-SHT10","DATAS":["Temperature","Humidity"],"Temperature":4.38,"Humidity":-959.04,"TIMESTAMP":"2022-11-28T09:08:18.751Z","BATT":100,"INTERVAL":300},{"modelID":"ba-e3-03-55-15-a3","modelType":"Wi-SHT10","DATAS":["Temperature","Humidity"],"Temperature":4.51,"Humidity":-959.04,"TIMESTAMP":"2022-11-28T09:03:18.769Z","BATT":100,"INTERVAL":300},{"modelID":"ba-e3-03-55-15-a3","modelType":"Wi-SHT10","DATAS":["Temperature","Humidity"],"Temperature":4.51,"Humidity":-959.04,"TIMESTAMP":"2022-11-28T08:58:43.292Z","BATT":100,"INTERVAL":300},{"modelID":"ba-e3-03-55-15-a3","modelType":"Wi-SHT10","DATAS":["Temperature","Humidity"],"Temperature":4.44,"Humidity":-959.04,"TIMESTAMP":"2022-11-28T08:53:30.208Z","BATT":100,"INTERVAL":300},{"modelID":"ba-e3-03-55-15-a3","modelType":"Wi-SHT10","DATAS":["Temperature","Humidity"],"Temperature":4.71,"Humidity":-959.04,"TIMESTAMP":"2022-11-28T08:47:50.529Z","BATT":100,"INTERVAL":300},{"modelID":"ba-e3-03-55-15-a3","modelType":"Wi-SHT10","DATAS":["Temperature","Humidity"],"Temperature":4.71,"Humidity":-959.04,"TIMESTAMP":"2022-11-28T08:38:19.733Z","BATT":100,"INTERVAL":300},{"modelID":"ba-e3-03-55-15-a3","modelType":"Wi-SHT10","DATAS":["Temperature","Humidity"],"Temperature":4.41,"Humidity":-959.04,"TIMESTAMP":"2022-11-28T08:32:49.129Z","BATT":100,"INTERVAL":300},{"modelID":"ba-e3-03-55-15-a3","modelType":"Wi-SHT10","DATAS":["Temperature","Humidity"],"Temperature":4.58,"Humidity":-959.04,"TIMESTAMP":"2022-11-28T08:28:24.353Z","BATT":100,"INTERVAL":300},{"modelID":"ba-e3-03-55-15-a3","modelType":"Wi-SHT10","DATAS":["Temperature","Humidity"],"Temperature":4.41,"Humidity":-959.04,"TIMESTAMP":"2022-11-28T08:23:43.410Z","BATT":100,"INTERVAL":300},{"modelID":"ba-e3-03-55-15-a3","modelType":"Wi-SHT10","DATAS":["Temperature","Humidity"],"Temperature":4.65,"Humidity":-959.04,"TIMESTAMP":"2022-11-28T08:12:58.217Z","BATT":100,"INTERVAL":300},{"modelID":"ba-e3-03-55-15-a3","modelType":"Wi-SHT10","DATAS":["Temperature","Humidity"],"Temperature":4.38,"Humidity":-959.04,"TIMESTAMP":"2022-11-28T08:08:31.518Z","BATT":100,"INTERVAL":300},{"modelID":"ba-e3-03-55-15-a3","modelType":"Wi-SHT10","DATAS":["Temperature","Humidity"],"Temperature":4.71,"Humidity":-959.04,"TIMESTAMP":"2022-11-28T08:02:50.689Z","BATT":100,"INTERVAL":300},{"modelID":"ba-e3-03-55-15-a3","modelType":"Wi-SHT10","DATAS":["Temperature","Humidity"],"Temperature":4.34,"Humidity":-959.04,"TIMESTAMP":"2022-11-28T07:58:03.432Z","BATT":100,"INTERVAL":300},{"modelID":"ba-e3-03-55-15-a3","modelType":"Wi-SHT10","DATAS":["Temperature","Humidity"],"Temperature":4.68,"Humidity":-959.04,"TIMESTAMP":"2022-11-28T07:53:19.918Z","BATT":100,"INTERVAL":300},{"modelID":"ba-e3-03-55-15-a3","modelType":"Wi-SHT10","DATAS":["Temperature","Humidity"],"Temperature":4.41,"Humidity":-959.04,"TIMESTAMP":"2022-11-28T07:48:31.076Z","BATT":100,"INTERVAL":300},{"modelID":"ba-e3-03-55-15-a3","modelType":"Wi-SHT10","DATAS":["Temperature","Humidity"],"Temperature":4.48,"Humidity":-959.04,"TIMESTAMP":"2022-11-28T07:42:49.328Z","BATT":100,"INTERVAL":300},{"modelID":"ba-e3-03-55-15-a3","modelType":"Wi-SHT10","DATAS":["Temperature","Humidity"],"Temperature":4.38,"Humidity":-959.04,"TIMESTAMP":"2022-11-28T07:32:45.220Z","BATT":100,"INTERVAL":300},{"modelID":"ba-e3-03-55-15-a3","modelType":"Wi-SHT10","DATAS":["Temperature","Humidity"],"Temperature":4.61,"Humidity":-959.04,"TIMESTAMP":"2022-11-28T07:28:44.760Z","BATT":100,"INTERVAL":300},{"modelID":"ba-e3-03-55-15-a3","modelType":"Wi-SHT10","DATAS":["Temperature","Humidity"],"Temperature":4.31,"Humidity":-959.04,"TIMESTAMP":"2022-11-28T07:22:49.382Z","BATT":100,"INTERVAL":300},{"modelID":"ba-e3-03-55-15-a3","modelType":"Wi-SHT10","DATAS":["Temperature","Humidity"],"Temperature":4.58,"Humidity":-959.04,"TIMESTAMP":"2022-11-28T07:17:50.861Z","BATT":100,"INTERVAL":300},{"modelID":"ba-e3-03-55-15-a3","modelType":"Wi-SHT10","DATAS":["Temperature","Humidity"],"Temperature":4.34,"Humidity":-959.04,"TIMESTAMP":"2022-11-28T07:13:19.201Z","BATT":100,"INTERVAL":300},{"modelID":"ba-e3-03-55-15-a3","modelType":"Wi-SHT10","DATAS":["Temperature","Humidity"],"Temperature":4.51,"Humidity":-959.04,"TIMESTAMP":"2022-11-28T07:03:20.081Z","BATT":100,"INTERVAL":300},{"modelID":"ba-e3-03-55-15-a3","modelType":"Wi-SHT10","DATAS":["Temperature","Humidity"],"Temperature":4.41,"Humidity":-959.04,"TIMESTAMP":"2022-11-28T06:58:03.622Z","BATT":100,"INTERVAL":300},{"modelID":"ba-e3-03-55-15-a3","modelType":"Wi-SHT10","DATAS":["Temperature","Humidity"],"Temperature":4.68,"Humidity":-959.04,"TIMESTAMP":"2022-11-28T06:52:50.962Z","BATT":100,"INTERVAL":300},{"modelID":"ba-e3-03-55-15-a3","modelType":"Wi-SHT10","DATAS":["Temperature","Humidity"],"Temperature":4.34,"Humidity":-959.04,"TIMESTAMP":"2022-11-28T06:48:06.477Z","BATT":100,"INTERVAL":300},{"modelID":"ba-e3-03-55-15-a3","modelType":"Wi-SHT10","DATAS":["Temperature","Humidity"],"Temperature":4.65,"Humidity":-959.04,"TIMESTAMP":"2022-11-28T06:43:44.920Z","BATT":100,"INTERVAL":300},{"modelID":"ba-e3-03-55-15-a3","modelType":"Wi-SHT10","DATAS":["Temperature","Humidity"],"Temperature":4.51,"Humidity":-959.04,"TIMESTAMP":"2022-11-28T06:33:19.343Z","BATT":100,"INTERVAL":300},{"modelID":"ba-e3-03-55-15-a3","modelType":"Wi-SHT10","DATAS":["Temperature","Humidity"],"Temperature":4.51,"Humidity":-959.04,"TIMESTAMP":"2022-11-28T06:28:02.214Z","BATT":100,"INTERVAL":300},{"modelID":"ba-e3-03-55-15-a3","modelType":"Wi-SHT10","DATAS":["Temperature","Humidity"],"Temperature":4.38,"Humidity":-959.04,"TIMESTAMP":"2022-11-28T06:22:49.661Z","BATT":100,"INTERVAL":300},{"modelID":"ba-e3-03-55-15-a3","modelType":"Wi-SHT10","DATAS":["Temperature","Humidity"],"Temperature":4.58,"Humidity":-959.04,"TIMESTAMP":"2022-11-28T06:18:45.021Z","BATT":100,"INTERVAL":300},{"modelID":"ba-e3-03-55-15-a3","modelType":"Wi-SHT10","DATAS":["Temperature","Humidity"],"Temperature":4.31,"Humidity":-959.04,"TIMESTAMP":"2022-11-28T06:13:05.430Z","BATT":100,"INTERVAL":300},{"modelID":"ba-e3-03-55-15-a3","modelType":"Wi-SHT10","DATAS":["Temperature","Humidity"],"Temperature":4.65,"Humidity":-959.04,"TIMESTAMP":"2022-11-28T06:08:45.064Z","BATT":100,"INTERVAL":300},{"modelID":"ba-e3-03-55-15-a3","modelType":"Wi-SHT10","DATAS":["Temperature","Humidity"],"Temperature":4.31,"Humidity":-959.04,"TIMESTAMP":"2022-11-28T06:02:49.714Z","BATT":100,"INTERVAL":300},{"modelID":"ba-e3-03-55-15-a3","modelType":"Wi-SHT10","DATAS":["Temperature","Humidity"],"Temperature":4.58,"Humidity":-959.04,"TIMESTAMP":"2022-11-28T05:57:58.716Z","BATT":100,"INTERVAL":300},{"modelID":"ba-e3-03-55-15-a3","modelType":"Wi-SHT10","DATAS":["Temperature","Humidity"],"Temperature":4.38,"Humidity":-959.04,"TIMESTAMP":"2022-11-28T05:53:19.494Z","BATT":100,"INTERVAL":300},{"modelID":"ba-e3-03-55-15-a3","modelType":"Wi-SHT10","DATAS":["Temperature","Humidity"],"Temperature":4.51,"Humidity":-959.04,"TIMESTAMP":"2022-11-28T05:48:14.014Z","BATT":100,"INTERVAL":300},{"modelID":"ba-e3-03-55-15-a3","modelType":"Wi-SHT10","DATAS":["Temperature","Humidity"],"Temperature":4.54,"Humidity":-959.04,"TIMESTAMP":"2022-11-28T05:43:20.393Z","BATT":100,"INTERVAL":300},{"modelID":"ba-e3-03-55-15-a3","modelType":"Wi-SHT10","DATAS":["Temperature","Humidity"],"Temperature":4.41,"Humidity":-959.04,"TIMESTAMP":"2022-11-28T05:38:30.934Z","BATT":100,"INTERVAL":300},{"modelID":"ba-e3-03-55-15-a3","modelType":"Wi-SHT10","DATAS":["Temperature","Humidity"],"Temperature":4.71,"Humidity":-959.04,"TIMESTAMP":"2022-11-28T05:32:51.255Z","BATT":100,"INTERVAL":300},{"modelID":"ba-e3-03-55-15-a3","modelType":"Wi-SHT10","DATAS":["Temperature","Humidity"],"Temperature":4.34,"Humidity":-959.04,"TIMESTAMP":"2022-11-28T05:28:09.697Z","BATT":100,"INTERVAL":300},{"modelID":"ba-e3-03-55-15-a3","modelType":"Wi-SHT10","DATAS":["Temperature","Humidity"],"Temperature":4.65,"Humidity":-959.04,"TIMESTAMP":"2022-11-28T05:22:58.855Z","BATT":100,"INTERVAL":300},{"modelID":"ba-e3-03-55-15-a3","modelType":"Wi-SHT10","DATAS":["Temperature","Humidity"],"Temperature":4.38,"Humidity":-959.04,"TIMESTAMP":"2022-11-28T05:17:49.861Z","BATT":100,"INTERVAL":300},{"modelID":"ba-e3-03-55-15-a3","modelType":"Wi-SHT10","DATAS":["Temperature","Humidity"],"Temperature":4.58,"Humidity":-959.04,"TIMESTAMP":"2022-11-28T05:13:29.576Z","BATT":100,"INTERVAL":300},{"modelID":"ba-e3-03-55-15-a3","modelType":"Wi-SHT10","DATAS":["Temperature","Humidity"],"Temperature":4.48,"Humidity":-959.04,"TIMESTAMP":"2022-11-28T05:08:21.801Z","BATT":100,"INTERVAL":300},{"modelID":"ba-e3-03-55-15-a3","modelType":"Wi-SHT10","DATAS":["Temperature","Humidity"],"Temperature":4.61,"Humidity":-959.04,"TIMESTAMP":"2022-11-28T04:57:53.068Z","BATT":100,"INTERVAL":300},{"modelID":"ba-e3-03-55-15-a3","modelType":"Wi-SHT10","DATAS":["Temperature","Humidity"],"Temperature":4.34,"Humidity":-959.04,"TIMESTAMP":"2022-11-28T04:53:04.094Z","BATT":100,"INTERVAL":300},{"modelID":"ba-e3-03-55-15-a3","modelType":"Wi-SHT10","DATAS":["Temperature","Humidity"],"Temperature":4.68,"Humidity":-959.04,"TIMESTAMP":"2022-11-28T04:47:54.652Z","BATT":100,"INTERVAL":300},{"modelID":"ba-e3-03-55-15-a3","modelType":"Wi-SHT10","DATAS":["Temperature","Humidity"],"Temperature":4.34,"Humidity":-959.04,"TIMESTAMP":"2022-11-28T04:42:45.874Z","BATT":100,"INTERVAL":300},{"modelID":"ba-e3-03-55-15-a3","modelType":"Wi-SHT10","DATAS":["Temperature","Humidity"],"Temperature":4.61,"Humidity":-959.04,"TIMESTAMP":"2022-11-28T04:37:59.037Z","BATT":100,"INTERVAL":300},{"modelID":"ba-e3-03-55-15-a3","modelType":"Wi-SHT10","DATAS":["Temperature","Humidity"],"Temperature":4.38,"Humidity":-959.04,"TIMESTAMP":"2022-11-28T04:33:19.764Z","INTERVAL":300},{"modelID":"ba-e3-03-55-15-a3","modelType":"Wi-SHT10","DATAS":["Temperature","Humidity"],"Temperature":4.51,"Humidity":-959.04,"TIMESTAMP":"2022-11-28T04:28:19.816Z","BATT":100,"INTERVAL":300},{"modelID":"ba-e3-03-55-15-a3","modelType":"Wi-SHT10","DATAS":["Temperature","Humidity"],"Temperature":4.51,"Humidity":-959.04,"TIMESTAMP":"2022-11-28T04:23:20.695Z","BATT":100,"INTERVAL":300},{"modelID":"ba-e3-03-55-15-a3","modelType":"Wi-SHT10","DATAS":["Temperature","Humidity"],"Temperature":4.41,"Humidity":-959.04,"TIMESTAMP":"2022-11-28T04:18:31.256Z","BATT":100,"INTERVAL":300},{"modelID":"ba-e3-03-55-15-a3","modelType":"Wi-SHT10","DATAS":["Temperature","Humidity"],"Temperature":4.71,"Humidity":-959.04,"TIMESTAMP":"2022-11-28T04:12:51.557Z","BATT":100,"INTERVAL":300},{"modelID":"ba-e3-03-55-15-a3","modelType":"Wi-SHT10","DATAS":["Temperature","Humidity"],"Temperature":4.65,"Humidity":-959.04,"TIMESTAMP":"2022-11-28T03:53:29.875Z","BATT":100,"INTERVAL":300},{"modelID":"ba-e3-03-55-15-a3","modelType":"Wi-SHT10","DATAS":["Temperature","Humidity"],"Temperature":4.48,"Humidity":-959.04,"TIMESTAMP":"2022-11-28T03:48:21.120Z","BATT":100,"INTERVAL":300},{"modelID":"ba-e3-03-55-15-a3","modelType":"Wi-SHT10","DATAS":["Temperature","Humidity"],"Temperature":4.61,"Humidity":-959.04,"TIMESTAMP":"2022-11-28T03:37:54.659Z","BATT":100,"INTERVAL":300},{"modelID":"ba-e3-03-55-15-a3","modelType":"Wi-SHT10","DATAS":["Temperature","Humidity"],"Temperature":4.34,"Humidity":-959.04,"TIMESTAMP":"2022-11-28T03:33:04.416Z","BATT":100,"INTERVAL":300},{"modelID":"ba-e3-03-55-15-a3","modelType":"Wi-SHT10","DATAS":["Temperature","Humidity"],"Temperature":4.34,"Humidity":-959.04,"TIMESTAMP":"2022-11-28T03:22:50.302Z","BATT":100,"INTERVAL":300},{"modelID":"ba-e3-03-55-15-a3","modelType":"Wi-SHT10","DATAS":["Temperature","Humidity"],"Temperature":4.58,"Humidity":-959.04,"TIMESTAMP":"2022-11-28T03:17:52.972Z","BATT":100,"INTERVAL":300},{"modelID":"ba-e3-03-55-15-a3","modelType":"Wi-SHT10","DATAS":["Temperature","Humidity"],"Temperature":4.34,"Humidity":-959.04,"TIMESTAMP":"2022-11-28T03:13:44.595Z","BATT":100,"INTERVAL":300},{"modelID":"ba-e3-03-55-15-a3","modelType":"Wi-SHT10","DATAS":["Temperature","Humidity"],"Temperature":4.44,"Humidity":-959.04,"TIMESTAMP":"2022-11-28T03:08:11.215Z","BATT":100,"INTERVAL":300},{"modelID":"ba-e3-03-55-15-a3","modelType":"Wi-SHT10","DATAS":["Temperature","Humidity"],"Temperature":4.54,"Humidity":-959.04,"TIMESTAMP":"2022-11-28T03:03:20.995Z","BATT":100,"INTERVAL":300},{"modelID":"ba-e3-03-55-15-a3","modelType":"Wi-SHT10","DATAS":["Temperature","Humidity"],"Temperature":4.41,"Humidity":-959.04,"TIMESTAMP":"2022-11-28T02:58:04.542Z","BATT":100,"INTERVAL":300},{"modelID":"ba-e3-03-55-15-a3","modelType":"Wi-SHT10","DATAS":["Temperature","Humidity"],"Temperature":4.34,"Humidity":-959.04,"TIMESTAMP":"2022-11-28T02:48:06.220Z","BATT":100,"INTERVAL":300},{"modelID":"ba-e3-03-55-15-a3","modelType":"Wi-SHT10","DATAS":["Temperature","Humidity"],"Temperature":4.65,"Humidity":-959.04,"TIMESTAMP":"2022-11-28T02:42:51.911Z","BATT":100,"INTERVAL":300},{"modelID":"ba-e3-03-55-15-a3","modelType":"Wi-SHT10","DATAS":["Temperature","Humidity"],"Temperature":4.34,"Humidity":-959.04,"TIMESTAMP":"2022-11-28T02:37:50.455Z","BATT":100,"INTERVAL":300},{"modelID":"ba-e3-03-55-15-a3","modelType":"Wi-SHT10","DATAS":["Temperature","Humidity"],"Temperature":4.58,"Humidity":-959.04,"TIMESTAMP":"2022-11-28T02:33:30.174Z","BATT":100,"INTERVAL":300},{"modelID":"ba-e3-03-55-15-a3","modelType":"Wi-SHT10","DATAS":["Temperature","Humidity"],"Temperature":4.34,"Humidity":-959.04,"TIMESTAMP":"2022-11-28T02:22:46.404Z","BATT":100,"INTERVAL":300},{"modelID":"ba-e3-03-55-15-a3","modelType":"Wi-SHT10","DATAS":["Temperature","Humidity"],"Temperature":4.61,"Humidity":-959.04,"TIMESTAMP":"2022-11-28T02:17:52.005Z","BATT":100,"INTERVAL":300},{"modelID":"ba-e3-03-55-15-a3","modelType":"Wi-SHT10","DATAS":["Temperature","Humidity"],"Temperature":4.34,"Humidity":-959.04,"TIMESTAMP":"2022-11-28T02:13:06.343Z","BATT":100,"INTERVAL":300},{"modelID":"ba-e3-03-55-15-a3","modelType":"Wi-SHT10","DATAS":["Temperature","Humidity"],"Temperature":4.65,"Humidity":-959.04,"TIMESTAMP":"2022-11-28T02:08:45.955Z","BATT":100,"INTERVAL":300},{"modelID":"ba-e3-03-55-15-a3","modelType":"Wi-SHT10","DATAS":["Temperature","Humidity"],"Temperature":4.31,"Humidity":-959.04,"TIMESTAMP":"2022-11-28T02:03:06.376Z","BATT":100,"INTERVAL":300},{"modelID":"ba-e3-03-55-15-a3","modelType":"Wi-SHT10","DATAS":["Temperature","Humidity"],"Temperature":4.65,"Humidity":-959.04,"TIMESTAMP":"2022-11-28T01:57:59.635Z","BATT":100,"INTERVAL":300},{"modelID":"ba-e3-03-55-15-a3","modelType":"Wi-SHT10","DATAS":["Temperature","Humidity"],"Temperature":4.38,"Humidity":-959.04,"TIMESTAMP":"2022-11-28T01:53:30.335Z","BATT":100,"INTERVAL":300},{"modelID":"ba-e3-03-55-15-a3","modelType":"Wi-SHT10","DATAS":["Temperature","Humidity"],"Temperature":4.48,"Humidity":-959.04,"TIMESTAMP":"2022-11-28T01:48:11.509Z","BATT":100,"INTERVAL":300},{"modelID":"ba-e3-03-55-15-a3","modelType":"Wi-SHT10","DATAS":["Temperature","Humidity"],"Temperature":4.54,"Humidity":-959.04,"TIMESTAMP":"2022-11-28T01:43:21.286Z","BATT":100,"INTERVAL":300},{"modelID":"ba-e3-03-55-15-a3","modelType":"Wi-SHT10","DATAS":["Temperature","Humidity"],"Temperature":4.41,"Humidity":-959.04,"TIMESTAMP":"2022-11-28T01:38:04.846Z","BATT":100,"INTERVAL":300},{"modelID":"ba-e3-03-55-15-a3","modelType":"Wi-SHT10","DATAS":["Temperature","Humidity"],"Temperature":4.34,"Humidity":-959.04,"TIMESTAMP":"2022-11-28T01:28:04.876Z","BATT":100,"INTERVAL":300},{"modelID":"ba-e3-03-55-15-a3","modelType":"Wi-SHT10","DATAS":["Temperature","Humidity"],"Temperature":4.68,"Humidity":-959.04,"TIMESTAMP":"2022-11-28T01:23:21.380Z","BATT":100,"INTERVAL":300},{"modelID":"ba-e3-03-55-15-a3","modelType":"Wi-SHT10","DATAS":["Temperature","Humidity"],"Temperature":4.41,"Humidity":-959.04,"TIMESTAMP":"2022-11-28T01:17:50.759Z","BATT":100,"INTERVAL":300},{"modelID":"ba-e3-03-55-15-a3","modelType":"Wi-SHT10","DATAS":["Temperature","Humidity"],"Temperature":4.58,"Humidity":-959.04,"TIMESTAMP":"2022-11-28T01:13:20.544Z","BATT":100,"INTERVAL":300},{"modelID":"ba-e3-03-55-15-a3","modelType":"Wi-SHT10","DATAS":["Temperature","Humidity"],"Temperature":4.38,"Humidity":-959.04,"TIMESTAMP":"2022-11-28T01:02:46.682Z","BATT":100,"INTERVAL":300},{"modelID":"ba-e3-03-55-15-a3","modelType":"Wi-SHT10","DATAS":["Temperature","Humidity"],"Temperature":4.61,"Humidity":-959.04,"TIMESTAMP":"2022-11-28T00:57:52.295Z","BATT":100,"INTERVAL":300},{"modelID":"ba-e3-03-55-15-a3","modelType":"Wi-SHT10","DATAS":["Temperature","Humidity"],"Temperature":4.34,"Humidity":-959.04,"TIMESTAMP":"2022-11-28T00:53:04.996Z","BATT":100,"INTERVAL":300},{"modelID":"ba-e3-03-55-15-a3","modelType":"Wi-SHT10","DATAS":["Temperature","Humidity"],"Temperature":4.38,"Humidity":-959.04,"TIMESTAMP":"2022-11-28T00:43:11.735Z","BATT":100,"INTERVAL":300},{"modelID":"ba-e3-03-55-15-a3","modelType":"Wi-SHT10","DATAS":["Temperature","Humidity"],"Temperature":4.38,"Humidity":-959.04,"TIMESTAMP":"2022-11-28T00:33:46.583Z","BATT":100,"INTERVAL":300},{"modelID":"ba-e3-03-55-15-a3","modelType":"Wi-SHT10","DATAS":["Temperature","Humidity"],"Temperature":4.44,"Humidity":-959.04,"TIMESTAMP":"2022-11-28T00:27:46.835Z","BATT":100,"INTERVAL":300},{"modelID":"ba-e3-03-55-15-a3","modelType":"Wi-SHT10","DATAS":["Temperature","Humidity"],"Temperature":4.61,"Humidity":-959.04,"TIMESTAMP":"2022-11-28T00:22:59.972Z","BATT":100,"INTERVAL":300},{"modelID":"ba-e3-03-55-15-a3","modelType":"Wi-SHT10","DATAS":["Temperature","Humidity"],"Temperature":4.38,"Humidity":-959.04,"TIMESTAMP":"2022-11-28T00:18:05.136Z","BATT":100,"INTERVAL":300},{"modelID":"ba-e3-03-55-15-a3","modelType":"Wi-SHT10","DATAS":["Temperature","Humidity"],"Temperature":4.68,"Humidity":-959.04,"TIMESTAMP":"2022-11-28T00:12:52.454Z","BATT":100,"INTERVAL":300},{"modelID":"ba-e3-03-55-15-a3","modelType":"Wi-SHT10","DATAS":["Temperature","Humidity"],"Temperature":4.34,"Humidity":-959.04,"TIMESTAMP":"2022-11-28T00:08:06.793Z","BATT":100,"INTERVAL":300},{"modelID":"ba-e3-03-55-15-a3","modelType":"Wi-SHT10","DATAS":["Temperature","Humidity"],"Temperature":4.65,"Humidity":-959.04,"TIMESTAMP":"2022-11-28T00:03:00.054Z","BATT":100,"INTERVAL":300},{"modelID":"ba-e3-03-55-15-a3","modelType":"Wi-SHT10","DATAS":["Temperature","Humidity"],"Temperature":4.38,"Humidity":-959.04,"TIMESTAMP":"2022-11-27T23:58:11.917Z","BATT":100,"INTERVAL":300},{"modelID":"ba-e3-03-55-15-a3","modelType":"Wi-SHT10","DATAS":["Temperature","Humidity"],"Temperature":4.54,"Humidity":-959.04,"TIMESTAMP":"2022-11-27T23:53:20.854Z","BATT":100,"INTERVAL":300},{"modelID":"ba-e3-03-55-15-a3","modelType":"Wi-SHT10","DATAS":["Temperature","Humidity"],"Temperature":4.51,"Humidity":-959.04,"TIMESTAMP":"2022-11-27T23:48:30.795Z","BATT":100,"INTERVAL":300},{"modelID":"ba-e3-03-55-15-a3","modelType":"Wi-SHT10","DATAS":["Temperature","Humidity"],"Temperature":4.48,"Humidity":-959.04,"TIMESTAMP":"2022-11-27T23:43:32.273Z","BATT":100,"INTERVAL":300},{"modelID":"ba-e3-03-55-15-a3","modelType":"Wi-SHT10","DATAS":["Temperature","Humidity"],"Temperature":4.71,"Humidity":-959.04,"TIMESTAMP":"2022-11-27T23:38:00.193Z","BATT":100,"INTERVAL":300},{"modelID":"ba-e3-03-55-15-a3","modelType":"Wi-SHT10","DATAS":["Temperature","Humidity"],"Temperature":4.48,"Humidity":-959.04,"TIMESTAMP":"2022-11-27T23:17:51.217Z","BATT":100,"INTERVAL":300},{"modelID":"ba-e3-03-55-15-a3","modelType":"Wi-SHT10","DATAS":["Temperature","Humidity"],"Temperature":4.58,"Humidity":-959.04,"TIMESTAMP":"2022-11-27T23:12:52.683Z","BATT":100,"INTERVAL":300},{"modelID":"ba-e3-03-55-15-a3","modelType":"Wi-SHT10","DATAS":["Temperature","Humidity"],"Temperature":4.34,"Humidity":-959.04,"TIMESTAMP":"2022-11-27T23:07:51.236Z","BATT":100,"INTERVAL":300},{"modelID":"ba-e3-03-55-15-a3","modelType":"Wi-SHT10","DATAS":["Temperature","Humidity"],"Temperature":4.58,"Humidity":-959.04,"TIMESTAMP":"2022-11-27T23:03:46.651Z","BATT":100,"INTERVAL":300},{"modelID":"ba-e3-03-55-15-a3","modelType":"Wi-SHT10","DATAS":["Temperature","Humidity"],"Temperature":4.44,"Humidity":-959.04,"TIMESTAMP":"2022-11-27T22:32:47.263Z","BATT":100,"INTERVAL":300},{"modelID":"ba-e3-03-55-15-a3","modelType":"Wi-SHT10","DATAS":["Temperature","Humidity"],"Temperature":4.61,"Humidity":-959.04,"TIMESTAMP":"2022-11-27T22:28:22.044Z","BATT":100,"INTERVAL":300},{"modelID":"ba-e3-03-55-15-a3","modelType":"Wi-SHT10","DATAS":["Temperature","Humidity"],"Temperature":4.71,"Humidity":-959.04,"TIMESTAMP":"2022-11-27T22:17:52.894Z","BATT":100,"INTERVAL":300},{"modelID":"ba-e3-03-55-15-a3","modelType":"Wi-SHT10","DATAS":["Temperature","Humidity"],"Temperature":4.34,"Humidity":-959.04,"TIMESTAMP":"2022-11-27T22:13:07.243Z","BATT":100,"INTERVAL":300},{"modelID":"ba-e3-03-55-15-a3","modelType":"Wi-SHT10","DATAS":["Temperature","Humidity"],"Temperature":4.65,"Humidity":-959.04,"TIMESTAMP":"2022-11-27T22:08:22.093Z","BATT":100,"INTERVAL":300},{"modelID":"ba-e3-03-55-15-a3","modelType":"Wi-SHT10","DATAS":["Temperature","Humidity"],"Temperature":4.65,"Humidity":-959.04,"TIMESTAMP":"2022-11-27T21:53:00.529Z","BATT":100,"INTERVAL":300},{"modelID":"ba-e3-03-55-15-a3","modelType":"Wi-SHT10","DATAS":["Temperature","Humidity"],"Temperature":4.38,"Humidity":-959.04,"TIMESTAMP":"2022-11-27T21:48:05.708Z","BATT":100,"INTERVAL":300},{"modelID":"ba-e3-03-55-15-a3","modelType":"Wi-SHT10","DATAS":["Temperature","Humidity"],"Temperature":4.68,"Humidity":-959.04,"TIMESTAMP":"2022-11-27T21:42:53.039Z","BATT":100,"INTERVAL":300},{"modelID":"ba-e3-03-55-15-a3","modelType":"Wi-SHT10","DATAS":["Temperature","Humidity"],"Temperature":4.34,"Humidity":-959.04,"TIMESTAMP":"2022-11-27T21:38:12.427Z","BATT":100,"INTERVAL":300},{"modelID":"ba-e3-03-55-15-a3","modelType":"Wi-SHT10","DATAS":["Temperature","Humidity"],"Temperature":4.54,"Humidity":-959.04,"TIMESTAMP":"2022-11-27T21:33:00.613Z","BATT":100,"INTERVAL":300},{"modelID":"ba-e3-03-55-15-a3","modelType":"Wi-SHT10","DATAS":["Temperature","Humidity"],"Temperature":4.38,"Humidity":-959.04,"TIMESTAMP":"2022-11-27T21:28:45.879Z","BATT":100,"INTERVAL":300},{"modelID":"ba-e3-03-55-15-a3","modelType":"Wi-SHT10","DATAS":["Temperature","Humidity"],"Temperature":4.44,"Humidity":-959.04,"TIMESTAMP":"2022-11-27T21:22:47.513Z","BATT":100,"INTERVAL":300},{"modelID":"ba-e3-03-55-15-a3","modelType":"Wi-SHT10","DATAS":["Temperature","Humidity"],"Temperature":4.61,"Humidity":-959.04,"TIMESTAMP":"2022-11-27T21:17:53.119Z","BATT":100,"INTERVAL":300},{"modelID":"ba-e3-03-55-15-a3","modelType":"Wi-SHT10","DATAS":["Temperature","Humidity"],"Temperature":4.34,"Humidity":-959.04,"TIMESTAMP":"2022-11-27T21:13:05.819Z","BATT":100,"INTERVAL":300},{"modelID":"ba-e3-03-55-15-a3","modelType":"Wi-SHT10","DATAS":["Temperature","Humidity"],"Temperature":4.68,"Humidity":-959.04,"TIMESTAMP":"2022-11-27T21:08:00.719Z","BATT":100,"INTERVAL":300},{"modelID":"ba-e3-03-55-15-a3","modelType":"Wi-SHT10","DATAS":["Temperature","Humidity"],"Temperature":4.38,"Humidity":-959.04,"TIMESTAMP":"2022-11-27T21:02:47.592Z","BATT":100,"INTERVAL":300},{"modelID":"ba-e3-03-55-15-a3","modelType":"Wi-SHT10","DATAS":["Temperature","Humidity"],"Temperature":4.61,"Humidity":-959.04,"TIMESTAMP":"2022-11-27T20:58:00.753Z","BATT":100,"INTERVAL":300},{"modelID":"ba-e3-03-55-15-a3","modelType":"Wi-SHT10","DATAS":["Temperature","Humidity"],"Temperature":4.44,"Humidity":-959.04,"TIMESTAMP":"2022-11-27T20:47:51.751Z","BATT":100,"INTERVAL":300},{"modelID":"ba-e3-03-55-15-a3","modelType":"Wi-SHT10","DATAS":["Temperature","Humidity"],"Temperature":4.58,"Humidity":-959.04,"TIMESTAMP":"2022-11-27T20:43:00.800Z","BATT":100,"INTERVAL":300},{"modelID":"ba-e3-03-55-15-a3","modelType":"Wi-SHT10","DATAS":["Temperature","Humidity"],"Temperature":4.38,"Humidity":-959.04,"TIMESTAMP":"2022-11-27T20:37:51.793Z","BATT":100,"INTERVAL":300},{"modelID":"ba-e3-03-55-15-a3","modelType":"Wi-SHT10","DATAS":["Temperature","Humidity"],"Temperature":4.31,"Humidity":-959.04,"TIMESTAMP":"2022-11-27T20:28:07.612Z","BATT":100,"INTERVAL":300},{"modelID":"ba-e3-03-55-15-a3","modelType":"Wi-SHT10","DATAS":["Temperature","Humidity"],"Temperature":4.65,"Humidity":-959.04,"TIMESTAMP":"2022-11-27T20:22:53.311Z","BATT":100,"INTERVAL":300},{"modelID":"ba-e3-03-55-15-a3","modelType":"Wi-SHT10","DATAS":["Temperature","Humidity"],"Temperature":4.34,"Humidity":-959.04,"TIMESTAMP":"2022-11-27T20:18:07.661Z","BATT":100,"INTERVAL":300},{"modelID":"ba-e3-03-55-15-a3","modelType":"Wi-SHT10","DATAS":["Temperature","Humidity"],"Temperature":4.65,"Humidity":-959.04,"TIMESTAMP":"2022-11-27T20:13:31.592Z","BATT":100,"INTERVAL":300},{"modelID":"ba-e3-03-55-15-a3","modelType":"Wi-SHT10","DATAS":["Temperature","Humidity"],"Temperature":4.48,"Humidity":-959.04,"TIMESTAMP":"2022-11-27T20:08:22.536Z","BATT":100,"INTERVAL":300},{"modelID":"ba-e3-03-55-15-a3","modelType":"Wi-SHT10","DATAS":["Temperature","Humidity"],"Temperature":4.41,"Humidity":-959.04,"TIMESTAMP":"2022-11-27T20:03:07.729Z","BATT":100,"INTERVAL":300},{"modelID":"ba-e3-03-55-15-a3","modelType":"Wi-SHT10","DATAS":["Temperature","Humidity"],"Temperature":4.65,"Humidity":-959.04,"TIMESTAMP":"2022-11-27T19:57:53.418Z","BATT":100,"INTERVAL":300},{"modelID":"ba-e3-03-55-15-a3","modelType":"Wi-SHT10","DATAS":["Temperature","Humidity"],"Temperature":4.34,"Humidity":-959.04,"TIMESTAMP":"2022-11-27T19:53:06.127Z","BATT":100,"INTERVAL":300},{"modelID":"ba-e3-03-55-15-a3","modelType":"Wi-SHT10","DATAS":["Temperature","Humidity"],"Temperature":4.68,"Humidity":-959.04,"TIMESTAMP":"2022-11-27T19:48:22.632Z","BATT":100,"INTERVAL":300},{"modelID":"ba-e3-03-55-15-a3","modelType":"Wi-SHT10","DATAS":["Temperature","Humidity"],"Temperature":4.41,"Humidity":-959.04,"TIMESTAMP":"2022-11-27T19:42:47.888Z","BATT":100,"INTERVAL":300},{"modelID":"ba-e3-03-55-15-a3","modelType":"Wi-SHT10","DATAS":["Temperature","Humidity"],"Temperature":4.61,"Humidity":-959.04,"TIMESTAMP":"2022-11-27T19:38:31.728Z","BATT":100,"INTERVAL":300},{"modelID":"ba-e3-03-55-15-a3","modelType":"Wi-SHT10","DATAS":["Temperature","Humidity"],"Temperature":4.48,"Humidity":-959.04,"TIMESTAMP":"2022-11-27T19:33:22.680Z","BATT":100,"INTERVAL":300},{"modelID":"ba-e3-03-55-15-a3","modelType":"Wi-SHT10","DATAS":["Temperature","Humidity"],"Temperature":4.41,"Humidity":-959.04,"TIMESTAMP":"2022-11-27T19:27:52.074Z","BATT":100,"INTERVAL":300},{"modelID":"ba-e3-03-55-15-a3","modelType":"Wi-SHT10","DATAS":["Temperature","Humidity"],"Temperature":4.58,"Humidity":-959.04,"TIMESTAMP":"2022-11-27T19:23:21.651Z","BATT":100,"INTERVAL":300},{"modelID":"ba-e3-03-55-15-a3","modelType":"Wi-SHT10","DATAS":["Temperature","Humidity"],"Temperature":4.28,"Humidity":-959.04,"TIMESTAMP":"2022-11-27T19:17:47.993Z","BATT":100,"INTERVAL":300},{"modelID":"ba-e3-03-55-15-a3","modelType":"Wi-SHT10","DATAS":["Temperature","Humidity"],"Temperature":4.61,"Humidity":-959.04,"TIMESTAMP":"2022-11-27T19:12:53.592Z","BATT":100,"INTERVAL":300},{"modelID":"ba-e3-03-55-15-a3","modelType":"Wi-SHT10","DATAS":["Temperature","Humidity"],"Temperature":4.34,"Humidity":-959.04,"TIMESTAMP":"2022-11-27T19:07:48.013Z","BATT":100,"INTERVAL":300},{"modelID":"ba-e3-03-55-15-a3","modelType":"Wi-SHT10","DATAS":["Temperature","Humidity"],"Temperature":4.61,"Humidity":-959.04,"TIMESTAMP":"2022-11-27T19:03:22.793Z","BATT":100,"INTERVAL":300},{"modelID":"ba-e3-03-55-15-a3","modelType":"Wi-SHT10","DATAS":["Temperature","Humidity"],"Temperature":4.41,"Humidity":-959.04,"TIMESTAMP":"2022-11-27T18:58:46.432Z","BATT":100,"INTERVAL":300},{"modelID":"ba-e3-03-55-15-a3","modelType":"Wi-SHT10","DATAS":["Temperature","Humidity"],"Temperature":4.44,"Humidity":-959.04,"TIMESTAMP":"2022-11-27T18:52:48.071Z","BATT":100,"INTERVAL":300},{"modelID":"ba-e3-03-55-15-a3","modelType":"Wi-SHT10","DATAS":["Temperature","Humidity"],"Temperature":4.61,"Humidity":-959.04,"TIMESTAMP":"2022-11-27T18:47:53.689Z","BATT":100,"INTERVAL":300},{"modelID":"ba-e3-03-55-15-a3","modelType":"Wi-SHT10","DATAS":["Temperature","Humidity"],"Temperature":4.34,"Humidity":-959.04,"TIMESTAMP":"2022-11-27T18:43:06.374Z","BATT":100,"INTERVAL":300},{"modelID":"ba-e3-03-55-15-a3","modelType":"Wi-SHT10","DATAS":["Temperature","Humidity"],"Temperature":4.68,"Humidity":-959.04,"TIMESTAMP":"2022-11-27T18:38:01.270Z","BATT":100,"INTERVAL":300},{"modelID":"ba-e3-03-55-15-a3","modelType":"Wi-SHT10","DATAS":["Temperature","Humidity"],"Temperature":4.38,"Humidity":-959.04,"TIMESTAMP":"2022-11-27T18:33:08.049Z","BATT":100,"INTERVAL":300},{"modelID":"ba-e3-03-55-15-a3","modelType":"Wi-SHT10","DATAS":["Temperature","Humidity"],"Temperature":4.65,"Humidity":-959.04,"TIMESTAMP":"2022-11-27T18:28:01.319Z","BATT":100,"INTERVAL":300},{"modelID":"ba-e3-03-55-15-a3","modelType":"Wi-SHT10","DATAS":["Temperature","Humidity"],"Temperature":4.38,"Humidity":-959.04,"TIMESTAMP":"2022-11-27T18:23:13.169Z","BATT":100,"INTERVAL":300},{"modelID":"ba-e3-03-55-15-a3","modelType":"Wi-SHT10","DATAS":["Temperature","Humidity"],"Temperature":4.54,"Humidity":-959.04,"TIMESTAMP":"2022-11-27T18:18:13.169Z","BATT":100,"INTERVAL":300},{"modelID":"ba-e3-03-55-15-a3","modelType":"Wi-SHT10","DATAS":["Temperature","Humidity"],"Temperature":4.54,"Humidity":-959.04,"TIMESTAMP":"2022-11-27T18:13:22.969Z","BATT":100,"INTERVAL":300},{"modelID":"ba-e3-03-55-15-a3","modelType":"Wi-SHT10","DATAS":["Temperature","Humidity"],"Temperature":4.41,"Humidity":-959.04,"TIMESTAMP":"2022-11-27T18:08:06.514Z","BATT":100,"INTERVAL":300},{"modelID":"ba-e3-03-55-15-a3","modelType":"Wi-SHT10","DATAS":["Temperature","Humidity"],"Temperature":4.68,"Humidity":-959.04,"TIMESTAMP":"2022-11-27T18:03:01.410Z","BATT":100,"INTERVAL":300},{"modelID":"ba-e3-03-55-15-a3","modelType":"Wi-SHT10","DATAS":["Temperature","Humidity"],"Temperature":4.38,"Humidity":-959.04,"TIMESTAMP":"2022-11-27T17:58:06.550Z","BATT":100,"INTERVAL":300},{"modelID":"ba-e3-03-55-15-a3","modelType":"Wi-SHT10","DATAS":["Temperature","Humidity"],"Temperature":4.68,"Humidity":-959.04,"TIMESTAMP":"2022-11-27T17:53:01.441Z","BATT":100,"INTERVAL":300},{"modelID":"ba-e3-03-55-15-a3","modelType":"Wi-SHT10","DATAS":["Temperature","Humidity"],"Temperature":4.38,"Humidity":-959.04,"TIMESTAMP":"2022-11-27T17:48:13.304Z","BATT":100,"INTERVAL":300},{"modelID":"ba-e3-03-55-15-a3","modelType":"Wi-SHT10","DATAS":["Temperature","Humidity"],"Temperature":4.54,"Humidity":-959.04,"TIMESTAMP":"2022-11-27T17:38:23.094Z","BATT":100,"INTERVAL":300},{"modelID":"ba-e3-03-55-15-a3","modelType":"Wi-SHT10","DATAS":["Temperature","Humidity"],"Temperature":4.41,"Humidity":-959.04,"TIMESTAMP":"2022-11-27T17:33:06.650Z","BATT":100,"INTERVAL":300},{"modelID":"ba-e3-03-55-15-a3","modelType":"Wi-SHT10","DATAS":["Temperature","Humidity"],"Temperature":4.68,"Humidity":-959.04,"TIMESTAMP":"2022-11-27T17:28:01.531Z","BATT":100,"INTERVAL":300},{"modelID":"ba-e3-03-55-15-a3","modelType":"Wi-SHT10","DATAS":["Temperature","Humidity"],"Temperature":4.38,"Humidity":-959.04,"TIMESTAMP":"2022-11-27T17:23:08.310Z","BATT":100,"INTERVAL":300},{"modelID":"ba-e3-03-55-15-a3","modelType":"Wi-SHT10","DATAS":["Temperature","Humidity"],"Temperature":4.65,"Humidity":-959.04,"TIMESTAMP":"2022-11-27T17:18:01.562Z","BATT":100,"INTERVAL":300},{"modelID":"ba-e3-03-55-15-a3","modelType":"Wi-SHT10","DATAS":["Temperature","Humidity"],"Temperature":4.38,"Humidity":-959.04,"TIMESTAMP":"2022-11-27T17:13:13.432Z","BATT":100,"INTERVAL":300},{"modelID":"ba-e3-03-55-15-a3","modelType":"Wi-SHT10","DATAS":["Temperature","Humidity"],"Temperature":4.54,"Humidity":-959.04,"TIMESTAMP":"2022-11-27T17:08:22.371Z","BATT":100,"INTERVAL":300},{"modelID":"ba-e3-03-55-15-a3","modelType":"Wi-SHT10","DATAS":["Temperature","Humidity"],"Temperature":4.51,"Humidity":-959.04,"TIMESTAMP":"2022-11-27T17:03:23.241Z","BATT":100,"INTERVAL":300},{"modelID":"ba-e3-03-55-15-a3","modelType":"Wi-SHT10","DATAS":["Temperature","Humidity"],"Temperature":4.41,"Humidity":-959.04,"TIMESTAMP":"2022-11-27T16:58:06.776Z","BATT":100,"INTERVAL":300},{"modelID":"ba-e3-03-55-15-a3","modelType":"Wi-SHT10","DATAS":["Temperature","Humidity"],"Temperature":4.68,"Humidity":-959.04,"TIMESTAMP":"2022-11-27T16:53:01.654Z","BATT":100,"INTERVAL":300},{"modelID":"ba-e3-03-55-15-a3","modelType":"Wi-SHT10","DATAS":["Temperature","Humidity"],"Temperature":4.38,"Humidity":-959.04,"TIMESTAMP":"2022-11-27T16:48:33.816Z","BATT":100,"INTERVAL":300},{"modelID":"ba-e3-03-55-15-a3","modelType":"Wi-SHT10","DATAS":["Temperature","Humidity"],"Temperature":4.34,"Humidity":-959.04,"TIMESTAMP":"2022-11-27T16:38:08.295Z","BATT":100,"INTERVAL":300},{"modelID":"ba-e3-03-55-15-a3","modelType":"Wi-SHT10","DATAS":["Temperature","Humidity"],"Temperature":4.68,"Humidity":-959.04,"TIMESTAMP":"2022-11-27T16:33:47.991Z","BATT":100,"INTERVAL":300},{"modelID":"ba-e3-03-55-15-a3","modelType":"Wi-SHT10","DATAS":["Temperature","Humidity"],"Temperature":4.65,"Humidity":-959.04,"TIMESTAMP":"2022-11-27T16:18:23.395Z","BATT":100,"INTERVAL":300},{"modelID":"ba-e3-03-55-15-a3","modelType":"Wi-SHT10","DATAS":["Temperature","Humidity"],"Temperature":4.41,"Humidity":-959.04,"TIMESTAMP":"2022-11-27T16:13:33.951Z","BATT":100,"INTERVAL":300},{"modelID":"ba-e3-03-55-15-a3","modelType":"Wi-SHT10","DATAS":["Temperature","Humidity"],"Temperature":4.71,"Humidity":-959.04,"TIMESTAMP":"2022-11-27T16:07:54.270Z","BATT":100,"INTERVAL":300}],"DAYHOURS":["21","20","19","18","17","16","15","14","13","12","11","10","9","8","7","6","5","4","3","2","1","0"]}