{"SENSORNAME":"PASTE PREPARATION ROOM","SENSORTYPE":"WISENSOR","DTUID":"-1","SENSORID":"B0-01-A1-1A-65-55","DATE0":"2022-11-28T13:15:35.385Z","DATE1":"2021-12-20T22:17:16.736Z","DAYDATA":[{"modelID":"b0-01-a1-1a-65-55","modelType":"Wi-SHT10","DATAS":["Temperature","Humidity"],"Temperature":24.68,"Humidity":18.2016,"TIMESTAMP":"2022-11-28T13:15:35.385Z","BATT":100,"INTERVAL":600},{"modelID":"b0-01-a1-1a-65-55","modelType":"Wi-SHT10","DATAS":["Temperature","Humidity"],"Temperature":24.66,"Humidity":18.537599999999998,"TIMESTAMP":"2022-11-28T13:05:35.257Z","BATT":100,"INTERVAL":600},{"modelID":"b0-01-a1-1a-65-55","modelType":"Wi-SHT10","DATAS":["Temperature","Humidity"],"Temperature":24.77,"Humidity":19.3056,"TIMESTAMP":"2022-11-28T12:55:37.093Z","BATT":100,"INTERVAL":600},{"modelID":"b0-01-a1-1a-65-55","modelType":"Wi-SHT10","DATAS":["Temperature","Humidity"],"Temperature":24.77,"Humidity":18.0672,"TIMESTAMP":"2022-11-28T12:25:45.517Z","BATT":100,"INTERVAL":600},{"modelID":"b0-01-a1-1a-65-55","modelType":"Wi-SHT10","DATAS":["Temperature","Humidity"],"Temperature":24.65,"Humidity":18.4608,"TIMESTAMP":"2022-11-28T12:16:01.479Z","BATT":100,"INTERVAL":600},{"modelID":"b0-01-a1-1a-65-55","modelType":"Wi-SHT10","DATAS":["Temperature","Humidity"],"Temperature":24.75,"Humidity":18.758399999999998,"TIMESTAMP":"2022-11-28T12:05:52.717Z","BATT":100,"INTERVAL":600},{"modelID":"b0-01-a1-1a-65-55","modelType":"Wi-SHT10","DATAS":["Temperature","Humidity"],"Temperature":24.93,"Humidity":19.564799999999998,"TIMESTAMP":"2022-11-28T11:56:19.769Z","BATT":100,"INTERVAL":600},{"modelID":"b0-01-a1-1a-65-55","modelType":"Wi-SHT10","DATAS":["Temperature","Humidity"],"Temperature":24.67,"Humidity":18.72,"TIMESTAMP":"2022-11-28T11:45:57.032Z","BATT":100,"INTERVAL":600},{"modelID":"b0-01-a1-1a-65-55","modelType":"Wi-SHT10","DATAS":["Temperature","Humidity"],"Temperature":24.8,"Humidity":18.9024,"TIMESTAMP":"2022-11-28T11:35:43.067Z","BATT":100,"INTERVAL":600},{"modelID":"b0-01-a1-1a-65-55","modelType":"Wi-SHT10","DATAS":["Temperature","Humidity"],"Temperature":24.75,"Humidity":18.748800000000003,"TIMESTAMP":"2022-11-28T11:25:49.461Z","BATT":100,"INTERVAL":600},{"modelID":"b0-01-a1-1a-65-55","modelType":"Wi-SHT10","DATAS":["Temperature","Humidity"],"Temperature":24.58,"Humidity":19.209600000000002,"TIMESTAMP":"2022-11-28T11:15:41.000Z","BATT":100,"INTERVAL":600},{"modelID":"b0-01-a1-1a-65-55","modelType":"Wi-SHT10","DATAS":["Temperature","Humidity"],"Temperature":24.58,"Humidity":19.1136,"TIMESTAMP":"2022-11-28T11:05:43.240Z","BATT":100,"INTERVAL":600},{"modelID":"b0-01-a1-1a-65-55","modelType":"Wi-SHT10","DATAS":["Temperature","Humidity"],"Temperature":24.54,"Humidity":20.16,"TIMESTAMP":"2022-11-28T10:55:50.773Z","BATT":100,"INTERVAL":600},{"modelID":"b0-01-a1-1a-65-55","modelType":"Wi-SHT10","DATAS":["Temperature","Humidity"],"Temperature":24.3,"Humidity":19.7088,"TIMESTAMP":"2022-11-28T10:45:38.352Z","BATT":100,"INTERVAL":600},{"modelID":"b0-01-a1-1a-65-55","modelType":"Wi-SHT10","DATAS":["Temperature","Humidity"],"Temperature":24.1,"Humidity":19.7664,"TIMESTAMP":"2022-11-28T10:35:58.464Z","BATT":100,"INTERVAL":600},{"modelID":"b0-01-a1-1a-65-55","modelType":"Wi-SHT10","DATAS":["Temperature","Humidity"],"Temperature":23.79,"Humidity":19.68,"TIMESTAMP":"2022-11-28T10:25:53.747Z","BATT":100,"INTERVAL":600},{"modelID":"b0-01-a1-1a-65-55","modelType":"Wi-SHT10","DATAS":["Temperature","Humidity"],"Temperature":23.85,"Humidity":19.8528,"TIMESTAMP":"2022-11-28T10:15:31.652Z","BATT":100,"INTERVAL":600},{"modelID":"b0-01-a1-1a-65-55","modelType":"Wi-SHT10","DATAS":["Temperature","Humidity"],"Temperature":23.89,"Humidity":19.8144,"TIMESTAMP":"2022-11-28T10:05:54.762Z","BATT":100,"INTERVAL":600},{"modelID":"b0-01-a1-1a-65-55","modelType":"Wi-SHT10","DATAS":["Temperature","Humidity"],"Temperature":23.8,"Humidity":19.6512,"TIMESTAMP":"2022-11-28T09:55:59.364Z","BATT":100,"INTERVAL":600},{"modelID":"b0-01-a1-1a-65-55","modelType":"Wi-SHT10","DATAS":["Temperature","Humidity"],"Temperature":23.71,"Humidity":19.670399999999997,"TIMESTAMP":"2022-11-28T09:45:42.423Z","BATT":100,"INTERVAL":600},{"modelID":"b0-01-a1-1a-65-55","modelType":"Wi-SHT10","DATAS":["Temperature","Humidity"],"Temperature":23.67,"Humidity":19.9392,"TIMESTAMP":"2022-11-28T09:35:30.828Z","BATT":100,"INTERVAL":600},{"modelID":"b0-01-a1-1a-65-55","modelType":"Wi-SHT10","DATAS":["Temperature","Humidity"],"Temperature":23.7,"Humidity":19.968,"TIMESTAMP":"2022-11-28T09:26:00.740Z","BATT":100,"INTERVAL":600},{"modelID":"b0-01-a1-1a-65-55","modelType":"Wi-SHT10","DATAS":["Temperature","Humidity"],"Temperature":23.75,"Humidity":19.968,"TIMESTAMP":"2022-11-28T09:15:58.621Z","BATT":100,"INTERVAL":600},{"modelID":"b0-01-a1-1a-65-55","modelType":"Wi-SHT10","DATAS":["Temperature","Humidity"],"Temperature":23.83,"Humidity":19.7472,"TIMESTAMP":"2022-11-28T09:05:35.069Z","BATT":100,"INTERVAL":600},{"modelID":"b0-01-a1-1a-65-55","modelType":"Wi-SHT10","DATAS":["Temperature","Humidity"],"Temperature":23.91,"Humidity":19.8624,"TIMESTAMP":"2022-11-28T08:55:29.901Z","BATT":100,"INTERVAL":600},{"modelID":"b0-01-a1-1a-65-55","modelType":"Wi-SHT10","DATAS":["Temperature","Humidity"],"Temperature":23.93,"Humidity":19.631999999999998,"TIMESTAMP":"2022-11-28T08:45:36.403Z","BATT":100,"INTERVAL":600},{"modelID":"b0-01-a1-1a-65-55","modelType":"Wi-SHT10","DATAS":["Temperature","Humidity"],"Temperature":23.84,"Humidity":19.622400000000003,"TIMESTAMP":"2022-11-28T08:35:55.137Z","BATT":100,"INTERVAL":600},{"modelID":"b0-01-a1-1a-65-55","modelType":"Wi-SHT10","DATAS":["Temperature","Humidity"],"Temperature":23.89,"Humidity":19.7568,"TIMESTAMP":"2022-11-28T08:25:50.219Z","BATT":100,"INTERVAL":600},{"modelID":"b0-01-a1-1a-65-55","modelType":"Wi-SHT10","DATAS":["Temperature","Humidity"],"Temperature":24,"Humidity":19.8528,"TIMESTAMP":"2022-11-28T08:15:38.399Z","BATT":100,"INTERVAL":600},{"modelID":"b0-01-a1-1a-65-55","modelType":"Wi-SHT10","DATAS":["Temperature","Humidity"],"Temperature":24.17,"Humidity":20.2944,"TIMESTAMP":"2022-11-28T08:05:32.263Z","BATT":100,"INTERVAL":600},{"modelID":"b0-01-a1-1a-65-55","modelType":"Wi-SHT10","DATAS":["Temperature","Humidity"],"Temperature":24.09,"Humidity":20.2944,"TIMESTAMP":"2022-11-28T07:55:54.185Z","BATT":100,"INTERVAL":600},{"modelID":"b0-01-a1-1a-65-55","modelType":"Wi-SHT10","DATAS":["Temperature","Humidity"],"Temperature":24.27,"Humidity":19.8048,"TIMESTAMP":"2022-11-28T07:45:48.603Z","BATT":100,"INTERVAL":600},{"modelID":"b0-01-a1-1a-65-55","modelType":"Wi-SHT10","DATAS":["Temperature","Humidity"],"Temperature":24.17,"Humidity":20.208000000000002,"TIMESTAMP":"2022-11-28T07:35:53.924Z","BATT":100,"INTERVAL":600},{"modelID":"b0-01-a1-1a-65-55","modelType":"Wi-SHT10","DATAS":["Temperature","Humidity"],"Temperature":24.39,"Humidity":19.689600000000002,"TIMESTAMP":"2022-11-28T07:25:32.860Z","BATT":100,"INTERVAL":600},{"modelID":"b0-01-a1-1a-65-55","modelType":"Wi-SHT10","DATAS":["Temperature","Humidity"],"Temperature":24.37,"Humidity":20.0832,"TIMESTAMP":"2022-11-28T07:15:38.344Z","BATT":100,"INTERVAL":600},{"modelID":"b0-01-a1-1a-65-55","modelType":"Wi-SHT10","DATAS":["Temperature","Humidity"],"Temperature":24.33,"Humidity":20.150399999999998,"TIMESTAMP":"2022-11-28T07:05:55.880Z","BATT":100,"INTERVAL":600},{"modelID":"b0-01-a1-1a-65-55","modelType":"Wi-SHT10","DATAS":["Temperature","Humidity"],"Temperature":26.62,"Humidity":18.211199999999998,"TIMESTAMP":"2022-11-28T06:55:34.481Z","BATT":100,"INTERVAL":600},{"modelID":"b0-01-a1-1a-65-55","modelType":"Wi-SHT10","DATAS":["Temperature","Humidity"],"Temperature":24.79,"Humidity":19.872,"TIMESTAMP":"2022-11-28T06:45:34.484Z","BATT":100,"INTERVAL":600},{"modelID":"b0-01-a1-1a-65-55","modelType":"Wi-SHT10","DATAS":["Temperature","Humidity"],"Temperature":26.45,"Humidity":18.1344,"TIMESTAMP":"2022-11-28T06:35:37.021Z","BATT":100,"INTERVAL":600},{"modelID":"b0-01-a1-1a-65-55","modelType":"Wi-SHT10","DATAS":["Temperature","Humidity"],"Temperature":24.65,"Humidity":19.948800000000002,"TIMESTAMP":"2022-11-28T06:25:36.282Z","BATT":100,"INTERVAL":600},{"modelID":"b0-01-a1-1a-65-55","modelType":"Wi-SHT10","DATAS":["Temperature","Humidity"],"Temperature":25.25,"Humidity":19.7184,"TIMESTAMP":"2022-11-28T06:15:33.461Z","BATT":100,"INTERVAL":600},{"modelID":"b0-01-a1-1a-65-55","modelType":"Wi-SHT10","DATAS":["Temperature","Humidity"],"Temperature":24.21,"Humidity":19.7088,"TIMESTAMP":"2022-11-28T06:06:01.877Z","BATT":100,"INTERVAL":600},{"modelID":"b0-01-a1-1a-65-55","modelType":"Wi-SHT10","DATAS":["Temperature","Humidity"],"Temperature":24.28,"Humidity":19.4688,"TIMESTAMP":"2022-11-28T05:55:38.623Z","BATT":100,"INTERVAL":600},{"modelID":"b0-01-a1-1a-65-55","modelType":"Wi-SHT10","DATAS":["Temperature","Humidity"],"Temperature":24.28,"Humidity":19.776,"TIMESTAMP":"2022-11-28T05:45:38.811Z","BATT":100,"INTERVAL":600},{"modelID":"b0-01-a1-1a-65-55","modelType":"Wi-SHT10","DATAS":["Temperature","Humidity"],"Temperature":23.87,"Humidity":19.4496,"TIMESTAMP":"2022-11-28T05:35:35.274Z","BATT":100,"INTERVAL":600},{"modelID":"b0-01-a1-1a-65-55","modelType":"Wi-SHT10","DATAS":["Temperature","Humidity"],"Temperature":23.68,"Humidity":19.6416,"TIMESTAMP":"2022-11-28T05:25:43.274Z","BATT":100,"INTERVAL":600},{"modelID":"b0-01-a1-1a-65-55","modelType":"Wi-SHT10","DATAS":["Temperature","Humidity"],"Temperature":23.59,"Humidity":19.872,"TIMESTAMP":"2022-11-28T05:15:53.993Z","BATT":100,"INTERVAL":600},{"modelID":"b0-01-a1-1a-65-55","modelType":"Wi-SHT10","DATAS":["Temperature","Humidity"],"Temperature":23.59,"Humidity":20.2752,"TIMESTAMP":"2022-11-28T05:05:47.891Z","BATT":100,"INTERVAL":600},{"modelID":"b0-01-a1-1a-65-55","modelType":"Wi-SHT10","DATAS":["Temperature","Humidity"],"Temperature":23.6,"Humidity":20.688000000000002,"TIMESTAMP":"2022-11-28T04:55:47.550Z","BATT":100,"INTERVAL":600},{"modelID":"b0-01-a1-1a-65-55","modelType":"Wi-SHT10","DATAS":["Temperature","Humidity"],"Temperature":23.54,"Humidity":21.0624,"TIMESTAMP":"2022-11-28T04:45:48.508Z","BATT":100,"INTERVAL":600},{"modelID":"b0-01-a1-1a-65-55","modelType":"Wi-SHT10","DATAS":["Temperature","Humidity"],"Temperature":23.37,"Humidity":21.36,"TIMESTAMP":"2022-11-28T04:35:41.948Z","BATT":100,"INTERVAL":600},{"modelID":"b0-01-a1-1a-65-55","modelType":"Wi-SHT10","DATAS":["Temperature","Humidity"],"Temperature":23.57,"Humidity":21.177599999999998,"TIMESTAMP":"2022-11-28T04:25:34.649Z","BATT":100,"INTERVAL":600},{"modelID":"b0-01-a1-1a-65-55","modelType":"Wi-SHT10","DATAS":["Temperature","Humidity"],"Temperature":23.29,"Humidity":21.2544,"TIMESTAMP":"2022-11-28T04:16:04.172Z","BATT":100,"INTERVAL":600},{"modelID":"b0-01-a1-1a-65-55","modelType":"Wi-SHT10","DATAS":["Temperature","Humidity"],"Temperature":23.52,"Humidity":20.5728,"TIMESTAMP":"2022-11-28T04:05:33.083Z","BATT":100,"INTERVAL":600},{"modelID":"b0-01-a1-1a-65-55","modelType":"Wi-SHT10","DATAS":["Temperature","Humidity"],"Temperature":23.51,"Humidity":19.968,"TIMESTAMP":"2022-11-28T03:55:37.455Z","BATT":100,"INTERVAL":600},{"modelID":"b0-01-a1-1a-65-55","modelType":"Wi-SHT10","DATAS":["Temperature","Humidity"],"Temperature":23.74,"Humidity":20.169600000000003,"TIMESTAMP":"2022-11-28T03:45:43.153Z","BATT":100,"INTERVAL":600},{"modelID":"b0-01-a1-1a-65-55","modelType":"Wi-SHT10","DATAS":["Temperature","Humidity"],"Temperature":23.01,"Humidity":22.8864,"TIMESTAMP":"2022-11-28T03:05:35.465Z","BATT":100,"INTERVAL":600},{"modelID":"b0-01-a1-1a-65-55","modelType":"Wi-SHT10","DATAS":["Temperature","Humidity"],"Temperature":23.17,"Humidity":21.302400000000002,"TIMESTAMP":"2022-11-28T02:45:45.947Z","BATT":100,"INTERVAL":600},{"modelID":"b0-01-a1-1a-65-55","modelType":"Wi-SHT10","DATAS":["Temperature","Humidity"],"Temperature":22.9,"Humidity":21.4272,"TIMESTAMP":"2022-11-28T02:35:48.518Z","BATT":100,"INTERVAL":600},{"modelID":"b0-01-a1-1a-65-55","modelType":"Wi-SHT10","DATAS":["Temperature","Humidity"],"Temperature":23.39,"Humidity":21.2544,"TIMESTAMP":"2022-11-28T02:25:34.062Z","BATT":100,"INTERVAL":600},{"modelID":"b0-01-a1-1a-65-55","modelType":"Wi-SHT10","DATAS":["Temperature","Humidity"],"Temperature":22.17,"Humidity":21.4944,"TIMESTAMP":"2022-11-28T02:15:38.317Z","BATT":100,"INTERVAL":600},{"modelID":"b0-01-a1-1a-65-55","modelType":"Wi-SHT10","DATAS":["Temperature","Humidity"],"Temperature":22.18,"Humidity":21.7248,"TIMESTAMP":"2022-11-28T02:05:50.039Z","BATT":100,"INTERVAL":600},{"modelID":"b0-01-a1-1a-65-55","modelType":"Wi-SHT10","DATAS":["Temperature","Humidity"],"Temperature":22.19,"Humidity":21.849600000000002,"TIMESTAMP":"2022-11-28T01:56:02.764Z","BATT":100,"INTERVAL":600},{"modelID":"b0-01-a1-1a-65-55","modelType":"Wi-SHT10","DATAS":["Temperature","Humidity"],"Temperature":22.09,"Humidity":20.9376,"TIMESTAMP":"2022-11-28T01:35:50.003Z","BATT":100,"INTERVAL":600},{"modelID":"b0-01-a1-1a-65-55","modelType":"Wi-SHT10","DATAS":["Temperature","Humidity"],"Temperature":22.11,"Humidity":20.6112,"TIMESTAMP":"2022-11-28T01:25:47.757Z","BATT":100,"INTERVAL":600},{"modelID":"b0-01-a1-1a-65-55","modelType":"Wi-SHT10","DATAS":["Temperature","Humidity"],"Temperature":22.2,"Humidity":19.9776,"TIMESTAMP":"2022-11-28T01:15:31.681Z","BATT":100,"INTERVAL":600},{"modelID":"b0-01-a1-1a-65-55","modelType":"Wi-SHT10","DATAS":["Temperature","Humidity"],"Temperature":22.26,"Humidity":19.968,"TIMESTAMP":"2022-11-28T01:06:02.969Z","BATT":100,"INTERVAL":600},{"modelID":"b0-01-a1-1a-65-55","modelType":"Wi-SHT10","DATAS":["Temperature","Humidity"],"Temperature":22.41,"Humidity":19.7088,"TIMESTAMP":"2022-11-28T00:55:43.768Z","BATT":100,"INTERVAL":600},{"modelID":"b0-01-a1-1a-65-55","modelType":"Wi-SHT10","DATAS":["Temperature","Humidity"],"Temperature":22.73,"Humidity":19.4496,"TIMESTAMP":"2022-11-28T00:45:45.203Z","BATT":100,"INTERVAL":600},{"modelID":"b0-01-a1-1a-65-55","modelType":"Wi-SHT10","DATAS":["Temperature","Humidity"],"Temperature":22.88,"Humidity":18.9888,"TIMESTAMP":"2022-11-28T00:35:31.202Z","BATT":100,"INTERVAL":600},{"modelID":"b0-01-a1-1a-65-55","modelType":"Wi-SHT10","DATAS":["Temperature","Humidity"],"Temperature":23.15,"Humidity":18.8352,"TIMESTAMP":"2022-11-28T00:15:42.473Z","BATT":100,"INTERVAL":600},{"modelID":"b0-01-a1-1a-65-55","modelType":"Wi-SHT10","DATAS":["Temperature","Humidity"],"Temperature":23.12,"Humidity":18.403200000000002,"TIMESTAMP":"2022-11-27T23:55:51.434Z","BATT":100,"INTERVAL":600},{"modelID":"b0-01-a1-1a-65-55","modelType":"Wi-SHT10","DATAS":["Temperature","Humidity"],"Temperature":23.12,"Humidity":18.144,"TIMESTAMP":"2022-11-27T23:46:03.396Z","BATT":100,"INTERVAL":600},{"modelID":"b0-01-a1-1a-65-55","modelType":"Wi-SHT10","DATAS":["Temperature","Humidity"],"Temperature":23.55,"Humidity":17.4432,"TIMESTAMP":"2022-11-27T23:35:50.784Z","BATT":100,"INTERVAL":600},{"modelID":"b0-01-a1-1a-65-55","modelType":"Wi-SHT10","DATAS":["Temperature","Humidity"],"Temperature":23.69,"Humidity":17.6736,"TIMESTAMP":"2022-11-27T23:25:52.131Z","BATT":100,"INTERVAL":600},{"modelID":"b0-01-a1-1a-65-55","modelType":"Wi-SHT10","DATAS":["Temperature","Humidity"],"Temperature":22.87,"Humidity":17.1936,"TIMESTAMP":"2022-11-27T23:05:55.627Z","BATT":100,"INTERVAL":600},{"modelID":"b0-01-a1-1a-65-55","modelType":"Wi-SHT10","DATAS":["Temperature","Humidity"],"Temperature":22.67,"Humidity":16.982400000000002,"TIMESTAMP":"2022-11-27T22:55:50.265Z","BATT":100,"INTERVAL":600},{"modelID":"b0-01-a1-1a-65-55","modelType":"Wi-SHT10","DATAS":["Temperature","Humidity"],"Temperature":22.68,"Humidity":17.0976,"TIMESTAMP":"2022-11-27T22:45:59.591Z","BATT":100,"INTERVAL":600},{"modelID":"b0-01-a1-1a-65-55","modelType":"Wi-SHT10","DATAS":["Temperature","Humidity"],"Temperature":22.65,"Humidity":17.3088,"TIMESTAMP":"2022-11-27T22:25:35.377Z","BATT":100,"INTERVAL":600},{"modelID":"b0-01-a1-1a-65-55","modelType":"Wi-SHT10","DATAS":["Temperature","Humidity"],"Temperature":22.7,"Humidity":17.4816,"TIMESTAMP":"2022-11-27T22:15:43.025Z","BATT":100,"INTERVAL":600},{"modelID":"b0-01-a1-1a-65-55","modelType":"Wi-SHT10","DATAS":["Temperature","Humidity"],"Temperature":26.56,"Humidity":29.0688,"TIMESTAMP":"2022-11-27T22:05:31.967Z","BATT":100,"INTERVAL":600},{"modelID":"b0-01-a1-1a-65-55","modelType":"Wi-SHT10","DATAS":["Temperature","Humidity"],"Temperature":22.72,"Humidity":17.4144,"TIMESTAMP":"2022-11-27T21:55:38.985Z","BATT":100,"INTERVAL":600},{"modelID":"b0-01-a1-1a-65-55","modelType":"Wi-SHT10","DATAS":["Temperature","Humidity"],"Temperature":22.77,"Humidity":17.4144,"TIMESTAMP":"2022-11-27T21:45:50.541Z","BATT":100,"INTERVAL":600},{"modelID":"b0-01-a1-1a-65-55","modelType":"Wi-SHT10","DATAS":["Temperature","Humidity"],"Temperature":22.71,"Humidity":17.2896,"TIMESTAMP":"2022-11-27T21:35:50.608Z","BATT":100,"INTERVAL":600},{"modelID":"b0-01-a1-1a-65-55","modelType":"Wi-SHT10","DATAS":["Temperature","Humidity"],"Temperature":22.72,"Humidity":17.2704,"TIMESTAMP":"2022-11-27T21:25:39.785Z","BATT":100,"INTERVAL":600},{"modelID":"b0-01-a1-1a-65-55","modelType":"Wi-SHT10","DATAS":["Temperature","Humidity"],"Temperature":22.7,"Humidity":17.28,"TIMESTAMP":"2022-11-27T21:15:54.263Z","BATT":100,"INTERVAL":600},{"modelID":"b0-01-a1-1a-65-55","modelType":"Wi-SHT10","DATAS":["Temperature","Humidity"],"Temperature":22.69,"Humidity":17.5872,"TIMESTAMP":"2022-11-27T21:05:36.772Z","BATT":100,"INTERVAL":600},{"modelID":"b0-01-a1-1a-65-55","modelType":"Wi-SHT10","DATAS":["Temperature","Humidity"],"Temperature":22.69,"Humidity":17.5776,"TIMESTAMP":"2022-11-27T20:55:58.183Z","BATT":100,"INTERVAL":600},{"modelID":"b0-01-a1-1a-65-55","modelType":"Wi-SHT10","DATAS":["Temperature","Humidity"],"Temperature":22.67,"Humidity":17.3088,"TIMESTAMP":"2022-11-27T20:45:56.797Z","BATT":100,"INTERVAL":600},{"modelID":"b0-01-a1-1a-65-55","modelType":"Wi-SHT10","DATAS":["Temperature","Humidity"],"Temperature":22.73,"Humidity":17.712,"TIMESTAMP":"2022-11-27T20:25:39.614Z","BATT":100,"INTERVAL":600},{"modelID":"b0-01-a1-1a-65-55","modelType":"Wi-SHT10","DATAS":["Temperature","Humidity"],"Temperature":22.76,"Humidity":17.5776,"TIMESTAMP":"2022-11-27T20:15:31.860Z","BATT":100,"INTERVAL":600},{"modelID":"b0-01-a1-1a-65-55","modelType":"Wi-SHT10","DATAS":["Temperature","Humidity"],"Temperature":22.75,"Humidity":17.7792,"TIMESTAMP":"2022-11-27T20:05:44.635Z","BATT":100,"INTERVAL":600},{"modelID":"b0-01-a1-1a-65-55","modelType":"Wi-SHT10","DATAS":["Temperature","Humidity"],"Temperature":22.77,"Humidity":17.808,"TIMESTAMP":"2022-11-27T19:55:59.543Z","BATT":100,"INTERVAL":600},{"modelID":"b0-01-a1-1a-65-55","modelType":"Wi-SHT10","DATAS":["Temperature","Humidity"],"Temperature":22.73,"Humidity":17.5488,"TIMESTAMP":"2022-11-27T19:45:36.498Z","BATT":100,"INTERVAL":600},{"modelID":"b0-01-a1-1a-65-55","modelType":"Wi-SHT10","DATAS":["Temperature","Humidity"],"Temperature":22.76,"Humidity":17.2224,"TIMESTAMP":"2022-11-27T19:35:48.316Z","BATT":100,"INTERVAL":600},{"modelID":"b0-01-a1-1a-65-55","modelType":"Wi-SHT10","DATAS":["Temperature","Humidity"],"Temperature":22.74,"Humidity":17.4528,"TIMESTAMP":"2022-11-27T19:25:45.198Z","BATT":100,"INTERVAL":600},{"modelID":"b0-01-a1-1a-65-55","modelType":"Wi-SHT10","DATAS":["Temperature","Humidity"],"Temperature":22.77,"Humidity":17.616,"TIMESTAMP":"2022-11-27T19:15:55.355Z","BATT":100,"INTERVAL":600},{"modelID":"b0-01-a1-1a-65-55","modelType":"Wi-SHT10","DATAS":["Temperature","Humidity"],"Temperature":22.77,"Humidity":17.808,"TIMESTAMP":"2022-11-27T19:05:36.582Z","BATT":100,"INTERVAL":600},{"modelID":"b0-01-a1-1a-65-55","modelType":"Wi-SHT10","DATAS":["Temperature","Humidity"],"Temperature":22.78,"Humidity":18.057599999999997,"TIMESTAMP":"2022-11-27T18:55:59.926Z","BATT":100,"INTERVAL":600},{"modelID":"b0-01-a1-1a-65-55","modelType":"Wi-SHT10","DATAS":["Temperature","Humidity"],"Temperature":22.8,"Humidity":18.0768,"TIMESTAMP":"2022-11-27T18:45:46.774Z","BATT":100,"INTERVAL":600},{"modelID":"b0-01-a1-1a-65-55","modelType":"Wi-SHT10","DATAS":["Temperature","Humidity"],"Temperature":22.83,"Humidity":18.0768,"TIMESTAMP":"2022-11-27T18:35:57.215Z","BATT":100,"INTERVAL":600},{"modelID":"b0-01-a1-1a-65-55","modelType":"Wi-SHT10","DATAS":["Temperature","Humidity"],"Temperature":22.81,"Humidity":18.163200000000003,"TIMESTAMP":"2022-11-27T18:25:44.194Z","BATT":100,"INTERVAL":600},{"modelID":"b0-01-a1-1a-65-55","modelType":"Wi-SHT10","DATAS":["Temperature","Humidity"],"Temperature":22.81,"Humidity":18.268800000000002,"TIMESTAMP":"2022-11-27T18:05:58.374Z","BATT":100,"INTERVAL":600},{"modelID":"b0-01-a1-1a-65-55","modelType":"Wi-SHT10","DATAS":["Temperature","Humidity"],"Temperature":22.8,"Humidity":18.1536,"TIMESTAMP":"2022-11-27T17:55:37.195Z","BATT":100,"INTERVAL":600},{"modelID":"b0-01-a1-1a-65-55","modelType":"Wi-SHT10","DATAS":["Temperature","Humidity"],"Temperature":22.83,"Humidity":18,"TIMESTAMP":"2022-11-27T17:45:43.439Z","BATT":100,"INTERVAL":600},{"modelID":"b0-01-a1-1a-65-55","modelType":"Wi-SHT10","DATAS":["Temperature","Humidity"],"Temperature":22.86,"Humidity":17.76,"TIMESTAMP":"2022-11-27T17:25:43.000Z","BATT":100,"INTERVAL":600},{"modelID":"b0-01-a1-1a-65-55","modelType":"Wi-SHT10","DATAS":["Temperature","Humidity"],"Temperature":22.82,"Humidity":17.951999999999998,"TIMESTAMP":"2022-11-27T17:15:44.836Z","BATT":100,"INTERVAL":600},{"modelID":"b0-01-a1-1a-65-55","modelType":"Wi-SHT10","DATAS":["Temperature","Humidity"],"Temperature":22.84,"Humidity":18.3072,"TIMESTAMP":"2022-11-27T17:05:35.936Z","BATT":100,"INTERVAL":600},{"modelID":"b0-01-a1-1a-65-55","modelType":"Wi-SHT10","DATAS":["Temperature","Humidity"],"Temperature":22.84,"Humidity":18.0384,"TIMESTAMP":"2022-11-27T16:55:54.254Z","BATT":100,"INTERVAL":600},{"modelID":"b0-01-a1-1a-65-55","modelType":"Wi-SHT10","DATAS":["Temperature","Humidity"],"Temperature":22.91,"Humidity":18.2016,"TIMESTAMP":"2022-11-27T16:25:55.126Z","BATT":100,"INTERVAL":600}],"DAYHOURS":["21","20","19","18","17","16","15","14","13","12","11","10","9","8","7","6","5","4","3","2","1","0"]}