{"SENSORNAME":"CHILLER B - CHWR PRESS","SENSORTYPE":"WTRPRS(485)","DTUID":"200","SENSORID":"41","DATE0":"2022-11-28T09:05:03.183Z","DATE1":"2022-02-13T09:58:50.566Z","DAYDATA":[{"DTUID":"200","SENSORID":41,"FUNCID":3,"NDATA":2,"SENSORTYPE":"WATER-PRES","RCV_BYTES":["4388","D560"],"DATAS":[17288,-10912],"DATAS1":[],"DATAS2":[],"TIMESTAMP":"2022-11-28T09:05:03.183Z"},{"DTUID":"200","SENSORID":41,"FUNCID":3,"NDATA":2,"SENSORTYPE":"WATER-PRES","RCV_BYTES":["438B","9042"],"DATAS":[17291,-28606],"DATAS1":[],"DATAS2":[],"TIMESTAMP":"2022-11-27T21:14:21.377Z"},{"DTUID":"200","SENSORID":41,"FUNCID":3,"NDATA":2,"SENSORTYPE":"WATER-PRES","RCV_BYTES":["438B","C396"],"DATAS":[17291,-15466],"DATAS1":[],"DATAS2":[],"TIMESTAMP":"2022-11-27T20:34:10.993Z"},{"DTUID":"200","SENSORID":41,"FUNCID":3,"NDATA":2,"SENSORTYPE":"WATER-PRES","RCV_BYTES":["438B","5C6A"],"DATAS":[17291,23658],"DATAS1":[],"DATAS2":[],"TIMESTAMP":"2022-11-27T17:13:56.397Z"}],"DAYHOURS":["17","5","4","1"]}