{"SENSORNAME":"L3-Liquid\\Extemp Prep(Outpatient)","SENSORTYPE":"WISENSOR","DTUID":"-1","SENSORID":"BA-C4-CD-9A-45-C5","DATE0":"2022-11-28T13:14:56.396Z","DATE1":"2022-03-22T00:15:06.794Z","DAYDATA":[{"modelID":"ba-c4-cd-9a-45-c5","modelType":"Wi-SHT10A","DATAS":["Temperature","Humidity"],"Temperature":4.62,"Humidity":0,"TIMESTAMP":"2022-11-28T13:14:56.396Z","BATT":100,"INTERVAL":1200},{"modelID":"ba-c4-cd-9a-45-c5","modelType":"Wi-SHT10A","DATAS":["Temperature","Humidity"],"Temperature":4.58,"Humidity":0,"TIMESTAMP":"2022-11-28T12:14:51.471Z","BATT":100,"INTERVAL":1200},{"modelID":"ba-c4-cd-9a-45-c5","modelType":"Wi-SHT10A","DATAS":["Temperature","Humidity"],"Temperature":4.62,"Humidity":0,"TIMESTAMP":"2022-11-28T11:54:41.031Z","BATT":100,"INTERVAL":1200},{"modelID":"ba-c4-cd-9a-45-c5","modelType":"Wi-SHT10A","DATAS":["Temperature","Humidity"],"Temperature":4.55,"Humidity":0,"TIMESTAMP":"2022-11-28T11:35:20.568Z","BATT":100,"INTERVAL":1200},{"modelID":"ba-c4-cd-9a-45-c5","modelType":"Wi-SHT10A","DATAS":["Temperature","Humidity"],"Temperature":4.52,"Humidity":0,"TIMESTAMP":"2022-11-28T11:14:42.725Z","BATT":100,"INTERVAL":1200},{"modelID":"ba-c4-cd-9a-45-c5","modelType":"Wi-SHT10A","DATAS":["Temperature","Humidity"],"Temperature":4.45,"Humidity":0,"TIMESTAMP":"2022-11-28T10:54:25.965Z","BATT":100,"INTERVAL":1200},{"modelID":"ba-c4-cd-9a-45-c5","modelType":"Wi-SHT10A","DATAS":["Temperature","Humidity"],"Temperature":4.31,"Humidity":0,"TIMESTAMP":"2022-11-28T10:34:20.340Z","BATT":100,"INTERVAL":1200},{"modelID":"ba-c4-cd-9a-45-c5","modelType":"Wi-SHT10A","DATAS":["Temperature","Humidity"],"Temperature":4.08,"Humidity":0,"TIMESTAMP":"2022-11-28T10:14:42.156Z","BATT":100,"INTERVAL":1200},{"modelID":"ba-c4-cd-9a-45-c5","modelType":"Wi-SHT10A","DATAS":["Temperature","Humidity"],"Temperature":4.01,"Humidity":0,"TIMESTAMP":"2022-11-28T09:54:23.295Z","BATT":100,"INTERVAL":1200},{"modelID":"ba-c4-cd-9a-45-c5","modelType":"Wi-SHT10A","DATAS":["Temperature","Humidity"],"Temperature":3.74,"Humidity":0,"TIMESTAMP":"2022-11-28T09:35:06.553Z","BATT":100,"INTERVAL":1200},{"modelID":"ba-c4-cd-9a-45-c5","modelType":"Wi-SHT10A","DATAS":["Temperature","Humidity"],"Temperature":3.57,"Humidity":0,"TIMESTAMP":"2022-11-28T09:15:02.028Z","BATT":100,"INTERVAL":1200},{"modelID":"ba-c4-cd-9a-45-c5","modelType":"Wi-SHT10A","DATAS":["Temperature","Humidity"],"Temperature":3.31,"Humidity":0,"TIMESTAMP":"2022-11-28T08:55:10.329Z","BATT":100,"INTERVAL":1200},{"modelID":"ba-c4-cd-9a-45-c5","modelType":"Wi-SHT10A","DATAS":["Temperature","Humidity"],"Temperature":3.14,"Humidity":0,"TIMESTAMP":"2022-11-28T08:34:29.238Z","BATT":100,"INTERVAL":1200},{"modelID":"ba-c4-cd-9a-45-c5","modelType":"Wi-SHT10A","DATAS":["Temperature","Humidity"],"Temperature":2.9,"Humidity":0,"TIMESTAMP":"2022-11-28T08:14:47.089Z","BATT":100,"INTERVAL":1200},{"modelID":"ba-c4-cd-9a-45-c5","modelType":"Wi-SHT10A","DATAS":["Temperature","Humidity"],"Temperature":2.94,"Humidity":0,"TIMESTAMP":"2022-11-28T07:54:28.648Z","BATT":100,"INTERVAL":1200},{"modelID":"ba-c4-cd-9a-45-c5","modelType":"Wi-SHT10A","DATAS":["Temperature","Humidity"],"Temperature":3.37,"Humidity":0,"TIMESTAMP":"2022-11-28T07:35:08.283Z","BATT":100,"INTERVAL":1200},{"modelID":"ba-c4-cd-9a-45-c5","modelType":"Wi-SHT10A","DATAS":["Temperature","Humidity"],"Temperature":3.94,"Humidity":0,"TIMESTAMP":"2022-11-28T07:15:17.342Z","BATT":100,"INTERVAL":1200},{"modelID":"ba-c4-cd-9a-45-c5","modelType":"Wi-SHT10A","DATAS":["Temperature","Humidity"],"Temperature":4.52,"Humidity":0,"TIMESTAMP":"2022-11-28T06:55:17.442Z","BATT":100,"INTERVAL":1200},{"modelID":"ba-c4-cd-9a-45-c5","modelType":"Wi-SHT10A","DATAS":["Temperature","Humidity"],"Temperature":4.52,"Humidity":0,"TIMESTAMP":"2022-11-28T06:34:23.121Z","BATT":100,"INTERVAL":1200},{"modelID":"ba-c4-cd-9a-45-c5","modelType":"Wi-SHT10A","DATAS":["Temperature","Humidity"],"Temperature":4.48,"Humidity":0,"TIMESTAMP":"2022-11-28T06:14:47.171Z","BATT":100,"INTERVAL":1200},{"modelID":"ba-c4-cd-9a-45-c5","modelType":"Wi-SHT10A","DATAS":["Temperature","Humidity"],"Temperature":4.21,"Humidity":0,"TIMESTAMP":"2022-11-28T05:54:47.937Z","BATT":100,"INTERVAL":1200},{"modelID":"ba-c4-cd-9a-45-c5","modelType":"Wi-SHT10A","DATAS":["Temperature","Humidity"],"Temperature":3.91,"Humidity":0,"TIMESTAMP":"2022-11-28T05:34:38.595Z","BATT":100,"INTERVAL":1200},{"modelID":"ba-c4-cd-9a-45-c5","modelType":"Wi-SHT10A","DATAS":["Temperature","Humidity"],"Temperature":3.41,"Humidity":0,"TIMESTAMP":"2022-11-28T05:15:11.296Z","BATT":100,"INTERVAL":1200},{"modelID":"ba-c4-cd-9a-45-c5","modelType":"Wi-SHT10A","DATAS":["Temperature","Humidity"],"Temperature":2.8,"Humidity":0,"TIMESTAMP":"2022-11-28T04:34:30.614Z","BATT":100,"INTERVAL":1200},{"modelID":"ba-c4-cd-9a-45-c5","modelType":"Wi-SHT10A","DATAS":["Temperature","Humidity"],"Temperature":3.27,"Humidity":0,"TIMESTAMP":"2022-11-28T04:14:24.496Z","BATT":100,"INTERVAL":1200},{"modelID":"ba-c4-cd-9a-45-c5","modelType":"Wi-SHT10A","DATAS":["Temperature","Humidity"],"Temperature":4.41,"Humidity":0,"TIMESTAMP":"2022-11-28T03:54:57.805Z","BATT":100,"INTERVAL":1200},{"modelID":"ba-c4-cd-9a-45-c5","modelType":"Wi-SHT10A","DATAS":["Temperature","Humidity"],"Temperature":4.38,"Humidity":0,"TIMESTAMP":"2022-11-28T03:34:23.451Z","BATT":100,"INTERVAL":1200},{"modelID":"ba-c4-cd-9a-45-c5","modelType":"Wi-SHT10A","DATAS":["Temperature","Humidity"],"Temperature":3.81,"Humidity":0,"TIMESTAMP":"2022-11-28T03:14:56.825Z","BATT":100,"INTERVAL":1200},{"modelID":"ba-c4-cd-9a-45-c5","modelType":"Wi-SHT10A","DATAS":["Temperature","Humidity"],"Temperature":3.04,"Humidity":0,"TIMESTAMP":"2022-11-28T02:55:18.038Z","BATT":100,"INTERVAL":1200},{"modelID":"ba-c4-cd-9a-45-c5","modelType":"Wi-SHT10A","DATAS":["Temperature","Humidity"],"Temperature":2.73,"Humidity":0,"TIMESTAMP":"2022-11-28T02:34:36.833Z","BATT":100,"INTERVAL":1200},{"modelID":"ba-c4-cd-9a-45-c5","modelType":"Wi-SHT10A","DATAS":["Temperature","Humidity"],"Temperature":4.35,"Humidity":0,"TIMESTAMP":"2022-11-28T02:14:48.750Z","BATT":100,"INTERVAL":1200},{"modelID":"ba-c4-cd-9a-45-c5","modelType":"Wi-SHT10A","DATAS":["Temperature","Humidity"],"Temperature":3.91,"Humidity":0,"TIMESTAMP":"2022-11-28T01:54:20.634Z","BATT":100,"INTERVAL":1200},{"modelID":"ba-c4-cd-9a-45-c5","modelType":"Wi-SHT10A","DATAS":["Temperature","Humidity"],"Temperature":4.01,"Humidity":0,"TIMESTAMP":"2022-11-28T00:35:04.334Z","BATT":100,"INTERVAL":1200},{"modelID":"ba-c4-cd-9a-45-c5","modelType":"Wi-SHT10A","DATAS":["Temperature","Humidity"],"Temperature":3.31,"Humidity":0,"TIMESTAMP":"2022-11-28T00:14:34.020Z","BATT":100,"INTERVAL":1200},{"modelID":"ba-c4-cd-9a-45-c5","modelType":"Wi-SHT10A","DATAS":["Temperature","Humidity"],"Temperature":2.67,"Humidity":0,"TIMESTAMP":"2022-11-27T23:54:45.959Z","BATT":100,"INTERVAL":1200},{"modelID":"ba-c4-cd-9a-45-c5","modelType":"Wi-SHT10A","DATAS":["Temperature","Humidity"],"Temperature":4.21,"Humidity":0,"TIMESTAMP":"2022-11-27T23:34:46.025Z","BATT":100,"INTERVAL":1200},{"modelID":"ba-c4-cd-9a-45-c5","modelType":"Wi-SHT10A","DATAS":["Temperature","Humidity"],"Temperature":4.21,"Humidity":0,"TIMESTAMP":"2022-11-27T23:15:00.684Z","BATT":100,"INTERVAL":1200},{"modelID":"ba-c4-cd-9a-45-c5","modelType":"Wi-SHT10A","DATAS":["Temperature","Humidity"],"Temperature":3.54,"Humidity":0,"TIMESTAMP":"2022-11-27T22:54:31.791Z","BATT":100,"INTERVAL":1200},{"modelID":"ba-c4-cd-9a-45-c5","modelType":"Wi-SHT10A","DATAS":["Temperature","Humidity"],"Temperature":2.9,"Humidity":0,"TIMESTAMP":"2022-11-27T22:34:54.985Z","BATT":100,"INTERVAL":1200},{"modelID":"ba-c4-cd-9a-45-c5","modelType":"Wi-SHT10A","DATAS":["Temperature","Humidity"],"Temperature":3.51,"Humidity":0,"TIMESTAMP":"2022-11-27T22:14:55.649Z","BATT":100,"INTERVAL":1200},{"modelID":"ba-c4-cd-9a-45-c5","modelType":"Wi-SHT10A","DATAS":["Temperature","Humidity"],"Temperature":4.38,"Humidity":0,"TIMESTAMP":"2022-11-27T21:55:03.729Z","BATT":100,"INTERVAL":1200},{"modelID":"ba-c4-cd-9a-45-c5","modelType":"Wi-SHT10A","DATAS":["Temperature","Humidity"],"Temperature":3.88,"Humidity":0,"TIMESTAMP":"2022-11-27T21:35:13.355Z","BATT":100,"INTERVAL":1200},{"modelID":"ba-c4-cd-9a-45-c5","modelType":"Wi-SHT10A","DATAS":["Temperature","Humidity"],"Temperature":3.14,"Humidity":0,"TIMESTAMP":"2022-11-27T21:15:18.592Z","BATT":100,"INTERVAL":1200},{"modelID":"ba-c4-cd-9a-45-c5","modelType":"Wi-SHT10A","DATAS":["Temperature","Humidity"],"Temperature":2.73,"Humidity":0,"TIMESTAMP":"2022-11-27T20:55:06.172Z","BATT":100,"INTERVAL":1200},{"modelID":"ba-c4-cd-9a-45-c5","modelType":"Wi-SHT10A","DATAS":["Temperature","Humidity"],"Temperature":4.25,"Humidity":0,"TIMESTAMP":"2022-11-27T20:34:29.793Z","BATT":100,"INTERVAL":1200},{"modelID":"ba-c4-cd-9a-45-c5","modelType":"Wi-SHT10A","DATAS":["Temperature","Humidity"],"Temperature":4.31,"Humidity":0,"TIMESTAMP":"2022-11-27T20:14:35.732Z","BATT":100,"INTERVAL":1200},{"modelID":"ba-c4-cd-9a-45-c5","modelType":"Wi-SHT10A","DATAS":["Temperature","Humidity"],"Temperature":3.61,"Humidity":0,"TIMESTAMP":"2022-11-27T19:54:57.969Z","BATT":100,"INTERVAL":1200},{"modelID":"ba-c4-cd-9a-45-c5","modelType":"Wi-SHT10A","DATAS":["Temperature","Humidity"],"Temperature":3.04,"Humidity":0,"TIMESTAMP":"2022-11-27T19:34:32.673Z","BATT":100,"INTERVAL":1200},{"modelID":"ba-c4-cd-9a-45-c5","modelType":"Wi-SHT10A","DATAS":["Temperature","Humidity"],"Temperature":2.9,"Humidity":0,"TIMESTAMP":"2022-11-27T19:14:27.347Z","BATT":100,"INTERVAL":1200},{"modelID":"ba-c4-cd-9a-45-c5","modelType":"Wi-SHT10A","DATAS":["Temperature","Humidity"],"Temperature":4.41,"Humidity":0,"TIMESTAMP":"2022-11-27T18:54:59.953Z","BATT":100,"INTERVAL":1200},{"modelID":"ba-c4-cd-9a-45-c5","modelType":"Wi-SHT10A","DATAS":["Temperature","Humidity"],"Temperature":4.18,"Humidity":0,"TIMESTAMP":"2022-11-27T18:34:56.048Z","BATT":100,"INTERVAL":1200},{"modelID":"ba-c4-cd-9a-45-c5","modelType":"Wi-SHT10A","DATAS":["Temperature","Humidity"],"Temperature":3.51,"Humidity":0,"TIMESTAMP":"2022-11-27T18:14:50.809Z","BATT":100,"INTERVAL":1200},{"modelID":"ba-c4-cd-9a-45-c5","modelType":"Wi-SHT10A","DATAS":["Temperature","Humidity"],"Temperature":2.94,"Humidity":0,"TIMESTAMP":"2022-11-27T17:55:08.722Z","BATT":100,"INTERVAL":1200},{"modelID":"ba-c4-cd-9a-45-c5","modelType":"Wi-SHT10A","DATAS":["Temperature","Humidity"],"Temperature":3.17,"Humidity":0,"TIMESTAMP":"2022-11-27T17:34:46.790Z","BATT":100,"INTERVAL":1200},{"modelID":"ba-c4-cd-9a-45-c5","modelType":"Wi-SHT10A","DATAS":["Temperature","Humidity"],"Temperature":4.45,"Humidity":0,"TIMESTAMP":"2022-11-27T17:14:22.863Z","BATT":100,"INTERVAL":1200},{"modelID":"ba-c4-cd-9a-45-c5","modelType":"Wi-SHT10A","DATAS":["Temperature","Humidity"],"Temperature":4.15,"Humidity":0,"TIMESTAMP":"2022-11-27T16:55:02.376Z","BATT":100,"INTERVAL":1200},{"modelID":"ba-c4-cd-9a-45-c5","modelType":"Wi-SHT10A","DATAS":["Temperature","Humidity"],"Temperature":2.97,"Humidity":0,"TIMESTAMP":"2022-11-27T16:14:48.080Z","BATT":100,"INTERVAL":1200}],"DAYHOURS":["21","20","19","18","17","16","15","14","13","12","11","10","9","8","7","6","5","4","3","2","1","0"]}