{"SENSORNAME":"C.TOWER A","SENSORTYPE":"PWRMTR(485)","DTUID":"100","SENSORID":12,"PWRMTR0":"2624","PWRMTR1":"195","DAYDATA":[{"DTUID":"100","SENSORID":12,"FUNCID":3,"NDATA":2,"SENSORTYPE":"PWR-METER-POWER","RCV_BYTES":["0004","00ED"],"DATAS":[4,237],"DATAS1":[],"DATAS2":[],"TIMESTAMP":"2022-11-28T10:06:23.992Z"},{"DTUID":"100","SENSORID":12,"FUNCID":3,"NDATA":2,"SENSORTYPE":"PWR-METER-POWER","RCV_BYTES":["0004","00EC"],"DATAS":[4,236],"DATAS1":[],"DATAS2":[],"TIMESTAMP":"2022-11-28T05:29:35.655Z"},{"DTUID":"100","SENSORID":12,"FUNCID":3,"NDATA":2,"SENSORTYPE":"PWR-METER-POWER","RCV_BYTES":["0004","00EC"],"DATAS":[4,236],"DATAS1":[],"DATAS2":[],"TIMESTAMP":"2022-11-27T20:35:29.754Z"},{"DTUID":"100","SENSORID":12,"FUNCID":3,"NDATA":2,"SENSORTYPE":"PWR-METER-POWER","RCV_BYTES":["0004","00EC"],"DATAS":[4,236],"DATAS1":[],"DATAS2":[],"TIMESTAMP":"2022-11-27T18:15:19.873Z"}],"DAYHOURS":["18","13","4","2"],"MNTH-2022_11":"2624","WK48":"2624","WK47":"2624","WK46":"2623","WK45":"2623","WK44":"2623","MNTH-2022_10":"2622","WK43":"2621","WK42":"2619","WK41":"2618","WK40":"2618","MNTH-2022_9":"2617","WK39":"2617","WK38":"2617","WK37":"2617","WK36":"2617","MNTH-2022_8":"2616","WK35":"2616","WK34":"2616","WK33":"2615","WK32":"2614","WK31":"2613","MNTH-2022_7":"2613","WK30":"2613","WK29":"2613","WK28":"2415","WK27":"2158","MNTH-2022_6":"1975","WK26":"1903","WK25":"1665","WK24":"1433","WK23":"1184","MNTH-2022_5":"952","WK22":"952","WK21":"708","WK20":"483","WK19":"246"}