{"SENSORNAME":"L5-CDR Store (Inpatient)","SENSORTYPE":"WISENSOR","DTUID":"-1","SENSORID":"BA-D8-12-43-58-EB","DATE0":"2022-11-28T13:12:22.255Z","DATE1":"2022-03-31T08:10:03.104Z","DAYDATA":[{"modelID":"ba-d8-12-43-58-eb","modelType":"Wi-SHT10","DATAS":["Temperature","Humidity"],"Temperature":4.11,"Humidity":-959.04,"TIMESTAMP":"2022-11-28T13:12:22.255Z","BATT":100,"INTERVAL":600},{"modelID":"ba-d8-12-43-58-eb","modelType":"Wi-SHT10","DATAS":["Temperature","Humidity"],"Temperature":4.31,"Humidity":-959.04,"TIMESTAMP":"2022-11-28T13:02:00.493Z","BATT":100,"INTERVAL":600},{"modelID":"ba-d8-12-43-58-eb","modelType":"Wi-SHT10","DATAS":["Temperature","Humidity"],"Temperature":4.24,"Humidity":-959.04,"TIMESTAMP":"2022-11-28T12:32:00.771Z","BATT":100,"INTERVAL":600},{"modelID":"ba-d8-12-43-58-eb","modelType":"Wi-SHT10","DATAS":["Temperature","Humidity"],"Temperature":4.44,"Humidity":-959.04,"TIMESTAMP":"2022-11-28T12:21:40.353Z","BATT":100,"INTERVAL":600},{"modelID":"ba-d8-12-43-58-eb","modelType":"Wi-SHT10","DATAS":["Temperature","Humidity"],"Temperature":4.24,"Humidity":-959.04,"TIMESTAMP":"2022-11-28T12:12:00.195Z","BATT":100,"INTERVAL":600},{"modelID":"ba-d8-12-43-58-eb","modelType":"Wi-SHT10","DATAS":["Temperature","Humidity"],"Temperature":4.07,"Humidity":-959.04,"TIMESTAMP":"2022-11-28T12:02:20.222Z","BATT":100,"INTERVAL":600},{"modelID":"ba-d8-12-43-58-eb","modelType":"Wi-SHT10","DATAS":["Temperature","Humidity"],"Temperature":4.41,"Humidity":-959.04,"TIMESTAMP":"2022-11-28T11:52:19.975Z","BATT":100,"INTERVAL":600},{"modelID":"ba-d8-12-43-58-eb","modelType":"Wi-SHT10","DATAS":["Temperature","Humidity"],"Temperature":4.31,"Humidity":-959.04,"TIMESTAMP":"2022-11-28T11:41:46.689Z","BATT":100,"INTERVAL":600},{"modelID":"ba-d8-12-43-58-eb","modelType":"Wi-SHT10","DATAS":["Temperature","Humidity"],"Temperature":4.37,"Humidity":-959.04,"TIMESTAMP":"2022-11-28T11:22:20.259Z","BATT":100,"INTERVAL":600},{"modelID":"ba-d8-12-43-58-eb","modelType":"Wi-SHT10","DATAS":["Temperature","Humidity"],"Temperature":4.41,"Humidity":-959.04,"TIMESTAMP":"2022-11-28T11:12:11.634Z","BATT":100,"INTERVAL":600},{"modelID":"ba-d8-12-43-58-eb","modelType":"Wi-SHT10","DATAS":["Temperature","Humidity"],"Temperature":4.14,"Humidity":-959.04,"TIMESTAMP":"2022-11-28T11:01:19.479Z","BATT":100,"INTERVAL":600},{"modelID":"ba-d8-12-43-58-eb","modelType":"Wi-SHT10","DATAS":["Temperature","Humidity"],"Temperature":4.34,"Humidity":-959.04,"TIMESTAMP":"2022-11-28T10:52:20.390Z","BATT":100,"INTERVAL":600},{"modelID":"ba-d8-12-43-58-eb","modelType":"Wi-SHT10","DATAS":["Temperature","Humidity"],"Temperature":4.41,"Humidity":-959.04,"TIMESTAMP":"2022-11-28T10:42:10.405Z","BATT":100,"INTERVAL":600},{"modelID":"ba-d8-12-43-58-eb","modelType":"Wi-SHT10","DATAS":["Temperature","Humidity"],"Temperature":4.17,"Humidity":-959.04,"TIMESTAMP":"2022-11-28T10:31:23.960Z","BATT":100,"INTERVAL":600},{"modelID":"ba-d8-12-43-58-eb","modelType":"Wi-SHT10","DATAS":["Temperature","Humidity"],"Temperature":4.21,"Humidity":-959.04,"TIMESTAMP":"2022-11-28T10:22:01.115Z","BATT":100,"INTERVAL":600},{"modelID":"ba-d8-12-43-58-eb","modelType":"Wi-SHT10","DATAS":["Temperature","Humidity"],"Temperature":4.44,"Humidity":-959.04,"TIMESTAMP":"2022-11-28T10:12:10.542Z","BATT":100,"INTERVAL":600},{"modelID":"ba-d8-12-43-58-eb","modelType":"Wi-SHT10","DATAS":["Temperature","Humidity"],"Temperature":4.17,"Humidity":-959.04,"TIMESTAMP":"2022-11-28T10:02:11.931Z","BATT":100,"INTERVAL":600},{"modelID":"ba-d8-12-43-58-eb","modelType":"Wi-SHT10","DATAS":["Temperature","Humidity"],"Temperature":4.14,"Humidity":-959.04,"TIMESTAMP":"2022-11-28T09:52:20.605Z","BATT":100,"INTERVAL":600},{"modelID":"ba-d8-12-43-58-eb","modelType":"Wi-SHT10","DATAS":["Temperature","Humidity"],"Temperature":4.41,"Humidity":-959.04,"TIMESTAMP":"2022-11-28T09:42:10.691Z","BATT":100,"INTERVAL":600},{"modelID":"ba-d8-12-43-58-eb","modelType":"Wi-SHT10","DATAS":["Temperature","Humidity"],"Temperature":4.17,"Humidity":-959.04,"TIMESTAMP":"2022-11-28T09:31:57.987Z","BATT":100,"INTERVAL":600},{"modelID":"ba-d8-12-43-58-eb","modelType":"Wi-SHT10","DATAS":["Temperature","Humidity"],"Temperature":4.11,"Humidity":-959.04,"TIMESTAMP":"2022-11-28T09:21:46.271Z","BATT":100,"INTERVAL":600},{"modelID":"ba-d8-12-43-58-eb","modelType":"Wi-SHT10","DATAS":["Temperature","Humidity"],"Temperature":4.37,"Humidity":-959.04,"TIMESTAMP":"2022-11-28T09:11:24.281Z","BATT":100,"INTERVAL":600},{"modelID":"ba-d8-12-43-58-eb","modelType":"Wi-SHT10","DATAS":["Temperature","Humidity"],"Temperature":4.21,"Humidity":-959.04,"TIMESTAMP":"2022-11-28T09:02:00.856Z","BATT":100,"INTERVAL":600},{"modelID":"ba-d8-12-43-58-eb","modelType":"Wi-SHT10","DATAS":["Temperature","Humidity"],"Temperature":4.07,"Humidity":-959.04,"TIMESTAMP":"2022-11-28T08:52:01.558Z","BATT":100,"INTERVAL":600},{"modelID":"ba-d8-12-43-58-eb","modelType":"Wi-SHT10","DATAS":["Temperature","Humidity"],"Temperature":4.44,"Humidity":-959.04,"TIMESTAMP":"2022-11-28T08:41:41.215Z","BATT":100,"INTERVAL":600},{"modelID":"ba-d8-12-43-58-eb","modelType":"Wi-SHT10","DATAS":["Temperature","Humidity"],"Temperature":4.24,"Humidity":-959.04,"TIMESTAMP":"2022-11-28T08:32:01.096Z","BATT":100,"INTERVAL":600},{"modelID":"ba-d8-12-43-58-eb","modelType":"Wi-SHT10","DATAS":["Temperature","Humidity"],"Temperature":4.07,"Humidity":-959.04,"TIMESTAMP":"2022-11-28T08:22:01.606Z","BATT":100,"INTERVAL":600},{"modelID":"ba-d8-12-43-58-eb","modelType":"Wi-SHT10","DATAS":["Temperature","Humidity"],"Temperature":4.44,"Humidity":-959.04,"TIMESTAMP":"2022-11-28T08:11:50.997Z","BATT":100,"INTERVAL":600},{"modelID":"ba-d8-12-43-58-eb","modelType":"Wi-SHT10","DATAS":["Temperature","Humidity"],"Temperature":4.27,"Humidity":-959.04,"TIMESTAMP":"2022-11-28T08:01:47.488Z","BATT":100,"INTERVAL":600},{"modelID":"ba-d8-12-43-58-eb","modelType":"Wi-SHT10","DATAS":["Temperature","Humidity"],"Temperature":4.04,"Humidity":-959.04,"TIMESTAMP":"2022-11-28T07:51:46.608Z","BATT":100,"INTERVAL":600},{"modelID":"ba-d8-12-43-58-eb","modelType":"Wi-SHT10","DATAS":["Temperature","Humidity"],"Temperature":4.37,"Humidity":-959.04,"TIMESTAMP":"2022-11-28T07:41:51.168Z","BATT":100,"INTERVAL":600},{"modelID":"ba-d8-12-43-58-eb","modelType":"Wi-SHT10","DATAS":["Temperature","Humidity"],"Temperature":4.27,"Humidity":-959.04,"TIMESTAMP":"2022-11-28T07:31:47.670Z","BATT":100,"INTERVAL":600},{"modelID":"ba-d8-12-43-58-eb","modelType":"Wi-SHT10","DATAS":["Temperature","Humidity"],"Temperature":4.04,"Humidity":-959.04,"TIMESTAMP":"2022-11-28T07:21:46.784Z","BATT":100,"INTERVAL":600},{"modelID":"ba-d8-12-43-58-eb","modelType":"Wi-SHT10","DATAS":["Temperature","Humidity"],"Temperature":4.37,"Humidity":-959.04,"TIMESTAMP":"2022-11-28T07:11:41.651Z","BATT":100,"INTERVAL":600},{"modelID":"ba-d8-12-43-58-eb","modelType":"Wi-SHT10","DATAS":["Temperature","Humidity"],"Temperature":4.24,"Humidity":-959.04,"TIMESTAMP":"2022-11-28T07:01:46.665Z","BATT":100,"INTERVAL":600},{"modelID":"ba-d8-12-43-58-eb","modelType":"Wi-SHT10","DATAS":["Temperature","Humidity"],"Temperature":4,"Humidity":-959.04,"TIMESTAMP":"2022-11-28T06:51:20.467Z","BATT":100,"INTERVAL":600},{"modelID":"ba-d8-12-43-58-eb","modelType":"Wi-SHT10","DATAS":["Temperature","Humidity"],"Temperature":4.34,"Humidity":-959.04,"TIMESTAMP":"2022-11-28T06:41:41.751Z","BATT":100,"INTERVAL":600},{"modelID":"ba-d8-12-43-58-eb","modelType":"Wi-SHT10","DATAS":["Temperature","Humidity"],"Temperature":4.24,"Humidity":-959.04,"TIMESTAMP":"2022-11-28T06:31:50.884Z","BATT":100,"INTERVAL":600},{"modelID":"ba-d8-12-43-58-eb","modelType":"Wi-SHT10","DATAS":["Temperature","Humidity"],"Temperature":3.97,"Humidity":-959.04,"TIMESTAMP":"2022-11-28T06:21:46.983Z","BATT":100,"INTERVAL":600},{"modelID":"ba-d8-12-43-58-eb","modelType":"Wi-SHT10","DATAS":["Temperature","Humidity"],"Temperature":4.37,"Humidity":-959.04,"TIMESTAMP":"2022-11-28T06:12:21.254Z","BATT":100,"INTERVAL":600},{"modelID":"ba-d8-12-43-58-eb","modelType":"Wi-SHT10","DATAS":["Temperature","Humidity"],"Temperature":4.31,"Humidity":-959.04,"TIMESTAMP":"2022-11-28T06:01:46.870Z","BATT":100,"INTERVAL":600},{"modelID":"ba-d8-12-43-58-eb","modelType":"Wi-SHT10","DATAS":["Temperature","Humidity"],"Temperature":4,"Humidity":-959.04,"TIMESTAMP":"2022-11-28T05:51:20.777Z","BATT":100,"INTERVAL":600},{"modelID":"ba-d8-12-43-58-eb","modelType":"Wi-SHT10","DATAS":["Temperature","Humidity"],"Temperature":4.34,"Humidity":-959.04,"TIMESTAMP":"2022-11-28T05:42:21.444Z","BATT":100,"INTERVAL":600},{"modelID":"ba-d8-12-43-58-eb","modelType":"Wi-SHT10","DATAS":["Temperature","Humidity"],"Temperature":4.31,"Humidity":-959.04,"TIMESTAMP":"2022-11-28T05:31:51.146Z","BATT":100,"INTERVAL":600},{"modelID":"ba-d8-12-43-58-eb","modelType":"Wi-SHT10","DATAS":["Temperature","Humidity"],"Temperature":3.97,"Humidity":-959.04,"TIMESTAMP":"2022-11-28T05:21:51.568Z","BATT":100,"INTERVAL":600},{"modelID":"ba-d8-12-43-58-eb","modelType":"Wi-SHT10","DATAS":["Temperature","Humidity"],"Temperature":4.27,"Humidity":-959.04,"TIMESTAMP":"2022-11-28T05:11:51.641Z","BATT":100,"INTERVAL":600},{"modelID":"ba-d8-12-43-58-eb","modelType":"Wi-SHT10","DATAS":["Temperature","Humidity"],"Temperature":4.27,"Humidity":-959.04,"TIMESTAMP":"2022-11-28T05:01:51.314Z","BATT":100,"INTERVAL":600},{"modelID":"ba-d8-12-43-58-eb","modelType":"Wi-SHT10","DATAS":["Temperature","Humidity"],"Temperature":3.97,"Humidity":-959.04,"TIMESTAMP":"2022-11-28T04:52:21.519Z","BATT":100,"INTERVAL":600},{"modelID":"ba-d8-12-43-58-eb","modelType":"Wi-SHT10","DATAS":["Temperature","Humidity"],"Temperature":4.31,"Humidity":-959.04,"TIMESTAMP":"2022-11-28T04:42:14.090Z","BATT":100,"INTERVAL":600},{"modelID":"ba-d8-12-43-58-eb","modelType":"Wi-SHT10","DATAS":["Temperature","Humidity"],"Temperature":4.14,"Humidity":-959.04,"TIMESTAMP":"2022-11-28T04:31:34.627Z","BATT":100,"INTERVAL":600},{"modelID":"ba-d8-12-43-58-eb","modelType":"Wi-SHT10","DATAS":["Temperature","Humidity"],"Temperature":3.7,"Humidity":-959.04,"TIMESTAMP":"2022-11-28T04:22:23.690Z","BATT":100,"INTERVAL":600},{"modelID":"ba-d8-12-43-58-eb","modelType":"Wi-SHT10","DATAS":["Temperature","Humidity"],"Temperature":4.31,"Humidity":-959.04,"TIMESTAMP":"2022-11-28T04:12:00.449Z","BATT":100,"INTERVAL":600},{"modelID":"ba-d8-12-43-58-eb","modelType":"Wi-SHT10","DATAS":["Temperature","Humidity"],"Temperature":4.11,"Humidity":-959.04,"TIMESTAMP":"2022-11-28T04:02:03.970Z","BATT":100,"INTERVAL":600},{"modelID":"ba-d8-12-43-58-eb","modelType":"Wi-SHT10","DATAS":["Temperature","Humidity"],"Temperature":4.07,"Humidity":-959.04,"TIMESTAMP":"2022-11-28T03:52:21.780Z","BATT":100,"INTERVAL":600},{"modelID":"ba-d8-12-43-58-eb","modelType":"Wi-SHT10","DATAS":["Temperature","Humidity"],"Temperature":4.31,"Humidity":-959.04,"TIMESTAMP":"2022-11-28T03:12:00.877Z","BATT":100,"INTERVAL":600},{"modelID":"ba-d8-12-43-58-eb","modelType":"Wi-SHT10","DATAS":["Temperature","Humidity"],"Temperature":4.11,"Humidity":-959.04,"TIMESTAMP":"2022-11-28T03:02:07.437Z","BATT":100,"INTERVAL":600},{"modelID":"ba-d8-12-43-58-eb","modelType":"Wi-SHT10","DATAS":["Temperature","Humidity"],"Temperature":3.87,"Humidity":-959.04,"TIMESTAMP":"2022-11-28T02:51:25.706Z","BATT":100,"INTERVAL":600},{"modelID":"ba-d8-12-43-58-eb","modelType":"Wi-SHT10","DATAS":["Temperature","Humidity"],"Temperature":4.21,"Humidity":-959.04,"TIMESTAMP":"2022-11-28T02:41:27.871Z","BATT":100,"INTERVAL":600},{"modelID":"ba-d8-12-43-58-eb","modelType":"Wi-SHT10","DATAS":["Temperature","Humidity"],"Temperature":4.21,"Humidity":-959.04,"TIMESTAMP":"2022-11-28T02:31:28.695Z","BATT":100,"INTERVAL":600},{"modelID":"ba-d8-12-43-58-eb","modelType":"Wi-SHT10","DATAS":["Temperature","Humidity"],"Temperature":3.9,"Humidity":-959.04,"TIMESTAMP":"2022-11-28T02:21:42.719Z","BATT":100,"INTERVAL":600},{"modelID":"ba-d8-12-43-58-eb","modelType":"Wi-SHT10","DATAS":["Temperature","Humidity"],"Temperature":4.24,"Humidity":-959.04,"TIMESTAMP":"2022-11-28T02:11:42.830Z","BATT":100,"INTERVAL":600},{"modelID":"ba-d8-12-43-58-eb","modelType":"Wi-SHT10","DATAS":["Temperature","Humidity"],"Temperature":4.24,"Humidity":-959.04,"TIMESTAMP":"2022-11-28T02:01:52.025Z","BATT":100,"INTERVAL":600},{"modelID":"ba-d8-12-43-58-eb","modelType":"Wi-SHT10","DATAS":["Temperature","Humidity"],"Temperature":4.31,"Humidity":-959.04,"TIMESTAMP":"2022-11-28T01:42:03.180Z","BATT":100,"INTERVAL":600},{"modelID":"ba-d8-12-43-58-eb","modelType":"Wi-SHT10","DATAS":["Temperature","Humidity"],"Temperature":4.44,"Humidity":-959.04,"TIMESTAMP":"2022-11-28T01:32:16.440Z","BATT":100,"INTERVAL":600},{"modelID":"ba-d8-12-43-58-eb","modelType":"Wi-SHT10","DATAS":["Temperature","Humidity"],"Temperature":4.58,"Humidity":-959.04,"TIMESTAMP":"2022-11-28T01:22:10.840Z","BATT":100,"INTERVAL":600},{"modelID":"ba-d8-12-43-58-eb","modelType":"Wi-SHT10","DATAS":["Temperature","Humidity"],"Temperature":6.9,"Humidity":-959.04,"TIMESTAMP":"2022-11-28T01:01:33.862Z","BATT":100,"INTERVAL":600},{"modelID":"ba-d8-12-43-58-eb","modelType":"Wi-SHT10","DATAS":["Temperature","Humidity"],"Temperature":6.9,"Humidity":-959.04,"TIMESTAMP":"2022-11-28T00:52:10.994Z","BATT":100,"INTERVAL":600},{"modelID":"ba-d8-12-43-58-eb","modelType":"Wi-SHT10","DATAS":["Temperature","Humidity"],"Temperature":6.93,"Humidity":-959.04,"TIMESTAMP":"2022-11-28T00:41:34.030Z","BATT":100,"INTERVAL":600},{"modelID":"ba-d8-12-43-58-eb","modelType":"Wi-SHT10","DATAS":["Temperature","Humidity"],"Temperature":6.86,"Humidity":-959.04,"TIMESTAMP":"2022-11-28T00:22:11.018Z","BATT":100,"INTERVAL":600},{"modelID":"ba-d8-12-43-58-eb","modelType":"Wi-SHT10","DATAS":["Temperature","Humidity"],"Temperature":6.93,"Humidity":-959.04,"TIMESTAMP":"2022-11-28T00:11:34.066Z","BATT":100,"INTERVAL":600},{"modelID":"ba-d8-12-43-58-eb","modelType":"Wi-SHT10","DATAS":["Temperature","Humidity"],"Temperature":6.9,"Humidity":-959.04,"TIMESTAMP":"2022-11-28T00:01:52.098Z","BATT":100,"INTERVAL":600},{"modelID":"ba-d8-12-43-58-eb","modelType":"Wi-SHT10","DATAS":["Temperature","Humidity"],"Temperature":6.86,"Humidity":-959.04,"TIMESTAMP":"2022-11-27T23:51:34.193Z","BATT":100,"INTERVAL":600},{"modelID":"ba-d8-12-43-58-eb","modelType":"Wi-SHT10","DATAS":["Temperature","Humidity"],"Temperature":6.9,"Humidity":-959.04,"TIMESTAMP":"2022-11-27T23:41:34.262Z","BATT":100,"INTERVAL":600},{"modelID":"ba-d8-12-43-58-eb","modelType":"Wi-SHT10","DATAS":["Temperature","Humidity"],"Temperature":6.9,"Humidity":-959.04,"TIMESTAMP":"2022-11-27T23:31:52.307Z","BATT":100,"INTERVAL":600},{"modelID":"ba-d8-12-43-58-eb","modelType":"Wi-SHT10","DATAS":["Temperature","Humidity"],"Temperature":6.86,"Humidity":-959.04,"TIMESTAMP":"2022-11-27T23:21:32.043Z","BATT":100,"INTERVAL":600},{"modelID":"ba-d8-12-43-58-eb","modelType":"Wi-SHT10","DATAS":["Temperature","Humidity"],"Temperature":6.83,"Humidity":-959.04,"TIMESTAMP":"2022-11-27T23:11:34.378Z","BATT":100,"INTERVAL":600},{"modelID":"ba-d8-12-43-58-eb","modelType":"Wi-SHT10","DATAS":["Temperature","Humidity"],"Temperature":6.9,"Humidity":-959.04,"TIMESTAMP":"2022-11-27T23:01:52.400Z","BATT":100,"INTERVAL":600},{"modelID":"ba-d8-12-43-58-eb","modelType":"Wi-SHT10","DATAS":["Temperature","Humidity"],"Temperature":6.86,"Humidity":-959.04,"TIMESTAMP":"2022-11-27T22:51:32.303Z","BATT":100,"INTERVAL":600},{"modelID":"ba-d8-12-43-58-eb","modelType":"Wi-SHT10","DATAS":["Temperature","Humidity"],"Temperature":6.83,"Humidity":-959.04,"TIMESTAMP":"2022-11-27T22:41:34.434Z","BATT":100,"INTERVAL":600},{"modelID":"ba-d8-12-43-58-eb","modelType":"Wi-SHT10","DATAS":["Temperature","Humidity"],"Temperature":6.9,"Humidity":-959.04,"TIMESTAMP":"2022-11-27T22:31:34.506Z","BATT":100,"INTERVAL":600},{"modelID":"ba-d8-12-43-58-eb","modelType":"Wi-SHT10","DATAS":["Temperature","Humidity"],"Temperature":6.9,"Humidity":-959.04,"TIMESTAMP":"2022-11-27T22:21:32.264Z","BATT":100,"INTERVAL":600},{"modelID":"ba-d8-12-43-58-eb","modelType":"Wi-SHT10","DATAS":["Temperature","Humidity"],"Temperature":6.83,"Humidity":-959.04,"TIMESTAMP":"2022-11-27T22:11:52.551Z","BATT":100,"INTERVAL":600},{"modelID":"ba-d8-12-43-58-eb","modelType":"Wi-SHT10","DATAS":["Temperature","Humidity"],"Temperature":6.86,"Humidity":-959.04,"TIMESTAMP":"2022-11-27T22:01:34.665Z","BATT":100,"INTERVAL":600},{"modelID":"ba-d8-12-43-58-eb","modelType":"Wi-SHT10","DATAS":["Temperature","Humidity"],"Temperature":6.9,"Humidity":-959.04,"TIMESTAMP":"2022-11-27T21:51:34.708Z","BATT":100,"INTERVAL":600},{"modelID":"ba-d8-12-43-58-eb","modelType":"Wi-SHT10","DATAS":["Temperature","Humidity"],"Temperature":6.9,"Humidity":-959.04,"TIMESTAMP":"2022-11-27T21:41:32.513Z","BATT":100,"INTERVAL":600},{"modelID":"ba-d8-12-43-58-eb","modelType":"Wi-SHT10","DATAS":["Temperature","Humidity"],"Temperature":6.83,"Humidity":-959.04,"TIMESTAMP":"2022-11-27T21:32:11.788Z","BATT":100,"INTERVAL":600},{"modelID":"ba-d8-12-43-58-eb","modelType":"Wi-SHT10","DATAS":["Temperature","Humidity"],"Temperature":6.93,"Humidity":-959.04,"TIMESTAMP":"2022-11-27T21:22:11.823Z","BATT":100,"INTERVAL":600},{"modelID":"ba-d8-12-43-58-eb","modelType":"Wi-SHT10","DATAS":["Temperature","Humidity"],"Temperature":6.93,"Humidity":-959.04,"TIMESTAMP":"2022-11-27T21:11:52.769Z","BATT":100,"INTERVAL":600},{"modelID":"ba-d8-12-43-58-eb","modelType":"Wi-SHT10","DATAS":["Temperature","Humidity"],"Temperature":6.86,"Humidity":-959.04,"TIMESTAMP":"2022-11-27T21:02:11.811Z","BATT":100,"INTERVAL":600},{"modelID":"ba-d8-12-43-58-eb","modelType":"Wi-SHT10","DATAS":["Temperature","Humidity"],"Temperature":6.93,"Humidity":-959.04,"TIMESTAMP":"2022-11-27T20:52:11.984Z","BATT":100,"INTERVAL":600},{"modelID":"ba-d8-12-43-58-eb","modelType":"Wi-SHT10","DATAS":["Temperature","Humidity"],"Temperature":6.93,"Humidity":-959.04,"TIMESTAMP":"2022-11-27T20:41:34.888Z","BATT":100,"INTERVAL":600},{"modelID":"ba-d8-12-43-58-eb","modelType":"Wi-SHT10","DATAS":["Temperature","Humidity"],"Temperature":6.9,"Humidity":-959.04,"TIMESTAMP":"2022-11-27T20:31:52.924Z","BATT":100,"INTERVAL":600},{"modelID":"ba-d8-12-43-58-eb","modelType":"Wi-SHT10","DATAS":["Temperature","Humidity"],"Temperature":6.86,"Humidity":-959.04,"TIMESTAMP":"2022-11-27T20:22:04.271Z","BATT":100,"INTERVAL":600},{"modelID":"ba-d8-12-43-58-eb","modelType":"Wi-SHT10","DATAS":["Temperature","Humidity"],"Temperature":6.96,"Humidity":-959.04,"TIMESTAMP":"2022-11-27T20:12:12.014Z","BATT":100,"INTERVAL":600},{"modelID":"ba-d8-12-43-58-eb","modelType":"Wi-SHT10","DATAS":["Temperature","Humidity"],"Temperature":6.93,"Humidity":-959.04,"TIMESTAMP":"2022-11-27T20:01:53.147Z","BATT":100,"INTERVAL":600},{"modelID":"ba-d8-12-43-58-eb","modelType":"Wi-SHT10","DATAS":["Temperature","Humidity"],"Temperature":6.96,"Humidity":-959.04,"TIMESTAMP":"2022-11-27T19:42:04.340Z","BATT":100,"INTERVAL":600},{"modelID":"ba-d8-12-43-58-eb","modelType":"Wi-SHT10","DATAS":["Temperature","Humidity"],"Temperature":6.96,"Humidity":-959.04,"TIMESTAMP":"2022-11-27T19:31:53.242Z","BATT":100,"INTERVAL":600},{"modelID":"ba-d8-12-43-58-eb","modelType":"Wi-SHT10","DATAS":["Temperature","Humidity"],"Temperature":6.86,"Humidity":-959.04,"TIMESTAMP":"2022-11-27T19:21:35.287Z","BATT":100,"INTERVAL":600},{"modelID":"ba-d8-12-43-58-eb","modelType":"Wi-SHT10","DATAS":["Temperature","Humidity"],"Temperature":6.9,"Humidity":-959.04,"TIMESTAMP":"2022-11-27T19:12:04.471Z","BATT":100,"INTERVAL":600},{"modelID":"ba-d8-12-43-58-eb","modelType":"Wi-SHT10","DATAS":["Temperature","Humidity"],"Temperature":6.96,"Humidity":-959.04,"TIMESTAMP":"2022-11-27T19:01:35.367Z","BATT":100,"INTERVAL":600},{"modelID":"ba-d8-12-43-58-eb","modelType":"Wi-SHT10","DATAS":["Temperature","Humidity"],"Temperature":6.9,"Humidity":-959.04,"TIMESTAMP":"2022-11-27T18:51:35.409Z","BATT":100,"INTERVAL":600},{"modelID":"ba-d8-12-43-58-eb","modelType":"Wi-SHT10","DATAS":["Temperature","Humidity"],"Temperature":6.9,"Humidity":-959.04,"TIMESTAMP":"2022-11-27T18:42:12.360Z","BATT":100,"INTERVAL":600},{"modelID":"ba-d8-12-43-58-eb","modelType":"Wi-SHT10","DATAS":["Temperature","Humidity"],"Temperature":6.93,"Humidity":-959.04,"TIMESTAMP":"2022-11-27T18:32:12.398Z","BATT":100,"INTERVAL":600},{"modelID":"ba-d8-12-43-58-eb","modelType":"Wi-SHT10","DATAS":["Temperature","Humidity"],"Temperature":6.93,"Humidity":-959.04,"TIMESTAMP":"2022-11-27T18:21:53.522Z","BATT":100,"INTERVAL":600},{"modelID":"ba-d8-12-43-58-eb","modelType":"Wi-SHT10","DATAS":["Temperature","Humidity"],"Temperature":6.86,"Humidity":-959.04,"TIMESTAMP":"2022-11-27T18:12:04.693Z","BATT":100,"INTERVAL":600},{"modelID":"ba-d8-12-43-58-eb","modelType":"Wi-SHT10","DATAS":["Temperature","Humidity"],"Temperature":6.96,"Humidity":-959.04,"TIMESTAMP":"2022-11-27T18:02:12.578Z","BATT":100,"INTERVAL":600},{"modelID":"ba-d8-12-43-58-eb","modelType":"Wi-SHT10","DATAS":["Temperature","Humidity"],"Temperature":6.93,"Humidity":-959.04,"TIMESTAMP":"2022-11-27T17:51:35.635Z","BATT":100,"INTERVAL":600},{"modelID":"ba-d8-12-43-58-eb","modelType":"Wi-SHT10","DATAS":["Temperature","Humidity"],"Temperature":6.9,"Humidity":-959.04,"TIMESTAMP":"2022-11-27T17:41:35.590Z","BATT":100,"INTERVAL":600},{"modelID":"ba-d8-12-43-58-eb","modelType":"Wi-SHT10","DATAS":["Temperature","Humidity"],"Temperature":6.9,"Humidity":-959.04,"TIMESTAMP":"2022-11-27T17:32:04.930Z","BATT":100,"INTERVAL":600},{"modelID":"ba-d8-12-43-58-eb","modelType":"Wi-SHT10","DATAS":["Temperature","Humidity"],"Temperature":6.96,"Humidity":-959.04,"TIMESTAMP":"2022-11-27T17:21:53.757Z","BATT":100,"INTERVAL":600},{"modelID":"ba-d8-12-43-58-eb","modelType":"Wi-SHT10","DATAS":["Temperature","Humidity"],"Temperature":6.86,"Humidity":-959.04,"TIMESTAMP":"2022-11-27T17:11:53.696Z","BATT":100,"INTERVAL":600},{"modelID":"ba-d8-12-43-58-eb","modelType":"Wi-SHT10","DATAS":["Temperature","Humidity"],"Temperature":6.86,"Humidity":-959.04,"TIMESTAMP":"2022-11-27T17:02:12.844Z","BATT":100,"INTERVAL":600},{"modelID":"ba-d8-12-43-58-eb","modelType":"Wi-SHT10","DATAS":["Temperature","Humidity"],"Temperature":6.93,"Humidity":-959.04,"TIMESTAMP":"2022-11-27T16:52:12.888Z","BATT":100,"INTERVAL":600},{"modelID":"ba-d8-12-43-58-eb","modelType":"Wi-SHT10","DATAS":["Temperature","Humidity"],"Temperature":6.96,"Humidity":-959.04,"TIMESTAMP":"2022-11-27T16:11:36.670Z","BATT":100,"INTERVAL":600}],"DAYHOURS":["21","20","19","18","17","16","15","14","13","12","11","10","9","8","7","6","5","4","3","2","1","0"]}