{"SENSORNAME":"SSB5 -2","SENSORTYPE":"PWRMTR(485)","DTUID":"7","SENSORID":2,"PWRMTR0":"140021","PWRMTR1":"3046","DAYDATA":[{"DTUID":"7","SENSORID":2,"FUNCID":3,"NDATA":2,"SENSORTYPE":"PWR-METER-POWER","RCV_BYTES":["00D5","A7A0"],"DATAS":[213,-22624],"DATAS1":[],"DATAS2":[],"TIMESTAMP":"2022-11-28T11:27:10.148Z"},{"DTUID":"7","SENSORID":2,"FUNCID":3,"NDATA":2,"SENSORTYPE":"PWR-METER-POWER","RCV_BYTES":["00D5","96C0"],"DATAS":[213,-26944],"DATAS1":[],"DATAS2":[],"TIMESTAMP":"2022-11-28T10:07:04.084Z"},{"DTUID":"7","SENSORID":2,"FUNCID":3,"NDATA":2,"SENSORTYPE":"PWR-METER-POWER","RCV_BYTES":["00D5","8D60"],"DATAS":[213,-29344],"DATAS1":[],"DATAS2":[],"TIMESTAMP":"2022-11-28T09:26:59.321Z"},{"DTUID":"7","SENSORID":2,"FUNCID":3,"NDATA":2,"SENSORTYPE":"PWR-METER-POWER","RCV_BYTES":["00D5","8130"],"DATAS":[213,-32464],"DATAS1":[],"DATAS2":[],"TIMESTAMP":"2022-11-28T08:30:31.837Z"},{"DTUID":"7","SENSORID":2,"FUNCID":3,"NDATA":2,"SENSORTYPE":"PWR-METER-POWER","RCV_BYTES":["00D5","5BB0"],"DATAS":[213,23472],"DATAS1":[],"DATAS2":[],"TIMESTAMP":"2022-11-28T05:30:21.271Z"}],"DAYHOURS":["19","18","17","16","13"],"MNTH-2022_11":"140021","WK48":"140021","WK47":"137287","WK46":"132742","WK45":"127987","WK44":"123386","MNTH-2022_10":"122666","WK43":"118517","WK42":"113686","WK41":"109070","WK40":"104429","MNTH-2022_9":"102228","WK39":"99934","WK38":"95100","WK37":"88709","WK36":"86544","MNTH-2022_8":"82829","WK35":"82152","WK34":"77702","WK33":"73308","WK32":"68117","WK31":"63329","MNTH-2022_7":"61918","WK30":"58382","WK29":"53508","WK28":"48653","WK27":"43550","MNTH-2022_6":"39931","WK26":"38280","WK25":"33038","WK24":"28781","WK23":"23894","MNTH-2022_5":"18958","WK22":"18958","WK21":"14004","WK20":"9110","WK19":"4152"}