{"SENSORNAME":"COOLING TOWER B CWS TEMP","SENSORTYPE":"WTRTEMP(485)","DTUID":"204","SENSORID":"10","DATE0":"2022-11-28T11:56:22.653Z","DATE1":"2022-02-13T09:06:01.922Z","DAYDATA":[{"DTUID":"204","SENSORID":10,"FUNCID":3,"NDATA":2,"SENSORTYPE":"WATER-TEMP","RCV_BYTES":["0000","012F"],"DATAS":[0,303],"DATAS1":[],"DATAS2":[],"TIMESTAMP":"2022-11-28T11:56:22.653Z"},{"DTUID":"204","SENSORID":10,"FUNCID":3,"NDATA":2,"SENSORTYPE":"WATER-TEMP","RCV_BYTES":["0000","012B"],"DATAS":[0,299],"DATAS1":[],"DATAS2":[],"TIMESTAMP":"2022-11-28T11:05:59.683Z"},{"DTUID":"204","SENSORID":10,"FUNCID":3,"NDATA":2,"SENSORTYPE":"WATER-TEMP","RCV_BYTES":["0000","0143"],"DATAS":[0,323],"DATAS1":[],"DATAS2":[],"TIMESTAMP":"2022-11-28T10:05:47.844Z"},{"DTUID":"204","SENSORID":10,"FUNCID":3,"NDATA":2,"SENSORTYPE":"WATER-TEMP","RCV_BYTES":["0000","0148"],"DATAS":[0,328],"DATAS1":[],"DATAS2":[],"TIMESTAMP":"2022-11-28T09:25:43.264Z"},{"DTUID":"204","SENSORID":10,"FUNCID":3,"NDATA":2,"SENSORTYPE":"WATER-TEMP","RCV_BYTES":["0000","013B"],"DATAS":[0,315],"DATAS1":[],"DATAS2":[],"TIMESTAMP":"2022-11-28T01:00:13.761Z"},{"DTUID":"204","SENSORID":10,"FUNCID":3,"NDATA":2,"SENSORTYPE":"WATER-TEMP","RCV_BYTES":["0000","011B"],"DATAS":[0,283],"DATAS1":[],"DATAS2":[],"TIMESTAMP":"2022-11-27T22:15:00.656Z"},{"DTUID":"204","SENSORID":10,"FUNCID":3,"NDATA":2,"SENSORTYPE":"WATER-TEMP","RCV_BYTES":["0000","0121"],"DATAS":[0,289],"DATAS1":[],"DATAS2":[],"TIMESTAMP":"2022-11-27T20:34:50.953Z"},{"DTUID":"204","SENSORID":10,"FUNCID":3,"NDATA":2,"SENSORTYPE":"WATER-TEMP","RCV_BYTES":["0000","011E"],"DATAS":[0,286],"DATAS1":[],"DATAS2":[],"TIMESTAMP":"2022-11-27T20:14:51.772Z"},{"DTUID":"204","SENSORID":10,"FUNCID":3,"NDATA":2,"SENSORTYPE":"WATER-TEMP","RCV_BYTES":["0000","0123"],"DATAS":[0,291],"DATAS1":[],"DATAS2":[],"TIMESTAMP":"2022-11-27T19:14:45.758Z"},{"DTUID":"204","SENSORID":10,"FUNCID":3,"NDATA":2,"SENSORTYPE":"WATER-TEMP","RCV_BYTES":["0000","0122"],"DATAS":[0,290],"DATAS1":[],"DATAS2":[],"TIMESTAMP":"2022-11-27T17:34:38.734Z"},{"DTUID":"204","SENSORID":10,"FUNCID":3,"NDATA":2,"SENSORTYPE":"WATER-TEMP","RCV_BYTES":["0000","012D"],"DATAS":[0,301],"DATAS1":[],"DATAS2":[],"TIMESTAMP":"2022-11-27T17:14:36.835Z"}],"DAYHOURS":["19","18","17","9","6","4","3","1"]}