{"SENSORNAME":"PRECOOL FE","SENSORTYPE":"AIRFLW(485)","DTUID":"203","SENSORID":"60","DATE0":"2022-11-28T11:56:26.388Z","DATE1":"2022-02-13T09:06:09.653Z","DAYDATA":[{"DTUID":"203","SENSORID":60,"FUNCID":3,"NDATA":2,"SENSORTYPE":"AIRFLOW-VEL","RCV_BYTES":["000D","1248"],"DATAS":[13,4680],"DATAS1":[],"DATAS2":[],"TIMESTAMP":"2022-11-28T11:56:26.388Z"},{"DTUID":"203","SENSORID":60,"FUNCID":3,"NDATA":2,"SENSORTYPE":"AIRFLOW-VEL","RCV_BYTES":["000D","1248"],"DATAS":[13,4680],"DATAS1":[],"DATAS2":[],"TIMESTAMP":"2022-11-28T11:25:57.769Z"},{"DTUID":"203","SENSORID":60,"FUNCID":3,"NDATA":2,"SENSORTYPE":"AIRFLOW-VEL","RCV_BYTES":["000C","10E0"],"DATAS":[12,4320],"DATAS1":[],"DATAS2":[],"TIMESTAMP":"2022-11-28T11:06:03.528Z"},{"DTUID":"203","SENSORID":60,"FUNCID":3,"NDATA":2,"SENSORTYPE":"AIRFLOW-VEL","RCV_BYTES":["000C","10E0"],"DATAS":[12,4320],"DATAS1":[],"DATAS2":[],"TIMESTAMP":"2022-11-28T10:05:51.898Z"},{"DTUID":"203","SENSORID":60,"FUNCID":3,"NDATA":2,"SENSORTYPE":"AIRFLOW-VEL","RCV_BYTES":["000C","10E0"],"DATAS":[12,4320],"DATAS1":[],"DATAS2":[],"TIMESTAMP":"2022-11-28T09:25:47.187Z"},{"DTUID":"203","SENSORID":60,"FUNCID":3,"NDATA":2,"SENSORTYPE":"AIRFLOW-VEL","RCV_BYTES":["000E","13B0"],"DATAS":[14,5040],"DATAS1":[],"DATAS2":[],"TIMESTAMP":"2022-11-28T09:05:46.600Z"},{"DTUID":"203","SENSORID":60,"FUNCID":3,"NDATA":2,"SENSORTYPE":"AIRFLOW-VEL","RCV_BYTES":["000E","13B0"],"DATAS":[14,5040],"DATAS1":[],"DATAS2":[],"TIMESTAMP":"2022-11-28T05:29:04.610Z"},{"DTUID":"203","SENSORID":60,"FUNCID":3,"NDATA":2,"SENSORTYPE":"AIRFLOW-VEL","RCV_BYTES":["000D","1248"],"DATAS":[13,4680],"DATAS1":[],"DATAS2":[],"TIMESTAMP":"2022-11-28T04:48:57.087Z"},{"DTUID":"203","SENSORID":60,"FUNCID":3,"NDATA":2,"SENSORTYPE":"AIRFLOW-VEL","RCV_BYTES":["000E","13B0"],"DATAS":[14,5040],"DATAS1":[],"DATAS2":[],"TIMESTAMP":"2022-11-28T04:28:58.509Z"},{"DTUID":"203","SENSORID":60,"FUNCID":3,"NDATA":2,"SENSORTYPE":"AIRFLOW-VEL","RCV_BYTES":["000D","1248"],"DATAS":[13,4680],"DATAS1":[],"DATAS2":[],"TIMESTAMP":"2022-11-28T03:03:35.653Z"},{"DTUID":"203","SENSORID":60,"FUNCID":3,"NDATA":2,"SENSORTYPE":"AIRFLOW-VEL","RCV_BYTES":["000E","13B0"],"DATAS":[14,5040],"DATAS1":[],"DATAS2":[],"TIMESTAMP":"2022-11-28T01:00:17.622Z"},{"DTUID":"203","SENSORID":60,"FUNCID":3,"NDATA":2,"SENSORTYPE":"AIRFLOW-VEL","RCV_BYTES":["000F","1518"],"DATAS":[15,5400],"DATAS1":[],"DATAS2":[],"TIMESTAMP":"2022-11-28T00:15:20.533Z"},{"DTUID":"203","SENSORID":60,"FUNCID":3,"NDATA":2,"SENSORTYPE":"AIRFLOW-VEL","RCV_BYTES":["000D","1248"],"DATAS":[13,4680],"DATAS1":[],"DATAS2":[],"TIMESTAMP":"2022-11-27T23:15:15.816Z"},{"DTUID":"203","SENSORID":60,"FUNCID":3,"NDATA":2,"SENSORTYPE":"AIRFLOW-VEL","RCV_BYTES":["000D","1248"],"DATAS":[13,4680],"DATAS1":[],"DATAS2":[],"TIMESTAMP":"2022-11-27T22:35:05.896Z"},{"DTUID":"203","SENSORID":60,"FUNCID":3,"NDATA":2,"SENSORTYPE":"AIRFLOW-VEL","RCV_BYTES":["000C","10E0"],"DATAS":[12,4320],"DATAS1":[],"DATAS2":[],"TIMESTAMP":"2022-11-27T22:15:04.584Z"},{"DTUID":"203","SENSORID":60,"FUNCID":3,"NDATA":2,"SENSORTYPE":"AIRFLOW-VEL","RCV_BYTES":["000B","0F78"],"DATAS":[11,3960],"DATAS1":[],"DATAS2":[],"TIMESTAMP":"2022-11-27T20:34:56.952Z"},{"DTUID":"203","SENSORID":60,"FUNCID":3,"NDATA":2,"SENSORTYPE":"AIRFLOW-VEL","RCV_BYTES":["000D","1248"],"DATAS":[13,4680],"DATAS1":[],"DATAS2":[],"TIMESTAMP":"2022-11-27T20:14:55.693Z"},{"DTUID":"203","SENSORID":60,"FUNCID":3,"NDATA":2,"SENSORTYPE":"AIRFLOW-VEL","RCV_BYTES":["000D","1248"],"DATAS":[13,4680],"DATAS1":[],"DATAS2":[],"TIMESTAMP":"2022-11-27T19:34:56.775Z"},{"DTUID":"203","SENSORID":60,"FUNCID":3,"NDATA":2,"SENSORTYPE":"AIRFLOW-VEL","RCV_BYTES":["000D","1248"],"DATAS":[13,4680],"DATAS1":[],"DATAS2":[],"TIMESTAMP":"2022-11-27T19:14:49.677Z"},{"DTUID":"203","SENSORID":60,"FUNCID":3,"NDATA":2,"SENSORTYPE":"AIRFLOW-VEL","RCV_BYTES":["000D","1248"],"DATAS":[13,4680],"DATAS1":[],"DATAS2":[],"TIMESTAMP":"2022-11-27T18:34:53.793Z"},{"DTUID":"203","SENSORID":60,"FUNCID":3,"NDATA":2,"SENSORTYPE":"AIRFLOW-VEL","RCV_BYTES":["000D","1248"],"DATAS":[13,4680],"DATAS1":[],"DATAS2":[],"TIMESTAMP":"2022-11-27T18:14:55.000Z"},{"DTUID":"203","SENSORID":60,"FUNCID":3,"NDATA":2,"SENSORTYPE":"AIRFLOW-VEL","RCV_BYTES":["000E","13B0"],"DATAS":[14,5040],"DATAS1":[],"DATAS2":[],"TIMESTAMP":"2022-11-27T17:34:42.815Z"}],"DAYHOURS":["19","18","17","13","12","11","9","8","7","6","4","3","2","1"]}