{"SENSORNAME":"MAIN SWITCH BOARD (MSB) ROOM","SENSORTYPE":"WISENSOR","DTUID":"-1","SENSORID":"B0-20-56-1B-08-0C","DATE0":"2022-11-28T13:14:43.376Z","DATE1":"2021-12-20T22:09:43.117Z","DAYDATA":[{"modelID":"b0-20-56-1b-08-0c","modelType":"Wi-SHT10","DATAS":["Temperature","Humidity"],"Temperature":24.73,"Humidity":38.9376,"TIMESTAMP":"2022-11-28T13:14:43.376Z","BATT":100,"INTERVAL":600},{"modelID":"b0-20-56-1b-08-0c","modelType":"Wi-SHT10","DATAS":["Temperature","Humidity"],"Temperature":24.79,"Humidity":39.8208,"TIMESTAMP":"2022-11-28T13:04:43.519Z","BATT":100,"INTERVAL":600},{"modelID":"b0-20-56-1b-08-0c","modelType":"Wi-SHT10","DATAS":["Temperature","Humidity"],"Temperature":25.19,"Humidity":38.870400000000004,"TIMESTAMP":"2022-11-28T12:24:37.144Z","BATT":100,"INTERVAL":600},{"modelID":"b0-20-56-1b-08-0c","modelType":"Wi-SHT10","DATAS":["Temperature","Humidity"],"Temperature":25.18,"Humidity":39.0048,"TIMESTAMP":"2022-11-28T12:14:34.380Z","BATT":100,"INTERVAL":600},{"modelID":"b0-20-56-1b-08-0c","modelType":"Wi-SHT10","DATAS":["Temperature","Humidity"],"Temperature":25.22,"Humidity":38.620799999999996,"TIMESTAMP":"2022-11-28T12:04:37.947Z","BATT":100,"INTERVAL":600},{"modelID":"b0-20-56-1b-08-0c","modelType":"Wi-SHT10","DATAS":["Temperature","Humidity"],"Temperature":25.38,"Humidity":38.7168,"TIMESTAMP":"2022-11-28T11:54:28.966Z","BATT":100,"INTERVAL":600},{"modelID":"b0-20-56-1b-08-0c","modelType":"Wi-SHT10","DATAS":["Temperature","Humidity"],"Temperature":25.46,"Humidity":38.1312,"TIMESTAMP":"2022-11-28T11:44:42.247Z","BATT":100,"INTERVAL":600},{"modelID":"b0-20-56-1b-08-0c","modelType":"Wi-SHT10","DATAS":["Temperature","Humidity"],"Temperature":25.41,"Humidity":38.1408,"TIMESTAMP":"2022-11-28T11:34:28.729Z","BATT":100,"INTERVAL":600},{"modelID":"b0-20-56-1b-08-0c","modelType":"Wi-SHT10","DATAS":["Temperature","Humidity"],"Temperature":25.69,"Humidity":37.2864,"TIMESTAMP":"2022-11-28T11:24:48.944Z","BATT":100,"INTERVAL":600},{"modelID":"b0-20-56-1b-08-0c","modelType":"Wi-SHT10","DATAS":["Temperature","Humidity"],"Temperature":25.62,"Humidity":37.8816,"TIMESTAMP":"2022-11-28T11:14:41.228Z","BATT":100,"INTERVAL":600},{"modelID":"b0-20-56-1b-08-0c","modelType":"Wi-SHT10","DATAS":["Temperature","Humidity"],"Temperature":25.86,"Humidity":37.5744,"TIMESTAMP":"2022-11-28T11:04:34.689Z","BATT":100,"INTERVAL":600},{"modelID":"b0-20-56-1b-08-0c","modelType":"Wi-SHT10","DATAS":["Temperature","Humidity"],"Temperature":25.86,"Humidity":38.256,"TIMESTAMP":"2022-11-28T10:54:19.409Z","BATT":100,"INTERVAL":600},{"modelID":"b0-20-56-1b-08-0c","modelType":"Wi-SHT10","DATAS":["Temperature","Humidity"],"Temperature":26.08,"Humidity":38.9568,"TIMESTAMP":"2022-11-28T10:34:26.565Z","BATT":100,"INTERVAL":600},{"modelID":"b0-20-56-1b-08-0c","modelType":"Wi-SHT10","DATAS":["Temperature","Humidity"],"Temperature":25.95,"Humidity":40.416000000000004,"TIMESTAMP":"2022-11-28T10:24:26.244Z","BATT":100,"INTERVAL":600},{"modelID":"b0-20-56-1b-08-0c","modelType":"Wi-SHT10","DATAS":["Temperature","Humidity"],"Temperature":25.94,"Humidity":41.1072,"TIMESTAMP":"2022-11-28T10:14:20.484Z","BATT":100,"INTERVAL":600},{"modelID":"b0-20-56-1b-08-0c","modelType":"Wi-SHT10","DATAS":["Temperature","Humidity"],"Temperature":25.94,"Humidity":41.9904,"TIMESTAMP":"2022-11-28T09:54:41.564Z","BATT":100,"INTERVAL":600},{"modelID":"b0-20-56-1b-08-0c","modelType":"Wi-SHT10","DATAS":["Temperature","Humidity"],"Temperature":25.91,"Humidity":42.144,"TIMESTAMP":"2022-11-28T09:34:33.821Z","BATT":100,"INTERVAL":600},{"modelID":"b0-20-56-1b-08-0c","modelType":"Wi-SHT10","DATAS":["Temperature","Humidity"],"Temperature":25.96,"Humidity":41.4336,"TIMESTAMP":"2022-11-28T09:24:19.699Z","BATT":100,"INTERVAL":600},{"modelID":"b0-20-56-1b-08-0c","modelType":"Wi-SHT10","DATAS":["Temperature","Humidity"],"Temperature":25.94,"Humidity":40.8864,"TIMESTAMP":"2022-11-28T09:14:18.678Z","BATT":100,"INTERVAL":600},{"modelID":"b0-20-56-1b-08-0c","modelType":"Wi-SHT10","DATAS":["Temperature","Humidity"],"Temperature":26.27,"Humidity":39.3984,"TIMESTAMP":"2022-11-28T08:54:23.401Z","BATT":100,"INTERVAL":600},{"modelID":"b0-20-56-1b-08-0c","modelType":"Wi-SHT10","DATAS":["Temperature","Humidity"],"Temperature":25.96,"Humidity":39.5616,"TIMESTAMP":"2022-11-28T08:34:24.036Z","BATT":100,"INTERVAL":600},{"modelID":"b0-20-56-1b-08-0c","modelType":"Wi-SHT10","DATAS":["Temperature","Humidity"],"Temperature":26.08,"Humidity":39.340799999999994,"TIMESTAMP":"2022-11-28T08:24:38.685Z","BATT":100,"INTERVAL":600},{"modelID":"b0-20-56-1b-08-0c","modelType":"Wi-SHT10","DATAS":["Temperature","Humidity"],"Temperature":26.45,"Humidity":38.5632,"TIMESTAMP":"2022-11-28T08:14:48.360Z","BATT":100,"INTERVAL":600},{"modelID":"b0-20-56-1b-08-0c","modelType":"Wi-SHT10","DATAS":["Temperature","Humidity"],"Temperature":26.42,"Humidity":38.745599999999996,"TIMESTAMP":"2022-11-28T08:04:35.121Z","BATT":100,"INTERVAL":600},{"modelID":"b0-20-56-1b-08-0c","modelType":"Wi-SHT10","DATAS":["Temperature","Humidity"],"Temperature":26.24,"Humidity":39.696,"TIMESTAMP":"2022-11-28T07:54:20.183Z","BATT":100,"INTERVAL":600},{"modelID":"b0-20-56-1b-08-0c","modelType":"Wi-SHT10","DATAS":["Temperature","Humidity"],"Temperature":26.41,"Humidity":39.7536,"TIMESTAMP":"2022-11-28T07:44:33.223Z","BATT":100,"INTERVAL":600},{"modelID":"b0-20-56-1b-08-0c","modelType":"Wi-SHT10","DATAS":["Temperature","Humidity"],"Temperature":26.42,"Humidity":40.6656,"TIMESTAMP":"2022-11-28T07:34:38.243Z","BATT":100,"INTERVAL":600},{"modelID":"b0-20-56-1b-08-0c","modelType":"Wi-SHT10","DATAS":["Temperature","Humidity"],"Temperature":26.38,"Humidity":41.6064,"TIMESTAMP":"2022-11-28T07:24:23.444Z","BATT":100,"INTERVAL":600},{"modelID":"b0-20-56-1b-08-0c","modelType":"Wi-SHT10","DATAS":["Temperature","Humidity"],"Temperature":26.54,"Humidity":42.806400000000004,"TIMESTAMP":"2022-11-28T07:14:33.023Z","BATT":100,"INTERVAL":600},{"modelID":"b0-20-56-1b-08-0c","modelType":"Wi-SHT10","DATAS":["Temperature","Humidity"],"Temperature":26.94,"Humidity":41.4048,"TIMESTAMP":"2022-11-28T07:04:51.553Z","BATT":100,"INTERVAL":600},{"modelID":"b0-20-56-1b-08-0c","modelType":"Wi-SHT10","DATAS":["Temperature","Humidity"],"Temperature":27.2,"Humidity":41.5488,"TIMESTAMP":"2022-11-28T06:54:50.139Z","BATT":100,"INTERVAL":600},{"modelID":"b0-20-56-1b-08-0c","modelType":"Wi-SHT10","DATAS":["Temperature","Humidity"],"Temperature":27.14,"Humidity":41.8752,"TIMESTAMP":"2022-11-28T06:44:20.260Z","BATT":100,"INTERVAL":600},{"modelID":"b0-20-56-1b-08-0c","modelType":"Wi-SHT10","DATAS":["Temperature","Humidity"],"Temperature":26.96,"Humidity":42.9696,"TIMESTAMP":"2022-11-28T06:34:35.600Z","BATT":100,"INTERVAL":600},{"modelID":"b0-20-56-1b-08-0c","modelType":"Wi-SHT10","DATAS":["Temperature","Humidity"],"Temperature":27.48,"Humidity":41.7408,"TIMESTAMP":"2022-11-28T06:24:29.148Z","BATT":100,"INTERVAL":600},{"modelID":"b0-20-56-1b-08-0c","modelType":"Wi-SHT10","DATAS":["Temperature","Humidity"],"Temperature":27.79,"Humidity":43.0944,"TIMESTAMP":"2022-11-28T06:14:35.881Z","BATT":100,"INTERVAL":600},{"modelID":"b0-20-56-1b-08-0c","modelType":"Wi-SHT10","DATAS":["Temperature","Humidity"],"Temperature":28.23,"Humidity":39.8784,"TIMESTAMP":"2022-11-28T06:04:35.962Z","BATT":100,"INTERVAL":600},{"modelID":"b0-20-56-1b-08-0c","modelType":"Wi-SHT10","DATAS":["Temperature","Humidity"],"Temperature":29.2,"Humidity":37.92,"TIMESTAMP":"2022-11-28T05:54:26.830Z","BATT":100,"INTERVAL":600},{"modelID":"b0-20-56-1b-08-0c","modelType":"Wi-SHT10","DATAS":["Temperature","Humidity"],"Temperature":29.15,"Humidity":37.209599999999995,"TIMESTAMP":"2022-11-28T05:44:32.772Z","BATT":100,"INTERVAL":600},{"modelID":"b0-20-56-1b-08-0c","modelType":"Wi-SHT10","DATAS":["Temperature","Humidity"],"Temperature":28.28,"Humidity":39.263999999999996,"TIMESTAMP":"2022-11-28T05:34:36.333Z","BATT":100,"INTERVAL":600},{"modelID":"b0-20-56-1b-08-0c","modelType":"Wi-SHT10","DATAS":["Temperature","Humidity"],"Temperature":28.41,"Humidity":38.928,"TIMESTAMP":"2022-11-28T05:24:30.151Z","BATT":100,"INTERVAL":600},{"modelID":"b0-20-56-1b-08-0c","modelType":"Wi-SHT10","DATAS":["Temperature","Humidity"],"Temperature":28.93,"Humidity":37.8528,"TIMESTAMP":"2022-11-28T05:14:51.270Z","BATT":100,"INTERVAL":600},{"modelID":"b0-20-56-1b-08-0c","modelType":"Wi-SHT10","DATAS":["Temperature","Humidity"],"Temperature":30.74,"Humidity":35.087999999999994,"TIMESTAMP":"2022-11-28T05:04:51.693Z","BATT":100,"INTERVAL":600},{"modelID":"b0-20-56-1b-08-0c","modelType":"Wi-SHT10","DATAS":["Temperature","Humidity"],"Temperature":32.11,"Humidity":32.2656,"TIMESTAMP":"2022-11-28T04:54:44.837Z","BATT":100,"INTERVAL":600},{"modelID":"b0-20-56-1b-08-0c","modelType":"Wi-SHT10","DATAS":["Temperature","Humidity"],"Temperature":32,"Humidity":32.3424,"TIMESTAMP":"2022-11-28T04:44:28.497Z","BATT":100,"INTERVAL":600},{"modelID":"b0-20-56-1b-08-0c","modelType":"Wi-SHT10","DATAS":["Temperature","Humidity"],"Temperature":31.46,"Humidity":32.8896,"TIMESTAMP":"2022-11-28T04:34:27.969Z","BATT":100,"INTERVAL":600},{"modelID":"b0-20-56-1b-08-0c","modelType":"Wi-SHT10","DATAS":["Temperature","Humidity"],"Temperature":30.9,"Humidity":34.0416,"TIMESTAMP":"2022-11-28T04:24:23.137Z","BATT":100,"INTERVAL":600},{"modelID":"b0-20-56-1b-08-0c","modelType":"Wi-SHT10","DATAS":["Temperature","Humidity"],"Temperature":29.74,"Humidity":36.2112,"TIMESTAMP":"2022-11-28T04:14:19.709Z","BATT":100,"INTERVAL":600},{"modelID":"b0-20-56-1b-08-0c","modelType":"Wi-SHT10","DATAS":["Temperature","Humidity"],"Temperature":31.62,"Humidity":32.5248,"TIMESTAMP":"2022-11-28T04:04:38.497Z","BATT":100,"INTERVAL":600},{"modelID":"b0-20-56-1b-08-0c","modelType":"Wi-SHT10","DATAS":["Temperature","Humidity"],"Temperature":31.47,"Humidity":32.4672,"TIMESTAMP":"2022-11-28T03:54:31.432Z","BATT":100,"INTERVAL":600},{"modelID":"b0-20-56-1b-08-0c","modelType":"Wi-SHT10","DATAS":["Temperature","Humidity"],"Temperature":30.73,"Humidity":33.3024,"TIMESTAMP":"2022-11-28T03:34:27.141Z","BATT":100,"INTERVAL":600},{"modelID":"b0-20-56-1b-08-0c","modelType":"Wi-SHT10","DATAS":["Temperature","Humidity"],"Temperature":30.49,"Humidity":33.6384,"TIMESTAMP":"2022-11-28T03:24:49.066Z","BATT":100,"INTERVAL":600},{"modelID":"b0-20-56-1b-08-0c","modelType":"Wi-SHT10","DATAS":["Temperature","Humidity"],"Temperature":29.99,"Humidity":34.0896,"TIMESTAMP":"2022-11-28T03:14:32.953Z","BATT":100,"INTERVAL":600},{"modelID":"b0-20-56-1b-08-0c","modelType":"Wi-SHT10","DATAS":["Temperature","Humidity"],"Temperature":29.03,"Humidity":35.616,"TIMESTAMP":"2022-11-28T02:54:32.786Z","BATT":100,"INTERVAL":600},{"modelID":"b0-20-56-1b-08-0c","modelType":"Wi-SHT10","DATAS":["Temperature","Humidity"],"Temperature":27.95,"Humidity":37.68,"TIMESTAMP":"2022-11-28T02:44:23.415Z","BATT":100,"INTERVAL":600},{"modelID":"b0-20-56-1b-08-0c","modelType":"Wi-SHT10","DATAS":["Temperature","Humidity"],"Temperature":27.75,"Humidity":38.2752,"TIMESTAMP":"2022-11-28T02:34:20.097Z","BATT":100,"INTERVAL":600},{"modelID":"b0-20-56-1b-08-0c","modelType":"Wi-SHT10","DATAS":["Temperature","Humidity"],"Temperature":27.74,"Humidity":37.795199999999994,"TIMESTAMP":"2022-11-28T02:24:42.805Z","BATT":100,"INTERVAL":600},{"modelID":"b0-20-56-1b-08-0c","modelType":"Wi-SHT10","DATAS":["Temperature","Humidity"],"Temperature":27.36,"Humidity":38.496,"TIMESTAMP":"2022-11-28T02:14:48.774Z","BATT":100,"INTERVAL":600},{"modelID":"b0-20-56-1b-08-0c","modelType":"Wi-SHT10","DATAS":["Temperature","Humidity"],"Temperature":26.7,"Humidity":40.0704,"TIMESTAMP":"2022-11-28T02:04:33.706Z","BATT":100,"INTERVAL":600},{"modelID":"b0-20-56-1b-08-0c","modelType":"Wi-SHT10","DATAS":["Temperature","Humidity"],"Temperature":26.17,"Humidity":40.6944,"TIMESTAMP":"2022-11-28T01:54:33.169Z","BATT":100,"INTERVAL":600},{"modelID":"b0-20-56-1b-08-0c","modelType":"Wi-SHT10","DATAS":["Temperature","Humidity"],"Temperature":25.7,"Humidity":41.087999999999994,"TIMESTAMP":"2022-11-28T01:44:20.789Z","BATT":100,"INTERVAL":600},{"modelID":"b0-20-56-1b-08-0c","modelType":"Wi-SHT10","DATAS":["Temperature","Humidity"],"Temperature":25.3,"Humidity":42.0576,"TIMESTAMP":"2022-11-28T01:34:36.343Z","BATT":100,"INTERVAL":600},{"modelID":"b0-20-56-1b-08-0c","modelType":"Wi-SHT10","DATAS":["Temperature","Humidity"],"Temperature":25.09,"Humidity":42.047999999999995,"TIMESTAMP":"2022-11-28T01:24:49.671Z","BATT":100,"INTERVAL":600},{"modelID":"b0-20-56-1b-08-0c","modelType":"Wi-SHT10","DATAS":["Temperature","Humidity"],"Temperature":24.69,"Humidity":41.5872,"TIMESTAMP":"2022-11-28T00:54:39.542Z","BATT":100,"INTERVAL":600},{"modelID":"b0-20-56-1b-08-0c","modelType":"Wi-SHT10","DATAS":["Temperature","Humidity"],"Temperature":24.65,"Humidity":42.2784,"TIMESTAMP":"2022-11-28T00:44:37.684Z","BATT":100,"INTERVAL":600},{"modelID":"b0-20-56-1b-08-0c","modelType":"Wi-SHT10","DATAS":["Temperature","Humidity"],"Temperature":24.42,"Humidity":43.564800000000005,"TIMESTAMP":"2022-11-28T00:34:43.882Z","BATT":100,"INTERVAL":600},{"modelID":"b0-20-56-1b-08-0c","modelType":"Wi-SHT10","DATAS":["Temperature","Humidity"],"Temperature":23.96,"Humidity":44.8992,"TIMESTAMP":"2022-11-28T00:24:37.859Z","BATT":100,"INTERVAL":600},{"modelID":"b0-20-56-1b-08-0c","modelType":"Wi-SHT10","DATAS":["Temperature","Humidity"],"Temperature":24.41,"Humidity":46.4544,"TIMESTAMP":"2022-11-28T00:14:47.194Z","BATT":100,"INTERVAL":600},{"modelID":"b0-20-56-1b-08-0c","modelType":"Wi-SHT10","DATAS":["Temperature","Humidity"],"Temperature":24.3,"Humidity":43.9776,"TIMESTAMP":"2022-11-28T00:04:31.620Z","BATT":100,"INTERVAL":600},{"modelID":"b0-20-56-1b-08-0c","modelType":"Wi-SHT10","DATAS":["Temperature","Humidity"],"Temperature":24.08,"Humidity":47.971199999999996,"TIMESTAMP":"2022-11-27T23:54:47.276Z","BATT":100,"INTERVAL":600},{"modelID":"b0-20-56-1b-08-0c","modelType":"Wi-SHT10","DATAS":["Temperature","Humidity"],"Temperature":23.7,"Humidity":58.08,"TIMESTAMP":"2022-11-27T23:44:42.178Z","BATT":100,"INTERVAL":600},{"modelID":"b0-20-56-1b-08-0c","modelType":"Wi-SHT10","DATAS":["Temperature","Humidity"],"Temperature":23.97,"Humidity":49.8048,"TIMESTAMP":"2022-11-27T23:34:21.821Z","BATT":100,"INTERVAL":600},{"modelID":"b0-20-56-1b-08-0c","modelType":"Wi-SHT10","DATAS":["Temperature","Humidity"],"Temperature":23.7,"Humidity":59.136,"TIMESTAMP":"2022-11-27T23:24:21.957Z","BATT":100,"INTERVAL":600},{"modelID":"b0-20-56-1b-08-0c","modelType":"Wi-SHT10","DATAS":["Temperature","Humidity"],"Temperature":23.75,"Humidity":59.2224,"TIMESTAMP":"2022-11-27T23:04:41.495Z","BATT":100,"INTERVAL":600},{"modelID":"b0-20-56-1b-08-0c","modelType":"Wi-SHT10","DATAS":["Temperature","Humidity"],"Temperature":23.82,"Humidity":59.2032,"TIMESTAMP":"2022-11-27T22:54:49.260Z","BATT":100,"INTERVAL":600},{"modelID":"b0-20-56-1b-08-0c","modelType":"Wi-SHT10","DATAS":["Temperature","Humidity"],"Temperature":23.81,"Humidity":57.5616,"TIMESTAMP":"2022-11-27T22:44:45.217Z","BATT":100,"INTERVAL":600},{"modelID":"b0-20-56-1b-08-0c","modelType":"Wi-SHT10","DATAS":["Temperature","Humidity"],"Temperature":23.9,"Humidity":53.8272,"TIMESTAMP":"2022-11-27T22:34:44.428Z","BATT":100,"INTERVAL":600},{"modelID":"b0-20-56-1b-08-0c","modelType":"Wi-SHT10","DATAS":["Temperature","Humidity"],"Temperature":23.93,"Humidity":53.7792,"TIMESTAMP":"2022-11-27T22:24:36.397Z","BATT":100,"INTERVAL":600},{"modelID":"b0-20-56-1b-08-0c","modelType":"Wi-SHT10","DATAS":["Temperature","Humidity"],"Temperature":23.84,"Humidity":54.6144,"TIMESTAMP":"2022-11-27T22:14:51.284Z","BATT":100,"INTERVAL":600},{"modelID":"b0-20-56-1b-08-0c","modelType":"Wi-SHT10","DATAS":["Temperature","Humidity"],"Temperature":23.86,"Humidity":53.04,"TIMESTAMP":"2022-11-27T22:04:33.758Z","BATT":100,"INTERVAL":600},{"modelID":"b0-20-56-1b-08-0c","modelType":"Wi-SHT10","DATAS":["Temperature","Humidity"],"Temperature":23.87,"Humidity":54.623999999999995,"TIMESTAMP":"2022-11-27T21:54:25.000Z","BATT":100,"INTERVAL":600},{"modelID":"b0-20-56-1b-08-0c","modelType":"Wi-SHT10","DATAS":["Temperature","Humidity"],"Temperature":23.57,"Humidity":54.672000000000004,"TIMESTAMP":"2022-11-27T21:44:37.241Z","BATT":100,"INTERVAL":600},{"modelID":"b0-20-56-1b-08-0c","modelType":"Wi-SHT10","DATAS":["Temperature","Humidity"],"Temperature":23.48,"Humidity":59.1552,"TIMESTAMP":"2022-11-27T21:34:44.442Z","BATT":100,"INTERVAL":600},{"modelID":"b0-20-56-1b-08-0c","modelType":"Wi-SHT10","DATAS":["Temperature","Humidity"],"Temperature":23.47,"Humidity":58.8672,"TIMESTAMP":"2022-11-27T21:24:30.771Z","BATT":100,"INTERVAL":600},{"modelID":"b0-20-56-1b-08-0c","modelType":"Wi-SHT10","DATAS":["Temperature","Humidity"],"Temperature":23.95,"Humidity":50.380799999999994,"TIMESTAMP":"2022-11-27T21:14:27.453Z","BATT":100,"INTERVAL":600},{"modelID":"b0-20-56-1b-08-0c","modelType":"Wi-SHT10","DATAS":["Temperature","Humidity"],"Temperature":23.53,"Humidity":58.9824,"TIMESTAMP":"2022-11-27T21:04:30.823Z","BATT":100,"INTERVAL":600},{"modelID":"b0-20-56-1b-08-0c","modelType":"Wi-SHT10","DATAS":["Temperature","Humidity"],"Temperature":23.58,"Humidity":58.6848,"TIMESTAMP":"2022-11-27T20:54:38.153Z","BATT":100,"INTERVAL":600},{"modelID":"b0-20-56-1b-08-0c","modelType":"Wi-SHT10","DATAS":["Temperature","Humidity"],"Temperature":23.81,"Humidity":54.6816,"TIMESTAMP":"2022-11-27T20:44:23.212Z","BATT":100,"INTERVAL":600},{"modelID":"b0-20-56-1b-08-0c","modelType":"Wi-SHT10","DATAS":["Temperature","Humidity"],"Temperature":23.79,"Humidity":52.5696,"TIMESTAMP":"2022-11-27T20:34:48.092Z","BATT":100,"INTERVAL":600},{"modelID":"b0-20-56-1b-08-0c","modelType":"Wi-SHT10","DATAS":["Temperature","Humidity"],"Temperature":23.82,"Humidity":57.6096,"TIMESTAMP":"2022-11-27T20:24:39.252Z","BATT":100,"INTERVAL":600},{"modelID":"b0-20-56-1b-08-0c","modelType":"Wi-SHT10","DATAS":["Temperature","Humidity"],"Temperature":24,"Humidity":49.104,"TIMESTAMP":"2022-11-27T20:04:41.541Z","BATT":100,"INTERVAL":600},{"modelID":"b0-20-56-1b-08-0c","modelType":"Wi-SHT10","DATAS":["Temperature","Humidity"],"Temperature":23.51,"Humidity":58.5216,"TIMESTAMP":"2022-11-27T19:54:20.536Z","BATT":100,"INTERVAL":600},{"modelID":"b0-20-56-1b-08-0c","modelType":"Wi-SHT10","DATAS":["Temperature","Humidity"],"Temperature":23.94,"Humidity":52.7808,"TIMESTAMP":"2022-11-27T19:44:48.783Z","BATT":100,"INTERVAL":600},{"modelID":"b0-20-56-1b-08-0c","modelType":"Wi-SHT10","DATAS":["Temperature","Humidity"],"Temperature":23.64,"Humidity":56.4672,"TIMESTAMP":"2022-11-27T19:35:05.256Z","BATT":100,"INTERVAL":600},{"modelID":"b0-20-56-1b-08-0c","modelType":"Wi-SHT10","DATAS":["Temperature","Humidity"],"Temperature":23.57,"Humidity":54.028800000000004,"TIMESTAMP":"2022-11-27T19:24:31.085Z","BATT":100,"INTERVAL":600},{"modelID":"b0-20-56-1b-08-0c","modelType":"Wi-SHT10","DATAS":["Temperature","Humidity"],"Temperature":23.66,"Humidity":56.208,"TIMESTAMP":"2022-11-27T19:04:18.117Z","BATT":100,"INTERVAL":600},{"modelID":"b0-20-56-1b-08-0c","modelType":"Wi-SHT10","DATAS":["Temperature","Humidity"],"Temperature":23.57,"Humidity":57.3504,"TIMESTAMP":"2022-11-27T18:54:41.258Z","BATT":100,"INTERVAL":600},{"modelID":"b0-20-56-1b-08-0c","modelType":"Wi-SHT10","DATAS":["Temperature","Humidity"],"Temperature":23.5,"Humidity":57.4752,"TIMESTAMP":"2022-11-27T18:44:30.153Z","BATT":100,"INTERVAL":600},{"modelID":"b0-20-56-1b-08-0c","modelType":"Wi-SHT10","DATAS":["Temperature","Humidity"],"Temperature":23.77,"Humidity":53.2512,"TIMESTAMP":"2022-11-27T18:24:25.294Z","BATT":100,"INTERVAL":600},{"modelID":"b0-20-56-1b-08-0c","modelType":"Wi-SHT10","DATAS":["Temperature","Humidity"],"Temperature":23.7,"Humidity":56.755199999999995,"TIMESTAMP":"2022-11-27T18:04:20.753Z","BATT":100,"INTERVAL":600},{"modelID":"b0-20-56-1b-08-0c","modelType":"Wi-SHT10","DATAS":["Temperature","Humidity"],"Temperature":23.9,"Humidity":49.9488,"TIMESTAMP":"2022-11-27T17:54:39.003Z","BATT":100,"INTERVAL":600},{"modelID":"b0-20-56-1b-08-0c","modelType":"Wi-SHT10","DATAS":["Temperature","Humidity"],"Temperature":23.55,"Humidity":55.8528,"TIMESTAMP":"2022-11-27T17:44:48.422Z","BATT":100,"INTERVAL":600},{"modelID":"b0-20-56-1b-08-0c","modelType":"Wi-SHT10","DATAS":["Temperature","Humidity"],"Temperature":24.18,"Humidity":47.299200000000006,"TIMESTAMP":"2022-11-27T17:34:45.615Z","BATT":100,"INTERVAL":600},{"modelID":"b0-20-56-1b-08-0c","modelType":"Wi-SHT10","DATAS":["Temperature","Humidity"],"Temperature":23.83,"Humidity":56.784,"TIMESTAMP":"2022-11-27T17:24:25.116Z","BATT":100,"INTERVAL":600},{"modelID":"b0-20-56-1b-08-0c","modelType":"Wi-SHT10","DATAS":["Temperature","Humidity"],"Temperature":23.82,"Humidity":57.5904,"TIMESTAMP":"2022-11-27T17:14:40.383Z","BATT":100,"INTERVAL":600},{"modelID":"b0-20-56-1b-08-0c","modelType":"Wi-SHT10","DATAS":["Temperature","Humidity"],"Temperature":23.69,"Humidity":57.647999999999996,"TIMESTAMP":"2022-11-27T17:14:29.494Z","BATT":100,"INTERVAL":600},{"modelID":"b0-20-56-1b-08-0c","modelType":"Wi-SHT10","DATAS":["Temperature","Humidity"],"Temperature":23.54,"Humidity":58.7808,"TIMESTAMP":"2022-11-27T17:04:32.213Z","BATT":100,"INTERVAL":600},{"modelID":"b0-20-56-1b-08-0c","modelType":"Wi-SHT10","DATAS":["Temperature","Humidity"],"Temperature":23.52,"Humidity":57.263999999999996,"TIMESTAMP":"2022-11-27T16:54:20.693Z","BATT":100,"INTERVAL":600},{"modelID":"b0-20-56-1b-08-0c","modelType":"Wi-SHT10","DATAS":["Temperature","Humidity"],"Temperature":24.15,"Humidity":44.0256,"TIMESTAMP":"2022-11-27T16:44:25.890Z","BATT":100,"INTERVAL":600},{"modelID":"b0-20-56-1b-08-0c","modelType":"Wi-SHT10","DATAS":["Temperature","Humidity"],"Temperature":23.51,"Humidity":57.647999999999996,"TIMESTAMP":"2022-11-27T16:24:43.273Z","BATT":100,"INTERVAL":600},{"modelID":"b0-20-56-1b-08-0c","modelType":"Wi-SHT10","DATAS":["Temperature","Humidity"],"Temperature":23.95,"Humidity":50.5152,"TIMESTAMP":"2022-11-27T16:14:47.337Z","BATT":100,"INTERVAL":600}],"DAYHOURS":["21","20","19","18","17","16","15","14","13","12","11","10","9","8","7","6","5","4","3","2","1","0"]}