{"SENSORNAME":"AHU CLEAN ROOM","SENSORTYPE":"AIRRH(485)","DTUID":"206","SENSORID":"20","DATE0":"2022-11-28T11:57:18.136Z","DATE1":"2022-02-13T09:06:29.793Z","DAYDATA":[{"DTUID":"206","SENSORID":20,"FUNCID":3,"NDATA":2,"SENSORTYPE":"AIRFLOW-TEMP","RCV_BYTES":["0133","00E1"],"DATAS":[307,225],"DATAS1":[],"DATAS2":[],"TIMESTAMP":"2022-11-28T11:57:18.136Z"},{"DTUID":"206","SENSORID":20,"FUNCID":3,"NDATA":2,"SENSORTYPE":"AIRFLOW-TEMP","RCV_BYTES":["0133","00E1"],"DATAS":[307,225],"DATAS1":[],"DATAS2":[],"TIMESTAMP":"2022-11-28T11:26:08.116Z"},{"DTUID":"206","SENSORID":20,"FUNCID":3,"NDATA":2,"SENSORTYPE":"AIRFLOW-TEMP","RCV_BYTES":["0133","00DE"],"DATAS":[307,222],"DATAS1":[],"DATAS2":[],"TIMESTAMP":"2022-11-28T11:06:13.842Z"},{"DTUID":"206","SENSORID":20,"FUNCID":3,"NDATA":2,"SENSORTYPE":"AIRFLOW-TEMP","RCV_BYTES":["014D","00E6"],"DATAS":[333,230],"DATAS1":[],"DATAS2":[],"TIMESTAMP":"2022-11-28T10:06:01.984Z"},{"DTUID":"206","SENSORID":20,"FUNCID":3,"NDATA":2,"SENSORTYPE":"AIRFLOW-TEMP","RCV_BYTES":["013F","00E6"],"DATAS":[319,230],"DATAS1":[],"DATAS2":[],"TIMESTAMP":"2022-11-28T09:25:57.499Z"},{"DTUID":"206","SENSORID":20,"FUNCID":3,"NDATA":2,"SENSORTYPE":"AIRFLOW-TEMP","RCV_BYTES":["0153","00DA"],"DATAS":[339,218],"DATAS1":[],"DATAS2":[],"TIMESTAMP":"2022-11-28T09:05:56.480Z"},{"DTUID":"206","SENSORID":20,"FUNCID":3,"NDATA":2,"SENSORTYPE":"AIRFLOW-TEMP","RCV_BYTES":["0134","00E5"],"DATAS":[308,229],"DATAS1":[],"DATAS2":[],"TIMESTAMP":"2022-11-28T08:29:48.295Z"},{"DTUID":"206","SENSORID":20,"FUNCID":3,"NDATA":2,"SENSORTYPE":"AIRFLOW-TEMP","RCV_BYTES":["014F","00D6"],"DATAS":[335,214],"DATAS1":[],"DATAS2":[],"TIMESTAMP":"2022-11-28T05:30:36.611Z"},{"DTUID":"206","SENSORID":20,"FUNCID":3,"NDATA":2,"SENSORTYPE":"AIRFLOW-TEMP","RCV_BYTES":["0142","00E1"],"DATAS":[322,225],"DATAS1":[],"DATAS2":[],"TIMESTAMP":"2022-11-28T04:49:17.327Z"},{"DTUID":"206","SENSORID":20,"FUNCID":3,"NDATA":2,"SENSORTYPE":"AIRFLOW-TEMP","RCV_BYTES":["0136","00E6"],"DATAS":[310,230],"DATAS1":[],"DATAS2":[],"TIMESTAMP":"2022-11-28T04:29:08.549Z"},{"DTUID":"206","SENSORID":20,"FUNCID":3,"NDATA":2,"SENSORTYPE":"AIRFLOW-TEMP","RCV_BYTES":["0157","00D9"],"DATAS":[343,217],"DATAS1":[],"DATAS2":[],"TIMESTAMP":"2022-11-28T03:03:46.801Z"},{"DTUID":"206","SENSORID":20,"FUNCID":3,"NDATA":2,"SENSORTYPE":"AIRFLOW-TEMP","RCV_BYTES":["015B","00D8"],"DATAS":[347,216],"DATAS1":[],"DATAS2":[],"TIMESTAMP":"2022-11-28T01:01:46.420Z"},{"DTUID":"206","SENSORID":20,"FUNCID":3,"NDATA":2,"SENSORTYPE":"AIRFLOW-TEMP","RCV_BYTES":["00FB","00DC"],"DATAS":[251,220],"DATAS1":[],"DATAS2":[],"TIMESTAMP":"2022-11-27T23:15:18.717Z"},{"DTUID":"206","SENSORID":20,"FUNCID":3,"NDATA":2,"SENSORTYPE":"AIRFLOW-TEMP","RCV_BYTES":["00FA","00DF"],"DATAS":[250,223],"DATAS1":[],"DATAS2":[],"TIMESTAMP":"2022-11-27T22:35:16.136Z"},{"DTUID":"206","SENSORID":20,"FUNCID":3,"NDATA":2,"SENSORTYPE":"AIRFLOW-TEMP","RCV_BYTES":["00F7","00DF"],"DATAS":[247,223],"DATAS1":[],"DATAS2":[],"TIMESTAMP":"2022-11-27T22:15:14.889Z"},{"DTUID":"206","SENSORID":20,"FUNCID":3,"NDATA":2,"SENSORTYPE":"AIRFLOW-TEMP","RCV_BYTES":["00F2","00E1"],"DATAS":[242,225],"DATAS1":[],"DATAS2":[],"TIMESTAMP":"2022-11-27T21:15:12.858Z"},{"DTUID":"206","SENSORID":20,"FUNCID":3,"NDATA":2,"SENSORTYPE":"AIRFLOW-TEMP","RCV_BYTES":["00FA","00DE"],"DATAS":[250,222],"DATAS1":[],"DATAS2":[],"TIMESTAMP":"2022-11-27T20:36:26.312Z"},{"DTUID":"206","SENSORID":20,"FUNCID":3,"NDATA":2,"SENSORTYPE":"AIRFLOW-TEMP","RCV_BYTES":["0109","00D8"],"DATAS":[265,216],"DATAS1":[],"DATAS2":[],"TIMESTAMP":"2022-11-27T19:14:59.997Z"},{"DTUID":"206","SENSORID":20,"FUNCID":3,"NDATA":2,"SENSORTYPE":"AIRFLOW-TEMP","RCV_BYTES":["00FC","00E5"],"DATAS":[252,229],"DATAS1":[],"DATAS2":[],"TIMESTAMP":"2022-11-27T18:34:56.732Z"}],"DAYHOURS":["19","18","17","16","13","12","11","9","7","6","5","4","3","2"]}