{"SENSORNAME":"DLA MOUNTING ROOM 1","SENSORTYPE":"WISENSOR","DTUID":"-1","SENSORID":"B0-59-52-90-F0-DF","DATE0":"2022-11-28T13:04:34.938Z","DATE1":"2021-12-20T22:09:35.424Z","DAYDATA":[{"modelID":"b0-59-52-90-f0-df","modelType":"Wi-SHT10","DATAS":["Temperature","Humidity"],"Temperature":20.4,"Humidity":35.0112,"TIMESTAMP":"2022-11-28T13:04:34.938Z","BATT":100,"INTERVAL":600},{"modelID":"b0-59-52-90-f0-df","modelType":"Wi-SHT10","DATAS":["Temperature","Humidity"],"Temperature":20.85,"Humidity":33.6672,"TIMESTAMP":"2022-11-28T12:24:33.037Z","BATT":100,"INTERVAL":600},{"modelID":"b0-59-52-90-f0-df","modelType":"Wi-SHT10","DATAS":["Temperature","Humidity"],"Temperature":21.44,"Humidity":32.1408,"TIMESTAMP":"2022-11-28T12:14:37.346Z","BATT":100,"INTERVAL":600},{"modelID":"b0-59-52-90-f0-df","modelType":"Wi-SHT10","DATAS":["Temperature","Humidity"],"Temperature":21.42,"Humidity":32.313599999999994,"TIMESTAMP":"2022-11-28T12:04:56.077Z","BATT":100,"INTERVAL":600},{"modelID":"b0-59-52-90-f0-df","modelType":"Wi-SHT10","DATAS":["Temperature","Humidity"],"Temperature":21.4,"Humidity":32.419200000000004,"TIMESTAMP":"2022-11-28T11:54:47.769Z","BATT":100,"INTERVAL":600},{"modelID":"b0-59-52-90-f0-df","modelType":"Wi-SHT10","DATAS":["Temperature","Humidity"],"Temperature":21.36,"Humidity":32.6112,"TIMESTAMP":"2022-11-28T11:44:41.108Z","BATT":100,"INTERVAL":600},{"modelID":"b0-59-52-90-f0-df","modelType":"Wi-SHT10","DATAS":["Temperature","Humidity"],"Temperature":21.22,"Humidity":33.6768,"TIMESTAMP":"2022-11-28T11:14:42.495Z","BATT":100,"INTERVAL":600},{"modelID":"b0-59-52-90-f0-df","modelType":"Wi-SHT10","DATAS":["Temperature","Humidity"],"Temperature":21.06,"Humidity":34.204800000000006,"TIMESTAMP":"2022-11-28T10:55:02.788Z","BATT":100,"INTERVAL":600},{"modelID":"b0-59-52-90-f0-df","modelType":"Wi-SHT10","DATAS":["Temperature","Humidity"],"Temperature":20.91,"Humidity":34.1952,"TIMESTAMP":"2022-11-28T10:44:30.953Z","BATT":100,"INTERVAL":600},{"modelID":"b0-59-52-90-f0-df","modelType":"Wi-SHT10","DATAS":["Temperature","Humidity"],"Temperature":20.87,"Humidity":34.0224,"TIMESTAMP":"2022-11-28T10:34:32.064Z","BATT":100,"INTERVAL":600},{"modelID":"b0-59-52-90-f0-df","modelType":"Wi-SHT10","DATAS":["Temperature","Humidity"],"Temperature":20.75,"Humidity":36.1248,"TIMESTAMP":"2022-11-28T10:14:47.924Z","BATT":100,"INTERVAL":600},{"modelID":"b0-59-52-90-f0-df","modelType":"Wi-SHT10","DATAS":["Temperature","Humidity"],"Temperature":20.26,"Humidity":38.1792,"TIMESTAMP":"2022-11-28T10:04:34.632Z","BATT":100,"INTERVAL":600},{"modelID":"b0-59-52-90-f0-df","modelType":"Wi-SHT10","DATAS":["Temperature","Humidity"],"Temperature":20.71,"Humidity":37.5264,"TIMESTAMP":"2022-11-28T09:54:54.343Z","BATT":100,"INTERVAL":600},{"modelID":"b0-59-52-90-f0-df","modelType":"Wi-SHT10","DATAS":["Temperature","Humidity"],"Temperature":20.63,"Humidity":37.44,"TIMESTAMP":"2022-11-28T09:34:36.600Z","BATT":100,"INTERVAL":600},{"modelID":"b0-59-52-90-f0-df","modelType":"Wi-SHT10","DATAS":["Temperature","Humidity"],"Temperature":20.92,"Humidity":36.604800000000004,"TIMESTAMP":"2022-11-28T09:14:34.289Z","BATT":100,"INTERVAL":600},{"modelID":"b0-59-52-90-f0-df","modelType":"Wi-SHT10","DATAS":["Temperature","Humidity"],"Temperature":20.78,"Humidity":36.7488,"TIMESTAMP":"2022-11-28T08:54:57.087Z","BATT":100,"INTERVAL":600},{"modelID":"b0-59-52-90-f0-df","modelType":"Wi-SHT10","DATAS":["Temperature","Humidity"],"Temperature":21.19,"Humidity":36.2976,"TIMESTAMP":"2022-11-28T08:34:41.784Z","BATT":100,"INTERVAL":600},{"modelID":"b0-59-52-90-f0-df","modelType":"Wi-SHT10","DATAS":["Temperature","Humidity"],"Temperature":21.25,"Humidity":36.2112,"TIMESTAMP":"2022-11-28T08:24:33.697Z","BATT":100,"INTERVAL":600},{"modelID":"b0-59-52-90-f0-df","modelType":"Wi-SHT10","DATAS":["Temperature","Humidity"],"Temperature":21.19,"Humidity":36.24,"TIMESTAMP":"2022-11-28T08:14:34.417Z","BATT":100,"INTERVAL":600},{"modelID":"b0-59-52-90-f0-df","modelType":"Wi-SHT10","DATAS":["Temperature","Humidity"],"Temperature":21.27,"Humidity":36.4512,"TIMESTAMP":"2022-11-28T08:04:57.325Z","BATT":100,"INTERVAL":600},{"modelID":"b0-59-52-90-f0-df","modelType":"Wi-SHT10","DATAS":["Temperature","Humidity"],"Temperature":21.16,"Humidity":36.7584,"TIMESTAMP":"2022-11-28T07:54:45.197Z","BATT":100,"INTERVAL":600},{"modelID":"b0-59-52-90-f0-df","modelType":"Wi-SHT10","DATAS":["Temperature","Humidity"],"Temperature":21.51,"Humidity":36.528,"TIMESTAMP":"2022-11-28T07:34:58.046Z","BATT":100,"INTERVAL":600},{"modelID":"b0-59-52-90-f0-df","modelType":"Wi-SHT10","DATAS":["Temperature","Humidity"],"Temperature":21.13,"Humidity":37.075199999999995,"TIMESTAMP":"2022-11-28T07:24:36.711Z","BATT":100,"INTERVAL":600},{"modelID":"b0-59-52-90-f0-df","modelType":"Wi-SHT10","DATAS":["Temperature","Humidity"],"Temperature":21.66,"Humidity":36.384,"TIMESTAMP":"2022-11-28T07:14:31.667Z","BATT":100,"INTERVAL":600},{"modelID":"b0-59-52-90-f0-df","modelType":"Wi-SHT10","DATAS":["Temperature","Humidity"],"Temperature":24.85,"Humidity":59.087999999999994,"TIMESTAMP":"2022-11-28T07:04:48.512Z","BATT":100,"INTERVAL":600},{"modelID":"b0-59-52-90-f0-df","modelType":"Wi-SHT10","DATAS":["Temperature","Humidity"],"Temperature":21.08,"Humidity":37.007999999999996,"TIMESTAMP":"2022-11-28T06:54:31.701Z","BATT":100,"INTERVAL":600},{"modelID":"b0-59-52-90-f0-df","modelType":"Wi-SHT10","DATAS":["Temperature","Humidity"],"Temperature":21.24,"Humidity":36.6528,"TIMESTAMP":"2022-11-28T06:44:47.735Z","BATT":100,"INTERVAL":600},{"modelID":"b0-59-52-90-f0-df","modelType":"Wi-SHT10","DATAS":["Temperature","Humidity"],"Temperature":21.25,"Humidity":37.3344,"TIMESTAMP":"2022-11-28T06:35:00.864Z","BATT":100,"INTERVAL":600},{"modelID":"b0-59-52-90-f0-df","modelType":"Wi-SHT10","DATAS":["Temperature","Humidity"],"Temperature":21.12,"Humidity":37.0944,"TIMESTAMP":"2022-11-28T06:24:35.960Z","BATT":100,"INTERVAL":600},{"modelID":"b0-59-52-90-f0-df","modelType":"Wi-SHT10","DATAS":["Temperature","Humidity"],"Temperature":21.15,"Humidity":37.497600000000006,"TIMESTAMP":"2022-11-28T06:14:51.719Z","BATT":100,"INTERVAL":600},{"modelID":"b0-59-52-90-f0-df","modelType":"Wi-SHT10","DATAS":["Temperature","Humidity"],"Temperature":21.38,"Humidity":36.2496,"TIMESTAMP":"2022-11-28T06:04:41.590Z","BATT":100,"INTERVAL":600},{"modelID":"b0-59-52-90-f0-df","modelType":"Wi-SHT10","DATAS":["Temperature","Humidity"],"Temperature":21.4,"Humidity":36.604800000000004,"TIMESTAMP":"2022-11-28T05:54:46.954Z","BATT":100,"INTERVAL":600},{"modelID":"b0-59-52-90-f0-df","modelType":"Wi-SHT10","DATAS":["Temperature","Humidity"],"Temperature":21.09,"Humidity":37.0272,"TIMESTAMP":"2022-11-28T05:44:55.482Z","BATT":100,"INTERVAL":600},{"modelID":"b0-59-52-90-f0-df","modelType":"Wi-SHT10","DATAS":["Temperature","Humidity"],"Temperature":20.27,"Humidity":37.795199999999994,"TIMESTAMP":"2022-11-28T05:34:50.335Z","BATT":100,"INTERVAL":600},{"modelID":"b0-59-52-90-f0-df","modelType":"Wi-SHT10","DATAS":["Temperature","Humidity"],"Temperature":21.22,"Humidity":35.9328,"TIMESTAMP":"2022-11-28T05:24:55.334Z","BATT":100,"INTERVAL":600},{"modelID":"b0-59-52-90-f0-df","modelType":"Wi-SHT10","DATAS":["Temperature","Humidity"],"Temperature":21.29,"Humidity":36.0096,"TIMESTAMP":"2022-11-28T05:14:43.712Z","BATT":100,"INTERVAL":600},{"modelID":"b0-59-52-90-f0-df","modelType":"Wi-SHT10","DATAS":["Temperature","Humidity"],"Temperature":20.99,"Humidity":36.8832,"TIMESTAMP":"2022-11-28T05:04:55.544Z","BATT":100,"INTERVAL":600},{"modelID":"b0-59-52-90-f0-df","modelType":"Wi-SHT10","DATAS":["Temperature","Humidity"],"Temperature":20.47,"Humidity":38.870400000000004,"TIMESTAMP":"2022-11-28T04:54:58.729Z","BATT":100,"INTERVAL":600},{"modelID":"b0-59-52-90-f0-df","modelType":"Wi-SHT10","DATAS":["Temperature","Humidity"],"Temperature":20.58,"Humidity":38.064,"TIMESTAMP":"2022-11-28T04:44:37.149Z","BATT":100,"INTERVAL":600},{"modelID":"b0-59-52-90-f0-df","modelType":"Wi-SHT10","DATAS":["Temperature","Humidity"],"Temperature":21.08,"Humidity":39.9072,"TIMESTAMP":"2022-11-28T04:34:50.613Z","BATT":100,"INTERVAL":600},{"modelID":"b0-59-52-90-f0-df","modelType":"Wi-SHT10","DATAS":["Temperature","Humidity"],"Temperature":21.08,"Humidity":39.5136,"TIMESTAMP":"2022-11-28T04:24:55.026Z","BATT":100,"INTERVAL":600},{"modelID":"b0-59-52-90-f0-df","modelType":"Wi-SHT10","DATAS":["Temperature","Humidity"],"Temperature":20.97,"Humidity":39.0144,"TIMESTAMP":"2022-11-28T04:14:34.500Z","BATT":100,"INTERVAL":600},{"modelID":"b0-59-52-90-f0-df","modelType":"Wi-SHT10","DATAS":["Temperature","Humidity"],"Temperature":24.76,"Humidity":59.510400000000004,"TIMESTAMP":"2022-11-28T04:05:04.317Z","BATT":100,"INTERVAL":600},{"modelID":"b0-59-52-90-f0-df","modelType":"Wi-SHT10","DATAS":["Temperature","Humidity"],"Temperature":21.03,"Humidity":36.086400000000005,"TIMESTAMP":"2022-11-28T03:54:37.313Z","BATT":100,"INTERVAL":600},{"modelID":"b0-59-52-90-f0-df","modelType":"Wi-SHT10","DATAS":["Temperature","Humidity"],"Temperature":21,"Humidity":35.3856,"TIMESTAMP":"2022-11-28T03:34:48.048Z","BATT":100,"INTERVAL":600},{"modelID":"b0-59-52-90-f0-df","modelType":"Wi-SHT10","DATAS":["Temperature","Humidity"],"Temperature":20.94,"Humidity":35.6928,"TIMESTAMP":"2022-11-28T03:24:59.855Z","BATT":100,"INTERVAL":600},{"modelID":"b0-59-52-90-f0-df","modelType":"Wi-SHT10","DATAS":["Temperature","Humidity"],"Temperature":20.91,"Humidity":36.2976,"TIMESTAMP":"2022-11-28T03:14:50.235Z","BATT":100,"INTERVAL":600},{"modelID":"b0-59-52-90-f0-df","modelType":"Wi-SHT10","DATAS":["Temperature","Humidity"],"Temperature":20.89,"Humidity":37.4592,"TIMESTAMP":"2022-11-28T02:54:54.759Z","BATT":100,"INTERVAL":600},{"modelID":"b0-59-52-90-f0-df","modelType":"Wi-SHT10","DATAS":["Temperature","Humidity"],"Temperature":20.82,"Humidity":38.083200000000005,"TIMESTAMP":"2022-11-28T02:44:56.237Z","BATT":100,"INTERVAL":600},{"modelID":"b0-59-52-90-f0-df","modelType":"Wi-SHT10","DATAS":["Temperature","Humidity"],"Temperature":20.78,"Humidity":38.0928,"TIMESTAMP":"2022-11-28T02:35:01.021Z","BATT":100,"INTERVAL":600},{"modelID":"b0-59-52-90-f0-df","modelType":"Wi-SHT10","DATAS":["Temperature","Humidity"],"Temperature":20.79,"Humidity":37.5072,"TIMESTAMP":"2022-11-28T02:24:58.181Z","BATT":100,"INTERVAL":600},{"modelID":"b0-59-52-90-f0-df","modelType":"Wi-SHT10","DATAS":["Temperature","Humidity"],"Temperature":20.75,"Humidity":36.6432,"TIMESTAMP":"2022-11-28T02:14:34.854Z","BATT":100,"INTERVAL":600},{"modelID":"b0-59-52-90-f0-df","modelType":"Wi-SHT10","DATAS":["Temperature","Humidity"],"Temperature":20.71,"Humidity":37.8816,"TIMESTAMP":"2022-11-28T02:04:54.707Z","BATT":100,"INTERVAL":600},{"modelID":"b0-59-52-90-f0-df","modelType":"Wi-SHT10","DATAS":["Temperature","Humidity"],"Temperature":20.73,"Humidity":37.967999999999996,"TIMESTAMP":"2022-11-28T01:54:54.974Z","BATT":100,"INTERVAL":600},{"modelID":"b0-59-52-90-f0-df","modelType":"Wi-SHT10","DATAS":["Temperature","Humidity"],"Temperature":20.69,"Humidity":37.44,"TIMESTAMP":"2022-11-28T01:45:01.719Z","BATT":100,"INTERVAL":600},{"modelID":"b0-59-52-90-f0-df","modelType":"Wi-SHT10","DATAS":["Temperature","Humidity"],"Temperature":20.76,"Humidity":36.7296,"TIMESTAMP":"2022-11-28T01:34:55.032Z","BATT":100,"INTERVAL":600},{"modelID":"b0-59-52-90-f0-df","modelType":"Wi-SHT10","DATAS":["Temperature","Humidity"],"Temperature":20.88,"Humidity":36.2112,"TIMESTAMP":"2022-11-28T01:24:39.351Z","BATT":100,"INTERVAL":600},{"modelID":"b0-59-52-90-f0-df","modelType":"Wi-SHT10","DATAS":["Temperature","Humidity"],"Temperature":20.91,"Humidity":35.856,"TIMESTAMP":"2022-11-28T01:14:50.728Z","BATT":100,"INTERVAL":600},{"modelID":"b0-59-52-90-f0-df","modelType":"Wi-SHT10","DATAS":["Temperature","Humidity"],"Temperature":24.87,"Humidity":41.4336,"TIMESTAMP":"2022-11-28T01:04:44.731Z","BATT":100,"INTERVAL":600},{"modelID":"b0-59-52-90-f0-df","modelType":"Wi-SHT10","DATAS":["Temperature","Humidity"],"Temperature":20.99,"Humidity":34.876799999999996,"TIMESTAMP":"2022-11-28T00:54:48.350Z","BATT":100,"INTERVAL":600},{"modelID":"b0-59-52-90-f0-df","modelType":"Wi-SHT10","DATAS":["Temperature","Humidity"],"Temperature":21.07,"Humidity":34.406400000000005,"TIMESTAMP":"2022-11-28T00:44:39.198Z","BATT":100,"INTERVAL":600},{"modelID":"b0-59-52-90-f0-df","modelType":"Wi-SHT10","DATAS":["Temperature","Humidity"],"Temperature":21.12,"Humidity":33.7728,"TIMESTAMP":"2022-11-28T00:34:45.210Z","BATT":100,"INTERVAL":600},{"modelID":"b0-59-52-90-f0-df","modelType":"Wi-SHT10","DATAS":["Temperature","Humidity"],"Temperature":21.12,"Humidity":33.3696,"TIMESTAMP":"2022-11-28T00:24:37.281Z","BATT":100,"INTERVAL":600},{"modelID":"b0-59-52-90-f0-df","modelType":"Wi-SHT10","DATAS":["Temperature","Humidity"],"Temperature":20.53,"Humidity":34.0416,"TIMESTAMP":"2022-11-28T00:14:44.793Z","BATT":100,"INTERVAL":600},{"modelID":"b0-59-52-90-f0-df","modelType":"Wi-SHT10","DATAS":["Temperature","Humidity"],"Temperature":20.32,"Humidity":33.7344,"TIMESTAMP":"2022-11-28T00:04:53.352Z","BATT":100,"INTERVAL":600},{"modelID":"b0-59-52-90-f0-df","modelType":"Wi-SHT10","DATAS":["Temperature","Humidity"],"Temperature":20.78,"Humidity":31.6032,"TIMESTAMP":"2022-11-27T23:54:49.574Z","BATT":100,"INTERVAL":600},{"modelID":"b0-59-52-90-f0-df","modelType":"Wi-SHT10","DATAS":["Temperature","Humidity"],"Temperature":21.47,"Humidity":28.6848,"TIMESTAMP":"2022-11-27T23:44:47.577Z","BATT":100,"INTERVAL":600},{"modelID":"b0-59-52-90-f0-df","modelType":"Wi-SHT10","DATAS":["Temperature","Humidity"],"Temperature":21.43,"Humidity":27.9264,"TIMESTAMP":"2022-11-27T23:34:48.016Z","BATT":100,"INTERVAL":600},{"modelID":"b0-59-52-90-f0-df","modelType":"Wi-SHT10","DATAS":["Temperature","Humidity"],"Temperature":21.38,"Humidity":27.1488,"TIMESTAMP":"2022-11-27T23:24:49.385Z","BATT":100,"INTERVAL":600},{"modelID":"b0-59-52-90-f0-df","modelType":"Wi-SHT10","DATAS":["Temperature","Humidity"],"Temperature":21.36,"Humidity":26.371199999999998,"TIMESTAMP":"2022-11-27T23:04:49.084Z","BATT":100,"INTERVAL":600},{"modelID":"b0-59-52-90-f0-df","modelType":"Wi-SHT10","DATAS":["Temperature","Humidity"],"Temperature":21.4,"Humidity":26.2272,"TIMESTAMP":"2022-11-27T22:54:46.678Z","BATT":100,"INTERVAL":600},{"modelID":"b0-59-52-90-f0-df","modelType":"Wi-SHT10","DATAS":["Temperature","Humidity"],"Temperature":21.4,"Humidity":26.3136,"TIMESTAMP":"2022-11-27T22:44:53.257Z","BATT":100,"INTERVAL":600},{"modelID":"b0-59-52-90-f0-df","modelType":"Wi-SHT10","DATAS":["Temperature","Humidity"],"Temperature":21.38,"Humidity":26.3904,"TIMESTAMP":"2022-11-27T22:24:49.965Z","BATT":100,"INTERVAL":600},{"modelID":"b0-59-52-90-f0-df","modelType":"Wi-SHT10","DATAS":["Temperature","Humidity"],"Temperature":21.39,"Humidity":26.371199999999998,"TIMESTAMP":"2022-11-27T22:14:45.317Z","BATT":100,"INTERVAL":600},{"modelID":"b0-59-52-90-f0-df","modelType":"Wi-SHT10","DATAS":["Temperature","Humidity"],"Temperature":21.39,"Humidity":26.3904,"TIMESTAMP":"2022-11-27T22:04:32.076Z","BATT":100,"INTERVAL":600},{"modelID":"b0-59-52-90-f0-df","modelType":"Wi-SHT10","DATAS":["Temperature","Humidity"],"Temperature":21.38,"Humidity":26.4096,"TIMESTAMP":"2022-11-27T21:54:47.636Z","BATT":100,"INTERVAL":600},{"modelID":"b0-59-52-90-f0-df","modelType":"Wi-SHT10","DATAS":["Temperature","Humidity"],"Temperature":21.42,"Humidity":26.4864,"TIMESTAMP":"2022-11-27T21:44:43.602Z","BATT":100,"INTERVAL":600},{"modelID":"b0-59-52-90-f0-df","modelType":"Wi-SHT10","DATAS":["Temperature","Humidity"],"Temperature":21.38,"Humidity":26.467200000000002,"TIMESTAMP":"2022-11-27T21:34:51.282Z","BATT":100,"INTERVAL":600},{"modelID":"b0-59-52-90-f0-df","modelType":"Wi-SHT10","DATAS":["Temperature","Humidity"],"Temperature":21.42,"Humidity":26.5152,"TIMESTAMP":"2022-11-27T21:24:47.523Z","BATT":100,"INTERVAL":600},{"modelID":"b0-59-52-90-f0-df","modelType":"Wi-SHT10","DATAS":["Temperature","Humidity"],"Temperature":21.4,"Humidity":26.5152,"TIMESTAMP":"2022-11-27T21:14:48.109Z","BATT":100,"INTERVAL":600},{"modelID":"b0-59-52-90-f0-df","modelType":"Wi-SHT10","DATAS":["Temperature","Humidity"],"Temperature":21.4,"Humidity":26.5728,"TIMESTAMP":"2022-11-27T21:04:35.682Z","BATT":100,"INTERVAL":600},{"modelID":"b0-59-52-90-f0-df","modelType":"Wi-SHT10","DATAS":["Temperature","Humidity"],"Temperature":21.41,"Humidity":26.6016,"TIMESTAMP":"2022-11-27T20:54:59.383Z","BATT":100,"INTERVAL":600},{"modelID":"b0-59-52-90-f0-df","modelType":"Wi-SHT10","DATAS":["Temperature","Humidity"],"Temperature":21.4,"Humidity":26.5248,"TIMESTAMP":"2022-11-27T20:44:35.812Z","BATT":100,"INTERVAL":600},{"modelID":"b0-59-52-90-f0-df","modelType":"Wi-SHT10","DATAS":["Temperature","Humidity"],"Temperature":21.54,"Humidity":26.448,"TIMESTAMP":"2022-11-27T20:35:14.153Z","BATT":100,"INTERVAL":600},{"modelID":"b0-59-52-90-f0-df","modelType":"Wi-SHT10","DATAS":["Temperature","Humidity"],"Temperature":21.46,"Humidity":26.6016,"TIMESTAMP":"2022-11-27T20:24:49.753Z","BATT":100,"INTERVAL":600},{"modelID":"b0-59-52-90-f0-df","modelType":"Wi-SHT10","DATAS":["Temperature","Humidity"],"Temperature":21.46,"Humidity":26.6688,"TIMESTAMP":"2022-11-27T20:14:47.372Z","BATT":100,"INTERVAL":600},{"modelID":"b0-59-52-90-f0-df","modelType":"Wi-SHT10","DATAS":["Temperature","Humidity"],"Temperature":21.42,"Humidity":26.764799999999997,"TIMESTAMP":"2022-11-27T20:04:52.212Z","BATT":100,"INTERVAL":600},{"modelID":"b0-59-52-90-f0-df","modelType":"Wi-SHT10","DATAS":["Temperature","Humidity"],"Temperature":21.41,"Humidity":26.8512,"TIMESTAMP":"2022-11-27T19:54:42.783Z","BATT":100,"INTERVAL":600},{"modelID":"b0-59-52-90-f0-df","modelType":"Wi-SHT10","DATAS":["Temperature","Humidity"],"Temperature":21.43,"Humidity":26.7744,"TIMESTAMP":"2022-11-27T19:44:34.598Z","BATT":100,"INTERVAL":600},{"modelID":"b0-59-52-90-f0-df","modelType":"Wi-SHT10","DATAS":["Temperature","Humidity"],"Temperature":21.43,"Humidity":26.784,"TIMESTAMP":"2022-11-27T19:34:32.076Z","BATT":100,"INTERVAL":600},{"modelID":"b0-59-52-90-f0-df","modelType":"Wi-SHT10","DATAS":["Temperature","Humidity"],"Temperature":21.47,"Humidity":26.8704,"TIMESTAMP":"2022-11-27T19:24:39.466Z","BATT":100,"INTERVAL":600},{"modelID":"b0-59-52-90-f0-df","modelType":"Wi-SHT10","DATAS":["Temperature","Humidity"],"Temperature":21.49,"Humidity":27.12,"TIMESTAMP":"2022-11-27T19:04:43.245Z","BATT":100,"INTERVAL":600},{"modelID":"b0-59-52-90-f0-df","modelType":"Wi-SHT10","DATAS":["Temperature","Humidity"],"Temperature":21.5,"Humidity":27.216,"TIMESTAMP":"2022-11-27T18:54:56.418Z","BATT":100,"INTERVAL":600},{"modelID":"b0-59-52-90-f0-df","modelType":"Wi-SHT10","DATAS":["Temperature","Humidity"],"Temperature":21.45,"Humidity":27.2928,"TIMESTAMP":"2022-11-27T18:44:54.219Z","BATT":100,"INTERVAL":600},{"modelID":"b0-59-52-90-f0-df","modelType":"Wi-SHT10","DATAS":["Temperature","Humidity"],"Temperature":21.51,"Humidity":27.4752,"TIMESTAMP":"2022-11-27T18:24:46.474Z","BATT":100,"INTERVAL":600},{"modelID":"b0-59-52-90-f0-df","modelType":"Wi-SHT10","DATAS":["Temperature","Humidity"],"Temperature":21.54,"Humidity":27.532799999999998,"TIMESTAMP":"2022-11-27T18:15:04.592Z","BATT":100,"INTERVAL":600},{"modelID":"b0-59-52-90-f0-df","modelType":"Wi-SHT10","DATAS":["Temperature","Humidity"],"Temperature":21.53,"Humidity":27.3216,"TIMESTAMP":"2022-11-27T18:04:56.013Z","BATT":100,"INTERVAL":600},{"modelID":"b0-59-52-90-f0-df","modelType":"Wi-SHT10","DATAS":["Temperature","Humidity"],"Temperature":21.56,"Humidity":27.1296,"TIMESTAMP":"2022-11-27T17:54:45.574Z","BATT":100,"INTERVAL":600},{"modelID":"b0-59-52-90-f0-df","modelType":"Wi-SHT10","DATAS":["Temperature","Humidity"],"Temperature":21.53,"Humidity":26.9376,"TIMESTAMP":"2022-11-27T17:44:36.482Z","BATT":100,"INTERVAL":600},{"modelID":"b0-59-52-90-f0-df","modelType":"Wi-SHT10","DATAS":["Temperature","Humidity"],"Temperature":21.49,"Humidity":26.8992,"TIMESTAMP":"2022-11-27T17:34:55.375Z","INTERVAL":600},{"modelID":"b0-59-52-90-f0-df","modelType":"Wi-SHT10","DATAS":["Temperature","Humidity"],"Temperature":21.53,"Humidity":26.8704,"TIMESTAMP":"2022-11-27T17:24:32.255Z","BATT":100,"INTERVAL":600},{"modelID":"b0-59-52-90-f0-df","modelType":"Wi-SHT10","DATAS":["Temperature","Humidity"],"Temperature":21.55,"Humidity":27.023999999999997,"TIMESTAMP":"2022-11-27T17:14:46.435Z","BATT":100,"INTERVAL":600},{"modelID":"b0-59-52-90-f0-df","modelType":"Wi-SHT10","DATAS":["Temperature","Humidity"],"Temperature":21.57,"Humidity":27.1008,"TIMESTAMP":"2022-11-27T17:05:00.515Z","BATT":100,"INTERVAL":600},{"modelID":"b0-59-52-90-f0-df","modelType":"Wi-SHT10","DATAS":["Temperature","Humidity"],"Temperature":21.6,"Humidity":27.0816,"TIMESTAMP":"2022-11-27T16:54:49.217Z","BATT":100,"INTERVAL":600},{"modelID":"b0-59-52-90-f0-df","modelType":"Wi-SHT10","DATAS":["Temperature","Humidity"],"Temperature":21.57,"Humidity":27.0528,"TIMESTAMP":"2022-11-27T16:44:45.537Z","BATT":100,"INTERVAL":600},{"modelID":"b0-59-52-90-f0-df","modelType":"Wi-SHT10","DATAS":["Temperature","Humidity"],"Temperature":21.59,"Humidity":27.12,"TIMESTAMP":"2022-11-27T16:24:46.075Z","BATT":100,"INTERVAL":600},{"modelID":"b0-59-52-90-f0-df","modelType":"Wi-SHT10","DATAS":["Temperature","Humidity"],"Temperature":21.64,"Humidity":27.244799999999998,"TIMESTAMP":"2022-11-27T16:14:54.296Z","BATT":100,"INTERVAL":600}],"DAYHOURS":["21","20","19","18","17","16","15","14","13","12","11","10","9","8","7","6","5","4","3","2","1","0"]}