{"SENSORNAME":"PRE-COOL FE - CHWR PRESS 1","SENSORTYPE":"WTRPRS(485)","DTUID":"209","SENSORID":"27","DATE0":"2022-11-28T10:05:16.103Z","DATE1":"2022-02-13T09:59:00.556Z","DAYDATA":[{"DTUID":"209","SENSORID":27,"FUNCID":3,"NDATA":2,"SENSORTYPE":"WATER-PRES","RCV_BYTES":["43D9","48B4"],"DATAS":[17369,18612],"DATAS1":[],"DATAS2":[],"TIMESTAMP":"2022-11-28T10:05:16.103Z"},{"DTUID":"209","SENSORID":27,"FUNCID":3,"NDATA":2,"SENSORTYPE":"WATER-PRES","RCV_BYTES":["43DC","8439"],"DATAS":[17372,-31687],"DATAS1":[],"DATAS2":[],"TIMESTAMP":"2022-11-28T09:25:11.248Z"},{"DTUID":"209","SENSORID":27,"FUNCID":3,"NDATA":2,"SENSORTYPE":"WATER-PRES","RCV_BYTES":["43DC","EBE7"],"DATAS":[17372,-5145],"DATAS1":[],"DATAS2":[],"TIMESTAMP":"2022-11-28T09:05:10.140Z"},{"DTUID":"209","SENSORID":27,"FUNCID":3,"NDATA":2,"SENSORTYPE":"WATER-PRES","RCV_BYTES":["43DC","9E35"],"DATAS":[17372,-25035],"DATAS1":[],"DATAS2":[],"TIMESTAMP":"2022-11-28T08:28:43.464Z"},{"DTUID":"209","SENSORID":27,"FUNCID":3,"NDATA":2,"SENSORTYPE":"WATER-PRES","RCV_BYTES":["43D2","01EC"],"DATAS":[17362,492],"DATAS1":[],"DATAS2":[],"TIMESTAMP":"2022-11-28T04:48:20.029Z"},{"DTUID":"209","SENSORID":27,"FUNCID":3,"NDATA":2,"SENSORTYPE":"WATER-PRES","RCV_BYTES":["43D7","0F7D"],"DATAS":[17367,3965],"DATAS1":[],"DATAS2":[],"TIMESTAMP":"2022-11-28T00:14:37.548Z"},{"DTUID":"209","SENSORID":27,"FUNCID":3,"NDATA":2,"SENSORTYPE":"WATER-PRES","RCV_BYTES":["43D8","4604"],"DATAS":[17368,17924],"DATAS1":[],"DATAS2":[],"TIMESTAMP":"2022-11-27T23:14:32.976Z"},{"DTUID":"209","SENSORID":27,"FUNCID":3,"NDATA":2,"SENSORTYPE":"WATER-PRES","RCV_BYTES":["43DF","C042"],"DATAS":[17375,-16318],"DATAS1":[],"DATAS2":[],"TIMESTAMP":"2022-11-27T22:34:28.864Z"},{"DTUID":"209","SENSORID":27,"FUNCID":3,"NDATA":2,"SENSORTYPE":"WATER-PRES","RCV_BYTES":["43D8","6000"],"DATAS":[17368,24576],"DATAS1":[],"DATAS2":[],"TIMESTAMP":"2022-11-27T22:14:28.476Z"},{"DTUID":"209","SENSORID":27,"FUNCID":3,"NDATA":2,"SENSORTYPE":"WATER-PRES","RCV_BYTES":["43D9","9604"],"DATAS":[17369,-27132],"DATAS1":[],"DATAS2":[],"TIMESTAMP":"2022-11-27T20:34:18.212Z"},{"DTUID":"209","SENSORID":27,"FUNCID":3,"NDATA":2,"SENSORTYPE":"WATER-PRES","RCV_BYTES":["43DD","6D0E"],"DATAS":[17373,27918],"DATAS1":[],"DATAS2":[],"TIMESTAMP":"2022-11-27T20:14:19.380Z"},{"DTUID":"209","SENSORID":27,"FUNCID":3,"NDATA":2,"SENSORTYPE":"WATER-PRES","RCV_BYTES":["43DD","05E3"],"DATAS":[17373,1507],"DATAS1":[],"DATAS2":[],"TIMESTAMP":"2022-11-27T19:34:13.975Z"},{"DTUID":"209","SENSORID":27,"FUNCID":3,"NDATA":2,"SENSORTYPE":"WATER-PRES","RCV_BYTES":["43DA","64DD"],"DATAS":[17370,25821],"DATAS1":[],"DATAS2":[],"TIMESTAMP":"2022-11-27T19:14:13.637Z"},{"DTUID":"209","SENSORID":27,"FUNCID":3,"NDATA":2,"SENSORTYPE":"WATER-PRES","RCV_BYTES":["43DC","370A"],"DATAS":[17372,14090],"DATAS1":[],"DATAS2":[],"TIMESTAMP":"2022-11-27T18:34:10.732Z"},{"DTUID":"209","SENSORID":27,"FUNCID":3,"NDATA":2,"SENSORTYPE":"WATER-PRES","RCV_BYTES":["43DB","67AE"],"DATAS":[17371,26542],"DATAS1":[],"DATAS2":[],"TIMESTAMP":"2022-11-27T18:14:11.393Z"},{"DTUID":"209","SENSORID":27,"FUNCID":3,"NDATA":2,"SENSORTYPE":"WATER-PRES","RCV_BYTES":["43DB","0062"],"DATAS":[17371,98],"DATAS1":[],"DATAS2":[],"TIMESTAMP":"2022-11-27T17:34:06.934Z"},{"DTUID":"209","SENSORID":27,"FUNCID":3,"NDATA":2,"SENSORTYPE":"WATER-PRES","RCV_BYTES":["43DC","EBE7"],"DATAS":[17372,-5145],"DATAS1":[],"DATAS2":[],"TIMESTAMP":"2022-11-27T17:14:04.657Z"}],"DAYHOURS":["18","17","16","12","8","7","6","4","3","2","1"]}