{"SENSORNAME":"CWP2","SENSORTYPE":"PWRMTR(485)","DTUID":"100","SENSORID":20,"PWRMTR0":"2773","PWRMTR1":"101","DAYDATA":[{"DTUID":"100","SENSORID":20,"FUNCID":3,"NDATA":2,"SENSORTYPE":"PWR-METER-POWER","RCV_BYTES":["0004","3B17"],"DATAS":[4,15127],"DATAS1":[],"DATAS2":[],"TIMESTAMP":"2022-11-28T10:06:37.015Z"},{"DTUID":"100","SENSORID":20,"FUNCID":3,"NDATA":2,"SENSORTYPE":"PWR-METER-POWER","RCV_BYTES":["0004","3B17"],"DATAS":[4,15127],"DATAS1":[],"DATAS2":[],"TIMESTAMP":"2022-11-28T09:07:12.239Z"},{"DTUID":"100","SENSORID":20,"FUNCID":3,"NDATA":2,"SENSORTYPE":"PWR-METER-POWER","RCV_BYTES":["0004","3B17"],"DATAS":[4,15127],"DATAS1":[],"DATAS2":[],"TIMESTAMP":"2022-11-28T03:04:21.525Z"},{"DTUID":"100","SENSORID":20,"FUNCID":3,"NDATA":2,"SENSORTYPE":"PWR-METER-POWER","RCV_BYTES":["0004","3B17"],"DATAS":[4,15127],"DATAS1":[],"DATAS2":[],"TIMESTAMP":"2022-11-28T01:01:02.771Z"},{"DTUID":"100","SENSORID":20,"FUNCID":3,"NDATA":2,"SENSORTYPE":"PWR-METER-POWER","RCV_BYTES":["0004","3B17"],"DATAS":[4,15127],"DATAS1":[],"DATAS2":[],"TIMESTAMP":"2022-11-28T00:16:04.833Z"},{"DTUID":"100","SENSORID":20,"FUNCID":3,"NDATA":2,"SENSORTYPE":"PWR-METER-POWER","RCV_BYTES":["0004","3B17"],"DATAS":[4,15127],"DATAS1":[],"DATAS2":[],"TIMESTAMP":"2022-11-27T23:16:38.655Z"},{"DTUID":"100","SENSORID":20,"FUNCID":3,"NDATA":2,"SENSORTYPE":"PWR-METER-POWER","RCV_BYTES":["0004","3B17"],"DATAS":[4,15127],"DATAS1":[],"DATAS2":[],"TIMESTAMP":"2022-11-27T22:16:00.417Z"},{"DTUID":"100","SENSORID":20,"FUNCID":3,"NDATA":2,"SENSORTYPE":"PWR-METER-POWER","RCV_BYTES":["0004","3B17"],"DATAS":[4,15127],"DATAS1":[],"DATAS2":[],"TIMESTAMP":"2022-11-27T21:16:12.363Z"},{"DTUID":"100","SENSORID":20,"FUNCID":3,"NDATA":2,"SENSORTYPE":"PWR-METER-POWER","RCV_BYTES":["0004","3B17"],"DATAS":[4,15127],"DATAS1":[],"DATAS2":[],"TIMESTAMP":"2022-11-27T20:35:45.960Z"},{"DTUID":"100","SENSORID":20,"FUNCID":3,"NDATA":2,"SENSORTYPE":"PWR-METER-POWER","RCV_BYTES":["0004","3B17"],"DATAS":[4,15127],"DATAS1":[],"DATAS2":[],"TIMESTAMP":"2022-11-27T18:35:37.541Z"},{"DTUID":"100","SENSORID":20,"FUNCID":3,"NDATA":2,"SENSORTYPE":"PWR-METER-POWER","RCV_BYTES":["0004","3B17"],"DATAS":[4,15127],"DATAS1":[],"DATAS2":[],"TIMESTAMP":"2022-11-27T18:15:38.753Z"}],"DAYHOURS":["18","17","11","9","8","7","6","5","4","2"],"MNTH-2022_11":"2773","WK48":"2773","WK47":"2773","WK46":"2773","WK45":"2773","WK44":"2773","MNTH-2022_10":"2773","WK43":"2773","WK42":"2773","WK41":"2773","WK40":"2773","MNTH-2022_9":"2773","WK39":"2773","WK38":"2773","WK37":"2773","WK36":"2670","MNTH-2022_8":"2532","WK35":"2510","WK34":"2360","WK33":"2247","WK32":"2093","WK31":"1938","MNTH-2022_7":"1895","WK30":"1785","WK29":"1632","WK28":"1480","WK27":"1327","MNTH-2022_6":"1214","WK26":"1172","WK25":"1022","WK24":"878","WK23":"729","MNTH-2022_5":"579","WK22":"579","WK21":"433","WK20":"284","WK19":"136"}