{"SENSORNAME":"CLEAN ROOM 10 (MOUNTING)","SENSORTYPE":"WISENSOR","DTUID":"-1","SENSORID":"B0-E1-64-78-DE-E0","DATE0":"2022-11-28T13:13:11.920Z","DATE1":"2021-04-24T04:44:39.624Z","DAYDATA":[{"modelID":"b0-e1-64-78-de-e0","modelType":"Wi-SHT10","DATAS":["Temperature","Humidity"],"Temperature":22.58,"Humidity":24.576,"TIMESTAMP":"2022-11-28T13:13:11.920Z","BATT":100,"INTERVAL":600},{"modelID":"b0-e1-64-78-de-e0","modelType":"Wi-SHT10","DATAS":["Temperature","Humidity"],"Temperature":22.49,"Humidity":24.528000000000002,"TIMESTAMP":"2022-11-28T13:02:51.940Z","BATT":100,"INTERVAL":600},{"modelID":"b0-e1-64-78-de-e0","modelType":"Wi-SHT10","DATAS":["Temperature","Humidity"],"Temperature":22.98,"Humidity":24.768,"TIMESTAMP":"2022-11-28T12:33:05.978Z","BATT":100,"INTERVAL":600},{"modelID":"b0-e1-64-78-de-e0","modelType":"Wi-SHT10","DATAS":["Temperature","Humidity"],"Temperature":22.99,"Humidity":24.144,"TIMESTAMP":"2022-11-28T12:22:51.998Z","BATT":100,"INTERVAL":600},{"modelID":"b0-e1-64-78-de-e0","modelType":"Wi-SHT10","DATAS":["Temperature","Humidity"],"Temperature":22.81,"Humidity":24.8448,"TIMESTAMP":"2022-11-28T12:12:28.001Z","BATT":100,"INTERVAL":600},{"modelID":"b0-e1-64-78-de-e0","modelType":"Wi-SHT10","DATAS":["Temperature","Humidity"],"Temperature":22.6,"Humidity":24.9408,"TIMESTAMP":"2022-11-28T12:02:28.017Z","BATT":100,"INTERVAL":600},{"modelID":"b0-e1-64-78-de-e0","modelType":"Wi-SHT10","DATAS":["Temperature","Humidity"],"Temperature":22.42,"Humidity":25.363200000000003,"TIMESTAMP":"2022-11-28T11:43:09.056Z","BATT":100,"INTERVAL":600},{"modelID":"b0-e1-64-78-de-e0","modelType":"Wi-SHT10","DATAS":["Temperature","Humidity"],"Temperature":22.52,"Humidity":25.7856,"TIMESTAMP":"2022-11-28T11:32:33.069Z","BATT":100,"INTERVAL":600},{"modelID":"b0-e1-64-78-de-e0","modelType":"Wi-SHT10","DATAS":["Temperature","Humidity"],"Temperature":22.92,"Humidity":24.624,"TIMESTAMP":"2022-11-28T11:22:34.090Z","BATT":100,"INTERVAL":600},{"modelID":"b0-e1-64-78-de-e0","modelType":"Wi-SHT10","DATAS":["Temperature","Humidity"],"Temperature":22.73,"Humidity":24.5088,"TIMESTAMP":"2022-11-28T11:12:50.149Z","BATT":100,"INTERVAL":600},{"modelID":"b0-e1-64-78-de-e0","modelType":"Wi-SHT10","DATAS":["Temperature","Humidity"],"Temperature":22.32,"Humidity":25.392,"TIMESTAMP":"2022-11-28T11:03:05.108Z","BATT":100,"INTERVAL":600},{"modelID":"b0-e1-64-78-de-e0","modelType":"Wi-SHT10","DATAS":["Temperature","Humidity"],"Temperature":22.49,"Humidity":25.7664,"TIMESTAMP":"2022-11-28T10:52:33.128Z","BATT":100,"INTERVAL":600},{"modelID":"b0-e1-64-78-de-e0","modelType":"Wi-SHT10","DATAS":["Temperature","Humidity"],"Temperature":23.03,"Humidity":25.2384,"TIMESTAMP":"2022-11-28T10:42:30.133Z","BATT":100,"INTERVAL":600},{"modelID":"b0-e1-64-78-de-e0","modelType":"Wi-SHT10","DATAS":["Temperature","Humidity"],"Temperature":22.99,"Humidity":25.881600000000002,"TIMESTAMP":"2022-11-28T10:33:01.172Z","BATT":100,"INTERVAL":600},{"modelID":"b0-e1-64-78-de-e0","modelType":"Wi-SHT10","DATAS":["Temperature","Humidity"],"Temperature":22.8,"Humidity":28.0608,"TIMESTAMP":"2022-11-28T10:22:31.165Z","BATT":100,"INTERVAL":600},{"modelID":"b0-e1-64-78-de-e0","modelType":"Wi-SHT10","DATAS":["Temperature","Humidity"],"Temperature":22.49,"Humidity":29.5008,"TIMESTAMP":"2022-11-28T10:12:50.185Z","BATT":100,"INTERVAL":600},{"modelID":"b0-e1-64-78-de-e0","modelType":"Wi-SHT10","DATAS":["Temperature","Humidity"],"Temperature":22.26,"Humidity":31.180799999999998,"TIMESTAMP":"2022-11-28T10:02:56.216Z","BATT":100,"INTERVAL":600},{"modelID":"b0-e1-64-78-de-e0","modelType":"Wi-SHT10","DATAS":["Temperature","Humidity"],"Temperature":22.94,"Humidity":28.665599999999998,"TIMESTAMP":"2022-11-28T09:53:00.203Z","BATT":100,"INTERVAL":600},{"modelID":"b0-e1-64-78-de-e0","modelType":"Wi-SHT10","DATAS":["Temperature","Humidity"],"Temperature":22.85,"Humidity":27.888,"TIMESTAMP":"2022-11-28T09:42:30.220Z","BATT":100,"INTERVAL":600},{"modelID":"b0-e1-64-78-de-e0","modelType":"Wi-SHT10","DATAS":["Temperature","Humidity"],"Temperature":22.35,"Humidity":28.790399999999998,"TIMESTAMP":"2022-11-28T09:32:57.240Z","BATT":100,"INTERVAL":600},{"modelID":"b0-e1-64-78-de-e0","modelType":"Wi-SHT10","DATAS":["Temperature","Humidity"],"Temperature":22.19,"Humidity":27.8592,"TIMESTAMP":"2022-11-28T09:22:27.260Z","BATT":100,"INTERVAL":600},{"modelID":"b0-e1-64-78-de-e0","modelType":"Wi-SHT10","DATAS":["Temperature","Humidity"],"Temperature":23.25,"Humidity":25.8624,"TIMESTAMP":"2022-11-28T09:12:52.280Z","BATT":100,"INTERVAL":600},{"modelID":"b0-e1-64-78-de-e0","modelType":"Wi-SHT10","DATAS":["Temperature","Humidity"],"Temperature":22.62,"Humidity":25.6128,"TIMESTAMP":"2022-11-28T09:02:30.281Z","BATT":100,"INTERVAL":600},{"modelID":"b0-e1-64-78-de-e0","modelType":"Wi-SHT10","DATAS":["Temperature","Humidity"],"Temperature":21.72,"Humidity":26.9664,"TIMESTAMP":"2022-11-28T08:52:43.300Z","BATT":100,"INTERVAL":600},{"modelID":"b0-e1-64-78-de-e0","modelType":"Wi-SHT10","DATAS":["Temperature","Humidity"],"Temperature":22.69,"Humidity":25.4976,"TIMESTAMP":"2022-11-28T08:43:12.319Z","BATT":100,"INTERVAL":600},{"modelID":"b0-e1-64-78-de-e0","modelType":"Wi-SHT10","DATAS":["Temperature","Humidity"],"Temperature":22.49,"Humidity":26.0832,"TIMESTAMP":"2022-11-28T08:32:54.345Z","BATT":100,"INTERVAL":600},{"modelID":"b0-e1-64-78-de-e0","modelType":"Wi-SHT10","DATAS":["Temperature","Humidity"],"Temperature":22.15,"Humidity":28.2336,"TIMESTAMP":"2022-11-28T08:22:34.337Z","BATT":100,"INTERVAL":600},{"modelID":"b0-e1-64-78-de-e0","modelType":"Wi-SHT10","DATAS":["Temperature","Humidity"],"Temperature":22.13,"Humidity":28.3872,"TIMESTAMP":"2022-11-28T08:12:49.357Z","BATT":100,"INTERVAL":600},{"modelID":"b0-e1-64-78-de-e0","modelType":"Wi-SHT10","DATAS":["Temperature","Humidity"],"Temperature":22.05,"Humidity":28.2144,"TIMESTAMP":"2022-11-28T08:02:28.383Z","BATT":100,"INTERVAL":600},{"modelID":"b0-e1-64-78-de-e0","modelType":"Wi-SHT10","DATAS":["Temperature","Humidity"],"Temperature":22.5,"Humidity":27.2928,"TIMESTAMP":"2022-11-28T07:53:14.384Z","BATT":100,"INTERVAL":600},{"modelID":"b0-e1-64-78-de-e0","modelType":"Wi-SHT10","DATAS":["Temperature","Humidity"],"Temperature":22.79,"Humidity":27.3216,"TIMESTAMP":"2022-11-28T07:42:39.402Z","BATT":100,"INTERVAL":600},{"modelID":"b0-e1-64-78-de-e0","modelType":"Wi-SHT10","DATAS":["Temperature","Humidity"],"Temperature":22.56,"Humidity":27.7632,"TIMESTAMP":"2022-11-28T07:33:04.423Z","BATT":100,"INTERVAL":600},{"modelID":"b0-e1-64-78-de-e0","modelType":"Wi-SHT10","DATAS":["Temperature","Humidity"],"Temperature":22.25,"Humidity":27.6576,"TIMESTAMP":"2022-11-28T07:22:55.446Z","BATT":100,"INTERVAL":600},{"modelID":"b0-e1-64-78-de-e0","modelType":"Wi-SHT10","DATAS":["Temperature","Humidity"],"Temperature":21.54,"Humidity":27.3408,"TIMESTAMP":"2022-11-28T07:13:12.451Z","BATT":100,"INTERVAL":600},{"modelID":"b0-e1-64-78-de-e0","modelType":"Wi-SHT10","DATAS":["Temperature","Humidity"],"Temperature":21.81,"Humidity":27.4272,"TIMESTAMP":"2022-11-28T07:02:27.459Z","BATT":100,"INTERVAL":600},{"modelID":"b0-e1-64-78-de-e0","modelType":"Wi-SHT10","DATAS":["Temperature","Humidity"],"Temperature":22.22,"Humidity":26.6688,"TIMESTAMP":"2022-11-28T06:52:27.480Z","BATT":100,"INTERVAL":600},{"modelID":"b0-e1-64-78-de-e0","modelType":"Wi-SHT10","DATAS":["Temperature","Humidity"],"Temperature":22.07,"Humidity":27.7056,"TIMESTAMP":"2022-11-28T06:42:59.500Z","BATT":100,"INTERVAL":600},{"modelID":"b0-e1-64-78-de-e0","modelType":"Wi-SHT10","DATAS":["Temperature","Humidity"],"Temperature":21.5,"Humidity":28.2528,"TIMESTAMP":"2022-11-28T06:32:37.529Z","BATT":100,"INTERVAL":600},{"modelID":"b0-e1-64-78-de-e0","modelType":"Wi-SHT10","DATAS":["Temperature","Humidity"],"Temperature":21.3,"Humidity":29.529600000000002,"TIMESTAMP":"2022-11-28T06:22:29.522Z","BATT":100,"INTERVAL":600},{"modelID":"b0-e1-64-78-de-e0","modelType":"Wi-SHT10","DATAS":["Temperature","Humidity"],"Temperature":21.65,"Humidity":28.6176,"TIMESTAMP":"2022-11-28T06:12:38.540Z","BATT":100,"INTERVAL":600},{"modelID":"b0-e1-64-78-de-e0","modelType":"Wi-SHT10","DATAS":["Temperature","Humidity"],"Temperature":21.03,"Humidity":28.608,"TIMESTAMP":"2022-11-28T06:02:52.552Z","BATT":100,"INTERVAL":600},{"modelID":"b0-e1-64-78-de-e0","modelType":"Wi-SHT10","DATAS":["Temperature","Humidity"],"Temperature":21.17,"Humidity":27.782400000000003,"TIMESTAMP":"2022-11-28T05:52:39.571Z","BATT":100,"INTERVAL":600},{"modelID":"b0-e1-64-78-de-e0","modelType":"Wi-SHT10","DATAS":["Temperature","Humidity"],"Temperature":21.93,"Humidity":28.0704,"TIMESTAMP":"2022-11-28T05:43:02.580Z","BATT":100,"INTERVAL":600},{"modelID":"b0-e1-64-78-de-e0","modelType":"Wi-SHT10","DATAS":["Temperature","Humidity"],"Temperature":20.79,"Humidity":28.9344,"TIMESTAMP":"2022-11-28T05:32:44.592Z","BATT":100,"INTERVAL":600},{"modelID":"b0-e1-64-78-de-e0","modelType":"Wi-SHT10","DATAS":["Temperature","Humidity"],"Temperature":21.15,"Humidity":27.4944,"TIMESTAMP":"2022-11-28T05:23:13.620Z","BATT":100,"INTERVAL":600},{"modelID":"b0-e1-64-78-de-e0","modelType":"Wi-SHT10","DATAS":["Temperature","Humidity"],"Temperature":21.77,"Humidity":27.0528,"TIMESTAMP":"2022-11-28T05:12:50.617Z","BATT":100,"INTERVAL":600},{"modelID":"b0-e1-64-78-de-e0","modelType":"Wi-SHT10","DATAS":["Temperature","Humidity"],"Temperature":22.79,"Humidity":27.9456,"TIMESTAMP":"2022-11-28T04:53:12.649Z","BATT":100,"INTERVAL":600},{"modelID":"b0-e1-64-78-de-e0","modelType":"Wi-SHT10","DATAS":["Temperature","Humidity"],"Temperature":22.49,"Humidity":27.6768,"TIMESTAMP":"2022-11-28T04:42:39.669Z","BATT":100,"INTERVAL":600},{"modelID":"b0-e1-64-78-de-e0","modelType":"Wi-SHT10","DATAS":["Temperature","Humidity"],"Temperature":22.29,"Humidity":27.244799999999998,"TIMESTAMP":"2022-11-28T04:32:29.688Z","BATT":100,"INTERVAL":600},{"modelID":"b0-e1-64-78-de-e0","modelType":"Wi-SHT10","DATAS":["Temperature","Humidity"],"Temperature":22.03,"Humidity":26.88,"TIMESTAMP":"2022-11-28T04:22:32.264Z","BATT":100,"INTERVAL":600},{"modelID":"b0-e1-64-78-de-e0","modelType":"Wi-SHT10","DATAS":["Temperature","Humidity"],"Temperature":21.97,"Humidity":26.5056,"TIMESTAMP":"2022-11-28T04:12:31.729Z","BATT":100,"INTERVAL":600},{"modelID":"b0-e1-64-78-de-e0","modelType":"Wi-SHT10","DATAS":["Temperature","Humidity"],"Temperature":21.7,"Humidity":27.8784,"TIMESTAMP":"2022-11-28T04:02:58.737Z","BATT":100,"INTERVAL":600},{"modelID":"b0-e1-64-78-de-e0","modelType":"Wi-SHT10","DATAS":["Temperature","Humidity"],"Temperature":22.26,"Humidity":27.3792,"TIMESTAMP":"2022-11-28T03:53:07.751Z","BATT":100,"INTERVAL":600},{"modelID":"b0-e1-64-78-de-e0","modelType":"Wi-SHT10","DATAS":["Temperature","Humidity"],"Temperature":22.69,"Humidity":26.256,"TIMESTAMP":"2022-11-28T03:32:54.783Z","BATT":100,"INTERVAL":600},{"modelID":"b0-e1-64-78-de-e0","modelType":"Wi-SHT10","DATAS":["Temperature","Humidity"],"Temperature":22.15,"Humidity":27.2064,"TIMESTAMP":"2022-11-28T03:23:06.814Z","BATT":100,"INTERVAL":600},{"modelID":"b0-e1-64-78-de-e0","modelType":"Wi-SHT10","DATAS":["Temperature","Humidity"],"Temperature":22.03,"Humidity":27.8016,"TIMESTAMP":"2022-11-28T03:12:35.899Z","BATT":100,"INTERVAL":600},{"modelID":"b0-e1-64-78-de-e0","modelType":"Wi-SHT10","DATAS":["Temperature","Humidity"],"Temperature":21.55,"Humidity":28.4928,"TIMESTAMP":"2022-11-28T02:53:12.832Z","BATT":100,"INTERVAL":600},{"modelID":"b0-e1-64-78-de-e0","modelType":"Wi-SHT10","DATAS":["Temperature","Humidity"],"Temperature":21.89,"Humidity":29.3664,"TIMESTAMP":"2022-11-28T02:42:58.848Z","BATT":100,"INTERVAL":600},{"modelID":"b0-e1-64-78-de-e0","modelType":"Wi-SHT10","DATAS":["Temperature","Humidity"],"Temperature":21.08,"Humidity":30.6528,"TIMESTAMP":"2022-11-28T02:33:10.887Z","BATT":100,"INTERVAL":600},{"modelID":"b0-e1-64-78-de-e0","modelType":"Wi-SHT10","DATAS":["Temperature","Humidity"],"Temperature":21.98,"Humidity":29.471999999999998,"TIMESTAMP":"2022-11-28T02:23:15.877Z","BATT":100,"INTERVAL":600},{"modelID":"b0-e1-64-78-de-e0","modelType":"Wi-SHT10","DATAS":["Temperature","Humidity"],"Temperature":22.38,"Humidity":28.32,"TIMESTAMP":"2022-11-28T02:12:27.899Z","BATT":100,"INTERVAL":600},{"modelID":"b0-e1-64-78-de-e0","modelType":"Wi-SHT10","DATAS":["Temperature","Humidity"],"Temperature":22.01,"Humidity":28.8,"TIMESTAMP":"2022-11-28T02:02:38.905Z","BATT":100,"INTERVAL":600},{"modelID":"b0-e1-64-78-de-e0","modelType":"Wi-SHT10","DATAS":["Temperature","Humidity"],"Temperature":21.78,"Humidity":29.9616,"TIMESTAMP":"2022-11-28T01:52:37.920Z","BATT":100,"INTERVAL":600},{"modelID":"b0-e1-64-78-de-e0","modelType":"Wi-SHT10","DATAS":["Temperature","Humidity"],"Temperature":21.55,"Humidity":30.729599999999998,"TIMESTAMP":"2022-11-28T01:42:33.931Z","BATT":100,"INTERVAL":600},{"modelID":"b0-e1-64-78-de-e0","modelType":"Wi-SHT10","DATAS":["Temperature","Humidity"],"Temperature":22.15,"Humidity":28.3584,"TIMESTAMP":"2022-11-28T01:22:52.983Z","BATT":100,"INTERVAL":600},{"modelID":"b0-e1-64-78-de-e0","modelType":"Wi-SHT10","DATAS":["Temperature","Humidity"],"Temperature":21.78,"Humidity":28.2528,"TIMESTAMP":"2022-11-28T01:12:37.989Z","BATT":100,"INTERVAL":600},{"modelID":"b0-e1-64-78-de-e0","modelType":"Wi-SHT10","DATAS":["Temperature","Humidity"],"Temperature":21.56,"Humidity":27.8592,"TIMESTAMP":"2022-11-28T01:02:28.002Z","BATT":100,"INTERVAL":600},{"modelID":"b0-e1-64-78-de-e0","modelType":"Wi-SHT10","DATAS":["Temperature","Humidity"],"Temperature":21.68,"Humidity":28.1376,"TIMESTAMP":"2022-11-28T00:52:51.024Z","BATT":100,"INTERVAL":600},{"modelID":"b0-e1-64-78-de-e0","modelType":"Wi-SHT10","DATAS":["Temperature","Humidity"],"Temperature":22.31,"Humidity":25.411199999999997,"TIMESTAMP":"2022-11-28T00:43:17.042Z","BATT":100,"INTERVAL":600},{"modelID":"b0-e1-64-78-de-e0","modelType":"Wi-SHT10","DATAS":["Temperature","Humidity"],"Temperature":22.12,"Humidity":25.343999999999998,"TIMESTAMP":"2022-11-28T00:32:39.042Z","BATT":100,"INTERVAL":600},{"modelID":"b0-e1-64-78-de-e0","modelType":"Wi-SHT10","DATAS":["Temperature","Humidity"],"Temperature":21.99,"Humidity":24.403200000000002,"TIMESTAMP":"2022-11-28T00:22:33.081Z","BATT":100,"INTERVAL":600},{"modelID":"b0-e1-64-78-de-e0","modelType":"Wi-SHT10","DATAS":["Temperature","Humidity"],"Temperature":21.66,"Humidity":24.8736,"TIMESTAMP":"2022-11-28T00:13:16.074Z","BATT":100,"INTERVAL":600},{"modelID":"b0-e1-64-78-de-e0","modelType":"Wi-SHT10","DATAS":["Temperature","Humidity"],"Temperature":21.73,"Humidity":24.48,"TIMESTAMP":"2022-11-28T00:03:04.901Z","BATT":100,"INTERVAL":600},{"modelID":"b0-e1-64-78-de-e0","modelType":"Wi-SHT10","DATAS":["Temperature","Humidity"],"Temperature":22.06,"Humidity":23.7024,"TIMESTAMP":"2022-11-27T23:53:06.105Z","BATT":100,"INTERVAL":600},{"modelID":"b0-e1-64-78-de-e0","modelType":"Wi-SHT10","DATAS":["Temperature","Humidity"],"Temperature":22.49,"Humidity":23.28,"TIMESTAMP":"2022-11-27T23:43:13.116Z","BATT":100,"INTERVAL":600},{"modelID":"b0-e1-64-78-de-e0","modelType":"Wi-SHT10","DATAS":["Temperature","Humidity"],"Temperature":22.49,"Humidity":21.8112,"TIMESTAMP":"2022-11-27T23:32:55.136Z","BATT":100,"INTERVAL":600},{"modelID":"b0-e1-64-78-de-e0","modelType":"Wi-SHT10","DATAS":["Temperature","Humidity"],"Temperature":22.27,"Humidity":20.5056,"TIMESTAMP":"2022-11-27T23:22:39.836Z","BATT":100,"INTERVAL":600},{"modelID":"b0-e1-64-78-de-e0","modelType":"Wi-SHT10","DATAS":["Temperature","Humidity"],"Temperature":22.16,"Humidity":19.891199999999998,"TIMESTAMP":"2022-11-27T23:12:56.165Z","BATT":100,"INTERVAL":600},{"modelID":"b0-e1-64-78-de-e0","modelType":"Wi-SHT10","DATAS":["Temperature","Humidity"],"Temperature":22.2,"Humidity":21.023999999999997,"TIMESTAMP":"2022-11-27T23:02:39.178Z","BATT":100,"INTERVAL":600},{"modelID":"b0-e1-64-78-de-e0","modelType":"Wi-SHT10","DATAS":["Temperature","Humidity"],"Temperature":22.16,"Humidity":21.0336,"TIMESTAMP":"2022-11-27T22:53:14.198Z","BATT":100,"INTERVAL":600},{"modelID":"b0-e1-64-78-de-e0","modelType":"Wi-SHT10","DATAS":["Temperature","Humidity"],"Temperature":22.23,"Humidity":20.592,"TIMESTAMP":"2022-11-27T22:42:28.219Z","BATT":100,"INTERVAL":600},{"modelID":"b0-e1-64-78-de-e0","modelType":"Wi-SHT10","DATAS":["Temperature","Humidity"],"Temperature":22.07,"Humidity":20.16,"TIMESTAMP":"2022-11-27T22:32:28.225Z","BATT":100,"INTERVAL":600},{"modelID":"b0-e1-64-78-de-e0","modelType":"Wi-SHT10","DATAS":["Temperature","Humidity"],"Temperature":22.01,"Humidity":20.3232,"TIMESTAMP":"2022-11-27T22:23:03.237Z","BATT":100,"INTERVAL":600},{"modelID":"b0-e1-64-78-de-e0","modelType":"Wi-SHT10","DATAS":["Temperature","Humidity"],"Temperature":21.98,"Humidity":20.9472,"TIMESTAMP":"2022-11-27T22:13:02.257Z","BATT":100,"INTERVAL":600},{"modelID":"b0-e1-64-78-de-e0","modelType":"Wi-SHT10","DATAS":["Temperature","Humidity"],"Temperature":21.99,"Humidity":21.503999999999998,"TIMESTAMP":"2022-11-27T22:02:56.258Z","BATT":100,"INTERVAL":600},{"modelID":"b0-e1-64-78-de-e0","modelType":"Wi-SHT10","DATAS":["Temperature","Humidity"],"Temperature":21.77,"Humidity":20.7744,"TIMESTAMP":"2022-11-27T21:52:33.283Z","BATT":100,"INTERVAL":600},{"modelID":"b0-e1-64-78-de-e0","modelType":"Wi-SHT10","DATAS":["Temperature","Humidity"],"Temperature":21.81,"Humidity":20.6688,"TIMESTAMP":"2022-11-27T21:42:49.309Z","BATT":100,"INTERVAL":600},{"modelID":"b0-e1-64-78-de-e0","modelType":"Wi-SHT10","DATAS":["Temperature","Humidity"],"Temperature":21.83,"Humidity":21.168,"TIMESTAMP":"2022-11-27T21:32:54.302Z","BATT":100,"INTERVAL":600},{"modelID":"b0-e1-64-78-de-e0","modelType":"Wi-SHT10","DATAS":["Temperature","Humidity"],"Temperature":21.91,"Humidity":21.6384,"TIMESTAMP":"2022-11-27T21:23:04.322Z","BATT":100,"INTERVAL":600},{"modelID":"b0-e1-64-78-de-e0","modelType":"Wi-SHT10","DATAS":["Temperature","Humidity"],"Temperature":21.83,"Humidity":21.36,"TIMESTAMP":"2022-11-27T21:12:45.332Z","BATT":100,"INTERVAL":600},{"modelID":"b0-e1-64-78-de-e0","modelType":"Wi-SHT10","DATAS":["Temperature","Humidity"],"Temperature":21.94,"Humidity":20.4864,"TIMESTAMP":"2022-11-27T21:02:32.386Z","BATT":100,"INTERVAL":600},{"modelID":"b0-e1-64-78-de-e0","modelType":"Wi-SHT10","DATAS":["Temperature","Humidity"],"Temperature":21.84,"Humidity":21.043200000000002,"TIMESTAMP":"2022-11-27T20:52:33.373Z","BATT":100,"INTERVAL":600},{"modelID":"b0-e1-64-78-de-e0","modelType":"Wi-SHT10","DATAS":["Temperature","Humidity"],"Temperature":21.81,"Humidity":21.523200000000003,"TIMESTAMP":"2022-11-27T20:43:04.394Z","BATT":100,"INTERVAL":600},{"modelID":"b0-e1-64-78-de-e0","modelType":"Wi-SHT10","DATAS":["Temperature","Humidity"],"Temperature":22.06,"Humidity":21.244799999999998,"TIMESTAMP":"2022-11-27T20:32:39.413Z","BATT":100,"INTERVAL":600},{"modelID":"b0-e1-64-78-de-e0","modelType":"Wi-SHT10","DATAS":["Temperature","Humidity"],"Temperature":21.99,"Humidity":21.1008,"TIMESTAMP":"2022-11-27T20:22:58.414Z","BATT":100,"INTERVAL":600},{"modelID":"b0-e1-64-78-de-e0","modelType":"Wi-SHT10","DATAS":["Temperature","Humidity"],"Temperature":21.83,"Humidity":20.764799999999997,"TIMESTAMP":"2022-11-27T20:13:17.450Z","BATT":100,"INTERVAL":600},{"modelID":"b0-e1-64-78-de-e0","modelType":"Wi-SHT10","DATAS":["Temperature","Humidity"],"Temperature":22.02,"Humidity":21.244799999999998,"TIMESTAMP":"2022-11-27T20:02:47.455Z","BATT":100,"INTERVAL":600},{"modelID":"b0-e1-64-78-de-e0","modelType":"Wi-SHT10","DATAS":["Temperature","Humidity"],"Temperature":22.14,"Humidity":21.7152,"TIMESTAMP":"2022-11-27T19:52:45.456Z","BATT":100,"INTERVAL":600},{"modelID":"b0-e1-64-78-de-e0","modelType":"Wi-SHT10","DATAS":["Temperature","Humidity"],"Temperature":22.04,"Humidity":21.9168,"TIMESTAMP":"2022-11-27T19:43:06.477Z","BATT":100,"INTERVAL":600},{"modelID":"b0-e1-64-78-de-e0","modelType":"Wi-SHT10","DATAS":["Temperature","Humidity"],"Temperature":22.26,"Humidity":20.9472,"TIMESTAMP":"2022-11-27T19:32:36.497Z","BATT":100,"INTERVAL":600},{"modelID":"b0-e1-64-78-de-e0","modelType":"Wi-SHT10","DATAS":["Temperature","Humidity"],"Temperature":22.47,"Humidity":20.496000000000002,"TIMESTAMP":"2022-11-27T19:22:30.497Z","BATT":100,"INTERVAL":600},{"modelID":"b0-e1-64-78-de-e0","modelType":"Wi-SHT10","DATAS":["Temperature","Humidity"],"Temperature":22.05,"Humidity":21.3312,"TIMESTAMP":"2022-11-27T19:12:37.516Z","BATT":100,"INTERVAL":600},{"modelID":"b0-e1-64-78-de-e0","modelType":"Wi-SHT10","DATAS":["Temperature","Humidity"],"Temperature":21.91,"Humidity":22.2336,"TIMESTAMP":"2022-11-27T19:02:34.547Z","BATT":100,"INTERVAL":600},{"modelID":"b0-e1-64-78-de-e0","modelType":"Wi-SHT10","DATAS":["Temperature","Humidity"],"Temperature":21.77,"Humidity":22.6848,"TIMESTAMP":"2022-11-27T18:52:39.554Z","BATT":100,"INTERVAL":600},{"modelID":"b0-e1-64-78-de-e0","modelType":"Wi-SHT10","DATAS":["Temperature","Humidity"],"Temperature":22.18,"Humidity":22.2816,"TIMESTAMP":"2022-11-27T18:43:11.573Z","BATT":100,"INTERVAL":600},{"modelID":"b0-e1-64-78-de-e0","modelType":"Wi-SHT10","DATAS":["Temperature","Humidity"],"Temperature":21.98,"Humidity":21.8592,"TIMESTAMP":"2022-11-27T18:32:54.574Z","BATT":100,"INTERVAL":600},{"modelID":"b0-e1-64-78-de-e0","modelType":"Wi-SHT10","DATAS":["Temperature","Humidity"],"Temperature":21.92,"Humidity":21.456000000000003,"TIMESTAMP":"2022-11-27T18:22:54.593Z","BATT":100,"INTERVAL":600},{"modelID":"b0-e1-64-78-de-e0","modelType":"Wi-SHT10","DATAS":["Temperature","Humidity"],"Temperature":21.94,"Humidity":22.32,"TIMESTAMP":"2022-11-27T18:12:36.613Z","BATT":100,"INTERVAL":600},{"modelID":"b0-e1-64-78-de-e0","modelType":"Wi-SHT10","DATAS":["Temperature","Humidity"],"Temperature":22.07,"Humidity":22.3008,"TIMESTAMP":"2022-11-27T18:02:38.613Z","BATT":100,"INTERVAL":600},{"modelID":"b0-e1-64-78-de-e0","modelType":"Wi-SHT10","DATAS":["Temperature","Humidity"],"Temperature":22.09,"Humidity":22.1376,"TIMESTAMP":"2022-11-27T17:53:12.643Z","BATT":100,"INTERVAL":600},{"modelID":"b0-e1-64-78-de-e0","modelType":"Wi-SHT10","DATAS":["Temperature","Humidity"],"Temperature":21.88,"Humidity":22.5504,"TIMESTAMP":"2022-11-27T17:42:39.662Z","BATT":100,"INTERVAL":600},{"modelID":"b0-e1-64-78-de-e0","modelType":"Wi-SHT10","DATAS":["Temperature","Humidity"],"Temperature":22.18,"Humidity":22.156799999999997,"TIMESTAMP":"2022-11-27T17:33:12.676Z","BATT":100,"INTERVAL":600},{"modelID":"b0-e1-64-78-de-e0","modelType":"Wi-SHT10","DATAS":["Temperature","Humidity"],"Temperature":22.12,"Humidity":21.273600000000002,"TIMESTAMP":"2022-11-27T17:23:10.674Z","BATT":100,"INTERVAL":600},{"modelID":"b0-e1-64-78-de-e0","modelType":"Wi-SHT10","DATAS":["Temperature","Humidity"],"Temperature":22.08,"Humidity":21.7536,"TIMESTAMP":"2022-11-27T17:12:45.694Z","BATT":100,"INTERVAL":600},{"modelID":"b0-e1-64-78-de-e0","modelType":"Wi-SHT10","DATAS":["Temperature","Humidity"],"Temperature":22.06,"Humidity":22.4832,"TIMESTAMP":"2022-11-27T17:02:33.715Z","BATT":100,"INTERVAL":600},{"modelID":"b0-e1-64-78-de-e0","modelType":"Wi-SHT10","DATAS":["Temperature","Humidity"],"Temperature":22.04,"Humidity":22.790399999999998,"TIMESTAMP":"2022-11-27T16:53:02.724Z","BATT":100,"INTERVAL":600},{"modelID":"b0-e1-64-78-de-e0","modelType":"Wi-SHT10","DATAS":["Temperature","Humidity"],"Temperature":21.98,"Humidity":21.830399999999997,"TIMESTAMP":"2022-11-27T16:22:33.776Z","BATT":100,"INTERVAL":600},{"modelID":"b0-e1-64-78-de-e0","modelType":"Wi-SHT10","DATAS":["Temperature","Humidity"],"Temperature":22.04,"Humidity":22.0224,"TIMESTAMP":"2022-11-27T16:12:54.814Z","BATT":100,"INTERVAL":600}],"DAYHOURS":["21","20","19","18","17","16","15","14","13","12","11","10","9","8","7","6","5","4","3","2","1","0"]}