{"SENSORNAME":"CLEAN ROOM 100 (PASTING)","SENSORTYPE":"WISENSOR","DTUID":"-1","SENSORID":"B0-58-A9-7D-C8-21","DATE0":"2022-11-28T13:08:58.199Z","DATE1":"2021-12-20T11:02:11.976Z","DAYDATA":[{"modelID":"b0-58-a9-7d-c8-21","modelType":"Wi-SHT10","DATAS":["Temperature","Humidity"],"Temperature":24.66,"Humidity":23.1648,"TIMESTAMP":"2022-11-28T13:08:58.199Z","BATT":100,"INTERVAL":600},{"modelID":"b0-58-a9-7d-c8-21","modelType":"Wi-SHT10","DATAS":["Temperature","Humidity"],"Temperature":24.74,"Humidity":23.145599999999998,"TIMESTAMP":"2022-11-28T12:58:49.346Z","BATT":100,"INTERVAL":600},{"modelID":"b0-58-a9-7d-c8-21","modelType":"Wi-SHT10","DATAS":["Temperature","Humidity"],"Temperature":23.78,"Humidity":24.3456,"TIMESTAMP":"2022-11-28T12:28:38.777Z","BATT":100,"INTERVAL":600},{"modelID":"b0-58-a9-7d-c8-21","modelType":"Wi-SHT10","DATAS":["Temperature","Humidity"],"Temperature":23.99,"Humidity":24.1344,"TIMESTAMP":"2022-11-28T12:18:59.659Z","BATT":100,"INTERVAL":600},{"modelID":"b0-58-a9-7d-c8-21","modelType":"Wi-SHT10","DATAS":["Temperature","Humidity"],"Temperature":20.79,"Humidity":54.2688,"TIMESTAMP":"2022-11-28T12:09:05.536Z","BATT":100,"INTERVAL":600},{"modelID":"b0-58-a9-7d-c8-21","modelType":"Wi-SHT10","DATAS":["Temperature","Humidity"],"Temperature":24.69,"Humidity":23.3664,"TIMESTAMP":"2022-11-28T11:58:59.660Z","BATT":100,"INTERVAL":600},{"modelID":"b0-58-a9-7d-c8-21","modelType":"Wi-SHT10","DATAS":["Temperature","Humidity"],"Temperature":24.66,"Humidity":23.471999999999998,"TIMESTAMP":"2022-11-28T11:48:46.047Z","BATT":100,"INTERVAL":600},{"modelID":"b0-58-a9-7d-c8-21","modelType":"Wi-SHT10","DATAS":["Temperature","Humidity"],"Temperature":24.53,"Humidity":23.788800000000002,"TIMESTAMP":"2022-11-28T11:38:41.088Z","BATT":100,"INTERVAL":600},{"modelID":"b0-58-a9-7d-c8-21","modelType":"Wi-SHT10","DATAS":["Temperature","Humidity"],"Temperature":23.87,"Humidity":24.6528,"TIMESTAMP":"2022-11-28T11:28:54.127Z","BATT":100,"INTERVAL":600},{"modelID":"b0-58-a9-7d-c8-21","modelType":"Wi-SHT10","DATAS":["Temperature","Humidity"],"Temperature":23.77,"Humidity":24.672,"TIMESTAMP":"2022-11-28T11:18:58.208Z","BATT":100,"INTERVAL":600},{"modelID":"b0-58-a9-7d-c8-21","modelType":"Wi-SHT10","DATAS":["Temperature","Humidity"],"Temperature":24.45,"Humidity":23.683200000000003,"TIMESTAMP":"2022-11-28T11:08:38.678Z","BATT":100,"INTERVAL":600},{"modelID":"b0-58-a9-7d-c8-21","modelType":"Wi-SHT10","DATAS":["Temperature","Humidity"],"Temperature":24.25,"Humidity":24.057599999999997,"TIMESTAMP":"2022-11-28T10:59:11.754Z","BATT":100,"INTERVAL":600},{"modelID":"b0-58-a9-7d-c8-21","modelType":"Wi-SHT10","DATAS":["Temperature","Humidity"],"Temperature":23.66,"Humidity":25.2,"TIMESTAMP":"2022-11-28T10:48:55.909Z","BATT":100,"INTERVAL":600},{"modelID":"b0-58-a9-7d-c8-21","modelType":"Wi-SHT10","DATAS":["Temperature","Humidity"],"Temperature":23.72,"Humidity":25.7952,"TIMESTAMP":"2022-11-28T10:38:59.972Z","BATT":100,"INTERVAL":600},{"modelID":"b0-58-a9-7d-c8-21","modelType":"Wi-SHT10","DATAS":["Temperature","Humidity"],"Temperature":23.95,"Humidity":25.190399999999997,"TIMESTAMP":"2022-11-28T10:29:04.082Z","BATT":100,"INTERVAL":600},{"modelID":"b0-58-a9-7d-c8-21","modelType":"Wi-SHT10","DATAS":["Temperature","Humidity"],"Temperature":24.54,"Humidity":23.7696,"TIMESTAMP":"2022-11-28T10:19:01.503Z","BATT":100,"INTERVAL":600},{"modelID":"b0-58-a9-7d-c8-21","modelType":"Wi-SHT10","DATAS":["Temperature","Humidity"],"Temperature":24.29,"Humidity":25.2672,"TIMESTAMP":"2022-11-28T10:08:46.584Z","BATT":100,"INTERVAL":600},{"modelID":"b0-58-a9-7d-c8-21","modelType":"Wi-SHT10","DATAS":["Temperature","Humidity"],"Temperature":23.73,"Humidity":26.352,"TIMESTAMP":"2022-11-28T09:58:39.344Z","BATT":100,"INTERVAL":600},{"modelID":"b0-58-a9-7d-c8-21","modelType":"Wi-SHT10","DATAS":["Temperature","Humidity"],"Temperature":23.81,"Humidity":26.3424,"TIMESTAMP":"2022-11-28T09:48:51.774Z","BATT":100,"INTERVAL":600},{"modelID":"b0-58-a9-7d-c8-21","modelType":"Wi-SHT10","DATAS":["Temperature","Humidity"],"Temperature":23.84,"Humidity":26.256,"TIMESTAMP":"2022-11-28T09:39:07.208Z","BATT":100,"INTERVAL":600},{"modelID":"b0-58-a9-7d-c8-21","modelType":"Wi-SHT10","DATAS":["Temperature","Humidity"],"Temperature":24.42,"Humidity":25.1136,"TIMESTAMP":"2022-11-28T09:29:01.941Z","BATT":100,"INTERVAL":600},{"modelID":"b0-58-a9-7d-c8-21","modelType":"Wi-SHT10","DATAS":["Temperature","Humidity"],"Temperature":23.5,"Humidity":26.2464,"TIMESTAMP":"2022-11-28T09:18:49.041Z","BATT":100,"INTERVAL":600},{"modelID":"b0-58-a9-7d-c8-21","modelType":"Wi-SHT10","DATAS":["Temperature","Humidity"],"Temperature":24.06,"Humidity":25.44,"TIMESTAMP":"2022-11-28T09:08:39.540Z","BATT":100,"INTERVAL":600},{"modelID":"b0-58-a9-7d-c8-21","modelType":"Wi-SHT10","DATAS":["Temperature","Humidity"],"Temperature":24.56,"Humidity":23.980800000000002,"TIMESTAMP":"2022-11-28T08:58:58.064Z","BATT":100,"INTERVAL":600},{"modelID":"b0-58-a9-7d-c8-21","modelType":"Wi-SHT10","DATAS":["Temperature","Humidity"],"Temperature":24.19,"Humidity":23.4816,"TIMESTAMP":"2022-11-28T08:48:39.249Z","BATT":100,"INTERVAL":600},{"modelID":"b0-58-a9-7d-c8-21","modelType":"Wi-SHT10","DATAS":["Temperature","Humidity"],"Temperature":23.78,"Humidity":23.4432,"TIMESTAMP":"2022-11-28T08:38:44.457Z","BATT":100,"INTERVAL":600},{"modelID":"b0-58-a9-7d-c8-21","modelType":"Wi-SHT10","DATAS":["Temperature","Humidity"],"Temperature":24.23,"Humidity":23.3184,"TIMESTAMP":"2022-11-28T08:28:51.178Z","BATT":100,"INTERVAL":600},{"modelID":"b0-58-a9-7d-c8-21","modelType":"Wi-SHT10","DATAS":["Temperature","Humidity"],"Temperature":24.69,"Humidity":23.7792,"TIMESTAMP":"2022-11-28T08:19:09.588Z","BATT":100,"INTERVAL":600},{"modelID":"b0-58-a9-7d-c8-21","modelType":"Wi-SHT10","DATAS":["Temperature","Humidity"],"Temperature":24.41,"Humidity":23.808,"TIMESTAMP":"2022-11-28T08:08:54.237Z","BATT":100,"INTERVAL":600},{"modelID":"b0-58-a9-7d-c8-21","modelType":"Wi-SHT10","DATAS":["Temperature","Humidity"],"Temperature":24.12,"Humidity":23.7696,"TIMESTAMP":"2022-11-28T07:58:57.063Z","BATT":100,"INTERVAL":600},{"modelID":"b0-58-a9-7d-c8-21","modelType":"Wi-SHT10","DATAS":["Temperature","Humidity"],"Temperature":23.9,"Humidity":24.048000000000002,"TIMESTAMP":"2022-11-28T07:48:47.990Z","BATT":100,"INTERVAL":600},{"modelID":"b0-58-a9-7d-c8-21","modelType":"Wi-SHT10","DATAS":["Temperature","Humidity"],"Temperature":23.56,"Humidity":24.537599999999998,"TIMESTAMP":"2022-11-28T07:38:59.884Z","BATT":100,"INTERVAL":600},{"modelID":"b0-58-a9-7d-c8-21","modelType":"Wi-SHT10","DATAS":["Temperature","Humidity"],"Temperature":24.04,"Humidity":24.0672,"TIMESTAMP":"2022-11-28T07:28:43.384Z","BATT":100,"INTERVAL":600},{"modelID":"b0-58-a9-7d-c8-21","modelType":"Wi-SHT10","DATAS":["Temperature","Humidity"],"Temperature":24.59,"Humidity":23.1936,"TIMESTAMP":"2022-11-28T07:18:45.500Z","BATT":100,"INTERVAL":600},{"modelID":"b0-58-a9-7d-c8-21","modelType":"Wi-SHT10","DATAS":["Temperature","Humidity"],"Temperature":24.03,"Humidity":24.5184,"TIMESTAMP":"2022-11-28T07:09:04.092Z","BATT":100,"INTERVAL":600},{"modelID":"b0-58-a9-7d-c8-21","modelType":"Wi-SHT10","DATAS":["Temperature","Humidity"],"Temperature":23.41,"Humidity":25.8144,"TIMESTAMP":"2022-11-28T06:59:02.261Z","BATT":100,"INTERVAL":600},{"modelID":"b0-58-a9-7d-c8-21","modelType":"Wi-SHT10","DATAS":["Temperature","Humidity"],"Temperature":23.04,"Humidity":27.2832,"TIMESTAMP":"2022-11-28T06:48:49.973Z","BATT":100,"INTERVAL":600},{"modelID":"b0-58-a9-7d-c8-21","modelType":"Wi-SHT10","DATAS":["Temperature","Humidity"],"Temperature":22.76,"Humidity":27.5808,"TIMESTAMP":"2022-11-28T06:38:54.820Z","BATT":100,"INTERVAL":600},{"modelID":"b0-58-a9-7d-c8-21","modelType":"Wi-SHT10","DATAS":["Temperature","Humidity"],"Temperature":23.44,"Humidity":25.843200000000003,"TIMESTAMP":"2022-11-28T06:28:46.787Z","BATT":100,"INTERVAL":600},{"modelID":"b0-58-a9-7d-c8-21","modelType":"Wi-SHT10","DATAS":["Temperature","Humidity"],"Temperature":22.6,"Humidity":26.2368,"TIMESTAMP":"2022-11-28T06:18:52.644Z","BATT":100,"INTERVAL":600},{"modelID":"b0-58-a9-7d-c8-21","modelType":"Wi-SHT10","DATAS":["Temperature","Humidity"],"Temperature":23.4,"Humidity":24.528000000000002,"TIMESTAMP":"2022-11-28T06:08:53.801Z","BATT":100,"INTERVAL":600},{"modelID":"b0-58-a9-7d-c8-21","modelType":"Wi-SHT10","DATAS":["Temperature","Humidity"],"Temperature":22.42,"Humidity":27.216,"TIMESTAMP":"2022-11-28T05:58:59.460Z","BATT":100,"INTERVAL":600},{"modelID":"b0-58-a9-7d-c8-21","modelType":"Wi-SHT10","DATAS":["Temperature","Humidity"],"Temperature":22.79,"Humidity":26.928,"TIMESTAMP":"2022-11-28T05:48:40.713Z","BATT":100,"INTERVAL":600},{"modelID":"b0-58-a9-7d-c8-21","modelType":"Wi-SHT10","DATAS":["Temperature","Humidity"],"Temperature":23,"Humidity":25.7856,"TIMESTAMP":"2022-11-28T05:38:42.513Z","BATT":100,"INTERVAL":600},{"modelID":"b0-58-a9-7d-c8-21","modelType":"Wi-SHT10","DATAS":["Temperature","Humidity"],"Temperature":22.35,"Humidity":25.1136,"TIMESTAMP":"2022-11-28T05:29:08.172Z","BATT":100,"INTERVAL":600},{"modelID":"b0-58-a9-7d-c8-21","modelType":"Wi-SHT10","DATAS":["Temperature","Humidity"],"Temperature":22.48,"Humidity":25.1712,"TIMESTAMP":"2022-11-28T05:18:52.971Z","BATT":100,"INTERVAL":600},{"modelID":"b0-58-a9-7d-c8-21","modelType":"Wi-SHT10","DATAS":["Temperature","Humidity"],"Temperature":22.92,"Humidity":25.1136,"TIMESTAMP":"2022-11-28T05:09:00.532Z","BATT":100,"INTERVAL":600},{"modelID":"b0-58-a9-7d-c8-21","modelType":"Wi-SHT10","DATAS":["Temperature","Humidity"],"Temperature":22.5,"Humidity":27.1104,"TIMESTAMP":"2022-11-28T04:59:02.391Z","BATT":100,"INTERVAL":600},{"modelID":"b0-58-a9-7d-c8-21","modelType":"Wi-SHT10","DATAS":["Temperature","Humidity"],"Temperature":22.88,"Humidity":25.689600000000002,"TIMESTAMP":"2022-11-28T04:49:06.669Z","BATT":100,"INTERVAL":600},{"modelID":"b0-58-a9-7d-c8-21","modelType":"Wi-SHT10","DATAS":["Temperature","Humidity"],"Temperature":23.4,"Humidity":24.4608,"TIMESTAMP":"2022-11-28T04:39:11.828Z","BATT":100,"INTERVAL":600},{"modelID":"b0-58-a9-7d-c8-21","modelType":"Wi-SHT10","DATAS":["Temperature","Humidity"],"Temperature":23.69,"Humidity":24.537599999999998,"TIMESTAMP":"2022-11-28T04:28:55.037Z","BATT":100,"INTERVAL":600},{"modelID":"b0-58-a9-7d-c8-21","modelType":"Wi-SHT10","DATAS":["Temperature","Humidity"],"Temperature":23.76,"Humidity":25.5744,"TIMESTAMP":"2022-11-28T04:18:52.948Z","BATT":100,"INTERVAL":600},{"modelID":"b0-58-a9-7d-c8-21","modelType":"Wi-SHT10","DATAS":["Temperature","Humidity"],"Temperature":23.78,"Humidity":25.2192,"TIMESTAMP":"2022-11-28T04:08:52.532Z","BATT":100,"INTERVAL":600},{"modelID":"b0-58-a9-7d-c8-21","modelType":"Wi-SHT10","DATAS":["Temperature","Humidity"],"Temperature":23.58,"Humidity":25.190399999999997,"TIMESTAMP":"2022-11-28T03:58:44.807Z","BATT":100,"INTERVAL":600},{"modelID":"b0-58-a9-7d-c8-21","modelType":"Wi-SHT10","DATAS":["Temperature","Humidity"],"Temperature":23.62,"Humidity":25.190399999999997,"TIMESTAMP":"2022-11-28T03:48:54.174Z","BATT":100,"INTERVAL":600},{"modelID":"b0-58-a9-7d-c8-21","modelType":"Wi-SHT10","DATAS":["Temperature","Humidity"],"Temperature":23.82,"Humidity":26.2464,"TIMESTAMP":"2022-11-28T03:38:43.358Z","BATT":100,"INTERVAL":600},{"modelID":"b0-58-a9-7d-c8-21","modelType":"Wi-SHT10","DATAS":["Temperature","Humidity"],"Temperature":24.06,"Humidity":26.256,"TIMESTAMP":"2022-11-28T03:18:40.186Z","BATT":100,"INTERVAL":600},{"modelID":"b0-58-a9-7d-c8-21","modelType":"Wi-SHT10","DATAS":["Temperature","Humidity"],"Temperature":24.4,"Humidity":25.9104,"TIMESTAMP":"2022-11-28T03:08:48.735Z","BATT":100,"INTERVAL":600},{"modelID":"b0-58-a9-7d-c8-21","modelType":"Wi-SHT10","DATAS":["Temperature","Humidity"],"Temperature":23.47,"Humidity":26.0256,"TIMESTAMP":"2022-11-28T02:58:44.093Z","BATT":100,"INTERVAL":600},{"modelID":"b0-58-a9-7d-c8-21","modelType":"Wi-SHT10","DATAS":["Temperature","Humidity"],"Temperature":22.84,"Humidity":26.726399999999998,"TIMESTAMP":"2022-11-28T02:48:43.381Z","BATT":100,"INTERVAL":600},{"modelID":"b0-58-a9-7d-c8-21","modelType":"Wi-SHT10","DATAS":["Temperature","Humidity"],"Temperature":23.02,"Humidity":26.543999999999997,"TIMESTAMP":"2022-11-28T02:28:46.245Z","BATT":100,"INTERVAL":600},{"modelID":"b0-58-a9-7d-c8-21","modelType":"Wi-SHT10","DATAS":["Temperature","Humidity"],"Temperature":22.29,"Humidity":28.1472,"TIMESTAMP":"2022-11-28T02:18:56.058Z","BATT":100,"INTERVAL":600},{"modelID":"b0-58-a9-7d-c8-21","modelType":"Wi-SHT10","DATAS":["Temperature","Humidity"],"Temperature":22.13,"Humidity":29.5392,"TIMESTAMP":"2022-11-28T02:09:03.211Z","BATT":100,"INTERVAL":600},{"modelID":"b0-58-a9-7d-c8-21","modelType":"Wi-SHT10","DATAS":["Temperature","Humidity"],"Temperature":22.83,"Humidity":26.697599999999998,"TIMESTAMP":"2022-11-28T01:58:42.607Z","BATT":100,"INTERVAL":600},{"modelID":"b0-58-a9-7d-c8-21","modelType":"Wi-SHT10","DATAS":["Temperature","Humidity"],"Temperature":22.35,"Humidity":28.2144,"TIMESTAMP":"2022-11-28T01:39:06.582Z","BATT":100,"INTERVAL":600},{"modelID":"b0-58-a9-7d-c8-21","modelType":"Wi-SHT10","DATAS":["Temperature","Humidity"],"Temperature":22.23,"Humidity":27.8688,"TIMESTAMP":"2022-11-28T01:28:56.506Z","BATT":100,"INTERVAL":600},{"modelID":"b0-58-a9-7d-c8-21","modelType":"Wi-SHT10","DATAS":["Temperature","Humidity"],"Temperature":22.49,"Humidity":26.217599999999997,"TIMESTAMP":"2022-11-28T01:19:07.396Z","BATT":100,"INTERVAL":600},{"modelID":"b0-58-a9-7d-c8-21","modelType":"Wi-SHT10","DATAS":["Temperature","Humidity"],"Temperature":22.87,"Humidity":26.630399999999998,"TIMESTAMP":"2022-11-28T01:09:12.029Z","BATT":100,"INTERVAL":600},{"modelID":"b0-58-a9-7d-c8-21","modelType":"Wi-SHT10","DATAS":["Temperature","Humidity"],"Temperature":22.62,"Humidity":24.6528,"TIMESTAMP":"2022-11-28T00:58:41.542Z","BATT":100,"INTERVAL":600},{"modelID":"b0-58-a9-7d-c8-21","modelType":"Wi-SHT10","DATAS":["Temperature","Humidity"],"Temperature":22.34,"Humidity":25.296000000000003,"TIMESTAMP":"2022-11-28T00:49:02.722Z","BATT":100,"INTERVAL":600},{"modelID":"b0-58-a9-7d-c8-21","modelType":"Wi-SHT10","DATAS":["Temperature","Humidity"],"Temperature":22.29,"Humidity":25.017599999999998,"TIMESTAMP":"2022-11-28T00:39:03.248Z","BATT":100,"INTERVAL":600},{"modelID":"b0-58-a9-7d-c8-21","modelType":"Wi-SHT10","DATAS":["Temperature","Humidity"],"Temperature":22.59,"Humidity":23.6544,"TIMESTAMP":"2022-11-28T00:28:58.829Z","BATT":100,"INTERVAL":600},{"modelID":"b0-58-a9-7d-c8-21","modelType":"Wi-SHT10","DATAS":["Temperature","Humidity"],"Temperature":22.92,"Humidity":24.3072,"TIMESTAMP":"2022-11-28T00:18:51.154Z","BATT":100,"INTERVAL":600},{"modelID":"b0-58-a9-7d-c8-21","modelType":"Wi-SHT10","DATAS":["Temperature","Humidity"],"Temperature":22.82,"Humidity":23.6448,"TIMESTAMP":"2022-11-28T00:09:08.393Z","BATT":100,"INTERVAL":600},{"modelID":"b0-58-a9-7d-c8-21","modelType":"Wi-SHT10","DATAS":["Temperature","Humidity"],"Temperature":22.74,"Humidity":21.8592,"TIMESTAMP":"2022-11-27T23:58:50.794Z","BATT":100,"INTERVAL":600},{"modelID":"b0-58-a9-7d-c8-21","modelType":"Wi-SHT10","DATAS":["Temperature","Humidity"],"Temperature":22.39,"Humidity":21.6192,"TIMESTAMP":"2022-11-27T23:49:01.496Z","BATT":100,"INTERVAL":600},{"modelID":"b0-58-a9-7d-c8-21","modelType":"Wi-SHT10","DATAS":["Temperature","Humidity"],"Temperature":22.71,"Humidity":21.2832,"TIMESTAMP":"2022-11-27T23:38:45.855Z","BATT":100,"INTERVAL":600},{"modelID":"b0-58-a9-7d-c8-21","modelType":"Wi-SHT10","DATAS":["Temperature","Humidity"],"Temperature":23.53,"Humidity":20.0448,"TIMESTAMP":"2022-11-27T23:28:49.417Z","BATT":100,"INTERVAL":600},{"modelID":"b0-58-a9-7d-c8-21","modelType":"Wi-SHT10","DATAS":["Temperature","Humidity"],"Temperature":23.52,"Humidity":19.142400000000002,"TIMESTAMP":"2022-11-27T23:18:43.336Z","BATT":100,"INTERVAL":600},{"modelID":"b0-58-a9-7d-c8-21","modelType":"Wi-SHT10","DATAS":["Temperature","Humidity"],"Temperature":23.49,"Humidity":18.528000000000002,"TIMESTAMP":"2022-11-27T23:08:38.485Z","BATT":100,"INTERVAL":600},{"modelID":"b0-58-a9-7d-c8-21","modelType":"Wi-SHT10","DATAS":["Temperature","Humidity"],"Temperature":23.51,"Humidity":18.489600000000003,"TIMESTAMP":"2022-11-27T22:58:41.184Z","BATT":100,"INTERVAL":600},{"modelID":"b0-58-a9-7d-c8-21","modelType":"Wi-SHT10","DATAS":["Temperature","Humidity"],"Temperature":23.56,"Humidity":18.9888,"TIMESTAMP":"2022-11-27T22:48:48.717Z","BATT":100,"INTERVAL":600},{"modelID":"b0-58-a9-7d-c8-21","modelType":"Wi-SHT10","DATAS":["Temperature","Humidity"],"Temperature":23.58,"Humidity":19.392,"TIMESTAMP":"2022-11-27T22:38:43.965Z","BATT":100,"INTERVAL":600},{"modelID":"b0-58-a9-7d-c8-21","modelType":"Wi-SHT10","DATAS":["Temperature","Humidity"],"Temperature":23.44,"Humidity":19.0944,"TIMESTAMP":"2022-11-27T22:28:58.457Z","BATT":100,"INTERVAL":600},{"modelID":"b0-58-a9-7d-c8-21","modelType":"Wi-SHT10","DATAS":["Temperature","Humidity"],"Temperature":23.4,"Humidity":18.2208,"TIMESTAMP":"2022-11-27T22:18:58.822Z","BATT":100,"INTERVAL":600},{"modelID":"b0-58-a9-7d-c8-21","modelType":"Wi-SHT10","DATAS":["Temperature","Humidity"],"Temperature":23.36,"Humidity":19.008,"TIMESTAMP":"2022-11-27T22:08:40.116Z","BATT":100,"INTERVAL":600},{"modelID":"b0-58-a9-7d-c8-21","modelType":"Wi-SHT10","DATAS":["Temperature","Humidity"],"Temperature":23.35,"Humidity":19.488,"TIMESTAMP":"2022-11-27T21:58:55.737Z","BATT":100,"INTERVAL":600},{"modelID":"b0-58-a9-7d-c8-21","modelType":"Wi-SHT10","DATAS":["Temperature","Humidity"],"Temperature":23.34,"Humidity":19.4304,"TIMESTAMP":"2022-11-27T21:48:51.979Z","BATT":100,"INTERVAL":600},{"modelID":"b0-58-a9-7d-c8-21","modelType":"Wi-SHT10","DATAS":["Temperature","Humidity"],"Temperature":23.28,"Humidity":19.0944,"TIMESTAMP":"2022-11-27T21:39:10.762Z","BATT":100,"INTERVAL":600},{"modelID":"b0-58-a9-7d-c8-21","modelType":"Wi-SHT10","DATAS":["Temperature","Humidity"],"Temperature":23.26,"Humidity":18.825599999999998,"TIMESTAMP":"2022-11-27T21:28:50.939Z","BATT":100,"INTERVAL":600},{"modelID":"b0-58-a9-7d-c8-21","modelType":"Wi-SHT10","DATAS":["Temperature","Humidity"],"Temperature":23.37,"Humidity":19.1808,"TIMESTAMP":"2022-11-27T21:18:59.904Z","BATT":100,"INTERVAL":600},{"modelID":"b0-58-a9-7d-c8-21","modelType":"Wi-SHT10","DATAS":["Temperature","Humidity"],"Temperature":23.39,"Humidity":19.5072,"TIMESTAMP":"2022-11-27T21:09:01.339Z","BATT":100,"INTERVAL":600},{"modelID":"b0-58-a9-7d-c8-21","modelType":"Wi-SHT10","DATAS":["Temperature","Humidity"],"Temperature":23.44,"Humidity":19.152,"TIMESTAMP":"2022-11-27T20:59:01.722Z","BATT":100,"INTERVAL":600},{"modelID":"b0-58-a9-7d-c8-21","modelType":"Wi-SHT10","DATAS":["Temperature","Humidity"],"Temperature":23.51,"Humidity":18.432,"TIMESTAMP":"2022-11-27T20:48:43.420Z","BATT":100,"INTERVAL":600},{"modelID":"b0-58-a9-7d-c8-21","modelType":"Wi-SHT10","DATAS":["Temperature","Humidity"],"Temperature":23.53,"Humidity":19.104,"TIMESTAMP":"2022-11-27T20:38:47.742Z","BATT":100,"INTERVAL":600},{"modelID":"b0-58-a9-7d-c8-21","modelType":"Wi-SHT10","DATAS":["Temperature","Humidity"],"Temperature":23.55,"Humidity":19.660800000000002,"TIMESTAMP":"2022-11-27T20:28:56.116Z","BATT":100,"INTERVAL":600},{"modelID":"b0-58-a9-7d-c8-21","modelType":"Wi-SHT10","DATAS":["Temperature","Humidity"],"Temperature":23.43,"Humidity":19.631999999999998,"TIMESTAMP":"2022-11-27T20:19:01.100Z","BATT":100,"INTERVAL":600},{"modelID":"b0-58-a9-7d-c8-21","modelType":"Wi-SHT10","DATAS":["Temperature","Humidity"],"Temperature":23.5,"Humidity":19.2576,"TIMESTAMP":"2022-11-27T20:08:55.073Z","BATT":100,"INTERVAL":600},{"modelID":"b0-58-a9-7d-c8-21","modelType":"Wi-SHT10","DATAS":["Temperature","Humidity"],"Temperature":23.39,"Humidity":18.6624,"TIMESTAMP":"2022-11-27T19:58:59.753Z","BATT":100,"INTERVAL":600},{"modelID":"b0-58-a9-7d-c8-21","modelType":"Wi-SHT10","DATAS":["Temperature","Humidity"],"Temperature":23.41,"Humidity":19.4688,"TIMESTAMP":"2022-11-27T19:48:43.869Z","BATT":100,"INTERVAL":600},{"modelID":"b0-58-a9-7d-c8-21","modelType":"Wi-SHT10","DATAS":["Temperature","Humidity"],"Temperature":23.48,"Humidity":19.7856,"TIMESTAMP":"2022-11-27T19:39:05.305Z","BATT":100,"INTERVAL":600},{"modelID":"b0-58-a9-7d-c8-21","modelType":"Wi-SHT10","DATAS":["Temperature","Humidity"],"Temperature":23.37,"Humidity":20.3808,"TIMESTAMP":"2022-11-27T19:29:12.136Z","BATT":100,"INTERVAL":600},{"modelID":"b0-58-a9-7d-c8-21","modelType":"Wi-SHT10","DATAS":["Temperature","Humidity"],"Temperature":23.32,"Humidity":20.2368,"TIMESTAMP":"2022-11-27T19:19:08.438Z","BATT":100,"INTERVAL":600},{"modelID":"b0-58-a9-7d-c8-21","modelType":"Wi-SHT10","DATAS":["Temperature","Humidity"],"Temperature":23.38,"Humidity":19.4592,"TIMESTAMP":"2022-11-27T19:09:04.579Z","BATT":100,"INTERVAL":600},{"modelID":"b0-58-a9-7d-c8-21","modelType":"Wi-SHT10","DATAS":["Temperature","Humidity"],"Temperature":23.53,"Humidity":19.372799999999998,"TIMESTAMP":"2022-11-27T18:58:46.303Z","BATT":100,"INTERVAL":600},{"modelID":"b0-58-a9-7d-c8-21","modelType":"Wi-SHT10","DATAS":["Temperature","Humidity"],"Temperature":23.12,"Humidity":20.3232,"TIMESTAMP":"2022-11-27T18:48:55.574Z","BATT":100,"INTERVAL":600},{"modelID":"b0-58-a9-7d-c8-21","modelType":"Wi-SHT10","DATAS":["Temperature","Humidity"],"Temperature":23.07,"Humidity":20.784,"TIMESTAMP":"2022-11-27T18:38:43.234Z","BATT":100,"INTERVAL":600},{"modelID":"b0-58-a9-7d-c8-21","modelType":"Wi-SHT10","DATAS":["Temperature","Humidity"],"Temperature":23.08,"Humidity":20.7744,"TIMESTAMP":"2022-11-27T18:29:02.273Z","BATT":100,"INTERVAL":600},{"modelID":"b0-58-a9-7d-c8-21","modelType":"Wi-SHT10","DATAS":["Temperature","Humidity"],"Temperature":23.15,"Humidity":20.2752,"TIMESTAMP":"2022-11-27T18:18:41.974Z","BATT":100,"INTERVAL":600},{"modelID":"b0-58-a9-7d-c8-21","modelType":"Wi-SHT10","DATAS":["Temperature","Humidity"],"Temperature":23.03,"Humidity":20.016000000000002,"TIMESTAMP":"2022-11-27T18:08:42.917Z","BATT":100,"INTERVAL":600},{"modelID":"b0-58-a9-7d-c8-21","modelType":"Wi-SHT10","DATAS":["Temperature","Humidity"],"Temperature":23.04,"Humidity":20.016000000000002,"TIMESTAMP":"2022-11-27T17:58:50.340Z","BATT":100,"INTERVAL":600},{"modelID":"b0-58-a9-7d-c8-21","modelType":"Wi-SHT10","DATAS":["Temperature","Humidity"],"Temperature":22.99,"Humidity":20.1216,"TIMESTAMP":"2022-11-27T17:49:10.434Z","BATT":100,"INTERVAL":600},{"modelID":"b0-58-a9-7d-c8-21","modelType":"Wi-SHT10","DATAS":["Temperature","Humidity"],"Temperature":22.97,"Humidity":20.64,"TIMESTAMP":"2022-11-27T17:38:57.855Z","BATT":100,"INTERVAL":600},{"modelID":"b0-58-a9-7d-c8-21","modelType":"Wi-SHT10","DATAS":["Temperature","Humidity"],"Temperature":22.96,"Humidity":20.6784,"TIMESTAMP":"2022-11-27T17:28:46.136Z","BATT":100,"INTERVAL":600},{"modelID":"b0-58-a9-7d-c8-21","modelType":"Wi-SHT10","DATAS":["Temperature","Humidity"],"Temperature":22.99,"Humidity":20.2848,"TIMESTAMP":"2022-11-27T17:18:58.136Z","BATT":100,"INTERVAL":600},{"modelID":"b0-58-a9-7d-c8-21","modelType":"Wi-SHT10","DATAS":["Temperature","Humidity"],"Temperature":23,"Humidity":19.958399999999997,"TIMESTAMP":"2022-11-27T17:09:05.715Z","BATT":100,"INTERVAL":600},{"modelID":"b0-58-a9-7d-c8-21","modelType":"Wi-SHT10","DATAS":["Temperature","Humidity"],"Temperature":23.1,"Humidity":20.169600000000003,"TIMESTAMP":"2022-11-27T16:58:51.375Z","BATT":100,"INTERVAL":600},{"modelID":"b0-58-a9-7d-c8-21","modelType":"Wi-SHT10","DATAS":["Temperature","Humidity"],"Temperature":23.1,"Humidity":20.7168,"TIMESTAMP":"2022-11-27T16:48:44.877Z","BATT":100,"INTERVAL":600},{"modelID":"b0-58-a9-7d-c8-21","modelType":"Wi-SHT10","DATAS":["Temperature","Humidity"],"Temperature":23.05,"Humidity":21.1008,"TIMESTAMP":"2022-11-27T16:39:04.289Z","BATT":100,"INTERVAL":600},{"modelID":"b0-58-a9-7d-c8-21","modelType":"Wi-SHT10","DATAS":["Temperature","Humidity"],"Temperature":23.16,"Humidity":20.016000000000002,"TIMESTAMP":"2022-11-27T16:08:54.837Z","BATT":100,"INTERVAL":600}],"DAYHOURS":["21","20","19","18","17","16","15","14","13","12","11","10","9","8","7","6","5","4","3","2","1","0"]}