{"SENSORNAME":"CHILLER A - CWS TEMP","SENSORTYPE":"WTRTEMP(485)","DTUID":"207","SENSORID":"18","DATE0":"2022-11-28T11:25:26.949Z","DATE1":"2022-02-13T09:59:10.577Z","DAYDATA":[{"DTUID":"207","SENSORID":18,"FUNCID":3,"NDATA":2,"SENSORTYPE":"WATER-TEMP","RCV_BYTES":["0000","0125"],"DATAS":[0,293],"DATAS1":[],"DATAS2":[],"TIMESTAMP":"2022-11-28T11:25:26.949Z"},{"DTUID":"207","SENSORID":18,"FUNCID":3,"NDATA":2,"SENSORTYPE":"WATER-TEMP","RCV_BYTES":["0000","013A"],"DATAS":[0,314],"DATAS1":[],"DATAS2":[],"TIMESTAMP":"2022-11-28T10:05:21.132Z"},{"DTUID":"207","SENSORID":18,"FUNCID":3,"NDATA":2,"SENSORTYPE":"WATER-TEMP","RCV_BYTES":["0000","013E"],"DATAS":[0,318],"DATAS1":[],"DATAS2":[],"TIMESTAMP":"2022-11-28T09:25:16.400Z"},{"DTUID":"207","SENSORID":18,"FUNCID":3,"NDATA":2,"SENSORTYPE":"WATER-TEMP","RCV_BYTES":["0000","013B"],"DATAS":[0,315],"DATAS1":[],"DATAS2":[],"TIMESTAMP":"2022-11-28T09:05:15.300Z"},{"DTUID":"207","SENSORID":18,"FUNCID":3,"NDATA":2,"SENSORTYPE":"WATER-TEMP","RCV_BYTES":["0000","0139"],"DATAS":[0,313],"DATAS1":[],"DATAS2":[],"TIMESTAMP":"2022-11-28T08:28:48.736Z"},{"DTUID":"207","SENSORID":18,"FUNCID":3,"NDATA":2,"SENSORTYPE":"WATER-TEMP","RCV_BYTES":["0000","015A"],"DATAS":[0,346],"DATAS1":[],"DATAS2":[],"TIMESTAMP":"2022-11-28T05:28:32.671Z"},{"DTUID":"207","SENSORID":18,"FUNCID":3,"NDATA":2,"SENSORTYPE":"WATER-TEMP","RCV_BYTES":["0000","015E"],"DATAS":[0,350],"DATAS1":[],"DATAS2":[],"TIMESTAMP":"2022-11-28T04:48:25.189Z"},{"DTUID":"207","SENSORID":18,"FUNCID":3,"NDATA":2,"SENSORTYPE":"WATER-TEMP","RCV_BYTES":["0000","015A"],"DATAS":[0,346],"DATAS1":[],"DATAS2":[],"TIMESTAMP":"2022-11-28T04:28:27.469Z"},{"DTUID":"207","SENSORID":18,"FUNCID":3,"NDATA":2,"SENSORTYPE":"WATER-TEMP","RCV_BYTES":["0000","0150"],"DATAS":[0,336],"DATAS1":[],"DATAS2":[],"TIMESTAMP":"2022-11-28T03:03:03.753Z"},{"DTUID":"207","SENSORID":18,"FUNCID":3,"NDATA":2,"SENSORTYPE":"WATER-TEMP","RCV_BYTES":["0000","0121"],"DATAS":[0,289],"DATAS1":[],"DATAS2":[],"TIMESTAMP":"2022-11-28T00:14:42.572Z"},{"DTUID":"207","SENSORID":18,"FUNCID":3,"NDATA":2,"SENSORTYPE":"WATER-TEMP","RCV_BYTES":["0000","0118"],"DATAS":[0,280],"DATAS1":[],"DATAS2":[],"TIMESTAMP":"2022-11-27T23:14:37.956Z"},{"DTUID":"207","SENSORID":18,"FUNCID":3,"NDATA":2,"SENSORTYPE":"WATER-TEMP","RCV_BYTES":["0000","0117"],"DATAS":[0,279],"DATAS1":[],"DATAS2":[],"TIMESTAMP":"2022-11-27T22:34:33.917Z"},{"DTUID":"207","SENSORID":18,"FUNCID":3,"NDATA":2,"SENSORTYPE":"WATER-TEMP","RCV_BYTES":["0000","0118"],"DATAS":[0,280],"DATAS1":[],"DATAS2":[],"TIMESTAMP":"2022-11-27T22:14:33.824Z"},{"DTUID":"207","SENSORID":18,"FUNCID":3,"NDATA":2,"SENSORTYPE":"WATER-TEMP","RCV_BYTES":["0000","0116"],"DATAS":[0,278],"DATAS1":[],"DATAS2":[],"TIMESTAMP":"2022-11-27T21:14:31.982Z"},{"DTUID":"207","SENSORID":18,"FUNCID":3,"NDATA":2,"SENSORTYPE":"WATER-TEMP","RCV_BYTES":["0000","0117"],"DATAS":[0,279],"DATAS1":[],"DATAS2":[],"TIMESTAMP":"2022-11-27T20:34:23.380Z"},{"DTUID":"207","SENSORID":18,"FUNCID":3,"NDATA":2,"SENSORTYPE":"WATER-TEMP","RCV_BYTES":["0000","0116"],"DATAS":[0,278],"DATAS1":[],"DATAS2":[],"TIMESTAMP":"2022-11-27T20:14:32.893Z"},{"DTUID":"207","SENSORID":18,"FUNCID":3,"NDATA":2,"SENSORTYPE":"WATER-TEMP","RCV_BYTES":["0000","011B"],"DATAS":[0,283],"DATAS1":[],"DATAS2":[],"TIMESTAMP":"2022-11-27T19:34:22.816Z"},{"DTUID":"207","SENSORID":18,"FUNCID":3,"NDATA":2,"SENSORTYPE":"WATER-TEMP","RCV_BYTES":["0000","011A"],"DATAS":[0,282],"DATAS1":[],"DATAS2":[],"TIMESTAMP":"2022-11-27T19:14:18.657Z"},{"DTUID":"207","SENSORID":18,"FUNCID":3,"NDATA":2,"SENSORTYPE":"WATER-TEMP","RCV_BYTES":["0000","011D"],"DATAS":[0,285],"DATAS1":[],"DATAS2":[],"TIMESTAMP":"2022-11-27T18:34:15.892Z"},{"DTUID":"207","SENSORID":18,"FUNCID":3,"NDATA":2,"SENSORTYPE":"WATER-TEMP","RCV_BYTES":["0000","011E"],"DATAS":[0,286],"DATAS1":[],"DATAS2":[],"TIMESTAMP":"2022-11-27T18:14:16.573Z"},{"DTUID":"207","SENSORID":18,"FUNCID":3,"NDATA":2,"SENSORTYPE":"WATER-TEMP","RCV_BYTES":["0000","0120"],"DATAS":[0,288],"DATAS1":[],"DATAS2":[],"TIMESTAMP":"2022-11-27T17:34:11.615Z"},{"DTUID":"207","SENSORID":18,"FUNCID":3,"NDATA":2,"SENSORTYPE":"WATER-TEMP","RCV_BYTES":["0000","011E"],"DATAS":[0,286],"DATAS1":[],"DATAS2":[],"TIMESTAMP":"2022-11-27T17:14:09.955Z"}],"DAYHOURS":["19","18","17","16","13","12","11","8","7","6","5","4","3","2","1"]}