{"SENSORNAME":"PRE-COOL FE - CHWS PRESS","SENSORTYPE":"WTRPRS(485)","DTUID":"209","SENSORID":"39","DATE0":"2022-11-28T11:25:09.985Z","DATE1":"2022-02-13T09:58:42.512Z","DAYDATA":[{"DTUID":"209","SENSORID":39,"FUNCID":3,"NDATA":2,"SENSORTYPE":"WATER-PRES","RCV_BYTES":["4441","D948"],"DATAS":[17473,-9912],"DATAS1":[],"DATAS2":[],"TIMESTAMP":"2022-11-28T11:25:09.985Z"},{"DTUID":"209","SENSORID":39,"FUNCID":3,"NDATA":2,"SENSORTYPE":"WATER-PRES","RCV_BYTES":["4441","D948"],"DATAS":[17473,-9912],"DATAS1":[],"DATAS2":[],"TIMESTAMP":"2022-11-28T00:59:24.883Z"}],"DAYHOURS":["19","8"]}