{"SENSORNAME":"SSB2-1","SENSORTYPE":"PWRMTR(485)","DTUID":"3","SENSORID":1,"PWRMTR0":"262493","PWRMTR1":"5698","DAYDATA":[{"DTUID":"3","SENSORID":1,"FUNCID":3,"NDATA":2,"SENSORTYPE":"PWR-METER-POWER","RCV_BYTES":["0190","8840"],"DATAS":[400,-30656],"DATAS1":[],"DATAS2":[],"TIMESTAMP":"2022-11-28T11:07:10.789Z"},{"DTUID":"3","SENSORID":1,"FUNCID":3,"NDATA":2,"SENSORTYPE":"PWR-METER-POWER","RCV_BYTES":["0190","7300"],"DATAS":[400,29440],"DATAS1":[],"DATAS2":[],"TIMESTAMP":"2022-11-28T10:06:58.952Z"},{"DTUID":"3","SENSORID":1,"FUNCID":3,"NDATA":2,"SENSORTYPE":"PWR-METER-POWER","RCV_BYTES":["0190","6360"],"DATAS":[400,25440],"DATAS1":[],"DATAS2":[],"TIMESTAMP":"2022-11-28T09:26:54.181Z"},{"DTUID":"3","SENSORID":1,"FUNCID":3,"NDATA":2,"SENSORTYPE":"PWR-METER-POWER","RCV_BYTES":["0190","5B40"],"DATAS":[400,23360],"DATAS1":[],"DATAS2":[],"TIMESTAMP":"2022-11-28T09:06:53.448Z"},{"DTUID":"3","SENSORID":1,"FUNCID":3,"NDATA":2,"SENSORTYPE":"PWR-METER-POWER","RCV_BYTES":["0190","0A00"],"DATAS":[400,2560],"DATAS1":[],"DATAS2":[],"TIMESTAMP":"2022-11-28T05:30:30.810Z"},{"DTUID":"3","SENSORID":1,"FUNCID":3,"NDATA":2,"SENSORTYPE":"PWR-METER-POWER","RCV_BYTES":["018F","FA60"],"DATAS":[399,-1440],"DATAS1":[],"DATAS2":[],"TIMESTAMP":"2022-11-28T04:50:16.704Z"},{"DTUID":"3","SENSORID":1,"FUNCID":3,"NDATA":2,"SENSORTYPE":"PWR-METER-POWER","RCV_BYTES":["018F","F2E0"],"DATAS":[399,-3360],"DATAS1":[],"DATAS2":[],"TIMESTAMP":"2022-11-28T04:30:12.407Z"},{"DTUID":"3","SENSORID":1,"FUNCID":3,"NDATA":2,"SENSORTYPE":"PWR-METER-POWER","RCV_BYTES":["018F","ABA0"],"DATAS":[399,-21600],"DATAS1":[],"DATAS2":[],"TIMESTAMP":"2022-11-28T01:01:24.972Z"},{"DTUID":"3","SENSORID":1,"FUNCID":3,"NDATA":2,"SENSORTYPE":"PWR-METER-POWER","RCV_BYTES":["018F","88A0"],"DATAS":[399,-30560],"DATAS1":[],"DATAS2":[],"TIMESTAMP":"2022-11-27T23:16:22.155Z"},{"DTUID":"3","SENSORID":1,"FUNCID":3,"NDATA":2,"SENSORTYPE":"PWR-METER-POWER","RCV_BYTES":["018F","7E00"],"DATAS":[399,32256],"DATAS1":[],"DATAS2":[],"TIMESTAMP":"2022-11-27T22:36:18.060Z"},{"DTUID":"3","SENSORID":1,"FUNCID":3,"NDATA":2,"SENSORTYPE":"PWR-METER-POWER","RCV_BYTES":["018F","7900"],"DATAS":[399,30976],"DATAS1":[],"DATAS2":[],"TIMESTAMP":"2022-11-27T22:16:17.257Z"},{"DTUID":"3","SENSORID":1,"FUNCID":3,"NDATA":2,"SENSORTYPE":"PWR-METER-POWER","RCV_BYTES":["018F","60A0"],"DATAS":[399,24736],"DATAS1":[],"DATAS2":[],"TIMESTAMP":"2022-11-27T20:36:08.172Z"},{"DTUID":"3","SENSORID":1,"FUNCID":3,"NDATA":2,"SENSORTYPE":"PWR-METER-POWER","RCV_BYTES":["018F","51A0"],"DATAS":[399,20896],"DATAS1":[],"DATAS2":[],"TIMESTAMP":"2022-11-27T19:36:02.636Z"},{"DTUID":"3","SENSORID":1,"FUNCID":3,"NDATA":2,"SENSORTYPE":"PWR-METER-POWER","RCV_BYTES":["018F","4CA0"],"DATAS":[399,19616],"DATAS1":[],"DATAS2":[],"TIMESTAMP":"2022-11-27T19:16:02.515Z"},{"DTUID":"3","SENSORID":1,"FUNCID":3,"NDATA":2,"SENSORTYPE":"PWR-METER-POWER","RCV_BYTES":["018F","3E40"],"DATAS":[399,15936],"DATAS1":[],"DATAS2":[],"TIMESTAMP":"2022-11-27T18:16:01.053Z"},{"DTUID":"3","SENSORID":1,"FUNCID":3,"NDATA":2,"SENSORTYPE":"PWR-METER-POWER","RCV_BYTES":["018F","3440"],"DATAS":[399,13376],"DATAS1":[],"DATAS2":[],"TIMESTAMP":"2022-11-27T17:35:55.996Z"}],"DAYHOURS":["19","18","17","13","12","9","7","6","4","3","2","1"],"MNTH-2022_11":"262493","WK48":"262493","WK47":"256067","WK46":"246888","WK45":"238627","WK44":"229998","MNTH-2022_10":"228464","WK43":"220680","WK42":"211997","WK41":"202362","WK40":"193250","MNTH-2022_9":"188686","WK39":"184302","WK38":"174568","WK37":"165856","WK36":"157518","MNTH-2022_8":"149682","WK35":"148459","WK34":"138746","WK33":"129267","WK32":"119734","WK31":"111059","MNTH-2022_7":"108574","WK30":"102650","WK29":"94155","WK28":"85536","WK27":"77539","MNTH-2022_6":"71038","WK26":"68270","WK25":"58776","WK24":"50838","WK23":"42736","MNTH-2022_5":"34234","WK22":"34234","WK21":"26035","WK20":"17470","WK19":"8072"}