{"SENSORNAME":"COOLING TOWER A - CWS TEMP","SENSORTYPE":"WTRTEMP(485)","DTUID":"201","SENSORID":"36","DATE0":"2022-11-28T11:56:54.627Z","DATE1":"2022-02-13T09:05:57.552Z","DAYDATA":[{"DTUID":"201","SENSORID":36,"FUNCID":3,"NDATA":2,"SENSORTYPE":"WATER-TEMP","RCV_BYTES":["0000","0131"],"DATAS":[0,305],"DATAS1":[],"DATAS2":[],"TIMESTAMP":"2022-11-28T11:56:54.627Z"},{"DTUID":"201","SENSORID":36,"FUNCID":3,"NDATA":2,"SENSORTYPE":"WATER-TEMP","RCV_BYTES":["0000","0142"],"DATAS":[0,322],"DATAS1":[],"DATAS2":[],"TIMESTAMP":"2022-11-28T08:29:13.648Z"},{"DTUID":"201","SENSORID":36,"FUNCID":3,"NDATA":2,"SENSORTYPE":"WATER-TEMP","RCV_BYTES":["0000","015A"],"DATAS":[0,346],"DATAS1":[],"DATAS2":[],"TIMESTAMP":"2022-11-28T05:28:57.690Z"},{"DTUID":"201","SENSORID":36,"FUNCID":3,"NDATA":2,"SENSORTYPE":"WATER-TEMP","RCV_BYTES":["0000","0162"],"DATAS":[0,354],"DATAS1":[],"DATAS2":[],"TIMESTAMP":"2022-11-28T04:48:50.077Z"},{"DTUID":"201","SENSORID":36,"FUNCID":3,"NDATA":2,"SENSORTYPE":"WATER-TEMP","RCV_BYTES":["0000","015F"],"DATAS":[0,351],"DATAS1":[],"DATAS2":[],"TIMESTAMP":"2022-11-28T04:28:52.489Z"},{"DTUID":"201","SENSORID":36,"FUNCID":3,"NDATA":2,"SENSORTYPE":"WATER-TEMP","RCV_BYTES":["0000","015C"],"DATAS":[0,348],"DATAS1":[],"DATAS2":[],"TIMESTAMP":"2022-11-28T03:03:28.633Z"},{"DTUID":"201","SENSORID":36,"FUNCID":3,"NDATA":2,"SENSORTYPE":"WATER-TEMP","RCV_BYTES":["0000","012E"],"DATAS":[0,302],"DATAS1":[],"DATAS2":[],"TIMESTAMP":"2022-11-28T00:15:07.433Z"},{"DTUID":"201","SENSORID":36,"FUNCID":3,"NDATA":2,"SENSORTYPE":"WATER-TEMP","RCV_BYTES":["0000","011B"],"DATAS":[0,283],"DATAS1":[],"DATAS2":[],"TIMESTAMP":"2022-11-27T23:15:02.984Z"},{"DTUID":"201","SENSORID":36,"FUNCID":3,"NDATA":2,"SENSORTYPE":"WATER-TEMP","RCV_BYTES":["0000","011B"],"DATAS":[0,283],"DATAS1":[],"DATAS2":[],"TIMESTAMP":"2022-11-27T22:35:02.656Z"},{"DTUID":"201","SENSORID":36,"FUNCID":3,"NDATA":2,"SENSORTYPE":"WATER-TEMP","RCV_BYTES":["0000","011A"],"DATAS":[0,282],"DATAS1":[],"DATAS2":[],"TIMESTAMP":"2022-11-27T21:15:00.889Z"},{"DTUID":"201","SENSORID":36,"FUNCID":3,"NDATA":2,"SENSORTYPE":"WATER-TEMP","RCV_BYTES":["0000","0121"],"DATAS":[0,289],"DATAS1":[],"DATAS2":[],"TIMESTAMP":"2022-11-27T20:34:52.218Z"},{"DTUID":"201","SENSORID":36,"FUNCID":3,"NDATA":2,"SENSORTYPE":"WATER-TEMP","RCV_BYTES":["0000","011F"],"DATAS":[0,287],"DATAS1":[],"DATAS2":[],"TIMESTAMP":"2022-11-27T19:34:43.892Z"},{"DTUID":"201","SENSORID":36,"FUNCID":3,"NDATA":2,"SENSORTYPE":"WATER-TEMP","RCV_BYTES":["0000","0121"],"DATAS":[0,289],"DATAS1":[],"DATAS2":[],"TIMESTAMP":"2022-11-27T18:34:40.873Z"},{"DTUID":"201","SENSORID":36,"FUNCID":3,"NDATA":2,"SENSORTYPE":"WATER-TEMP","RCV_BYTES":["0000","0128"],"DATAS":[0,296],"DATAS1":[],"DATAS2":[],"TIMESTAMP":"2022-11-27T18:14:41.854Z"}],"DAYHOURS":["19","16","13","12","11","8","7","6","5","4","3","2"]}