{"SENSORNAME":"CHILLER B","SENSORTYPE":"PWRMTR(485)","DTUID":"110","SENSORID":16,"PWRMTR0":"5016","PWRMTR1":"0","DAYDATA":[{"DTUID":"110","SENSORID":16,"FUNCID":3,"NDATA":2,"SENSORTYPE":"PWR-METER-POWER","RCV_BYTES":["0007","A760"],"DATAS":[7,-22688],"DATAS1":[],"DATAS2":[],"TIMESTAMP":"2022-11-28T08:30:04.798Z"},{"DTUID":"110","SENSORID":16,"FUNCID":3,"NDATA":2,"SENSORTYPE":"PWR-METER-POWER","RCV_BYTES":["0007","A760"],"DATAS":[7,-22688],"DATAS1":[],"DATAS2":[],"TIMESTAMP":"2022-11-28T01:01:03.982Z"},{"DTUID":"110","SENSORID":16,"FUNCID":3,"NDATA":2,"SENSORTYPE":"PWR-METER-POWER","RCV_BYTES":["0007","A760"],"DATAS":[7,-22688],"DATAS1":[],"DATAS2":[],"TIMESTAMP":"2022-11-28T00:16:22.761Z"},{"DTUID":"110","SENSORID":16,"FUNCID":3,"NDATA":2,"SENSORTYPE":"PWR-METER-POWER","RCV_BYTES":["0007","A760"],"DATAS":[7,-22688],"DATAS1":[],"DATAS2":[],"TIMESTAMP":"2022-11-27T23:16:05.339Z"},{"DTUID":"110","SENSORID":16,"FUNCID":3,"NDATA":2,"SENSORTYPE":"PWR-METER-POWER","RCV_BYTES":["0007","A760"],"DATAS":[7,-22688],"DATAS1":[],"DATAS2":[],"TIMESTAMP":"2022-11-27T22:16:34.177Z"},{"DTUID":"110","SENSORID":16,"FUNCID":3,"NDATA":2,"SENSORTYPE":"PWR-METER-POWER","RCV_BYTES":["0007","A760"],"DATAS":[7,-22688],"DATAS1":[],"DATAS2":[],"TIMESTAMP":"2022-11-27T21:15:53.162Z"},{"DTUID":"110","SENSORID":16,"FUNCID":3,"NDATA":2,"SENSORTYPE":"PWR-METER-POWER","RCV_BYTES":["0007","A760"],"DATAS":[7,-22688],"DATAS1":[],"DATAS2":[],"TIMESTAMP":"2022-11-27T20:36:10.100Z"},{"DTUID":"110","SENSORID":16,"FUNCID":3,"NDATA":2,"SENSORTYPE":"PWR-METER-POWER","RCV_BYTES":["0007","A760"],"DATAS":[7,-22688],"DATAS1":[],"DATAS2":[],"TIMESTAMP":"2022-11-27T20:15:43.273Z"}],"DAYHOURS":["16","9","8","7","6","5","4"],"MNTH-2022_11":"5016","WK48":"5016","WK47":"5016","WK46":"5016","WK45":"5016","WK44":"5016","MNTH-2022_10":"5016","WK43":"5016","WK42":"5016","WK41":"4997","WK40":"4997","MNTH-2022_9":"4997","WK39":"4997","WK38":"4997","WK37":"4978","WK36":"4978","MNTH-2022_8":"4978","WK35":"4978","WK34":"4963","WK33":"4952","WK32":"4940","WK31":"4940","MNTH-2022_7":"4940","WK30":"4940","WK29":"4128","WK28":"2735","WK27":"2735","MNTH-2022_6":"2605","WK26":"2605","WK25":"2605","WK24":"2605","WK23":"2605","MNTH-2022_5":"2605","WK22":"2605","WK21":"2605","WK20":"1049","WK19":"0"}