{"SENSORNAME":"SSB1-2","SENSORTYPE":"PWRMTR(485)","DTUID":"4","SENSORID":2,"PWRMTR0":"909708","PWRMTR1":"20378","DAYDATA":[{"DTUID":"4","SENSORID":2,"FUNCID":3,"NDATA":2,"SENSORTYPE":"PWR-METER-POWER","RCV_BYTES":["056C","1AB0"],"DATAS":[1388,6832],"DATAS1":[],"DATAS2":[],"TIMESTAMP":"2022-11-28T11:07:13.655Z"},{"DTUID":"4","SENSORID":2,"FUNCID":3,"NDATA":2,"SENSORTYPE":"PWR-METER-POWER","RCV_BYTES":["0569","3160"],"DATAS":[1385,12640],"DATAS1":[],"DATAS2":[],"TIMESTAMP":"2022-11-28T01:01:27.822Z"},{"DTUID":"4","SENSORID":2,"FUNCID":3,"NDATA":2,"SENSORTYPE":"PWR-METER-POWER","RCV_BYTES":["0569","0370"],"DATAS":[1385,880],"DATAS1":[],"DATAS2":[],"TIMESTAMP":"2022-11-28T00:16:29.673Z"},{"DTUID":"4","SENSORID":2,"FUNCID":3,"NDATA":2,"SENSORTYPE":"PWR-METER-POWER","RCV_BYTES":["0568","1640"],"DATAS":[1384,5696],"DATAS1":[],"DATAS2":[],"TIMESTAMP":"2022-11-27T20:16:11.452Z"}],"DAYHOURS":["19","9","8","4"],"MNTH-2022_11":"909708","WK48":"909708","WK47":"886901","WK46":"859474","WK45":"829133","WK44":"798869","MNTH-2022_10":"793306","WK43":"770558","WK42":"741545","WK41":"709558","WK40":"678168","MNTH-2022_9":"660631","WK39":"645257","WK38":"613692","WK37":"578592","WK36":"554822","MNTH-2022_8":"529346","WK35":"525259","WK34":"494359","WK33":"464820","WK32":"432362","WK31":"400229","MNTH-2022_7":"391034","WK30":"368148","WK29":"335923","WK28":"304354","WK27":"273547","MNTH-2022_6":"250692","WK26":"241970","WK25":"211565","WK24":"182522","WK23":"150468","MNTH-2022_5":"119494","WK22":"119494","WK21":"88145","WK20":"57144","WK19":"26647"}