{"SENSORNAME":"VKL","SENSORTYPE":"WISENSOR","DTUID":"-1","SENSORID":"B0-C0-E7-11-A7-E3","DATE0":"2022-11-28T13:15:01.194Z","DATE1":"2021-04-19T16:32:18.867Z","DAYDATA":[{"modelID":"b0-c0-e7-11-a7-e3","modelType":"Wi-SHT10","DATAS":["Temperature","Humidity"],"Temperature":24.64,"Humidity":58.8,"TIMESTAMP":"2022-11-28T13:15:01.194Z","BATT":100,"INTERVAL":600},{"modelID":"b0-c0-e7-11-a7-e3","modelType":"Wi-SHT10","DATAS":["Temperature","Humidity"],"Temperature":24.62,"Humidity":58.7232,"TIMESTAMP":"2022-11-28T13:04:33.799Z","BATT":100,"INTERVAL":600},{"modelID":"b0-c0-e7-11-a7-e3","modelType":"Wi-SHT10","DATAS":["Temperature","Humidity"],"Temperature":24.73,"Humidity":58.6368,"TIMESTAMP":"2022-11-28T12:24:29.967Z","BATT":100,"INTERVAL":600},{"modelID":"b0-c0-e7-11-a7-e3","modelType":"Wi-SHT10","DATAS":["Temperature","Humidity"],"Temperature":24.74,"Humidity":58.6848,"TIMESTAMP":"2022-11-28T12:15:01.867Z","BATT":100,"INTERVAL":600},{"modelID":"b0-c0-e7-11-a7-e3","modelType":"Wi-SHT10","DATAS":["Temperature","Humidity"],"Temperature":24.74,"Humidity":58.6848,"TIMESTAMP":"2022-11-28T12:04:41.860Z","BATT":100,"INTERVAL":600},{"modelID":"b0-c0-e7-11-a7-e3","modelType":"Wi-SHT10","DATAS":["Temperature","Humidity"],"Temperature":24.79,"Humidity":58.6944,"TIMESTAMP":"2022-11-28T11:54:51.868Z","BATT":100,"INTERVAL":600},{"modelID":"b0-c0-e7-11-a7-e3","modelType":"Wi-SHT10","DATAS":["Temperature","Humidity"],"Temperature":24.79,"Humidity":58.742399999999996,"TIMESTAMP":"2022-11-28T11:44:46.898Z","BATT":100,"INTERVAL":600},{"modelID":"b0-c0-e7-11-a7-e3","modelType":"Wi-SHT10","DATAS":["Temperature","Humidity"],"Temperature":24.85,"Humidity":58.7232,"TIMESTAMP":"2022-11-28T11:24:23.910Z","BATT":100,"INTERVAL":600},{"modelID":"b0-c0-e7-11-a7-e3","modelType":"Wi-SHT10","DATAS":["Temperature","Humidity"],"Temperature":24.91,"Humidity":58.4448,"TIMESTAMP":"2022-11-28T11:14:51.909Z","BATT":100,"INTERVAL":600},{"modelID":"b0-c0-e7-11-a7-e3","modelType":"Wi-SHT10","DATAS":["Temperature","Humidity"],"Temperature":24.92,"Humidity":58.3104,"TIMESTAMP":"2022-11-28T10:54:45.928Z","BATT":100,"INTERVAL":600},{"modelID":"b0-c0-e7-11-a7-e3","modelType":"Wi-SHT10","DATAS":["Temperature","Humidity"],"Temperature":24.93,"Humidity":58.1472,"TIMESTAMP":"2022-11-28T10:44:23.946Z","BATT":100,"INTERVAL":600},{"modelID":"b0-c0-e7-11-a7-e3","modelType":"Wi-SHT10","DATAS":["Temperature","Humidity"],"Temperature":24.91,"Humidity":58.2624,"TIMESTAMP":"2022-11-28T10:34:47.944Z","BATT":100,"INTERVAL":600},{"modelID":"b0-c0-e7-11-a7-e3","modelType":"Wi-SHT10","DATAS":["Temperature","Humidity"],"Temperature":24.95,"Humidity":58.348800000000004,"TIMESTAMP":"2022-11-28T10:24:40.198Z","BATT":100,"INTERVAL":600},{"modelID":"b0-c0-e7-11-a7-e3","modelType":"Wi-SHT10","DATAS":["Temperature","Humidity"],"Temperature":24.94,"Humidity":58.5792,"TIMESTAMP":"2022-11-28T10:14:30.964Z","BATT":100,"INTERVAL":600},{"modelID":"b0-c0-e7-11-a7-e3","modelType":"Wi-SHT10","DATAS":["Temperature","Humidity"],"Temperature":24.93,"Humidity":58.4544,"TIMESTAMP":"2022-11-28T10:04:39.937Z","BATT":100,"INTERVAL":600},{"modelID":"b0-c0-e7-11-a7-e3","modelType":"Wi-SHT10","DATAS":["Temperature","Humidity"],"Temperature":24.94,"Humidity":58.4544,"TIMESTAMP":"2022-11-28T09:55:13.005Z","BATT":100,"INTERVAL":600},{"modelID":"b0-c0-e7-11-a7-e3","modelType":"Wi-SHT10","DATAS":["Temperature","Humidity"],"Temperature":24.95,"Humidity":58.1856,"TIMESTAMP":"2022-11-28T09:35:13.024Z","BATT":100,"INTERVAL":600},{"modelID":"b0-c0-e7-11-a7-e3","modelType":"Wi-SHT10","DATAS":["Temperature","Humidity"],"Temperature":24.91,"Humidity":57.8016,"TIMESTAMP":"2022-11-28T09:24:25.021Z","BATT":100,"INTERVAL":600},{"modelID":"b0-c0-e7-11-a7-e3","modelType":"Wi-SHT10","DATAS":["Temperature","Humidity"],"Temperature":24.87,"Humidity":57.7056,"TIMESTAMP":"2022-11-28T09:15:00.020Z","BATT":100,"INTERVAL":600},{"modelID":"b0-c0-e7-11-a7-e3","modelType":"Wi-SHT10","DATAS":["Temperature","Humidity"],"Temperature":24.82,"Humidity":57.8016,"TIMESTAMP":"2022-11-28T09:05:17.798Z","BATT":100,"INTERVAL":600},{"modelID":"b0-c0-e7-11-a7-e3","modelType":"Wi-SHT10","DATAS":["Temperature","Humidity"],"Temperature":24.85,"Humidity":57.830400000000004,"TIMESTAMP":"2022-11-28T08:54:28.041Z","BATT":100,"INTERVAL":600},{"modelID":"b0-c0-e7-11-a7-e3","modelType":"Wi-SHT10","DATAS":["Temperature","Humidity"],"Temperature":24.8,"Humidity":57.3504,"TIMESTAMP":"2022-11-28T08:45:01.608Z","BATT":100,"INTERVAL":600},{"modelID":"b0-c0-e7-11-a7-e3","modelType":"Wi-SHT10","DATAS":["Temperature","Humidity"],"Temperature":24.8,"Humidity":56.832,"TIMESTAMP":"2022-11-28T08:24:42.077Z","BATT":100,"INTERVAL":600},{"modelID":"b0-c0-e7-11-a7-e3","modelType":"Wi-SHT10","DATAS":["Temperature","Humidity"],"Temperature":24.84,"Humidity":56.9856,"TIMESTAMP":"2022-11-28T08:14:55.077Z","BATT":100,"INTERVAL":600},{"modelID":"b0-c0-e7-11-a7-e3","modelType":"Wi-SHT10","DATAS":["Temperature","Humidity"],"Temperature":24.92,"Humidity":57.7248,"TIMESTAMP":"2022-11-28T08:05:13.101Z","BATT":100,"INTERVAL":600},{"modelID":"b0-c0-e7-11-a7-e3","modelType":"Wi-SHT10","DATAS":["Temperature","Humidity"],"Temperature":24.91,"Humidity":57.9072,"TIMESTAMP":"2022-11-28T07:54:31.103Z","BATT":100,"INTERVAL":600},{"modelID":"b0-c0-e7-11-a7-e3","modelType":"Wi-SHT10","DATAS":["Temperature","Humidity"],"Temperature":20.91,"Humidity":37.1616,"TIMESTAMP":"2022-11-28T07:44:54.774Z","BATT":100,"INTERVAL":600},{"modelID":"b0-c0-e7-11-a7-e3","modelType":"Wi-SHT10","DATAS":["Temperature","Humidity"],"Temperature":24.89,"Humidity":58.6176,"TIMESTAMP":"2022-11-28T07:34:59.123Z","BATT":100,"INTERVAL":600},{"modelID":"b0-c0-e7-11-a7-e3","modelType":"Wi-SHT10","DATAS":["Temperature","Humidity"],"Temperature":24.92,"Humidity":58.7808,"TIMESTAMP":"2022-11-28T07:25:06.143Z","BATT":100,"INTERVAL":600},{"modelID":"b0-c0-e7-11-a7-e3","modelType":"Wi-SHT10","DATAS":["Temperature","Humidity"],"Temperature":24.85,"Humidity":58.6848,"TIMESTAMP":"2022-11-28T07:15:10.147Z","BATT":100,"INTERVAL":600},{"modelID":"b0-c0-e7-11-a7-e3","modelType":"Wi-SHT10","DATAS":["Temperature","Humidity"],"Temperature":24.83,"Humidity":59.1456,"TIMESTAMP":"2022-11-28T06:55:04.165Z","BATT":100,"INTERVAL":600},{"modelID":"b0-c0-e7-11-a7-e3","modelType":"Wi-SHT10","DATAS":["Temperature","Humidity"],"Temperature":24.93,"Humidity":58.9824,"TIMESTAMP":"2022-11-28T06:44:51.418Z","BATT":100,"INTERVAL":600},{"modelID":"b0-c0-e7-11-a7-e3","modelType":"Wi-SHT10","DATAS":["Temperature","Humidity"],"Temperature":24.98,"Humidity":59.462399999999995,"TIMESTAMP":"2022-11-28T06:35:13.180Z","BATT":100,"INTERVAL":600},{"modelID":"b0-c0-e7-11-a7-e3","modelType":"Wi-SHT10","DATAS":["Temperature","Humidity"],"Temperature":24.92,"Humidity":59.76,"TIMESTAMP":"2022-11-28T06:25:05.200Z","BATT":100,"INTERVAL":600},{"modelID":"b0-c0-e7-11-a7-e3","modelType":"Wi-SHT10","DATAS":["Temperature","Humidity"],"Temperature":24.89,"Humidity":59.510400000000004,"TIMESTAMP":"2022-11-28T06:14:24.207Z","BATT":100,"INTERVAL":600},{"modelID":"b0-c0-e7-11-a7-e3","modelType":"Wi-SHT10","DATAS":["Temperature","Humidity"],"Temperature":24.8,"Humidity":59.020799999999994,"TIMESTAMP":"2022-11-28T06:05:08.216Z","BATT":100,"INTERVAL":600},{"modelID":"b0-c0-e7-11-a7-e3","modelType":"Wi-SHT10","DATAS":["Temperature","Humidity"],"Temperature":24.77,"Humidity":58.924800000000005,"TIMESTAMP":"2022-11-28T05:55:00.239Z","BATT":100,"INTERVAL":600},{"modelID":"b0-c0-e7-11-a7-e3","modelType":"Wi-SHT10","DATAS":["Temperature","Humidity"],"Temperature":24.73,"Humidity":58.512,"TIMESTAMP":"2022-11-28T05:45:12.239Z","BATT":100,"INTERVAL":600},{"modelID":"b0-c0-e7-11-a7-e3","modelType":"Wi-SHT10","DATAS":["Temperature","Humidity"],"Temperature":24.72,"Humidity":58.752,"TIMESTAMP":"2022-11-28T05:34:38.252Z","BATT":100,"INTERVAL":600},{"modelID":"b0-c0-e7-11-a7-e3","modelType":"Wi-SHT10","DATAS":["Temperature","Humidity"],"Temperature":24.75,"Humidity":59.4048,"TIMESTAMP":"2022-11-28T05:24:56.431Z","BATT":100,"INTERVAL":600},{"modelID":"b0-c0-e7-11-a7-e3","modelType":"Wi-SHT10","DATAS":["Temperature","Humidity"],"Temperature":24.75,"Humidity":59.6928,"TIMESTAMP":"2022-11-28T05:14:38.270Z","BATT":100,"INTERVAL":600},{"modelID":"b0-c0-e7-11-a7-e3","modelType":"Wi-SHT10","DATAS":["Temperature","Humidity"],"Temperature":24.75,"Humidity":59.9328,"TIMESTAMP":"2022-11-28T05:04:59.269Z","BATT":100,"INTERVAL":600},{"modelID":"b0-c0-e7-11-a7-e3","modelType":"Wi-SHT10","DATAS":["Temperature","Humidity"],"Temperature":24.77,"Humidity":60.096000000000004,"TIMESTAMP":"2022-11-28T04:55:07.289Z","BATT":100,"INTERVAL":600},{"modelID":"b0-c0-e7-11-a7-e3","modelType":"Wi-SHT10","DATAS":["Temperature","Humidity"],"Temperature":24.77,"Humidity":60.1248,"TIMESTAMP":"2022-11-28T04:44:29.589Z","BATT":100,"INTERVAL":600},{"modelID":"b0-c0-e7-11-a7-e3","modelType":"Wi-SHT10","DATAS":["Temperature","Humidity"],"Temperature":24.74,"Humidity":59.443200000000004,"TIMESTAMP":"2022-11-28T04:34:38.288Z","BATT":100,"INTERVAL":600},{"modelID":"b0-c0-e7-11-a7-e3","modelType":"Wi-SHT10","DATAS":["Temperature","Humidity"],"Temperature":24.78,"Humidity":59.510400000000004,"TIMESTAMP":"2022-11-28T04:24:53.548Z","BATT":100,"INTERVAL":600},{"modelID":"b0-c0-e7-11-a7-e3","modelType":"Wi-SHT10","DATAS":["Temperature","Humidity"],"Temperature":24.79,"Humidity":59.7792,"TIMESTAMP":"2022-11-28T04:15:01.329Z","BATT":100,"INTERVAL":600},{"modelID":"b0-c0-e7-11-a7-e3","modelType":"Wi-SHT10","DATAS":["Temperature","Humidity"],"Temperature":24.73,"Humidity":59.52,"TIMESTAMP":"2022-11-28T03:55:10.343Z","BATT":100,"INTERVAL":600},{"modelID":"b0-c0-e7-11-a7-e3","modelType":"Wi-SHT10","DATAS":["Temperature","Humidity"],"Temperature":21.05,"Humidity":34.9152,"TIMESTAMP":"2022-11-28T03:45:03.215Z","BATT":100,"INTERVAL":600},{"modelID":"b0-c0-e7-11-a7-e3","modelType":"Wi-SHT10","DATAS":["Temperature","Humidity"],"Temperature":24.77,"Humidity":60.1248,"TIMESTAMP":"2022-11-28T03:34:35.362Z","BATT":100,"INTERVAL":600},{"modelID":"b0-c0-e7-11-a7-e3","modelType":"Wi-SHT10","DATAS":["Temperature","Humidity"],"Temperature":24.73,"Humidity":59.664,"TIMESTAMP":"2022-11-28T03:25:10.381Z","BATT":100,"INTERVAL":600},{"modelID":"b0-c0-e7-11-a7-e3","modelType":"Wi-SHT10","DATAS":["Temperature","Humidity"],"Temperature":24.75,"Humidity":60.6432,"TIMESTAMP":"2022-11-28T03:14:55.369Z","BATT":100,"INTERVAL":600},{"modelID":"b0-c0-e7-11-a7-e3","modelType":"Wi-SHT10","DATAS":["Temperature","Humidity"],"Temperature":24.78,"Humidity":60.4128,"TIMESTAMP":"2022-11-28T03:04:25.213Z","BATT":100,"INTERVAL":600},{"modelID":"b0-c0-e7-11-a7-e3","modelType":"Wi-SHT10","DATAS":["Temperature","Humidity"],"Temperature":24.77,"Humidity":60.3648,"TIMESTAMP":"2022-11-28T02:53:59.413Z","BATT":100,"INTERVAL":600},{"modelID":"b0-c0-e7-11-a7-e3","modelType":"Wi-SHT10","DATAS":["Temperature","Humidity"],"Temperature":24.77,"Humidity":60.3456,"TIMESTAMP":"2022-11-28T02:44:07.417Z","BATT":100,"INTERVAL":600},{"modelID":"b0-c0-e7-11-a7-e3","modelType":"Wi-SHT10","DATAS":["Temperature","Humidity"],"Temperature":24.7,"Humidity":60.4608,"TIMESTAMP":"2022-11-28T02:34:03.419Z","BATT":100,"INTERVAL":600},{"modelID":"b0-c0-e7-11-a7-e3","modelType":"Wi-SHT10","DATAS":["Temperature","Humidity"],"Temperature":24.67,"Humidity":60.355199999999996,"TIMESTAMP":"2022-11-28T02:24:12.438Z","BATT":100,"INTERVAL":600},{"modelID":"b0-c0-e7-11-a7-e3","modelType":"Wi-SHT10","DATAS":["Temperature","Humidity"],"Temperature":24.72,"Humidity":60.384,"TIMESTAMP":"2022-11-28T02:14:03.436Z","BATT":100,"INTERVAL":600},{"modelID":"b0-c0-e7-11-a7-e3","modelType":"Wi-SHT10","DATAS":["Temperature","Humidity"],"Temperature":24.67,"Humidity":60.4128,"TIMESTAMP":"2022-11-28T02:03:34.445Z","BATT":100,"INTERVAL":600},{"modelID":"b0-c0-e7-11-a7-e3","modelType":"Wi-SHT10","DATAS":["Temperature","Humidity"],"Temperature":24.63,"Humidity":60.4608,"TIMESTAMP":"2022-11-28T01:53:25.461Z","BATT":100,"INTERVAL":600},{"modelID":"b0-c0-e7-11-a7-e3","modelType":"Wi-SHT10","DATAS":["Temperature","Humidity"],"Temperature":24.57,"Humidity":60.336,"TIMESTAMP":"2022-11-28T01:43:44.470Z","BATT":100,"INTERVAL":600},{"modelID":"b0-c0-e7-11-a7-e3","modelType":"Wi-SHT10","DATAS":["Temperature","Humidity"],"Temperature":24.64,"Humidity":60.6816,"TIMESTAMP":"2022-11-28T01:24:13.121Z","BATT":100,"INTERVAL":600},{"modelID":"b0-c0-e7-11-a7-e3","modelType":"Wi-SHT10","DATAS":["Temperature","Humidity"],"Temperature":24.72,"Humidity":60.816,"TIMESTAMP":"2022-11-28T01:14:04.597Z","BATT":100,"INTERVAL":600},{"modelID":"b0-c0-e7-11-a7-e3","modelType":"Wi-SHT10","DATAS":["Temperature","Humidity"],"Temperature":24.76,"Humidity":61.488,"TIMESTAMP":"2022-11-28T00:53:29.523Z","BATT":100,"INTERVAL":600},{"modelID":"b0-c0-e7-11-a7-e3","modelType":"Wi-SHT10","DATAS":["Temperature","Humidity"],"Temperature":24.74,"Humidity":61.632000000000005,"TIMESTAMP":"2022-11-28T00:43:35.525Z","BATT":100,"INTERVAL":600},{"modelID":"b0-c0-e7-11-a7-e3","modelType":"Wi-SHT10","DATAS":["Temperature","Humidity"],"Temperature":24.73,"Humidity":61.872,"TIMESTAMP":"2022-11-28T00:33:40.541Z","BATT":100,"INTERVAL":600},{"modelID":"b0-c0-e7-11-a7-e3","modelType":"Wi-SHT10","DATAS":["Temperature","Humidity"],"Temperature":24.68,"Humidity":61.910399999999996,"TIMESTAMP":"2022-11-28T00:24:10.555Z","BATT":100,"INTERVAL":600},{"modelID":"b0-c0-e7-11-a7-e3","modelType":"Wi-SHT10","DATAS":["Temperature","Humidity"],"Temperature":24.63,"Humidity":61.4688,"TIMESTAMP":"2022-11-28T00:14:02.059Z","BATT":100,"INTERVAL":600},{"modelID":"b0-c0-e7-11-a7-e3","modelType":"Wi-SHT10","DATAS":["Temperature","Humidity"],"Temperature":24.73,"Humidity":61.3824,"TIMESTAMP":"2022-11-28T00:04:05.575Z","BATT":100,"INTERVAL":600},{"modelID":"b0-c0-e7-11-a7-e3","modelType":"Wi-SHT10","DATAS":["Temperature","Humidity"],"Temperature":24.69,"Humidity":61.5264,"TIMESTAMP":"2022-11-27T23:53:31.196Z","BATT":100,"INTERVAL":600},{"modelID":"b0-c0-e7-11-a7-e3","modelType":"Wi-SHT10","DATAS":["Temperature","Humidity"],"Temperature":24.61,"Humidity":61.670399999999994,"TIMESTAMP":"2022-11-27T23:44:09.577Z","BATT":100,"INTERVAL":600},{"modelID":"b0-c0-e7-11-a7-e3","modelType":"Wi-SHT10","DATAS":["Temperature","Humidity"],"Temperature":24.53,"Humidity":61.5264,"TIMESTAMP":"2022-11-27T23:33:47.605Z","BATT":100,"INTERVAL":600},{"modelID":"b0-c0-e7-11-a7-e3","modelType":"Wi-SHT10","DATAS":["Temperature","Humidity"],"Temperature":24.48,"Humidity":61.2288,"TIMESTAMP":"2022-11-27T23:23:34.596Z","BATT":100,"INTERVAL":600},{"modelID":"b0-c0-e7-11-a7-e3","modelType":"Wi-SHT10","DATAS":["Temperature","Humidity"],"Temperature":24.42,"Humidity":61.056000000000004,"TIMESTAMP":"2022-11-27T23:13:36.609Z","BATT":100,"INTERVAL":600},{"modelID":"b0-c0-e7-11-a7-e3","modelType":"Wi-SHT10","DATAS":["Temperature","Humidity"],"Temperature":24.37,"Humidity":61.075199999999995,"TIMESTAMP":"2022-11-27T23:03:32.621Z","BATT":100,"INTERVAL":600},{"modelID":"b0-c0-e7-11-a7-e3","modelType":"Wi-SHT10","DATAS":["Temperature","Humidity"],"Temperature":24.39,"Humidity":61.0944,"TIMESTAMP":"2022-11-27T22:53:36.645Z","BATT":100,"INTERVAL":600},{"modelID":"b0-c0-e7-11-a7-e3","modelType":"Wi-SHT10","DATAS":["Temperature","Humidity"],"Temperature":24.37,"Humidity":61.1136,"TIMESTAMP":"2022-11-27T22:43:58.636Z","BATT":100,"INTERVAL":600},{"modelID":"b0-c0-e7-11-a7-e3","modelType":"Wi-SHT10","DATAS":["Temperature","Humidity"],"Temperature":24.38,"Humidity":61.142399999999995,"TIMESTAMP":"2022-11-27T22:33:38.656Z","BATT":100,"INTERVAL":600},{"modelID":"b0-c0-e7-11-a7-e3","modelType":"Wi-SHT10","DATAS":["Temperature","Humidity"],"Temperature":24.34,"Humidity":61.142399999999995,"TIMESTAMP":"2022-11-27T22:23:34.659Z","BATT":100,"INTERVAL":600},{"modelID":"b0-c0-e7-11-a7-e3","modelType":"Wi-SHT10","DATAS":["Temperature","Humidity"],"Temperature":24.41,"Humidity":61.0944,"TIMESTAMP":"2022-11-27T22:03:37.680Z","BATT":100,"INTERVAL":600},{"modelID":"b0-c0-e7-11-a7-e3","modelType":"Wi-SHT10","DATAS":["Temperature","Humidity"],"Temperature":24.4,"Humidity":61.2,"TIMESTAMP":"2022-11-27T21:53:39.683Z","BATT":100,"INTERVAL":600},{"modelID":"b0-c0-e7-11-a7-e3","modelType":"Wi-SHT10","DATAS":["Temperature","Humidity"],"Temperature":24.39,"Humidity":61.209599999999995,"TIMESTAMP":"2022-11-27T21:44:13.701Z","BATT":100,"INTERVAL":600},{"modelID":"b0-c0-e7-11-a7-e3","modelType":"Wi-SHT10","DATAS":["Temperature","Humidity"],"Temperature":24.43,"Humidity":61.3344,"TIMESTAMP":"2022-11-27T21:33:55.008Z","BATT":100,"INTERVAL":600},{"modelID":"b0-c0-e7-11-a7-e3","modelType":"Wi-SHT10","DATAS":["Temperature","Humidity"],"Temperature":24.4,"Humidity":61.3152,"TIMESTAMP":"2022-11-27T21:23:51.724Z","BATT":100,"INTERVAL":600},{"modelID":"b0-c0-e7-11-a7-e3","modelType":"Wi-SHT10","DATAS":["Temperature","Humidity"],"Temperature":24.4,"Humidity":61.3632,"TIMESTAMP":"2022-11-27T21:03:34.742Z","BATT":100,"INTERVAL":600},{"modelID":"b0-c0-e7-11-a7-e3","modelType":"Wi-SHT10","DATAS":["Temperature","Humidity"],"Temperature":24.41,"Humidity":61.4016,"TIMESTAMP":"2022-11-27T20:43:49.753Z","BATT":100,"INTERVAL":600},{"modelID":"b0-c0-e7-11-a7-e3","modelType":"Wi-SHT10","DATAS":["Temperature","Humidity"],"Temperature":24.45,"Humidity":61.535999999999994,"TIMESTAMP":"2022-11-27T20:24:13.780Z","BATT":100,"INTERVAL":600},{"modelID":"b0-c0-e7-11-a7-e3","modelType":"Wi-SHT10","DATAS":["Temperature","Humidity"],"Temperature":24.43,"Humidity":61.5456,"TIMESTAMP":"2022-11-27T20:13:34.794Z","BATT":100,"INTERVAL":600},{"modelID":"b0-c0-e7-11-a7-e3","modelType":"Wi-SHT10","DATAS":["Temperature","Humidity"],"Temperature":24.44,"Humidity":61.584,"TIMESTAMP":"2022-11-27T20:04:13.792Z","BATT":100,"INTERVAL":600},{"modelID":"b0-c0-e7-11-a7-e3","modelType":"Wi-SHT10","DATAS":["Temperature","Humidity"],"Temperature":24.43,"Humidity":61.5744,"TIMESTAMP":"2022-11-27T19:53:27.825Z","BATT":100,"INTERVAL":600},{"modelID":"b0-c0-e7-11-a7-e3","modelType":"Wi-SHT10","DATAS":["Temperature","Humidity"],"Temperature":24.42,"Humidity":61.535999999999994,"TIMESTAMP":"2022-11-27T19:43:27.818Z","BATT":100,"INTERVAL":600},{"modelID":"b0-c0-e7-11-a7-e3","modelType":"Wi-SHT10","DATAS":["Temperature","Humidity"],"Temperature":24.42,"Humidity":61.593599999999995,"TIMESTAMP":"2022-11-27T19:33:34.892Z","BATT":100,"INTERVAL":600},{"modelID":"b0-c0-e7-11-a7-e3","modelType":"Wi-SHT10","DATAS":["Temperature","Humidity"],"Temperature":24.44,"Humidity":61.5264,"TIMESTAMP":"2022-11-27T19:23:44.838Z","BATT":100,"INTERVAL":600},{"modelID":"b0-c0-e7-11-a7-e3","modelType":"Wi-SHT10","DATAS":["Temperature","Humidity"],"Temperature":24.46,"Humidity":61.68,"TIMESTAMP":"2022-11-27T19:03:24.857Z","BATT":100,"INTERVAL":600},{"modelID":"b0-c0-e7-11-a7-e3","modelType":"Wi-SHT10","DATAS":["Temperature","Humidity"],"Temperature":24.48,"Humidity":61.61280000000001,"TIMESTAMP":"2022-11-27T18:53:28.173Z","BATT":100,"INTERVAL":600},{"modelID":"b0-c0-e7-11-a7-e3","modelType":"Wi-SHT10","DATAS":["Temperature","Humidity"],"Temperature":24.49,"Humidity":61.632000000000005,"TIMESTAMP":"2022-11-27T18:43:24.874Z","BATT":100,"INTERVAL":600},{"modelID":"b0-c0-e7-11-a7-e3","modelType":"Wi-SHT10","DATAS":["Temperature","Humidity"],"Temperature":24.48,"Humidity":61.6608,"TIMESTAMP":"2022-11-27T18:33:27.893Z","BATT":100,"INTERVAL":600},{"modelID":"b0-c0-e7-11-a7-e3","modelType":"Wi-SHT10","DATAS":["Temperature","Humidity"],"Temperature":24.49,"Humidity":61.766400000000004,"TIMESTAMP":"2022-11-27T18:24:03.733Z","BATT":100,"INTERVAL":600},{"modelID":"b0-c0-e7-11-a7-e3","modelType":"Wi-SHT10","DATAS":["Temperature","Humidity"],"Temperature":24.5,"Humidity":61.766400000000004,"TIMESTAMP":"2022-11-27T18:13:25.914Z","BATT":100,"INTERVAL":600},{"modelID":"b0-c0-e7-11-a7-e3","modelType":"Wi-SHT10","DATAS":["Temperature","Humidity"],"Temperature":24.49,"Humidity":61.8912,"TIMESTAMP":"2022-11-27T18:03:53.913Z","BATT":100,"INTERVAL":600},{"modelID":"b0-c0-e7-11-a7-e3","modelType":"Wi-SHT10","DATAS":["Temperature","Humidity"],"Temperature":24.49,"Humidity":61.8624,"TIMESTAMP":"2022-11-27T17:44:09.943Z","BATT":100,"INTERVAL":600},{"modelID":"b0-c0-e7-11-a7-e3","modelType":"Wi-SHT10","DATAS":["Temperature","Humidity"],"Temperature":24.53,"Humidity":61.967999999999996,"TIMESTAMP":"2022-11-27T17:34:09.317Z","BATT":100,"INTERVAL":600},{"modelID":"b0-c0-e7-11-a7-e3","modelType":"Wi-SHT10","DATAS":["Temperature","Humidity"],"Temperature":24.5,"Humidity":62.06400000000001,"TIMESTAMP":"2022-11-27T17:23:52.940Z","BATT":100,"INTERVAL":600},{"modelID":"b0-c0-e7-11-a7-e3","modelType":"Wi-SHT10","DATAS":["Temperature","Humidity"],"Temperature":24.53,"Humidity":62.121599999999994,"TIMESTAMP":"2022-11-27T17:04:10.975Z","BATT":100,"INTERVAL":600},{"modelID":"b0-c0-e7-11-a7-e3","modelType":"Wi-SHT10","DATAS":["Temperature","Humidity"],"Temperature":24.54,"Humidity":62.19840000000001,"TIMESTAMP":"2022-11-27T16:43:41.741Z","BATT":100,"INTERVAL":600},{"modelID":"b0-c0-e7-11-a7-e3","modelType":"Wi-SHT10","DATAS":["Temperature","Humidity"],"Temperature":24.52,"Humidity":62.275200000000005,"TIMESTAMP":"2022-11-27T16:34:00.981Z","BATT":100,"INTERVAL":600},{"modelID":"b0-c0-e7-11-a7-e3","modelType":"Wi-SHT10","DATAS":["Temperature","Humidity"],"Temperature":24.54,"Humidity":62.2944,"TIMESTAMP":"2022-11-27T16:23:38.010Z","BATT":100,"INTERVAL":600}],"DAYHOURS":["21","20","19","18","17","16","15","14","13","12","11","10","9","8","7","6","5","4","3","2","1","0"]}