{"SENSORNAME":"DLA PASTING ROOM 1","SENSORTYPE":"WISENSOR","DTUID":"-1","SENSORID":"B0-33-3C-85-AC-53","DATE0":"2022-11-28T12:59:47.402Z","DATE1":"2021-12-20T22:11:31.148Z","DAYDATA":[{"modelID":"b0-33-3c-85-ac-53","modelType":"Wi-SHT10","DATAS":["Temperature","Humidity"],"Temperature":22.14,"Humidity":34.4256,"TIMESTAMP":"2022-11-28T12:59:47.402Z","BATT":100,"INTERVAL":600},{"modelID":"b0-33-3c-85-ac-53","modelType":"Wi-SHT10","DATAS":["Temperature","Humidity"],"Temperature":21.88,"Humidity":34.6272,"TIMESTAMP":"2022-11-28T12:29:40.540Z","BATT":100,"INTERVAL":600},{"modelID":"b0-33-3c-85-ac-53","modelType":"Wi-SHT10","DATAS":["Temperature","Humidity"],"Temperature":22,"Humidity":34.7616,"TIMESTAMP":"2022-11-28T12:09:33.701Z","BATT":100,"INTERVAL":600},{"modelID":"b0-33-3c-85-ac-53","modelType":"Wi-SHT10","DATAS":["Temperature","Humidity"],"Temperature":22.06,"Humidity":34.204800000000006,"TIMESTAMP":"2022-11-28T11:59:29.057Z","BATT":100,"INTERVAL":600},{"modelID":"b0-33-3c-85-ac-53","modelType":"Wi-SHT10","DATAS":["Temperature","Humidity"],"Temperature":22.14,"Humidity":34.0992,"TIMESTAMP":"2022-11-28T11:49:21.008Z","BATT":100,"INTERVAL":600},{"modelID":"b0-33-3c-85-ac-53","modelType":"Wi-SHT10","DATAS":["Temperature","Humidity"],"Temperature":22.29,"Humidity":33.2256,"TIMESTAMP":"2022-11-28T11:39:30.688Z","BATT":100,"INTERVAL":600},{"modelID":"b0-33-3c-85-ac-53","modelType":"Wi-SHT10","DATAS":["Temperature","Humidity"],"Temperature":22.21,"Humidity":41.1648,"TIMESTAMP":"2022-11-28T11:29:31.788Z","BATT":100,"INTERVAL":600},{"modelID":"b0-33-3c-85-ac-53","modelType":"Wi-SHT10","DATAS":["Temperature","Humidity"],"Temperature":21.94,"Humidity":39.744,"TIMESTAMP":"2022-11-28T11:19:21.468Z","BATT":100,"INTERVAL":600},{"modelID":"b0-33-3c-85-ac-53","modelType":"Wi-SHT10","DATAS":["Temperature","Humidity"],"Temperature":21.62,"Humidity":36.3936,"TIMESTAMP":"2022-11-28T11:09:18.468Z","BATT":100,"INTERVAL":600},{"modelID":"b0-33-3c-85-ac-53","modelType":"Wi-SHT10","DATAS":["Temperature","Humidity"],"Temperature":21.53,"Humidity":32.9664,"TIMESTAMP":"2022-11-28T10:59:44.868Z","BATT":100,"INTERVAL":600},{"modelID":"b0-33-3c-85-ac-53","modelType":"Wi-SHT10","DATAS":["Temperature","Humidity"],"Temperature":21.53,"Humidity":32.9856,"TIMESTAMP":"2022-11-28T10:49:43.368Z","BATT":100,"INTERVAL":600},{"modelID":"b0-33-3c-85-ac-53","modelType":"Wi-SHT10","DATAS":["Temperature","Humidity"],"Temperature":21.53,"Humidity":32.9664,"TIMESTAMP":"2022-11-28T10:39:18.705Z","BATT":100,"INTERVAL":600},{"modelID":"b0-33-3c-85-ac-53","modelType":"Wi-SHT10","DATAS":["Temperature","Humidity"],"Temperature":21.6,"Humidity":33.446400000000004,"TIMESTAMP":"2022-11-28T10:29:42.225Z","BATT":100,"INTERVAL":600},{"modelID":"b0-33-3c-85-ac-53","modelType":"Wi-SHT10","DATAS":["Temperature","Humidity"],"Temperature":21.65,"Humidity":33.984,"TIMESTAMP":"2022-11-28T10:19:25.465Z","BATT":100,"INTERVAL":600},{"modelID":"b0-33-3c-85-ac-53","modelType":"Wi-SHT10","DATAS":["Temperature","Humidity"],"Temperature":21.67,"Humidity":34.3968,"TIMESTAMP":"2022-11-28T10:09:35.603Z","BATT":100,"INTERVAL":600},{"modelID":"b0-33-3c-85-ac-53","modelType":"Wi-SHT10","DATAS":["Temperature","Humidity"],"Temperature":21.61,"Humidity":34.8864,"TIMESTAMP":"2022-11-28T09:59:37.725Z","BATT":100,"INTERVAL":600},{"modelID":"b0-33-3c-85-ac-53","modelType":"Wi-SHT10","DATAS":["Temperature","Humidity"],"Temperature":21.52,"Humidity":35.0784,"TIMESTAMP":"2022-11-28T09:49:40.592Z","BATT":100,"INTERVAL":600},{"modelID":"b0-33-3c-85-ac-53","modelType":"Wi-SHT10","DATAS":["Temperature","Humidity"],"Temperature":21.36,"Humidity":35.3088,"TIMESTAMP":"2022-11-28T09:39:23.019Z","BATT":100,"INTERVAL":600},{"modelID":"b0-33-3c-85-ac-53","modelType":"Wi-SHT10","DATAS":["Temperature","Humidity"],"Temperature":21.2,"Humidity":35.5392,"TIMESTAMP":"2022-11-28T09:29:46.024Z","BATT":100,"INTERVAL":600},{"modelID":"b0-33-3c-85-ac-53","modelType":"Wi-SHT10","DATAS":["Temperature","Humidity"],"Temperature":21.06,"Humidity":35.8656,"TIMESTAMP":"2022-11-28T09:19:15.161Z","BATT":100,"INTERVAL":600},{"modelID":"b0-33-3c-85-ac-53","modelType":"Wi-SHT10","DATAS":["Temperature","Humidity"],"Temperature":20.88,"Humidity":37.209599999999995,"TIMESTAMP":"2022-11-28T09:09:38.740Z","BATT":100,"INTERVAL":600},{"modelID":"b0-33-3c-85-ac-53","modelType":"Wi-SHT10","DATAS":["Temperature","Humidity"],"Temperature":20.69,"Humidity":37.065599999999996,"TIMESTAMP":"2022-11-28T08:59:16.380Z","BATT":100,"INTERVAL":600},{"modelID":"b0-33-3c-85-ac-53","modelType":"Wi-SHT10","DATAS":["Temperature","Humidity"],"Temperature":20.7,"Humidity":37.0368,"TIMESTAMP":"2022-11-28T08:49:31.040Z","BATT":100,"INTERVAL":600},{"modelID":"b0-33-3c-85-ac-53","modelType":"Wi-SHT10","DATAS":["Temperature","Humidity"],"Temperature":20.75,"Humidity":37.123200000000004,"TIMESTAMP":"2022-11-28T08:39:39.376Z","BATT":100,"INTERVAL":600},{"modelID":"b0-33-3c-85-ac-53","modelType":"Wi-SHT10","DATAS":["Temperature","Humidity"],"Temperature":20.8,"Humidity":37.0272,"TIMESTAMP":"2022-11-28T08:29:46.905Z","BATT":100,"INTERVAL":600},{"modelID":"b0-33-3c-85-ac-53","modelType":"Wi-SHT10","DATAS":["Temperature","Humidity"],"Temperature":20.83,"Humidity":37.1808,"TIMESTAMP":"2022-11-28T08:19:33.397Z","BATT":100,"INTERVAL":600},{"modelID":"b0-33-3c-85-ac-53","modelType":"Wi-SHT10","DATAS":["Temperature","Humidity"],"Temperature":20.89,"Humidity":37.065599999999996,"TIMESTAMP":"2022-11-28T08:09:18.005Z","BATT":100,"INTERVAL":600},{"modelID":"b0-33-3c-85-ac-53","modelType":"Wi-SHT10","DATAS":["Temperature","Humidity"],"Temperature":20.92,"Humidity":37.0176,"TIMESTAMP":"2022-11-28T07:59:32.025Z","BATT":100,"INTERVAL":600},{"modelID":"b0-33-3c-85-ac-53","modelType":"Wi-SHT10","DATAS":["Temperature","Humidity"],"Temperature":21.01,"Humidity":37.046400000000006,"TIMESTAMP":"2022-11-28T07:49:27.022Z","BATT":100,"INTERVAL":600},{"modelID":"b0-33-3c-85-ac-53","modelType":"Wi-SHT10","DATAS":["Temperature","Humidity"],"Temperature":21.02,"Humidity":37.2864,"TIMESTAMP":"2022-11-28T07:39:23.704Z","BATT":100,"INTERVAL":600},{"modelID":"b0-33-3c-85-ac-53","modelType":"Wi-SHT10","DATAS":["Temperature","Humidity"],"Temperature":21.11,"Humidity":37.046400000000006,"TIMESTAMP":"2022-11-28T07:29:41.541Z","BATT":100,"INTERVAL":600},{"modelID":"b0-33-3c-85-ac-53","modelType":"Wi-SHT10","DATAS":["Temperature","Humidity"],"Temperature":21.14,"Humidity":36.739200000000004,"TIMESTAMP":"2022-11-28T07:19:14.784Z","BATT":100,"INTERVAL":600},{"modelID":"b0-33-3c-85-ac-53","modelType":"Wi-SHT10","DATAS":["Temperature","Humidity"],"Temperature":21.24,"Humidity":36.623999999999995,"TIMESTAMP":"2022-11-28T07:09:39.689Z","BATT":100,"INTERVAL":600},{"modelID":"b0-33-3c-85-ac-53","modelType":"Wi-SHT10","DATAS":["Temperature","Humidity"],"Temperature":21.27,"Humidity":36.4608,"TIMESTAMP":"2022-11-28T06:59:28.780Z","BATT":100,"INTERVAL":600},{"modelID":"b0-33-3c-85-ac-53","modelType":"Wi-SHT10","DATAS":["Temperature","Humidity"],"Temperature":21.33,"Humidity":36.5856,"TIMESTAMP":"2022-11-28T06:49:43.673Z","BATT":100,"INTERVAL":600},{"modelID":"b0-33-3c-85-ac-53","modelType":"Wi-SHT10","DATAS":["Temperature","Humidity"],"Temperature":21.32,"Humidity":37.152,"TIMESTAMP":"2022-11-28T06:39:48.406Z","BATT":100,"INTERVAL":600},{"modelID":"b0-33-3c-85-ac-53","modelType":"Wi-SHT10","DATAS":["Temperature","Humidity"],"Temperature":21.32,"Humidity":36.4992,"TIMESTAMP":"2022-11-28T06:29:25.701Z","BATT":100,"INTERVAL":600},{"modelID":"b0-33-3c-85-ac-53","modelType":"Wi-SHT10","DATAS":["Temperature","Humidity"],"Temperature":21.32,"Humidity":37.8048,"TIMESTAMP":"2022-11-28T06:19:34.940Z","BATT":100,"INTERVAL":600},{"modelID":"b0-33-3c-85-ac-53","modelType":"Wi-SHT10","DATAS":["Temperature","Humidity"],"Temperature":21.28,"Humidity":37.3056,"TIMESTAMP":"2022-11-28T06:09:21.280Z","BATT":100,"INTERVAL":600},{"modelID":"b0-33-3c-85-ac-53","modelType":"Wi-SHT10","DATAS":["Temperature","Humidity"],"Temperature":21.26,"Humidity":37.3056,"TIMESTAMP":"2022-11-28T05:59:36.919Z","BATT":100,"INTERVAL":600},{"modelID":"b0-33-3c-85-ac-53","modelType":"Wi-SHT10","DATAS":["Temperature","Humidity"],"Temperature":21.21,"Humidity":37.9008,"TIMESTAMP":"2022-11-28T05:49:27.012Z","BATT":100,"INTERVAL":600},{"modelID":"b0-33-3c-85-ac-53","modelType":"Wi-SHT10","DATAS":["Temperature","Humidity"],"Temperature":21.14,"Humidity":37.651199999999996,"TIMESTAMP":"2022-11-28T05:39:48.495Z","BATT":100,"INTERVAL":600},{"modelID":"b0-33-3c-85-ac-53","modelType":"Wi-SHT10","DATAS":["Temperature","Humidity"],"Temperature":21.15,"Humidity":37.0944,"TIMESTAMP":"2022-11-28T05:29:38.071Z","BATT":100,"INTERVAL":600},{"modelID":"b0-33-3c-85-ac-53","modelType":"Wi-SHT10","DATAS":["Temperature","Humidity"],"Temperature":21.08,"Humidity":36.7968,"TIMESTAMP":"2022-11-28T05:19:38.770Z","BATT":100,"INTERVAL":600},{"modelID":"b0-33-3c-85-ac-53","modelType":"Wi-SHT10","DATAS":["Temperature","Humidity"],"Temperature":21.04,"Humidity":37.0848,"TIMESTAMP":"2022-11-28T05:09:28.431Z","BATT":100,"INTERVAL":600},{"modelID":"b0-33-3c-85-ac-53","modelType":"Wi-SHT10","DATAS":["Temperature","Humidity"],"Temperature":20.9,"Humidity":37.1616,"TIMESTAMP":"2022-11-28T04:59:15.148Z","BATT":100,"INTERVAL":600},{"modelID":"b0-33-3c-85-ac-53","modelType":"Wi-SHT10","DATAS":["Temperature","Humidity"],"Temperature":21.01,"Humidity":37.708800000000004,"TIMESTAMP":"2022-11-28T04:49:50.619Z","BATT":100,"INTERVAL":600},{"modelID":"b0-33-3c-85-ac-53","modelType":"Wi-SHT10","DATAS":["Temperature","Humidity"],"Temperature":20.93,"Humidity":37.92,"TIMESTAMP":"2022-11-28T04:49:41.284Z","BATT":100,"INTERVAL":600},{"modelID":"b0-33-3c-85-ac-53","modelType":"Wi-SHT10","DATAS":["Temperature","Humidity"],"Temperature":20.87,"Humidity":39.993599999999994,"TIMESTAMP":"2022-11-28T04:39:25.849Z","BATT":100,"INTERVAL":600},{"modelID":"b0-33-3c-85-ac-53","modelType":"Wi-SHT10","DATAS":["Temperature","Humidity"],"Temperature":20.79,"Humidity":39.4656,"TIMESTAMP":"2022-11-28T04:19:22.850Z","BATT":100,"INTERVAL":600},{"modelID":"b0-33-3c-85-ac-53","modelType":"Wi-SHT10","DATAS":["Temperature","Humidity"],"Temperature":20.72,"Humidity":38.832,"TIMESTAMP":"2022-11-28T04:09:17.907Z","BATT":100,"INTERVAL":600},{"modelID":"b0-33-3c-85-ac-53","modelType":"Wi-SHT10","DATAS":["Temperature","Humidity"],"Temperature":20.7,"Humidity":37.651199999999996,"TIMESTAMP":"2022-11-28T03:59:26.332Z","BATT":100,"INTERVAL":600},{"modelID":"b0-33-3c-85-ac-53","modelType":"Wi-SHT10","DATAS":["Temperature","Humidity"],"Temperature":20.68,"Humidity":35.462399999999995,"TIMESTAMP":"2022-11-28T03:39:22.438Z","BATT":100,"INTERVAL":600},{"modelID":"b0-33-3c-85-ac-53","modelType":"Wi-SHT10","DATAS":["Temperature","Humidity"],"Temperature":20.78,"Humidity":36.1248,"TIMESTAMP":"2022-11-28T03:19:21.238Z","BATT":100,"INTERVAL":600},{"modelID":"b0-33-3c-85-ac-53","modelType":"Wi-SHT10","DATAS":["Temperature","Humidity"],"Temperature":20.82,"Humidity":36.700799999999994,"TIMESTAMP":"2022-11-28T03:09:33.495Z","BATT":100,"INTERVAL":600},{"modelID":"b0-33-3c-85-ac-53","modelType":"Wi-SHT10","DATAS":["Temperature","Humidity"],"Temperature":20.84,"Humidity":37.1136,"TIMESTAMP":"2022-11-28T02:59:43.682Z","BATT":100,"INTERVAL":600},{"modelID":"b0-33-3c-85-ac-53","modelType":"Wi-SHT10","DATAS":["Temperature","Humidity"],"Temperature":20.84,"Humidity":37.9104,"TIMESTAMP":"2022-11-28T02:49:34.578Z","BATT":100,"INTERVAL":600},{"modelID":"b0-33-3c-85-ac-53","modelType":"Wi-SHT10","DATAS":["Temperature","Humidity"],"Temperature":20.7,"Humidity":37.68,"TIMESTAMP":"2022-11-28T02:29:24.623Z","BATT":100,"INTERVAL":600},{"modelID":"b0-33-3c-85-ac-53","modelType":"Wi-SHT10","DATAS":["Temperature","Humidity"],"Temperature":20.8,"Humidity":37.4112,"TIMESTAMP":"2022-11-28T02:19:22.656Z","BATT":100,"INTERVAL":600},{"modelID":"b0-33-3c-85-ac-53","modelType":"Wi-SHT10","DATAS":["Temperature","Humidity"],"Temperature":20.82,"Humidity":36.9312,"TIMESTAMP":"2022-11-28T02:09:20.005Z","BATT":100,"INTERVAL":600},{"modelID":"b0-33-3c-85-ac-53","modelType":"Wi-SHT10","DATAS":["Temperature","Humidity"],"Temperature":20.82,"Humidity":37.2864,"TIMESTAMP":"2022-11-28T01:59:31.415Z","BATT":100,"INTERVAL":600},{"modelID":"b0-33-3c-85-ac-53","modelType":"Wi-SHT10","DATAS":["Temperature","Humidity"],"Temperature":20.86,"Humidity":36.528,"TIMESTAMP":"2022-11-28T01:39:48.980Z","BATT":100,"INTERVAL":600},{"modelID":"b0-33-3c-85-ac-53","modelType":"Wi-SHT10","DATAS":["Temperature","Humidity"],"Temperature":21,"Humidity":36.0576,"TIMESTAMP":"2022-11-28T01:29:28.005Z","BATT":100,"INTERVAL":600},{"modelID":"b0-33-3c-85-ac-53","modelType":"Wi-SHT10","DATAS":["Temperature","Humidity"],"Temperature":21.24,"Humidity":35.0784,"TIMESTAMP":"2022-11-28T01:09:42.128Z","BATT":100,"INTERVAL":600},{"modelID":"b0-33-3c-85-ac-53","modelType":"Wi-SHT10","DATAS":["Temperature","Humidity"],"Temperature":21.74,"Humidity":33.5616,"TIMESTAMP":"2022-11-28T00:49:25.171Z","BATT":100,"INTERVAL":600},{"modelID":"b0-33-3c-85-ac-53","modelType":"Wi-SHT10","DATAS":["Temperature","Humidity"],"Temperature":21.87,"Humidity":35.04,"TIMESTAMP":"2022-11-28T00:39:24.504Z","BATT":100,"INTERVAL":600},{"modelID":"b0-33-3c-85-ac-53","modelType":"Wi-SHT10","DATAS":["Temperature","Humidity"],"Temperature":22.21,"Humidity":32.9376,"TIMESTAMP":"2022-11-28T00:29:20.756Z","BATT":100,"INTERVAL":600},{"modelID":"b0-33-3c-85-ac-53","modelType":"Wi-SHT10","DATAS":["Temperature","Humidity"],"Temperature":22.17,"Humidity":33.263999999999996,"TIMESTAMP":"2022-11-28T00:19:38.333Z","BATT":100,"INTERVAL":600},{"modelID":"b0-33-3c-85-ac-53","modelType":"Wi-SHT10","DATAS":["Temperature","Humidity"],"Temperature":22.07,"Humidity":33.1488,"TIMESTAMP":"2022-11-28T00:09:46.873Z","BATT":100,"INTERVAL":600},{"modelID":"b0-33-3c-85-ac-53","modelType":"Wi-SHT10","DATAS":["Temperature","Humidity"],"Temperature":21.96,"Humidity":30.604799999999997,"TIMESTAMP":"2022-11-27T23:59:33.080Z","BATT":100,"INTERVAL":600},{"modelID":"b0-33-3c-85-ac-53","modelType":"Wi-SHT10","DATAS":["Temperature","Humidity"],"Temperature":22,"Humidity":32.2752,"TIMESTAMP":"2022-11-27T23:49:23.356Z","BATT":100,"INTERVAL":600},{"modelID":"b0-33-3c-85-ac-53","modelType":"Wi-SHT10","DATAS":["Temperature","Humidity"],"Temperature":21.83,"Humidity":29.8656,"TIMESTAMP":"2022-11-27T23:39:15.956Z","BATT":100,"INTERVAL":600},{"modelID":"b0-33-3c-85-ac-53","modelType":"Wi-SHT10","DATAS":["Temperature","Humidity"],"Temperature":21.64,"Humidity":28.7424,"TIMESTAMP":"2022-11-27T23:29:23.397Z","BATT":100,"INTERVAL":600},{"modelID":"b0-33-3c-85-ac-53","modelType":"Wi-SHT10","DATAS":["Temperature","Humidity"],"Temperature":21.48,"Humidity":27.264,"TIMESTAMP":"2022-11-27T23:19:37.057Z","BATT":100,"INTERVAL":600},{"modelID":"b0-33-3c-85-ac-53","modelType":"Wi-SHT10","DATAS":["Temperature","Humidity"],"Temperature":21.57,"Humidity":25.343999999999998,"TIMESTAMP":"2022-11-27T23:09:19.265Z","BATT":100,"INTERVAL":600},{"modelID":"b0-33-3c-85-ac-53","modelType":"Wi-SHT10","DATAS":["Temperature","Humidity"],"Temperature":21.58,"Humidity":25.2864,"TIMESTAMP":"2022-11-27T22:59:26.468Z","BATT":100,"INTERVAL":600},{"modelID":"b0-33-3c-85-ac-53","modelType":"Wi-SHT10","DATAS":["Temperature","Humidity"],"Temperature":21.63,"Humidity":25.3152,"TIMESTAMP":"2022-11-27T22:49:44.285Z","BATT":100,"INTERVAL":600},{"modelID":"b0-33-3c-85-ac-53","modelType":"Wi-SHT10","DATAS":["Temperature","Humidity"],"Temperature":21.58,"Humidity":25.296000000000003,"TIMESTAMP":"2022-11-27T22:39:44.940Z","BATT":100,"INTERVAL":600},{"modelID":"b0-33-3c-85-ac-53","modelType":"Wi-SHT10","DATAS":["Temperature","Humidity"],"Temperature":21.58,"Humidity":25.372799999999998,"TIMESTAMP":"2022-11-27T22:29:37.419Z","BATT":100,"INTERVAL":600},{"modelID":"b0-33-3c-85-ac-53","modelType":"Wi-SHT10","DATAS":["Temperature","Humidity"],"Temperature":21.59,"Humidity":25.334400000000002,"TIMESTAMP":"2022-11-27T22:19:46.287Z","BATT":100,"INTERVAL":600},{"modelID":"b0-33-3c-85-ac-53","modelType":"Wi-SHT10","DATAS":["Temperature","Humidity"],"Temperature":21.57,"Humidity":25.3824,"TIMESTAMP":"2022-11-27T22:09:33.577Z","BATT":100,"INTERVAL":600},{"modelID":"b0-33-3c-85-ac-53","modelType":"Wi-SHT10","DATAS":["Temperature","Humidity"],"Temperature":21.56,"Humidity":25.4592,"TIMESTAMP":"2022-11-27T21:59:18.056Z","BATT":100,"INTERVAL":600},{"modelID":"b0-33-3c-85-ac-53","modelType":"Wi-SHT10","DATAS":["Temperature","Humidity"],"Temperature":21.61,"Humidity":25.4688,"TIMESTAMP":"2022-11-27T21:49:15.745Z","BATT":100,"INTERVAL":600},{"modelID":"b0-33-3c-85-ac-53","modelType":"Wi-SHT10","DATAS":["Temperature","Humidity"],"Temperature":21.61,"Humidity":25.4688,"TIMESTAMP":"2022-11-27T21:39:25.242Z","BATT":100,"INTERVAL":600},{"modelID":"b0-33-3c-85-ac-53","modelType":"Wi-SHT10","DATAS":["Temperature","Humidity"],"Temperature":21.59,"Humidity":25.4592,"TIMESTAMP":"2022-11-27T21:29:42.184Z","BATT":100,"INTERVAL":600},{"modelID":"b0-33-3c-85-ac-53","modelType":"Wi-SHT10","DATAS":["Temperature","Humidity"],"Temperature":21.6,"Humidity":25.5072,"TIMESTAMP":"2022-11-27T21:19:43.943Z","BATT":100,"INTERVAL":600},{"modelID":"b0-33-3c-85-ac-53","modelType":"Wi-SHT10","DATAS":["Temperature","Humidity"],"Temperature":21.6,"Humidity":25.4976,"TIMESTAMP":"2022-11-27T21:09:33.922Z","BATT":100,"INTERVAL":600},{"modelID":"b0-33-3c-85-ac-53","modelType":"Wi-SHT10","DATAS":["Temperature","Humidity"],"Temperature":21.61,"Humidity":25.5744,"TIMESTAMP":"2022-11-27T20:59:33.845Z","BATT":100,"INTERVAL":600},{"modelID":"b0-33-3c-85-ac-53","modelType":"Wi-SHT10","DATAS":["Temperature","Humidity"],"Temperature":21.62,"Humidity":25.5936,"TIMESTAMP":"2022-11-27T20:49:26.214Z","BATT":100,"INTERVAL":600},{"modelID":"b0-33-3c-85-ac-53","modelType":"Wi-SHT10","DATAS":["Temperature","Humidity"],"Temperature":21.63,"Humidity":25.6128,"TIMESTAMP":"2022-11-27T20:39:20.996Z","BATT":100,"INTERVAL":600},{"modelID":"b0-33-3c-85-ac-53","modelType":"Wi-SHT10","DATAS":["Temperature","Humidity"],"Temperature":21.63,"Humidity":25.6128,"TIMESTAMP":"2022-11-27T20:29:44.393Z","BATT":100,"INTERVAL":600},{"modelID":"b0-33-3c-85-ac-53","modelType":"Wi-SHT10","DATAS":["Temperature","Humidity"],"Temperature":21.63,"Humidity":25.6512,"TIMESTAMP":"2022-11-27T20:19:28.493Z","BATT":100,"INTERVAL":600},{"modelID":"b0-33-3c-85-ac-53","modelType":"Wi-SHT10","DATAS":["Temperature","Humidity"],"Temperature":21.62,"Humidity":25.7376,"TIMESTAMP":"2022-11-27T20:09:48.073Z","BATT":100,"INTERVAL":600},{"modelID":"b0-33-3c-85-ac-53","modelType":"Wi-SHT10","DATAS":["Temperature","Humidity"],"Temperature":21.62,"Humidity":25.776,"TIMESTAMP":"2022-11-27T19:59:18.194Z","BATT":100,"INTERVAL":600},{"modelID":"b0-33-3c-85-ac-53","modelType":"Wi-SHT10","DATAS":["Temperature","Humidity"],"Temperature":21.6,"Humidity":25.8048,"TIMESTAMP":"2022-11-27T19:49:24.938Z","BATT":100,"INTERVAL":600},{"modelID":"b0-33-3c-85-ac-53","modelType":"Wi-SHT10","DATAS":["Temperature","Humidity"],"Temperature":21.66,"Humidity":25.872,"TIMESTAMP":"2022-11-27T19:39:37.016Z","BATT":100,"INTERVAL":600},{"modelID":"b0-33-3c-85-ac-53","modelType":"Wi-SHT10","DATAS":["Temperature","Humidity"],"Temperature":21.66,"Humidity":25.881600000000002,"TIMESTAMP":"2022-11-27T19:29:43.556Z","BATT":100,"INTERVAL":600},{"modelID":"b0-33-3c-85-ac-53","modelType":"Wi-SHT10","DATAS":["Temperature","Humidity"],"Temperature":21.68,"Humidity":26.0256,"TIMESTAMP":"2022-11-27T19:19:38.137Z","BATT":100,"INTERVAL":600},{"modelID":"b0-33-3c-85-ac-53","modelType":"Wi-SHT10","DATAS":["Temperature","Humidity"],"Temperature":21.73,"Humidity":26.064,"TIMESTAMP":"2022-11-27T19:09:14.725Z","BATT":100,"INTERVAL":600},{"modelID":"b0-33-3c-85-ac-53","modelType":"Wi-SHT10","DATAS":["Temperature","Humidity"],"Temperature":21.71,"Humidity":26.16,"TIMESTAMP":"2022-11-27T18:59:24.318Z","BATT":100,"INTERVAL":600},{"modelID":"b0-33-3c-85-ac-53","modelType":"Wi-SHT10","DATAS":["Temperature","Humidity"],"Temperature":21.71,"Humidity":26.256,"TIMESTAMP":"2022-11-27T18:49:42.158Z","BATT":100,"INTERVAL":600},{"modelID":"b0-33-3c-85-ac-53","modelType":"Wi-SHT10","DATAS":["Temperature","Humidity"],"Temperature":21.71,"Humidity":26.2848,"TIMESTAMP":"2022-11-27T18:39:15.774Z","BATT":100,"INTERVAL":600},{"modelID":"b0-33-3c-85-ac-53","modelType":"Wi-SHT10","DATAS":["Temperature","Humidity"],"Temperature":21.74,"Humidity":26.3136,"TIMESTAMP":"2022-11-27T18:29:28.972Z","BATT":100,"INTERVAL":600},{"modelID":"b0-33-3c-85-ac-53","modelType":"Wi-SHT10","DATAS":["Temperature","Humidity"],"Temperature":21.75,"Humidity":26.2368,"TIMESTAMP":"2022-11-27T18:19:22.914Z","BATT":100,"INTERVAL":600},{"modelID":"b0-33-3c-85-ac-53","modelType":"Wi-SHT10","DATAS":["Temperature","Humidity"],"Temperature":21.79,"Humidity":26.0736,"TIMESTAMP":"2022-11-27T18:09:27.456Z","BATT":100,"INTERVAL":600},{"modelID":"b0-33-3c-85-ac-53","modelType":"Wi-SHT10","DATAS":["Temperature","Humidity"],"Temperature":21.74,"Humidity":25.9296,"TIMESTAMP":"2022-11-27T17:59:44.214Z","BATT":100,"INTERVAL":600},{"modelID":"b0-33-3c-85-ac-53","modelType":"Wi-SHT10","DATAS":["Temperature","Humidity"],"Temperature":21.75,"Humidity":25.9296,"TIMESTAMP":"2022-11-27T17:49:28.934Z","BATT":100,"INTERVAL":600},{"modelID":"b0-33-3c-85-ac-53","modelType":"Wi-SHT10","DATAS":["Temperature","Humidity"],"Temperature":21.76,"Humidity":25.9776,"TIMESTAMP":"2022-11-27T17:39:42.734Z","BATT":100,"INTERVAL":600},{"modelID":"b0-33-3c-85-ac-53","modelType":"Wi-SHT10","DATAS":["Temperature","Humidity"],"Temperature":21.78,"Humidity":26.016000000000002,"TIMESTAMP":"2022-11-27T17:29:38.435Z","BATT":100,"INTERVAL":600},{"modelID":"b0-33-3c-85-ac-53","modelType":"Wi-SHT10","DATAS":["Temperature","Humidity"],"Temperature":21.81,"Humidity":26.064,"TIMESTAMP":"2022-11-27T17:19:18.395Z","BATT":100,"INTERVAL":600},{"modelID":"b0-33-3c-85-ac-53","modelType":"Wi-SHT10","DATAS":["Temperature","Humidity"],"Temperature":21.76,"Humidity":26.112,"TIMESTAMP":"2022-11-27T17:09:44.815Z","BATT":100,"INTERVAL":600},{"modelID":"b0-33-3c-85-ac-53","modelType":"Wi-SHT10","DATAS":["Temperature","Humidity"],"Temperature":21.8,"Humidity":26.102400000000003,"TIMESTAMP":"2022-11-27T16:59:39.119Z","BATT":100,"INTERVAL":600},{"modelID":"b0-33-3c-85-ac-53","modelType":"Wi-SHT10","DATAS":["Temperature","Humidity"],"Temperature":21.79,"Humidity":26.150399999999998,"TIMESTAMP":"2022-11-27T16:49:37.171Z","BATT":100,"INTERVAL":600},{"modelID":"b0-33-3c-85-ac-53","modelType":"Wi-SHT10","DATAS":["Temperature","Humidity"],"Temperature":21.8,"Humidity":26.256,"TIMESTAMP":"2022-11-27T16:39:22.600Z","BATT":100,"INTERVAL":600},{"modelID":"b0-33-3c-85-ac-53","modelType":"Wi-SHT10","DATAS":["Temperature","Humidity"],"Temperature":21.81,"Humidity":26.3136,"TIMESTAMP":"2022-11-27T16:29:20.881Z","BATT":100,"INTERVAL":600},{"modelID":"b0-33-3c-85-ac-53","modelType":"Wi-SHT10","DATAS":["Temperature","Humidity"],"Temperature":21.81,"Humidity":26.371199999999998,"TIMESTAMP":"2022-11-27T16:19:28.938Z","BATT":100,"INTERVAL":600},{"modelID":"b0-33-3c-85-ac-53","modelType":"Wi-SHT10","DATAS":["Temperature","Humidity"],"Temperature":21.84,"Humidity":26.4096,"TIMESTAMP":"2022-11-27T16:09:37.138Z","BATT":100,"INTERVAL":600}],"DAYHOURS":["20","19","18","17","16","15","14","13","12","11","10","9","8","7","6","5","4","3","2","1","0"]}