{"SENSORNAME":"AIR COMPR C1","SENSORTYPE":"PWRMTR(485)","DTUID":"111","SENSORID":9,"PWRMTR0":"258070","PWRMTR1":"9504","DAYDATA":[{"DTUID":"111","SENSORID":9,"FUNCID":3,"NDATA":2,"SENSORTYPE":"PWR-METER-POWER","RCV_BYTES":["0189","C8C0"],"DATAS":[393,-14144],"DATAS1":[],"DATAS2":[],"TIMESTAMP":"2022-11-28T10:07:17.523Z"},{"DTUID":"111","SENSORID":9,"FUNCID":3,"NDATA":2,"SENSORTYPE":"PWR-METER-POWER","RCV_BYTES":["0189","C8C0"],"DATAS":[393,-14144],"DATAS1":[],"DATAS2":[],"TIMESTAMP":"2022-11-28T09:26:27.441Z"},{"DTUID":"111","SENSORID":9,"FUNCID":3,"NDATA":2,"SENSORTYPE":"PWR-METER-POWER","RCV_BYTES":["0189","C8C0"],"DATAS":[393,-14144],"DATAS1":[],"DATAS2":[],"TIMESTAMP":"2022-11-28T09:06:19.469Z"},{"DTUID":"111","SENSORID":9,"FUNCID":3,"NDATA":2,"SENSORTYPE":"PWR-METER-POWER","RCV_BYTES":["0189","C8C0"],"DATAS":[393,-14144],"DATAS1":[],"DATAS2":[],"TIMESTAMP":"2022-11-28T03:04:48.710Z"},{"DTUID":"111","SENSORID":9,"FUNCID":3,"NDATA":2,"SENSORTYPE":"PWR-METER-POWER","RCV_BYTES":["0189","C8C0"],"DATAS":[393,-14144],"DATAS1":[],"DATAS2":[],"TIMESTAMP":"2022-11-28T01:00:50.910Z"},{"DTUID":"111","SENSORID":9,"FUNCID":3,"NDATA":2,"SENSORTYPE":"PWR-METER-POWER","RCV_BYTES":["0189","C8C0"],"DATAS":[393,-14144],"DATAS1":[],"DATAS2":[],"TIMESTAMP":"2022-11-27T23:15:40.965Z"},{"DTUID":"111","SENSORID":9,"FUNCID":3,"NDATA":2,"SENSORTYPE":"PWR-METER-POWER","RCV_BYTES":["0189","C8C0"],"DATAS":[393,-14144],"DATAS1":[],"DATAS2":[],"TIMESTAMP":"2022-11-27T18:15:48.840Z"},{"DTUID":"111","SENSORID":9,"FUNCID":3,"NDATA":2,"SENSORTYPE":"PWR-METER-POWER","RCV_BYTES":["0189","C8C0"],"DATAS":[393,-14144],"DATAS1":[],"DATAS2":[],"TIMESTAMP":"2022-11-27T17:15:17.710Z"}],"DAYHOURS":["18","17","11","9","7","2","1"],"MNTH-2022_11":"258070","WK48":"258070","WK47":"258070","WK46":"258070","WK45":"258070","WK44":"258070","MNTH-2022_10":"258070","WK43":"258070","WK42":"248494","WK41":"236120","WK40":"223798","MNTH-2022_9":"218650","WK39":"210879","WK38":"194601","WK37":"184432","WK36":"175006","MNTH-2022_8":"165486","WK35":"164265","WK34":"152259","WK33":"143950","WK32":"135239","WK31":"131471","MNTH-2022_7":"130899","WK30":"121630","WK29":"114110","WK28":"100721","WK27":"93494","MNTH-2022_6":"83655","WK26":"79124","WK25":"73989","WK24":"65270","WK23":"54265","MNTH-2022_5":"38056","WK22":"38056","WK21":"22272","WK20":"16794","WK19":"10356"}