{"SENSORNAME":"WATER COOLING PACK UNIT A - CWS TEMP","SENSORTYPE":"WTRTEMP(485)","DTUID":"214","SENSORID":"34","DATE0":"2022-11-28T11:56:16.588Z","DATE1":"2022-02-13T09:05:49.516Z","DAYDATA":[{"DTUID":"214","SENSORID":34,"FUNCID":3,"NDATA":2,"SENSORTYPE":"WATER-TEMP","RCV_BYTES":["0000","0129"],"DATAS":[0,297],"DATAS1":[],"DATAS2":[],"TIMESTAMP":"2022-11-28T11:56:16.588Z"},{"DTUID":"214","SENSORID":34,"FUNCID":3,"NDATA":2,"SENSORTYPE":"WATER-TEMP","RCV_BYTES":["0000","0134"],"DATAS":[0,308],"DATAS1":[],"DATAS2":[],"TIMESTAMP":"2022-11-28T10:05:42.072Z"},{"DTUID":"214","SENSORID":34,"FUNCID":3,"NDATA":2,"SENSORTYPE":"WATER-TEMP","RCV_BYTES":["0000","0136"],"DATAS":[0,310],"DATAS1":[],"DATAS2":[],"TIMESTAMP":"2022-11-28T08:29:09.641Z"},{"DTUID":"214","SENSORID":34,"FUNCID":3,"NDATA":2,"SENSORTYPE":"WATER-TEMP","RCV_BYTES":["0000","0143"],"DATAS":[0,323],"DATAS1":[],"DATAS2":[],"TIMESTAMP":"2022-11-28T04:48:46.049Z"},{"DTUID":"214","SENSORID":34,"FUNCID":3,"NDATA":2,"SENSORTYPE":"WATER-TEMP","RCV_BYTES":["0000","012F"],"DATAS":[0,303],"DATAS1":[],"DATAS2":[],"TIMESTAMP":"2022-11-28T01:00:07.902Z"},{"DTUID":"214","SENSORID":34,"FUNCID":3,"NDATA":2,"SENSORTYPE":"WATER-TEMP","RCV_BYTES":["0000","0118"],"DATAS":[0,280],"DATAS1":[],"DATAS2":[],"TIMESTAMP":"2022-11-27T22:34:54.956Z"},{"DTUID":"214","SENSORID":34,"FUNCID":3,"NDATA":2,"SENSORTYPE":"WATER-TEMP","RCV_BYTES":["0000","0116"],"DATAS":[0,278],"DATAS1":[],"DATAS2":[],"TIMESTAMP":"2022-11-27T22:14:54.756Z"},{"DTUID":"214","SENSORID":34,"FUNCID":3,"NDATA":2,"SENSORTYPE":"WATER-TEMP","RCV_BYTES":["0000","0116"],"DATAS":[0,278],"DATAS1":[],"DATAS2":[],"TIMESTAMP":"2022-11-27T21:14:52.941Z"},{"DTUID":"214","SENSORID":34,"FUNCID":3,"NDATA":2,"SENSORTYPE":"WATER-TEMP","RCV_BYTES":["0000","0119"],"DATAS":[0,281],"DATAS1":[],"DATAS2":[],"TIMESTAMP":"2022-11-27T20:34:44.711Z"},{"DTUID":"214","SENSORID":34,"FUNCID":3,"NDATA":2,"SENSORTYPE":"WATER-TEMP","RCV_BYTES":["0000","0121"],"DATAS":[0,289],"DATAS1":[],"DATAS2":[],"TIMESTAMP":"2022-11-27T19:14:39.581Z"},{"DTUID":"214","SENSORID":34,"FUNCID":3,"NDATA":2,"SENSORTYPE":"WATER-TEMP","RCV_BYTES":["0000","0122"],"DATAS":[0,290],"DATAS1":[],"DATAS2":[],"TIMESTAMP":"2022-11-27T18:14:38.012Z"}],"DAYHOURS":["19","18","16","12","9","6","5","4","3","2"]}