{"SENSORNAME":"SERVER ROOM","SENSORTYPE":"WISENSOR","DTUID":"-1","SENSORID":"B0-68-61-5E-F9-72","DATE0":"2022-11-28T13:13:10.598Z","DATE1":"2021-04-24T04:45:53.432Z","DAYDATA":[{"modelID":"b0-68-61-5e-f9-72","modelType":"Wi-SHT10","DATAS":["Temperature","Humidity"],"Temperature":22.41,"Humidity":46.4928,"TIMESTAMP":"2022-11-28T13:13:10.598Z","BATT":100,"INTERVAL":600},{"modelID":"b0-68-61-5e-f9-72","modelType":"Wi-SHT10","DATAS":["Temperature","Humidity"],"Temperature":22.42,"Humidity":46.8,"TIMESTAMP":"2022-11-28T13:03:32.619Z","BATT":100,"INTERVAL":600},{"modelID":"b0-68-61-5e-f9-72","modelType":"Wi-SHT10","DATAS":["Temperature","Humidity"],"Temperature":22.71,"Humidity":45.4368,"TIMESTAMP":"2022-11-28T12:33:22.658Z","BATT":100,"INTERVAL":600},{"modelID":"b0-68-61-5e-f9-72","modelType":"Wi-SHT10","DATAS":["Temperature","Humidity"],"Temperature":22.8,"Humidity":49.0176,"TIMESTAMP":"2022-11-28T12:23:01.677Z","BATT":100,"INTERVAL":600},{"modelID":"b0-68-61-5e-f9-72","modelType":"Wi-SHT10","DATAS":["Temperature","Humidity"],"Temperature":22.6,"Humidity":69.1488,"TIMESTAMP":"2022-11-28T12:13:17.700Z","BATT":100,"INTERVAL":600},{"modelID":"b0-68-61-5e-f9-72","modelType":"Wi-SHT10","DATAS":["Temperature","Humidity"],"Temperature":22.27,"Humidity":45.84,"TIMESTAMP":"2022-11-28T12:03:17.718Z","BATT":100,"INTERVAL":600},{"modelID":"b0-68-61-5e-f9-72","modelType":"Wi-SHT10","DATAS":["Temperature","Humidity"],"Temperature":22.27,"Humidity":45.177600000000005,"TIMESTAMP":"2022-11-28T11:53:21.739Z","BATT":100,"INTERVAL":600},{"modelID":"b0-68-61-5e-f9-72","modelType":"Wi-SHT10","DATAS":["Temperature","Humidity"],"Temperature":22.26,"Humidity":44.6496,"TIMESTAMP":"2022-11-28T11:43:25.747Z","BATT":100,"INTERVAL":600},{"modelID":"b0-68-61-5e-f9-72","modelType":"Wi-SHT10","DATAS":["Temperature","Humidity"],"Temperature":22.28,"Humidity":43.824,"TIMESTAMP":"2022-11-28T11:33:32.750Z","BATT":100,"INTERVAL":600},{"modelID":"b0-68-61-5e-f9-72","modelType":"Wi-SHT10","DATAS":["Temperature","Humidity"],"Temperature":22.44,"Humidity":43.2864,"TIMESTAMP":"2022-11-28T11:23:26.768Z","BATT":100,"INTERVAL":600},{"modelID":"b0-68-61-5e-f9-72","modelType":"Wi-SHT10","DATAS":["Temperature","Humidity"],"Temperature":22.67,"Humidity":43.9872,"TIMESTAMP":"2022-11-28T11:13:11.790Z","BATT":100,"INTERVAL":600},{"modelID":"b0-68-61-5e-f9-72","modelType":"Wi-SHT10","DATAS":["Temperature","Humidity"],"Temperature":22.9,"Humidity":48.5664,"TIMESTAMP":"2022-11-28T11:03:12.809Z","BATT":100,"INTERVAL":600},{"modelID":"b0-68-61-5e-f9-72","modelType":"Wi-SHT10","DATAS":["Temperature","Humidity"],"Temperature":22.46,"Humidity":64.83840000000001,"TIMESTAMP":"2022-11-28T10:53:02.828Z","BATT":100,"INTERVAL":600},{"modelID":"b0-68-61-5e-f9-72","modelType":"Wi-SHT10","DATAS":["Temperature","Humidity"],"Temperature":22.29,"Humidity":43.8912,"TIMESTAMP":"2022-11-28T10:43:34.845Z","BATT":100,"INTERVAL":600},{"modelID":"b0-68-61-5e-f9-72","modelType":"Wi-SHT10","DATAS":["Temperature","Humidity"],"Temperature":22.25,"Humidity":41.4336,"TIMESTAMP":"2022-11-28T10:33:23.864Z","BATT":100,"INTERVAL":600},{"modelID":"b0-68-61-5e-f9-72","modelType":"Wi-SHT10","DATAS":["Temperature","Humidity"],"Temperature":22.45,"Humidity":41.6256,"TIMESTAMP":"2022-11-28T10:23:08.884Z","BATT":100,"INTERVAL":600},{"modelID":"b0-68-61-5e-f9-72","modelType":"Wi-SHT10","DATAS":["Temperature","Humidity"],"Temperature":22.66,"Humidity":41.6352,"TIMESTAMP":"2022-11-28T10:13:19.905Z","BATT":100,"INTERVAL":600},{"modelID":"b0-68-61-5e-f9-72","modelType":"Wi-SHT10","DATAS":["Temperature","Humidity"],"Temperature":22.81,"Humidity":45.8112,"TIMESTAMP":"2022-11-28T10:03:36.912Z","BATT":100,"INTERVAL":600},{"modelID":"b0-68-61-5e-f9-72","modelType":"Wi-SHT10","DATAS":["Temperature","Humidity"],"Temperature":22.23,"Humidity":59.3472,"TIMESTAMP":"2022-11-28T09:53:17.923Z","BATT":100,"INTERVAL":600},{"modelID":"b0-68-61-5e-f9-72","modelType":"Wi-SHT10","DATAS":["Temperature","Humidity"],"Temperature":22.27,"Humidity":39.916799999999995,"TIMESTAMP":"2022-11-28T09:43:16.969Z","BATT":100,"INTERVAL":600},{"modelID":"b0-68-61-5e-f9-72","modelType":"Wi-SHT10","DATAS":["Temperature","Humidity"],"Temperature":22.37,"Humidity":41.020799999999994,"TIMESTAMP":"2022-11-28T09:33:31.959Z","BATT":100,"INTERVAL":600},{"modelID":"b0-68-61-5e-f9-72","modelType":"Wi-SHT10","DATAS":["Temperature","Humidity"],"Temperature":22.61,"Humidity":40.300799999999995,"TIMESTAMP":"2022-11-28T09:23:08.980Z","BATT":100,"INTERVAL":600},{"modelID":"b0-68-61-5e-f9-72","modelType":"Wi-SHT10","DATAS":["Temperature","Humidity"],"Temperature":22.92,"Humidity":46.0416,"TIMESTAMP":"2022-11-28T09:13:34.000Z","BATT":100,"INTERVAL":600},{"modelID":"b0-68-61-5e-f9-72","modelType":"Wi-SHT10","DATAS":["Temperature","Humidity"],"Temperature":22.29,"Humidity":60.768,"TIMESTAMP":"2022-11-28T09:03:09.024Z","BATT":100,"INTERVAL":600},{"modelID":"b0-68-61-5e-f9-72","modelType":"Wi-SHT10","DATAS":["Temperature","Humidity"],"Temperature":22.26,"Humidity":42.604800000000004,"TIMESTAMP":"2022-11-28T08:53:22.022Z","BATT":100,"INTERVAL":600},{"modelID":"b0-68-61-5e-f9-72","modelType":"Wi-SHT10","DATAS":["Temperature","Humidity"],"Temperature":22.44,"Humidity":43.824,"TIMESTAMP":"2022-11-28T08:32:53.057Z","BATT":100,"INTERVAL":600},{"modelID":"b0-68-61-5e-f9-72","modelType":"Wi-SHT10","DATAS":["Temperature","Humidity"],"Temperature":22.48,"Humidity":42.96,"TIMESTAMP":"2022-11-28T08:23:05.038Z","BATT":100,"INTERVAL":600},{"modelID":"b0-68-61-5e-f9-72","modelType":"Wi-SHT10","DATAS":["Temperature","Humidity"],"Temperature":22.58,"Humidity":42.6912,"TIMESTAMP":"2022-11-28T08:12:57.098Z","BATT":100,"INTERVAL":600},{"modelID":"b0-68-61-5e-f9-72","modelType":"Wi-SHT10","DATAS":["Temperature","Humidity"],"Temperature":22.57,"Humidity":42.144,"TIMESTAMP":"2022-11-28T08:03:09.111Z","BATT":100,"INTERVAL":600},{"modelID":"b0-68-61-5e-f9-72","modelType":"Wi-SHT10","DATAS":["Temperature","Humidity"],"Temperature":22.67,"Humidity":40.5888,"TIMESTAMP":"2022-11-28T07:53:34.146Z","BATT":100,"INTERVAL":600},{"modelID":"b0-68-61-5e-f9-72","modelType":"Wi-SHT10","DATAS":["Temperature","Humidity"],"Temperature":22.79,"Humidity":40.7232,"TIMESTAMP":"2022-11-28T07:43:09.137Z","BATT":100,"INTERVAL":600},{"modelID":"b0-68-61-5e-f9-72","modelType":"Wi-SHT10","DATAS":["Temperature","Humidity"],"Temperature":23.01,"Humidity":40.7136,"TIMESTAMP":"2022-11-28T07:33:30.163Z","BATT":100,"INTERVAL":600},{"modelID":"b0-68-61-5e-f9-72","modelType":"Wi-SHT10","DATAS":["Temperature","Humidity"],"Temperature":23.18,"Humidity":41.7408,"TIMESTAMP":"2022-11-28T07:23:28.191Z","BATT":100,"INTERVAL":600},{"modelID":"b0-68-61-5e-f9-72","modelType":"Wi-SHT10","DATAS":["Temperature","Humidity"],"Temperature":23.28,"Humidity":41.5008,"TIMESTAMP":"2022-11-28T07:13:10.205Z","BATT":100,"INTERVAL":600},{"modelID":"b0-68-61-5e-f9-72","modelType":"Wi-SHT10","DATAS":["Temperature","Humidity"],"Temperature":23.46,"Humidity":43.0848,"TIMESTAMP":"2022-11-28T07:03:24.220Z","BATT":100,"INTERVAL":600},{"modelID":"b0-68-61-5e-f9-72","modelType":"Wi-SHT10","DATAS":["Temperature","Humidity"],"Temperature":23.51,"Humidity":43.8144,"TIMESTAMP":"2022-11-28T06:53:30.241Z","BATT":100,"INTERVAL":600},{"modelID":"b0-68-61-5e-f9-72","modelType":"Wi-SHT10","DATAS":["Temperature","Humidity"],"Temperature":23.69,"Humidity":44.035199999999996,"TIMESTAMP":"2022-11-28T06:42:56.248Z","BATT":100,"INTERVAL":600},{"modelID":"b0-68-61-5e-f9-72","modelType":"Wi-SHT10","DATAS":["Temperature","Humidity"],"Temperature":23.72,"Humidity":45.0144,"TIMESTAMP":"2022-11-28T06:33:05.261Z","BATT":100,"INTERVAL":600},{"modelID":"b0-68-61-5e-f9-72","modelType":"Wi-SHT10","DATAS":["Temperature","Humidity"],"Temperature":23.81,"Humidity":45.312000000000005,"TIMESTAMP":"2022-11-28T06:22:53.280Z","BATT":100,"INTERVAL":600},{"modelID":"b0-68-61-5e-f9-72","modelType":"Wi-SHT10","DATAS":["Temperature","Humidity"],"Temperature":23.9,"Humidity":45.5616,"TIMESTAMP":"2022-11-28T06:13:34.312Z","BATT":100,"INTERVAL":600},{"modelID":"b0-68-61-5e-f9-72","modelType":"Wi-SHT10","DATAS":["Temperature","Humidity"],"Temperature":23.86,"Humidity":45.1008,"TIMESTAMP":"2022-11-28T06:03:40.312Z","BATT":100,"INTERVAL":600},{"modelID":"b0-68-61-5e-f9-72","modelType":"Wi-SHT10","DATAS":["Temperature","Humidity"],"Temperature":23.82,"Humidity":45.849599999999995,"TIMESTAMP":"2022-11-28T05:53:14.331Z","BATT":100,"INTERVAL":600},{"modelID":"b0-68-61-5e-f9-72","modelType":"Wi-SHT10","DATAS":["Temperature","Humidity"],"Temperature":23.76,"Humidity":45.6672,"TIMESTAMP":"2022-11-28T05:42:54.350Z","BATT":100,"INTERVAL":600},{"modelID":"b0-68-61-5e-f9-72","modelType":"Wi-SHT10","DATAS":["Temperature","Humidity"],"Temperature":23.79,"Humidity":45.5904,"TIMESTAMP":"2022-11-28T05:33:38.373Z","BATT":100,"INTERVAL":600},{"modelID":"b0-68-61-5e-f9-72","modelType":"Wi-SHT10","DATAS":["Temperature","Humidity"],"Temperature":23.75,"Humidity":45.552,"TIMESTAMP":"2022-11-28T05:23:18.391Z","BATT":100,"INTERVAL":600},{"modelID":"b0-68-61-5e-f9-72","modelType":"Wi-SHT10","DATAS":["Temperature","Humidity"],"Temperature":23.77,"Humidity":45.9744,"TIMESTAMP":"2022-11-28T05:13:39.392Z","BATT":100,"INTERVAL":600},{"modelID":"b0-68-61-5e-f9-72","modelType":"Wi-SHT10","DATAS":["Temperature","Humidity"],"Temperature":23.56,"Humidity":45.0048,"TIMESTAMP":"2022-11-28T04:53:38.429Z","BATT":100,"INTERVAL":600},{"modelID":"b0-68-61-5e-f9-72","modelType":"Wi-SHT10","DATAS":["Temperature","Humidity"],"Temperature":23.47,"Humidity":44.88,"TIMESTAMP":"2022-11-28T04:43:12.448Z","BATT":100,"INTERVAL":600},{"modelID":"b0-68-61-5e-f9-72","modelType":"Wi-SHT10","DATAS":["Temperature","Humidity"],"Temperature":23.33,"Humidity":43.7472,"TIMESTAMP":"2022-11-28T04:33:28.469Z","BATT":100,"INTERVAL":600},{"modelID":"b0-68-61-5e-f9-72","modelType":"Wi-SHT10","DATAS":["Temperature","Humidity"],"Temperature":23.44,"Humidity":44.5344,"TIMESTAMP":"2022-11-28T04:23:20.488Z","BATT":100,"INTERVAL":600},{"modelID":"b0-68-61-5e-f9-72","modelType":"Wi-SHT10","DATAS":["Temperature","Humidity"],"Temperature":23.32,"Humidity":44.659200000000006,"TIMESTAMP":"2022-11-28T04:13:24.696Z","BATT":100,"INTERVAL":600},{"modelID":"b0-68-61-5e-f9-72","modelType":"Wi-SHT10","DATAS":["Temperature","Humidity"],"Temperature":23.29,"Humidity":44.784,"TIMESTAMP":"2022-11-28T04:03:28.522Z","BATT":100,"INTERVAL":600},{"modelID":"b0-68-61-5e-f9-72","modelType":"Wi-SHT10","DATAS":["Temperature","Humidity"],"Temperature":23.25,"Humidity":45.9552,"TIMESTAMP":"2022-11-28T03:53:39.532Z","BATT":100,"INTERVAL":600},{"modelID":"b0-68-61-5e-f9-72","modelType":"Wi-SHT10","DATAS":["Temperature","Humidity"],"Temperature":23.17,"Humidity":45.619200000000006,"TIMESTAMP":"2022-11-28T03:43:38.179Z","BATT":100,"INTERVAL":600},{"modelID":"b0-68-61-5e-f9-72","modelType":"Wi-SHT10","DATAS":["Temperature","Humidity"],"Temperature":23.11,"Humidity":45.4752,"TIMESTAMP":"2022-11-28T03:33:07.563Z","BATT":100,"INTERVAL":600},{"modelID":"b0-68-61-5e-f9-72","modelType":"Wi-SHT10","DATAS":["Temperature","Humidity"],"Temperature":22.99,"Humidity":45.964800000000004,"TIMESTAMP":"2022-11-28T03:23:13.595Z","BATT":100,"INTERVAL":600},{"modelID":"b0-68-61-5e-f9-72","modelType":"Wi-SHT10","DATAS":["Temperature","Humidity"],"Temperature":22.93,"Humidity":45.8112,"TIMESTAMP":"2022-11-28T03:13:40.603Z","BATT":100,"INTERVAL":600},{"modelID":"b0-68-61-5e-f9-72","modelType":"Wi-SHT10","DATAS":["Temperature","Humidity"],"Temperature":22.73,"Humidity":45.686400000000006,"TIMESTAMP":"2022-11-28T02:53:09.642Z","BATT":100,"INTERVAL":600},{"modelID":"b0-68-61-5e-f9-72","modelType":"Wi-SHT10","DATAS":["Temperature","Humidity"],"Temperature":22.67,"Humidity":45.7728,"TIMESTAMP":"2022-11-28T02:43:08.695Z","BATT":100,"INTERVAL":600},{"modelID":"b0-68-61-5e-f9-72","modelType":"Wi-SHT10","DATAS":["Temperature","Humidity"],"Temperature":22.52,"Humidity":45.331199999999995,"TIMESTAMP":"2022-11-28T02:23:14.677Z","BATT":100,"INTERVAL":600},{"modelID":"b0-68-61-5e-f9-72","modelType":"Wi-SHT10","DATAS":["Temperature","Humidity"],"Temperature":22.55,"Humidity":45.6,"TIMESTAMP":"2022-11-28T02:13:40.695Z","BATT":100,"INTERVAL":600},{"modelID":"b0-68-61-5e-f9-72","modelType":"Wi-SHT10","DATAS":["Temperature","Humidity"],"Temperature":22.41,"Humidity":45.3984,"TIMESTAMP":"2022-11-28T02:03:38.726Z","BATT":100,"INTERVAL":600},{"modelID":"b0-68-61-5e-f9-72","modelType":"Wi-SHT10","DATAS":["Temperature","Humidity"],"Temperature":22.43,"Humidity":44.3616,"TIMESTAMP":"2022-11-28T01:53:11.739Z","BATT":100,"INTERVAL":600},{"modelID":"b0-68-61-5e-f9-72","modelType":"Wi-SHT10","DATAS":["Temperature","Humidity"],"Temperature":22.42,"Humidity":44.976,"TIMESTAMP":"2022-11-28T01:43:38.752Z","BATT":100,"INTERVAL":600},{"modelID":"b0-68-61-5e-f9-72","modelType":"Wi-SHT10","DATAS":["Temperature","Humidity"],"Temperature":22.44,"Humidity":44.9472,"TIMESTAMP":"2022-11-28T01:23:13.792Z","BATT":100,"INTERVAL":600},{"modelID":"b0-68-61-5e-f9-72","modelType":"Wi-SHT10","DATAS":["Temperature","Humidity"],"Temperature":22.46,"Humidity":44.496,"TIMESTAMP":"2022-11-28T01:13:09.808Z","BATT":100,"INTERVAL":600},{"modelID":"b0-68-61-5e-f9-72","modelType":"Wi-SHT10","DATAS":["Temperature","Humidity"],"Temperature":22.43,"Humidity":65.28,"TIMESTAMP":"2022-11-28T00:53:32.842Z","BATT":100,"INTERVAL":600},{"modelID":"b0-68-61-5e-f9-72","modelType":"Wi-SHT10","DATAS":["Temperature","Humidity"],"Temperature":22.17,"Humidity":41.961600000000004,"TIMESTAMP":"2022-11-28T00:43:36.742Z","BATT":100,"INTERVAL":600},{"modelID":"b0-68-61-5e-f9-72","modelType":"Wi-SHT10","DATAS":["Temperature","Humidity"],"Temperature":22.48,"Humidity":44.7072,"TIMESTAMP":"2022-11-28T00:33:37.863Z","BATT":100,"INTERVAL":600},{"modelID":"b0-68-61-5e-f9-72","modelType":"Wi-SHT10","DATAS":["Temperature","Humidity"],"Temperature":22.47,"Humidity":66.3168,"TIMESTAMP":"2022-11-28T00:23:04.892Z","BATT":100,"INTERVAL":600},{"modelID":"b0-68-61-5e-f9-72","modelType":"Wi-SHT10","DATAS":["Temperature","Humidity"],"Temperature":22.16,"Humidity":43.152,"TIMESTAMP":"2022-11-28T00:12:55.873Z","BATT":100,"INTERVAL":600},{"modelID":"b0-68-61-5e-f9-72","modelType":"Wi-SHT10","DATAS":["Temperature","Humidity"],"Temperature":22.34,"Humidity":43.9008,"TIMESTAMP":"2022-11-28T00:03:27.913Z","BATT":100,"INTERVAL":600},{"modelID":"b0-68-61-5e-f9-72","modelType":"Wi-SHT10","DATAS":["Temperature","Humidity"],"Temperature":22.68,"Humidity":51.897600000000004,"TIMESTAMP":"2022-11-27T23:53:29.945Z","BATT":100,"INTERVAL":600},{"modelID":"b0-68-61-5e-f9-72","modelType":"Wi-SHT10","DATAS":["Temperature","Humidity"],"Temperature":22.11,"Humidity":62.361599999999996,"TIMESTAMP":"2022-11-27T23:43:18.939Z","BATT":100,"INTERVAL":600},{"modelID":"b0-68-61-5e-f9-72","modelType":"Wi-SHT10","DATAS":["Temperature","Humidity"],"Temperature":22.27,"Humidity":45.196799999999996,"TIMESTAMP":"2022-11-27T23:33:26.976Z","BATT":100,"INTERVAL":600},{"modelID":"b0-68-61-5e-f9-72","modelType":"Wi-SHT10","DATAS":["Temperature","Humidity"],"Temperature":22.5,"Humidity":46.8384,"TIMESTAMP":"2022-11-27T23:23:21.003Z","BATT":100,"INTERVAL":600},{"modelID":"b0-68-61-5e-f9-72","modelType":"Wi-SHT10","DATAS":["Temperature","Humidity"],"Temperature":22.81,"Humidity":56.7168,"TIMESTAMP":"2022-11-27T23:13:21.163Z","BATT":100,"INTERVAL":600},{"modelID":"b0-68-61-5e-f9-72","modelType":"Wi-SHT10","DATAS":["Temperature","Humidity"],"Temperature":22.17,"Humidity":58.08,"TIMESTAMP":"2022-11-27T23:03:34.020Z","BATT":100,"INTERVAL":600},{"modelID":"b0-68-61-5e-f9-72","modelType":"Wi-SHT10","DATAS":["Temperature","Humidity"],"Temperature":22.24,"Humidity":47.0976,"TIMESTAMP":"2022-11-27T22:53:39.037Z","BATT":100,"INTERVAL":600},{"modelID":"b0-68-61-5e-f9-72","modelType":"Wi-SHT10","DATAS":["Temperature","Humidity"],"Temperature":22.43,"Humidity":46.6464,"TIMESTAMP":"2022-11-27T22:43:24.055Z","BATT":100,"INTERVAL":600},{"modelID":"b0-68-61-5e-f9-72","modelType":"Wi-SHT10","DATAS":["Temperature","Humidity"],"Temperature":22.69,"Humidity":48.2016,"TIMESTAMP":"2022-11-27T22:33:32.084Z","BATT":100,"INTERVAL":600},{"modelID":"b0-68-61-5e-f9-72","modelType":"Wi-SHT10","DATAS":["Temperature","Humidity"],"Temperature":22.47,"Humidity":69.6096,"TIMESTAMP":"2022-11-27T22:23:11.101Z","BATT":100,"INTERVAL":600},{"modelID":"b0-68-61-5e-f9-72","modelType":"Wi-SHT10","DATAS":["Temperature","Humidity"],"Temperature":22.14,"Humidity":47.2416,"TIMESTAMP":"2022-11-27T22:12:53.117Z","BATT":100,"INTERVAL":600},{"modelID":"b0-68-61-5e-f9-72","modelType":"Wi-SHT10","DATAS":["Temperature","Humidity"],"Temperature":22.28,"Humidity":46.848,"TIMESTAMP":"2022-11-27T22:02:52.117Z","BATT":100,"INTERVAL":600},{"modelID":"b0-68-61-5e-f9-72","modelType":"Wi-SHT10","DATAS":["Temperature","Humidity"],"Temperature":22.39,"Humidity":47.2128,"TIMESTAMP":"2022-11-27T21:53:28.142Z","BATT":100,"INTERVAL":600},{"modelID":"b0-68-61-5e-f9-72","modelType":"Wi-SHT10","DATAS":["Temperature","Humidity"],"Temperature":22.64,"Humidity":48.672000000000004,"TIMESTAMP":"2022-11-27T21:43:07.162Z","BATT":100,"INTERVAL":600},{"modelID":"b0-68-61-5e-f9-72","modelType":"Wi-SHT10","DATAS":["Temperature","Humidity"],"Temperature":22.82,"Humidity":64.6464,"TIMESTAMP":"2022-11-27T21:33:23.183Z","BATT":100,"INTERVAL":600},{"modelID":"b0-68-61-5e-f9-72","modelType":"Wi-SHT10","DATAS":["Temperature","Humidity"],"Temperature":22.21,"Humidity":47.7504,"TIMESTAMP":"2022-11-27T21:23:27.501Z","BATT":100,"INTERVAL":600},{"modelID":"b0-68-61-5e-f9-72","modelType":"Wi-SHT10","DATAS":["Temperature","Humidity"],"Temperature":22.28,"Humidity":47.136,"TIMESTAMP":"2022-11-27T21:13:03.202Z","BATT":100,"INTERVAL":600},{"modelID":"b0-68-61-5e-f9-72","modelType":"Wi-SHT10","DATAS":["Temperature","Humidity"],"Temperature":22.39,"Humidity":47.1456,"TIMESTAMP":"2022-11-27T21:03:15.222Z","BATT":100,"INTERVAL":600},{"modelID":"b0-68-61-5e-f9-72","modelType":"Wi-SHT10","DATAS":["Temperature","Humidity"],"Temperature":22.64,"Humidity":48,"TIMESTAMP":"2022-11-27T20:52:55.234Z","BATT":100,"INTERVAL":600},{"modelID":"b0-68-61-5e-f9-72","modelType":"Wi-SHT10","DATAS":["Temperature","Humidity"],"Temperature":22.16,"Humidity":62.97599999999999,"TIMESTAMP":"2022-11-27T20:33:38.274Z","BATT":100,"INTERVAL":600},{"modelID":"b0-68-61-5e-f9-72","modelType":"Wi-SHT10","DATAS":["Temperature","Humidity"],"Temperature":22.23,"Humidity":46.896,"TIMESTAMP":"2022-11-27T20:23:34.293Z","BATT":100,"INTERVAL":600},{"modelID":"b0-68-61-5e-f9-72","modelType":"Wi-SHT10","DATAS":["Temperature","Humidity"],"Temperature":22.32,"Humidity":47.5008,"TIMESTAMP":"2022-11-27T20:13:28.323Z","BATT":100,"INTERVAL":600},{"modelID":"b0-68-61-5e-f9-72","modelType":"Wi-SHT10","DATAS":["Temperature","Humidity"],"Temperature":22.4,"Humidity":47.808,"TIMESTAMP":"2022-11-27T20:03:26.333Z","BATT":100,"INTERVAL":600},{"modelID":"b0-68-61-5e-f9-72","modelType":"Wi-SHT10","DATAS":["Temperature","Humidity"],"Temperature":22.85,"Humidity":52.128,"TIMESTAMP":"2022-11-27T19:43:04.358Z","BATT":100,"INTERVAL":600},{"modelID":"b0-68-61-5e-f9-72","modelType":"Wi-SHT10","DATAS":["Temperature","Humidity"],"Temperature":22.29,"Humidity":68.6208,"TIMESTAMP":"2022-11-27T19:33:21.377Z","BATT":100,"INTERVAL":600},{"modelID":"b0-68-61-5e-f9-72","modelType":"Wi-SHT10","DATAS":["Temperature","Humidity"],"Temperature":22.24,"Humidity":47.568,"TIMESTAMP":"2022-11-27T19:22:59.398Z","BATT":100,"INTERVAL":600},{"modelID":"b0-68-61-5e-f9-72","modelType":"Wi-SHT10","DATAS":["Temperature","Humidity"],"Temperature":22.29,"Humidity":47.7888,"TIMESTAMP":"2022-11-27T19:13:03.426Z","BATT":100,"INTERVAL":600},{"modelID":"b0-68-61-5e-f9-72","modelType":"Wi-SHT10","DATAS":["Temperature","Humidity"],"Temperature":22.39,"Humidity":47.395199999999996,"TIMESTAMP":"2022-11-27T19:03:27.418Z","BATT":100,"INTERVAL":600},{"modelID":"b0-68-61-5e-f9-72","modelType":"Wi-SHT10","DATAS":["Temperature","Humidity"],"Temperature":22.5,"Humidity":47.5392,"TIMESTAMP":"2022-11-27T18:53:03.454Z","BATT":100,"INTERVAL":600},{"modelID":"b0-68-61-5e-f9-72","modelType":"Wi-SHT10","DATAS":["Temperature","Humidity"],"Temperature":22.6,"Humidity":47.395199999999996,"TIMESTAMP":"2022-11-27T18:43:21.453Z","BATT":100,"INTERVAL":600},{"modelID":"b0-68-61-5e-f9-72","modelType":"Wi-SHT10","DATAS":["Temperature","Humidity"],"Temperature":22.94,"Humidity":53.3472,"TIMESTAMP":"2022-11-27T18:33:04.474Z","BATT":100,"INTERVAL":600},{"modelID":"b0-68-61-5e-f9-72","modelType":"Wi-SHT10","DATAS":["Temperature","Humidity"],"Temperature":22.21,"Humidity":66.8256,"TIMESTAMP":"2022-11-27T18:23:29.495Z","BATT":100,"INTERVAL":600},{"modelID":"b0-68-61-5e-f9-72","modelType":"Wi-SHT10","DATAS":["Temperature","Humidity"],"Temperature":22.25,"Humidity":48.0096,"TIMESTAMP":"2022-11-27T18:13:15.514Z","BATT":100,"INTERVAL":600},{"modelID":"b0-68-61-5e-f9-72","modelType":"Wi-SHT10","DATAS":["Temperature","Humidity"],"Temperature":22.31,"Humidity":47.980799999999995,"TIMESTAMP":"2022-11-27T18:02:59.535Z","BATT":100,"INTERVAL":600},{"modelID":"b0-68-61-5e-f9-72","modelType":"Wi-SHT10","DATAS":["Temperature","Humidity"],"Temperature":22.29,"Humidity":47.5968,"TIMESTAMP":"2022-11-27T17:53:15.534Z","BATT":100,"INTERVAL":600},{"modelID":"b0-68-61-5e-f9-72","modelType":"Wi-SHT10","DATAS":["Temperature","Humidity"],"Temperature":22.32,"Humidity":47.7024,"TIMESTAMP":"2022-11-27T17:43:14.555Z","BATT":100,"INTERVAL":600},{"modelID":"b0-68-61-5e-f9-72","modelType":"Wi-SHT10","DATAS":["Temperature","Humidity"],"Temperature":22.46,"Humidity":47.6352,"TIMESTAMP":"2022-11-27T17:32:58.575Z","BATT":100,"INTERVAL":600},{"modelID":"b0-68-61-5e-f9-72","modelType":"Wi-SHT10","DATAS":["Temperature","Humidity"],"Temperature":22.57,"Humidity":47.2224,"TIMESTAMP":"2022-11-27T17:23:17.573Z","BATT":100,"INTERVAL":600},{"modelID":"b0-68-61-5e-f9-72","modelType":"Wi-SHT10","DATAS":["Temperature","Humidity"],"Temperature":22.66,"Humidity":47.961600000000004,"TIMESTAMP":"2022-11-27T17:12:58.615Z","BATT":100,"INTERVAL":600},{"modelID":"b0-68-61-5e-f9-72","modelType":"Wi-SHT10","DATAS":["Temperature","Humidity"],"Temperature":22.77,"Humidity":50.5728,"TIMESTAMP":"2022-11-27T17:03:16.636Z","BATT":100,"INTERVAL":600},{"modelID":"b0-68-61-5e-f9-72","modelType":"Wi-SHT10","DATAS":["Temperature","Humidity"],"Temperature":22.66,"Humidity":73.4976,"TIMESTAMP":"2022-11-27T16:53:21.668Z","BATT":100,"INTERVAL":600},{"modelID":"b0-68-61-5e-f9-72","modelType":"Wi-SHT10","DATAS":["Temperature","Humidity"],"Temperature":22.28,"Humidity":47.7216,"TIMESTAMP":"2022-11-27T16:33:18.524Z","BATT":100,"INTERVAL":600},{"modelID":"b0-68-61-5e-f9-72","modelType":"Wi-SHT10","DATAS":["Temperature","Humidity"],"Temperature":22.26,"Humidity":47.980799999999995,"TIMESTAMP":"2022-11-27T16:13:19.717Z","BATT":100,"INTERVAL":600}],"DAYHOURS":["21","20","19","18","17","16","15","14","13","12","11","10","9","8","7","6","5","4","3","2","1","0"]}