{"SENSORNAME":"PRE-COOL FE - CHWR PRESS 2","SENSORTYPE":"WTRPRS(485)","DTUID":"209","SENSORID":"29","DATE0":"2022-11-28T09:25:12.388Z","DATE1":"2022-02-13T09:59:02.517Z","DAYDATA":[{"DTUID":"209","SENSORID":29,"FUNCID":3,"NDATA":2,"SENSORTYPE":"WATER-PRES","RCV_BYTES":["42A6","7646"],"DATAS":[17062,30278],"DATAS1":[],"DATAS2":[],"TIMESTAMP":"2022-11-28T09:25:12.388Z"},{"DTUID":"209","SENSORID":29,"FUNCID":3,"NDATA":2,"SENSORTYPE":"WATER-PRES","RCV_BYTES":["42A6","7646"],"DATAS":[17062,30278],"DATAS1":[],"DATAS2":[],"TIMESTAMP":"2022-11-28T09:05:11.281Z"},{"DTUID":"209","SENSORID":29,"FUNCID":3,"NDATA":2,"SENSORTYPE":"WATER-PRES","RCV_BYTES":["42A6","7646"],"DATAS":[17062,30278],"DATAS1":[],"DATAS2":[],"TIMESTAMP":"2022-11-28T08:28:44.596Z"},{"DTUID":"209","SENSORID":29,"FUNCID":3,"NDATA":2,"SENSORTYPE":"WATER-PRES","RCV_BYTES":["42A6","7646"],"DATAS":[17062,30278],"DATAS1":[],"DATAS2":[],"TIMESTAMP":"2022-11-28T04:48:21.177Z"},{"DTUID":"209","SENSORID":29,"FUNCID":3,"NDATA":2,"SENSORTYPE":"WATER-PRES","RCV_BYTES":["42A6","7646"],"DATAS":[17062,30278],"DATAS1":[],"DATAS2":[],"TIMESTAMP":"2022-11-28T03:02:59.494Z"},{"DTUID":"209","SENSORID":29,"FUNCID":3,"NDATA":2,"SENSORTYPE":"WATER-PRES","RCV_BYTES":["42A6","7646"],"DATAS":[17062,30278],"DATAS1":[],"DATAS2":[],"TIMESTAMP":"2022-11-28T00:59:37.282Z"},{"DTUID":"209","SENSORID":29,"FUNCID":3,"NDATA":2,"SENSORTYPE":"WATER-PRES","RCV_BYTES":["42A6","7646"],"DATAS":[17062,30278],"DATAS1":[],"DATAS2":[],"TIMESTAMP":"2022-11-27T22:14:29.635Z"},{"DTUID":"209","SENSORID":29,"FUNCID":3,"NDATA":2,"SENSORTYPE":"WATER-PRES","RCV_BYTES":["42A6","7646"],"DATAS":[17062,30278],"DATAS1":[],"DATAS2":[],"TIMESTAMP":"2022-11-27T20:34:19.352Z"},{"DTUID":"209","SENSORID":29,"FUNCID":3,"NDATA":2,"SENSORTYPE":"WATER-PRES","RCV_BYTES":["42A6","7646"],"DATAS":[17062,30278],"DATAS1":[],"DATAS2":[],"TIMESTAMP":"2022-11-27T20:14:20.520Z"},{"DTUID":"209","SENSORID":29,"FUNCID":3,"NDATA":2,"SENSORTYPE":"WATER-PRES","RCV_BYTES":["42A6","7646"],"DATAS":[17062,30278],"DATAS1":[],"DATAS2":[],"TIMESTAMP":"2022-11-27T18:34:11.873Z"},{"DTUID":"209","SENSORID":29,"FUNCID":3,"NDATA":2,"SENSORTYPE":"WATER-PRES","RCV_BYTES":["42A6","7646"],"DATAS":[17062,30278],"DATAS1":[],"DATAS2":[],"TIMESTAMP":"2022-11-27T18:14:12.553Z"},{"DTUID":"209","SENSORID":29,"FUNCID":3,"NDATA":2,"SENSORTYPE":"WATER-PRES","RCV_BYTES":["42A6","7646"],"DATAS":[17062,30278],"DATAS1":[],"DATAS2":[],"TIMESTAMP":"2022-11-27T17:14:05.795Z"}],"DAYHOURS":["17","16","12","11","8","6","4","2","1"]}