{"SENSORNAME":"DH3 - PASTE RM","SENSORTYPE":"PWRMTR(485)","DTUID":"107","SENSORID":2,"PWRMTR0":"35103","PWRMTR1":"881","DAYDATA":[{"DTUID":"107","SENSORID":2,"FUNCID":3,"NDATA":2,"SENSORTYPE":"PWR-METER-POWER","RCV_BYTES":["0035","8FF4"],"DATAS":[53,-28684],"DATAS1":[],"DATAS2":[],"TIMESTAMP":"2022-11-28T10:06:06.092Z"},{"DTUID":"107","SENSORID":2,"FUNCID":3,"NDATA":2,"SENSORTYPE":"PWR-METER-POWER","RCV_BYTES":["0035","7758"],"DATAS":[53,30552],"DATAS1":[],"DATAS2":[],"TIMESTAMP":"2022-11-28T01:00:31.881Z"},{"DTUID":"107","SENSORID":2,"FUNCID":3,"NDATA":2,"SENSORTYPE":"PWR-METER-POWER","RCV_BYTES":["0035","6A24"],"DATAS":[53,27172],"DATAS1":[],"DATAS2":[],"TIMESTAMP":"2022-11-27T20:15:09.880Z"},{"DTUID":"107","SENSORID":2,"FUNCID":3,"NDATA":2,"SENSORTYPE":"PWR-METER-POWER","RCV_BYTES":["0035","6484"],"DATAS":[53,25732],"DATAS1":[],"DATAS2":[],"TIMESTAMP":"2022-11-27T18:15:02.093Z"},{"DTUID":"107","SENSORID":2,"FUNCID":3,"NDATA":2,"SENSORTYPE":"PWR-METER-POWER","RCV_BYTES":["0035","61B4"],"DATAS":[53,25012],"DATAS1":[],"DATAS2":[],"TIMESTAMP":"2022-11-27T17:14:54.868Z"}],"DAYHOURS":["18","9","4","2","1"],"MNTH-2022_11":"35103","WK48":"35103","WK47":"34110","WK46":"32938","WK45":"31760","WK44":"30546","MNTH-2022_10":"30373","WK43":"29381","WK42":"28213","WK41":"27030","WK40":"25852","MNTH-2022_9":"25186","WK39":"24654","WK38":"23430","WK37":"22241","WK36":"21157","MNTH-2022_8":"20150","WK35":"19981","WK34":"18802","WK33":"17626","WK32":"16459","WK31":"15285","MNTH-2022_7":"14947","WK30":"14109","WK29":"12931","WK28":"11778","WK27":"10602","MNTH-2022_6":"9744","WK26":"9423","WK25":"8199","WK24":"7051","WK23":"5870","MNTH-2022_5":"4704","WK22":"4704","WK21":"3512","WK20":"2339","WK19":"1156"}