{"SENSORNAME":"PROD 1 (BACKEND)","SENSORTYPE":"WISENSOR","DTUID":"-1","SENSORID":"B0-D8-BE-52-21-62","DATE0":"2022-11-28T13:08:28.523Z","DATE1":"2021-04-19T16:35:51.692Z","DAYDATA":[{"modelID":"b0-d8-be-52-21-62","modelType":"Wi-SHT10","DATAS":["Temperature","Humidity"],"Temperature":21.37,"Humidity":53.980799999999995,"TIMESTAMP":"2022-11-28T13:08:28.523Z","BATT":100,"INTERVAL":600},{"modelID":"b0-d8-be-52-21-62","modelType":"Wi-SHT10","DATAS":["Temperature","Humidity"],"Temperature":21.61,"Humidity":54.3936,"TIMESTAMP":"2022-11-28T12:58:59.838Z","BATT":100,"INTERVAL":600},{"modelID":"b0-d8-be-52-21-62","modelType":"Wi-SHT10","DATAS":["Temperature","Humidity"],"Temperature":21.61,"Humidity":59.0976,"TIMESTAMP":"2022-11-28T12:28:40.858Z","BATT":100,"INTERVAL":600},{"modelID":"b0-d8-be-52-21-62","modelType":"Wi-SHT10","DATAS":["Temperature","Humidity"],"Temperature":20.91,"Humidity":57.177600000000005,"TIMESTAMP":"2022-11-28T12:18:55.887Z","BATT":100,"INTERVAL":600},{"modelID":"b0-d8-be-52-21-62","modelType":"Wi-SHT10","DATAS":["Temperature","Humidity"],"Temperature":20.86,"Humidity":54.1824,"TIMESTAMP":"2022-11-28T11:58:57.550Z","BATT":100,"INTERVAL":600},{"modelID":"b0-d8-be-52-21-62","modelType":"Wi-SHT10","DATAS":["Temperature","Humidity"],"Temperature":20.94,"Humidity":54.6624,"TIMESTAMP":"2022-11-28T11:49:14.908Z","BATT":100,"INTERVAL":600},{"modelID":"b0-d8-be-52-21-62","modelType":"Wi-SHT10","DATAS":["Temperature","Humidity"],"Temperature":21.01,"Humidity":54.7776,"TIMESTAMP":"2022-11-28T11:39:13.907Z","BATT":100,"INTERVAL":600},{"modelID":"b0-d8-be-52-21-62","modelType":"Wi-SHT10","DATAS":["Temperature","Humidity"],"Temperature":21.14,"Humidity":54.940799999999996,"TIMESTAMP":"2022-11-28T11:28:43.908Z","BATT":100,"INTERVAL":600},{"modelID":"b0-d8-be-52-21-62","modelType":"Wi-SHT10","DATAS":["Temperature","Humidity"],"Temperature":21.27,"Humidity":55.075199999999995,"TIMESTAMP":"2022-11-28T11:19:02.941Z","BATT":100,"INTERVAL":600},{"modelID":"b0-d8-be-52-21-62","modelType":"Wi-SHT10","DATAS":["Temperature","Humidity"],"Temperature":21.58,"Humidity":55.8048,"TIMESTAMP":"2022-11-28T11:09:12.929Z","BATT":100,"INTERVAL":600},{"modelID":"b0-d8-be-52-21-62","modelType":"Wi-SHT10","DATAS":["Temperature","Humidity"],"Temperature":22.08,"Humidity":57.244800000000005,"TIMESTAMP":"2022-11-28T10:58:50.949Z","BATT":100,"INTERVAL":600},{"modelID":"b0-d8-be-52-21-62","modelType":"Wi-SHT10","DATAS":["Temperature","Humidity"],"Temperature":22.02,"Humidity":58.8192,"TIMESTAMP":"2022-11-28T10:48:59.950Z","BATT":100,"INTERVAL":600},{"modelID":"b0-d8-be-52-21-62","modelType":"Wi-SHT10","DATAS":["Temperature","Humidity"],"Temperature":21.53,"Humidity":58.5504,"TIMESTAMP":"2022-11-28T10:38:47.964Z","BATT":100,"INTERVAL":600},{"modelID":"b0-d8-be-52-21-62","modelType":"Wi-SHT10","DATAS":["Temperature","Humidity"],"Temperature":20.84,"Humidity":54.873599999999996,"TIMESTAMP":"2022-11-28T10:29:01.976Z","BATT":100,"INTERVAL":600},{"modelID":"b0-d8-be-52-21-62","modelType":"Wi-SHT10","DATAS":["Temperature","Humidity"],"Temperature":20.89,"Humidity":54.7296,"TIMESTAMP":"2022-11-28T10:18:37.975Z","BATT":10,"INTERVAL":600},{"modelID":"b0-d8-be-52-21-62","modelType":"Wi-SHT10","DATAS":["Temperature","Humidity"],"Temperature":20.83,"Humidity":55.1808,"TIMESTAMP":"2022-11-28T10:08:36.984Z","BATT":100,"INTERVAL":600},{"modelID":"b0-d8-be-52-21-62","modelType":"Wi-SHT10","DATAS":["Temperature","Humidity"],"Temperature":20.97,"Humidity":54.7488,"TIMESTAMP":"2022-11-28T09:58:55.005Z","BATT":100,"INTERVAL":600},{"modelID":"b0-d8-be-52-21-62","modelType":"Wi-SHT10","DATAS":["Temperature","Humidity"],"Temperature":20.98,"Humidity":55.7568,"TIMESTAMP":"2022-11-28T09:48:49.004Z","BATT":100,"INTERVAL":600},{"modelID":"b0-d8-be-52-21-62","modelType":"Wi-SHT10","DATAS":["Temperature","Humidity"],"Temperature":21.12,"Humidity":55.824,"TIMESTAMP":"2022-11-28T09:39:04.022Z","BATT":100,"INTERVAL":600},{"modelID":"b0-d8-be-52-21-62","modelType":"Wi-SHT10","DATAS":["Temperature","Humidity"],"Temperature":21.16,"Humidity":55.3536,"TIMESTAMP":"2022-11-28T09:28:39.020Z","BATT":100,"INTERVAL":600},{"modelID":"b0-d8-be-52-21-62","modelType":"Wi-SHT10","DATAS":["Temperature","Humidity"],"Temperature":21.36,"Humidity":54.1536,"TIMESTAMP":"2022-11-28T09:18:46.041Z","BATT":100,"INTERVAL":600},{"modelID":"b0-d8-be-52-21-62","modelType":"Wi-SHT10","DATAS":["Temperature","Humidity"],"Temperature":21.54,"Humidity":55.152,"TIMESTAMP":"2022-11-28T09:08:35.048Z","BATT":100,"INTERVAL":600},{"modelID":"b0-d8-be-52-21-62","modelType":"Wi-SHT10","DATAS":["Temperature","Humidity"],"Temperature":22.11,"Humidity":56.3424,"TIMESTAMP":"2022-11-28T08:59:01.040Z","BATT":100,"INTERVAL":600},{"modelID":"b0-d8-be-52-21-62","modelType":"Wi-SHT10","DATAS":["Temperature","Humidity"],"Temperature":21.98,"Humidity":58.1088,"TIMESTAMP":"2022-11-28T08:48:43.060Z","BATT":100,"INTERVAL":600},{"modelID":"b0-d8-be-52-21-62","modelType":"Wi-SHT10","DATAS":["Temperature","Humidity"],"Temperature":21.28,"Humidity":56.592000000000006,"TIMESTAMP":"2022-11-28T08:38:26.076Z","BATT":100,"INTERVAL":600},{"modelID":"b0-d8-be-52-21-62","modelType":"Wi-SHT10","DATAS":["Temperature","Humidity"],"Temperature":20.99,"Humidity":53.424,"TIMESTAMP":"2022-11-28T08:29:06.137Z","BATT":100,"INTERVAL":600},{"modelID":"b0-d8-be-52-21-62","modelType":"Wi-SHT10","DATAS":["Temperature","Humidity"],"Temperature":20.89,"Humidity":53.395199999999996,"TIMESTAMP":"2022-11-28T08:19:02.097Z","BATT":100,"INTERVAL":600},{"modelID":"b0-d8-be-52-21-62","modelType":"Wi-SHT10","DATAS":["Temperature","Humidity"],"Temperature":20.93,"Humidity":53.4048,"TIMESTAMP":"2022-11-28T08:08:39.843Z","BATT":100,"INTERVAL":600},{"modelID":"b0-d8-be-52-21-62","modelType":"Wi-SHT10","DATAS":["Temperature","Humidity"],"Temperature":21.07,"Humidity":53.193599999999996,"TIMESTAMP":"2022-11-28T07:58:30.403Z","BATT":100,"INTERVAL":600},{"modelID":"b0-d8-be-52-21-62","modelType":"Wi-SHT10","DATAS":["Temperature","Humidity"],"Temperature":21.27,"Humidity":52.4256,"TIMESTAMP":"2022-11-28T07:49:02.103Z","BATT":100,"INTERVAL":600},{"modelID":"b0-d8-be-52-21-62","modelType":"Wi-SHT10","DATAS":["Temperature","Humidity"],"Temperature":21.36,"Humidity":52.608,"TIMESTAMP":"2022-11-28T07:39:02.123Z","BATT":100,"INTERVAL":600},{"modelID":"b0-d8-be-52-21-62","modelType":"Wi-SHT10","DATAS":["Temperature","Humidity"],"Temperature":21.36,"Humidity":53.126400000000004,"TIMESTAMP":"2022-11-28T07:28:33.978Z","BATT":100,"INTERVAL":600},{"modelID":"b0-d8-be-52-21-62","modelType":"Wi-SHT10","DATAS":["Temperature","Humidity"],"Temperature":21.43,"Humidity":53.2896,"TIMESTAMP":"2022-11-28T07:18:54.144Z","BATT":100,"INTERVAL":600},{"modelID":"b0-d8-be-52-21-62","modelType":"Wi-SHT10","DATAS":["Temperature","Humidity"],"Temperature":21.54,"Humidity":52.876799999999996,"TIMESTAMP":"2022-11-28T07:08:46.147Z","BATT":100,"INTERVAL":600},{"modelID":"b0-d8-be-52-21-62","modelType":"Wi-SHT10","DATAS":["Temperature","Humidity"],"Temperature":21.54,"Humidity":52.4736,"TIMESTAMP":"2022-11-28T06:58:36.162Z","BATT":100,"INTERVAL":600},{"modelID":"b0-d8-be-52-21-62","modelType":"Wi-SHT10","DATAS":["Temperature","Humidity"],"Temperature":21.55,"Humidity":52.8,"TIMESTAMP":"2022-11-28T06:49:00.157Z","BATT":100,"INTERVAL":600},{"modelID":"b0-d8-be-52-21-62","modelType":"Wi-SHT10","DATAS":["Temperature","Humidity"],"Temperature":21.42,"Humidity":53.6928,"TIMESTAMP":"2022-11-28T06:38:31.163Z","BATT":100,"INTERVAL":600},{"modelID":"b0-d8-be-52-21-62","modelType":"Wi-SHT10","DATAS":["Temperature","Humidity"],"Temperature":21.49,"Humidity":53.3472,"TIMESTAMP":"2022-11-28T06:28:43.191Z","BATT":100,"INTERVAL":600},{"modelID":"b0-d8-be-52-21-62","modelType":"Wi-SHT10","DATAS":["Temperature","Humidity"],"Temperature":21.47,"Humidity":54.422399999999996,"TIMESTAMP":"2022-11-28T06:18:31.201Z","BATT":100,"INTERVAL":600},{"modelID":"b0-d8-be-52-21-62","modelType":"Wi-SHT10","DATAS":["Temperature","Humidity"],"Temperature":21.4,"Humidity":53.8752,"TIMESTAMP":"2022-11-28T06:09:14.209Z","BATT":100,"INTERVAL":600},{"modelID":"b0-d8-be-52-21-62","modelType":"Wi-SHT10","DATAS":["Temperature","Humidity"],"Temperature":21.45,"Humidity":53.462399999999995,"TIMESTAMP":"2022-11-28T05:58:58.212Z","BATT":100,"INTERVAL":600},{"modelID":"b0-d8-be-52-21-62","modelType":"Wi-SHT10","DATAS":["Temperature","Humidity"],"Temperature":21.5,"Humidity":53.1456,"TIMESTAMP":"2022-11-28T05:48:29.213Z","BATT":100,"INTERVAL":600},{"modelID":"b0-d8-be-52-21-62","modelType":"Wi-SHT10","DATAS":["Temperature","Humidity"],"Temperature":21.49,"Humidity":52.502399999999994,"TIMESTAMP":"2022-11-28T05:38:57.231Z","BATT":100,"INTERVAL":600},{"modelID":"b0-d8-be-52-21-62","modelType":"Wi-SHT10","DATAS":["Temperature","Humidity"],"Temperature":21.51,"Humidity":51.9072,"TIMESTAMP":"2022-11-28T05:29:09.911Z","BATT":100,"INTERVAL":600},{"modelID":"b0-d8-be-52-21-62","modelType":"Wi-SHT10","DATAS":["Temperature","Humidity"],"Temperature":21.48,"Humidity":51.7728,"TIMESTAMP":"2022-11-28T05:18:47.252Z","BATT":100,"INTERVAL":600},{"modelID":"b0-d8-be-52-21-62","modelType":"Wi-SHT10","DATAS":["Temperature","Humidity"],"Temperature":21.48,"Humidity":52.1472,"TIMESTAMP":"2022-11-28T05:08:44.264Z","BATT":100,"INTERVAL":600},{"modelID":"b0-d8-be-52-21-62","modelType":"Wi-SHT10","DATAS":["Temperature","Humidity"],"Temperature":21.47,"Humidity":52.857600000000005,"TIMESTAMP":"2022-11-28T04:59:13.269Z","BATT":100,"INTERVAL":600},{"modelID":"b0-d8-be-52-21-62","modelType":"Wi-SHT10","DATAS":["Temperature","Humidity"],"Temperature":21.46,"Humidity":53.2896,"TIMESTAMP":"2022-11-28T04:48:36.270Z","BATT":100,"INTERVAL":600},{"modelID":"b0-d8-be-52-21-62","modelType":"Wi-SHT10","DATAS":["Temperature","Humidity"],"Temperature":21.39,"Humidity":53.4336,"TIMESTAMP":"2022-11-28T04:38:49.289Z","BATT":100,"INTERVAL":600},{"modelID":"b0-d8-be-52-21-62","modelType":"Wi-SHT10","DATAS":["Temperature","Humidity"],"Temperature":21.35,"Humidity":53.7888,"TIMESTAMP":"2022-11-28T04:29:10.297Z","BATT":100,"INTERVAL":600},{"modelID":"b0-d8-be-52-21-62","modelType":"Wi-SHT10","DATAS":["Temperature","Humidity"],"Temperature":21.38,"Humidity":53.980799999999995,"TIMESTAMP":"2022-11-28T04:19:03.317Z","BATT":100,"INTERVAL":600},{"modelID":"b0-d8-be-52-21-62","modelType":"Wi-SHT10","DATAS":["Temperature","Humidity"],"Temperature":21.44,"Humidity":54.633599999999994,"TIMESTAMP":"2022-11-28T04:09:03.309Z","BATT":100,"INTERVAL":600},{"modelID":"b0-d8-be-52-21-62","modelType":"Wi-SHT10","DATAS":["Temperature","Humidity"],"Temperature":21.35,"Humidity":53.7024,"TIMESTAMP":"2022-11-28T03:58:53.322Z","BATT":100,"INTERVAL":600},{"modelID":"b0-d8-be-52-21-62","modelType":"Wi-SHT10","DATAS":["Temperature","Humidity"],"Temperature":21.34,"Humidity":53.7408,"TIMESTAMP":"2022-11-28T03:49:06.332Z","BATT":100,"INTERVAL":600},{"modelID":"b0-d8-be-52-21-62","modelType":"Wi-SHT10","DATAS":["Temperature","Humidity"],"Temperature":21.37,"Humidity":54.384,"TIMESTAMP":"2022-11-28T03:38:31.342Z","BATT":100,"INTERVAL":600},{"modelID":"b0-d8-be-52-21-62","modelType":"Wi-SHT10","DATAS":["Temperature","Humidity"],"Temperature":21.38,"Humidity":55.152,"TIMESTAMP":"2022-11-28T03:18:33.362Z","BATT":100,"INTERVAL":600},{"modelID":"b0-d8-be-52-21-62","modelType":"Wi-SHT10","DATAS":["Temperature","Humidity"],"Temperature":21.43,"Humidity":55.872,"TIMESTAMP":"2022-11-28T03:09:08.356Z","BATT":100,"INTERVAL":600},{"modelID":"b0-d8-be-52-21-62","modelType":"Wi-SHT10","DATAS":["Temperature","Humidity"],"Temperature":21.6,"Humidity":56.5248,"TIMESTAMP":"2022-11-28T02:58:32.374Z","BATT":100,"INTERVAL":600},{"modelID":"b0-d8-be-52-21-62","modelType":"Wi-SHT10","DATAS":["Temperature","Humidity"],"Temperature":21.78,"Humidity":56.8992,"TIMESTAMP":"2022-11-28T02:48:48.374Z","BATT":100,"INTERVAL":600},{"modelID":"b0-d8-be-52-21-62","modelType":"Wi-SHT10","DATAS":["Temperature","Humidity"],"Temperature":22.29,"Humidity":59.2896,"TIMESTAMP":"2022-11-28T02:29:04.763Z","BATT":100,"INTERVAL":600},{"modelID":"b0-d8-be-52-21-62","modelType":"Wi-SHT10","DATAS":["Temperature","Humidity"],"Temperature":22.81,"Humidity":63.5424,"TIMESTAMP":"2022-11-28T02:19:14.398Z","BATT":100,"INTERVAL":600},{"modelID":"b0-d8-be-52-21-62","modelType":"Wi-SHT10","DATAS":["Temperature","Humidity"],"Temperature":22.83,"Humidity":63.772800000000004,"TIMESTAMP":"2022-11-28T02:08:52.406Z","BATT":100,"INTERVAL":600},{"modelID":"b0-d8-be-52-21-62","modelType":"Wi-SHT10","DATAS":["Temperature","Humidity"],"Temperature":22.47,"Humidity":65.1936,"TIMESTAMP":"2022-11-28T01:38:41.439Z","BATT":100,"INTERVAL":600},{"modelID":"b0-d8-be-52-21-62","modelType":"Wi-SHT10","DATAS":["Temperature","Humidity"],"Temperature":22.43,"Humidity":66.17280000000001,"TIMESTAMP":"2022-11-28T01:29:12.433Z","BATT":100,"INTERVAL":600},{"modelID":"b0-d8-be-52-21-62","modelType":"Wi-SHT10","DATAS":["Temperature","Humidity"],"Temperature":22.22,"Humidity":67.152,"TIMESTAMP":"2022-11-28T01:08:41.468Z","BATT":100,"INTERVAL":600},{"modelID":"b0-d8-be-52-21-62","modelType":"Wi-SHT10","DATAS":["Temperature","Humidity"],"Temperature":22.14,"Humidity":68.67840000000001,"TIMESTAMP":"2022-11-28T00:58:55.510Z","BATT":100,"INTERVAL":600},{"modelID":"b0-d8-be-52-21-62","modelType":"Wi-SHT10","DATAS":["Temperature","Humidity"],"Temperature":22.17,"Humidity":70.8672,"TIMESTAMP":"2022-11-28T00:48:49.483Z","BATT":100,"INTERVAL":600},{"modelID":"b0-d8-be-52-21-62","modelType":"Wi-SHT10","DATAS":["Temperature","Humidity"],"Temperature":22.35,"Humidity":72.68159999999999,"TIMESTAMP":"2022-11-28T00:39:08.083Z","BATT":100,"INTERVAL":600},{"modelID":"b0-d8-be-52-21-62","modelType":"Wi-SHT10","DATAS":["Temperature","Humidity"],"Temperature":21.44,"Humidity":71.76960000000001,"TIMESTAMP":"2022-11-28T00:28:32.493Z","BATT":100,"INTERVAL":600},{"modelID":"b0-d8-be-52-21-62","modelType":"Wi-SHT10","DATAS":["Temperature","Humidity"],"Temperature":20.53,"Humidity":64.92479999999999,"TIMESTAMP":"2022-11-28T00:18:32.513Z","BATT":100,"INTERVAL":600},{"modelID":"b0-d8-be-52-21-62","modelType":"Wi-SHT10","DATAS":["Temperature","Humidity"],"Temperature":20.53,"Humidity":64.0224,"TIMESTAMP":"2022-11-28T00:08:44.514Z","BATT":100,"INTERVAL":600},{"modelID":"b0-d8-be-52-21-62","modelType":"Wi-SHT10","DATAS":["Temperature","Humidity"],"Temperature":20.55,"Humidity":65.6928,"TIMESTAMP":"2022-11-27T23:58:29.534Z","BATT":100,"INTERVAL":600},{"modelID":"b0-d8-be-52-21-62","modelType":"Wi-SHT10","DATAS":["Temperature","Humidity"],"Temperature":20.4,"Humidity":59.462399999999995,"TIMESTAMP":"2022-11-27T23:48:35.536Z","BATT":100,"INTERVAL":600},{"modelID":"b0-d8-be-52-21-62","modelType":"Wi-SHT10","DATAS":["Temperature","Humidity"],"Temperature":20.6,"Humidity":59.4816,"TIMESTAMP":"2022-11-27T23:39:09.544Z","BATT":100,"INTERVAL":600},{"modelID":"b0-d8-be-52-21-62","modelType":"Wi-SHT10","DATAS":["Temperature","Humidity"],"Temperature":20.83,"Humidity":60.604800000000004,"TIMESTAMP":"2022-11-27T23:28:52.564Z","BATT":100,"INTERVAL":600},{"modelID":"b0-d8-be-52-21-62","modelType":"Wi-SHT10","DATAS":["Temperature","Humidity"],"Temperature":21.11,"Humidity":63.9648,"TIMESTAMP":"2022-11-27T23:19:04.563Z","BATT":100,"INTERVAL":600},{"modelID":"b0-d8-be-52-21-62","modelType":"Wi-SHT10","DATAS":["Temperature","Humidity"],"Temperature":20.87,"Humidity":64.2432,"TIMESTAMP":"2022-11-27T23:09:00.576Z","BATT":100,"INTERVAL":600},{"modelID":"b0-d8-be-52-21-62","modelType":"Wi-SHT10","DATAS":["Temperature","Humidity"],"Temperature":20.42,"Humidity":60.5184,"TIMESTAMP":"2022-11-27T22:58:42.575Z","BATT":100,"INTERVAL":600},{"modelID":"b0-d8-be-52-21-62","modelType":"Wi-SHT10","DATAS":["Temperature","Humidity"],"Temperature":20.41,"Humidity":58.1952,"TIMESTAMP":"2022-11-27T22:48:45.597Z","BATT":100,"INTERVAL":600},{"modelID":"b0-d8-be-52-21-62","modelType":"Wi-SHT10","DATAS":["Temperature","Humidity"],"Temperature":21,"Humidity":60.1344,"TIMESTAMP":"2022-11-27T22:38:49.600Z","BATT":100,"INTERVAL":600},{"modelID":"b0-d8-be-52-21-62","modelType":"Wi-SHT10","DATAS":["Temperature","Humidity"],"Temperature":21.33,"Humidity":62.083200000000005,"TIMESTAMP":"2022-11-27T22:28:55.625Z","BATT":100,"INTERVAL":600},{"modelID":"b0-d8-be-52-21-62","modelType":"Wi-SHT10","DATAS":["Temperature","Humidity"],"Temperature":21.2,"Humidity":63.1104,"TIMESTAMP":"2022-11-27T22:18:55.618Z","BATT":100,"INTERVAL":600},{"modelID":"b0-d8-be-52-21-62","modelType":"Wi-SHT10","DATAS":["Temperature","Humidity"],"Temperature":20.98,"Humidity":63.5136,"TIMESTAMP":"2022-11-27T22:09:11.616Z","BATT":100,"INTERVAL":600},{"modelID":"b0-d8-be-52-21-62","modelType":"Wi-SHT10","DATAS":["Temperature","Humidity"],"Temperature":20.82,"Humidity":63.4656,"TIMESTAMP":"2022-11-27T21:58:34.627Z","BATT":100,"INTERVAL":600},{"modelID":"b0-d8-be-52-21-62","modelType":"Wi-SHT10","DATAS":["Temperature","Humidity"],"Temperature":20.57,"Humidity":62.726400000000005,"TIMESTAMP":"2022-11-27T21:49:14.641Z","BATT":100,"INTERVAL":600},{"modelID":"b0-d8-be-52-21-62","modelType":"Wi-SHT10","DATAS":["Temperature","Humidity"],"Temperature":20.32,"Humidity":57.763200000000005,"TIMESTAMP":"2022-11-27T21:39:14.660Z","BATT":100,"INTERVAL":600},{"modelID":"b0-d8-be-52-21-62","modelType":"Wi-SHT10","DATAS":["Temperature","Humidity"],"Temperature":20.78,"Humidity":59.5488,"TIMESTAMP":"2022-11-27T21:28:49.662Z","BATT":100,"INTERVAL":600},{"modelID":"b0-d8-be-52-21-62","modelType":"Wi-SHT10","DATAS":["Temperature","Humidity"],"Temperature":21.35,"Humidity":62.275200000000005,"TIMESTAMP":"2022-11-27T21:18:30.662Z","BATT":100,"INTERVAL":600},{"modelID":"b0-d8-be-52-21-62","modelType":"Wi-SHT10","DATAS":["Temperature","Humidity"],"Temperature":21.19,"Humidity":62.89919999999999,"TIMESTAMP":"2022-11-27T21:09:15.681Z","BATT":100,"INTERVAL":600},{"modelID":"b0-d8-be-52-21-62","modelType":"Wi-SHT10","DATAS":["Temperature","Humidity"],"Temperature":21.01,"Humidity":63.772800000000004,"TIMESTAMP":"2022-11-27T20:58:31.703Z","BATT":100,"INTERVAL":600},{"modelID":"b0-d8-be-52-21-62","modelType":"Wi-SHT10","DATAS":["Temperature","Humidity"],"Temperature":20.81,"Humidity":63.5424,"TIMESTAMP":"2022-11-27T20:48:33.692Z","BATT":100,"INTERVAL":600},{"modelID":"b0-d8-be-52-21-62","modelType":"Wi-SHT10","DATAS":["Temperature","Humidity"],"Temperature":20.6,"Humidity":62.43840000000001,"TIMESTAMP":"2022-11-27T20:39:08.719Z","BATT":100,"INTERVAL":600},{"modelID":"b0-d8-be-52-21-62","modelType":"Wi-SHT10","DATAS":["Temperature","Humidity"],"Temperature":20.35,"Humidity":58.233599999999996,"TIMESTAMP":"2022-11-27T20:29:11.720Z","BATT":100,"INTERVAL":600},{"modelID":"b0-d8-be-52-21-62","modelType":"Wi-SHT10","DATAS":["Temperature","Humidity"],"Temperature":20.74,"Humidity":59.1072,"TIMESTAMP":"2022-11-27T20:19:03.721Z","BATT":100,"INTERVAL":600},{"modelID":"b0-d8-be-52-21-62","modelType":"Wi-SHT10","DATAS":["Temperature","Humidity"],"Temperature":21.35,"Humidity":62.19840000000001,"TIMESTAMP":"2022-11-27T20:09:10.733Z","BATT":100,"INTERVAL":600},{"modelID":"b0-d8-be-52-21-62","modelType":"Wi-SHT10","DATAS":["Temperature","Humidity"],"Temperature":21.22,"Humidity":63.02400000000001,"TIMESTAMP":"2022-11-27T19:58:43.742Z","BATT":100,"INTERVAL":600},{"modelID":"b0-d8-be-52-21-62","modelType":"Wi-SHT10","DATAS":["Temperature","Humidity"],"Temperature":21.06,"Humidity":64.1376,"TIMESTAMP":"2022-11-27T19:48:42.764Z","BATT":100,"INTERVAL":600},{"modelID":"b0-d8-be-52-21-62","modelType":"Wi-SHT10","DATAS":["Temperature","Humidity"],"Temperature":20.75,"Humidity":63.42719999999999,"TIMESTAMP":"2022-11-27T19:38:52.758Z","BATT":100,"INTERVAL":600},{"modelID":"b0-d8-be-52-21-62","modelType":"Wi-SHT10","DATAS":["Temperature","Humidity"],"Temperature":20.49,"Humidity":61.593599999999995,"TIMESTAMP":"2022-11-27T19:29:08.756Z","BATT":100,"INTERVAL":600},{"modelID":"b0-d8-be-52-21-62","modelType":"Wi-SHT10","DATAS":["Temperature","Humidity"],"Temperature":20.38,"Humidity":57.8688,"TIMESTAMP":"2022-11-27T19:18:37.777Z","BATT":100,"INTERVAL":600},{"modelID":"b0-d8-be-52-21-62","modelType":"Wi-SHT10","DATAS":["Temperature","Humidity"],"Temperature":20.82,"Humidity":59.5488,"TIMESTAMP":"2022-11-27T19:08:49.778Z","BATT":100,"INTERVAL":600},{"modelID":"b0-d8-be-52-21-62","modelType":"Wi-SHT10","DATAS":["Temperature","Humidity"],"Temperature":21.33,"Humidity":62.6208,"TIMESTAMP":"2022-11-27T18:59:05.805Z","BATT":100,"INTERVAL":600},{"modelID":"b0-d8-be-52-21-62","modelType":"Wi-SHT10","DATAS":["Temperature","Humidity"],"Temperature":21.08,"Humidity":62.88,"TIMESTAMP":"2022-11-27T18:49:09.856Z","BATT":100,"INTERVAL":600},{"modelID":"b0-d8-be-52-21-62","modelType":"Wi-SHT10","DATAS":["Temperature","Humidity"],"Temperature":20.84,"Humidity":63.74400000000001,"TIMESTAMP":"2022-11-27T18:38:33.814Z","BATT":100,"INTERVAL":600},{"modelID":"b0-d8-be-52-21-62","modelType":"Wi-SHT10","DATAS":["Temperature","Humidity"],"Temperature":20.48,"Humidity":61.47840000000001,"TIMESTAMP":"2022-11-27T18:29:13.812Z","BATT":100,"INTERVAL":600},{"modelID":"b0-d8-be-52-21-62","modelType":"Wi-SHT10","DATAS":["Temperature","Humidity"],"Temperature":20.34,"Humidity":57.5904,"TIMESTAMP":"2022-11-27T18:19:04.841Z","BATT":100,"INTERVAL":600},{"modelID":"b0-d8-be-52-21-62","modelType":"Wi-SHT10","DATAS":["Temperature","Humidity"],"Temperature":20.49,"Humidity":58.502399999999994,"TIMESTAMP":"2022-11-27T18:09:12.833Z","BATT":100,"INTERVAL":600},{"modelID":"b0-d8-be-52-21-62","modelType":"Wi-SHT10","DATAS":["Temperature","Humidity"],"Temperature":21.11,"Humidity":60.633599999999994,"TIMESTAMP":"2022-11-27T17:58:55.854Z","BATT":100,"INTERVAL":600},{"modelID":"b0-d8-be-52-21-62","modelType":"Wi-SHT10","DATAS":["Temperature","Humidity"],"Temperature":21.24,"Humidity":62.9856,"TIMESTAMP":"2022-11-27T17:49:02.854Z","BATT":100,"INTERVAL":600},{"modelID":"b0-d8-be-52-21-62","modelType":"Wi-SHT10","DATAS":["Temperature","Humidity"],"Temperature":20.93,"Humidity":63.35039999999999,"TIMESTAMP":"2022-11-27T17:38:35.849Z","BATT":100,"INTERVAL":600},{"modelID":"b0-d8-be-52-21-62","modelType":"Wi-SHT10","DATAS":["Temperature","Humidity"],"Temperature":20.6,"Humidity":62.25599999999999,"TIMESTAMP":"2022-11-27T17:29:13.876Z","BATT":100,"INTERVAL":600},{"modelID":"b0-d8-be-52-21-62","modelType":"Wi-SHT10","DATAS":["Temperature","Humidity"],"Temperature":20.34,"Humidity":57.1392,"TIMESTAMP":"2022-11-27T17:19:04.876Z","BATT":100,"INTERVAL":600},{"modelID":"b0-d8-be-52-21-62","modelType":"Wi-SHT10","DATAS":["Temperature","Humidity"],"Temperature":20.58,"Humidity":58.5312,"TIMESTAMP":"2022-11-27T17:08:37.895Z","BATT":100,"INTERVAL":600},{"modelID":"b0-d8-be-52-21-62","modelType":"Wi-SHT10","DATAS":["Temperature","Humidity"],"Temperature":20.97,"Humidity":59.8464,"TIMESTAMP":"2022-11-27T16:58:43.897Z","BATT":100,"INTERVAL":600},{"modelID":"b0-d8-be-52-21-62","modelType":"Wi-SHT10","DATAS":["Temperature","Humidity"],"Temperature":21.28,"Humidity":62.9376,"TIMESTAMP":"2022-11-27T16:48:28.923Z","BATT":100,"INTERVAL":600},{"modelID":"b0-d8-be-52-21-62","modelType":"Wi-SHT10","DATAS":["Temperature","Humidity"],"Temperature":20.9,"Humidity":62.4288,"TIMESTAMP":"2022-11-27T16:38:54.922Z","BATT":100,"INTERVAL":600},{"modelID":"b0-d8-be-52-21-62","modelType":"Wi-SHT10","DATAS":["Temperature","Humidity"],"Temperature":20.72,"Humidity":57.072,"TIMESTAMP":"2022-11-27T16:09:06.937Z","BATT":100,"INTERVAL":600}],"DAYHOURS":["21","20","19","18","17","16","15","14","13","12","11","10","9","8","7","6","5","4","3","2","1","0"]}