{"SENSORNAME":"L5-Screening CB-67(Inpatient)","SENSORTYPE":"WISENSOR","DTUID":"-1","SENSORID":"BA-BF-DE-57-CB-67","DATE0":"2022-11-28T13:16:28.516Z","DATE1":"2022-03-22T00:14:34.390Z","DAYDATA":[{"modelID":"ba-bf-de-57-cb-67","modelType":"Wi-SHT10","DATAS":["Temperature","Humidity"],"Temperature":4.42,"Humidity":-959.04,"TIMESTAMP":"2022-11-28T13:16:28.516Z","BATT":100,"INTERVAL":300},{"modelID":"ba-bf-de-57-cb-67","modelType":"Wi-SHT10","DATAS":["Temperature","Humidity"],"Temperature":3.82,"Humidity":-959.04,"TIMESTAMP":"2022-11-28T13:05:57.918Z","BATT":100,"INTERVAL":300},{"modelID":"ba-bf-de-57-cb-67","modelType":"Wi-SHT10","DATAS":["Temperature","Humidity"],"Temperature":4.29,"Humidity":-959.04,"TIMESTAMP":"2022-11-28T13:00:41.880Z","BATT":100,"INTERVAL":300},{"modelID":"ba-bf-de-57-cb-67","modelType":"Wi-SHT10","DATAS":["Temperature","Humidity"],"Temperature":4.42,"Humidity":-959.04,"TIMESTAMP":"2022-11-28T12:56:29.581Z","BATT":100,"INTERVAL":300},{"modelID":"ba-bf-de-57-cb-67","modelType":"Wi-SHT10","DATAS":["Temperature","Humidity"],"Temperature":4.26,"Humidity":-959.04,"TIMESTAMP":"2022-11-28T12:41:22.568Z","BATT":100,"INTERVAL":300},{"modelID":"ba-bf-de-57-cb-67","modelType":"Wi-SHT10","DATAS":["Temperature","Humidity"],"Temperature":4.05,"Humidity":-959.04,"TIMESTAMP":"2022-11-28T12:31:11.316Z","BATT":100,"INTERVAL":300},{"modelID":"ba-bf-de-57-cb-67","modelType":"Wi-SHT10","DATAS":["Temperature","Humidity"],"Temperature":3.85,"Humidity":-959.04,"TIMESTAMP":"2022-11-28T12:25:58.031Z","BATT":100,"INTERVAL":300},{"modelID":"ba-bf-de-57-cb-67","modelType":"Wi-SHT10","DATAS":["Temperature","Humidity"],"Temperature":4.29,"Humidity":-959.04,"TIMESTAMP":"2022-11-28T12:20:38.658Z","BATT":100,"INTERVAL":300},{"modelID":"ba-bf-de-57-cb-67","modelType":"Wi-SHT10","DATAS":["Temperature","Humidity"],"Temperature":4.42,"Humidity":-959.04,"TIMESTAMP":"2022-11-28T12:16:29.186Z","BATT":100,"INTERVAL":300},{"modelID":"ba-bf-de-57-cb-67","modelType":"Wi-SHT10","DATAS":["Temperature","Humidity"],"Temperature":3.99,"Humidity":-959.04,"TIMESTAMP":"2022-11-28T12:10:28.615Z","BATT":100,"INTERVAL":300},{"modelID":"ba-bf-de-57-cb-67","modelType":"Wi-SHT10","DATAS":["Temperature","Humidity"],"Temperature":3.89,"Humidity":-959.04,"TIMESTAMP":"2022-11-28T12:05:27.781Z","BATT":100,"INTERVAL":300},{"modelID":"ba-bf-de-57-cb-67","modelType":"Wi-SHT10","DATAS":["Temperature","Humidity"],"Temperature":4.32,"Humidity":-959.04,"TIMESTAMP":"2022-11-28T12:00:38.513Z","BATT":100,"INTERVAL":300},{"modelID":"ba-bf-de-57-cb-67","modelType":"Wi-SHT10","DATAS":["Temperature","Humidity"],"Temperature":4.42,"Humidity":-959.04,"TIMESTAMP":"2022-11-28T11:55:42.025Z","BATT":100,"INTERVAL":300},{"modelID":"ba-bf-de-57-cb-67","modelType":"Wi-SHT10","DATAS":["Temperature","Humidity"],"Temperature":4.09,"Humidity":-959.04,"TIMESTAMP":"2022-11-28T11:51:11.434Z","BATT":100,"INTERVAL":300},{"modelID":"ba-bf-de-57-cb-67","modelType":"Wi-SHT10","DATAS":["Temperature","Humidity"],"Temperature":3.85,"Humidity":-959.04,"TIMESTAMP":"2022-11-28T11:46:12.923Z","BATT":100,"INTERVAL":300},{"modelID":"ba-bf-de-57-cb-67","modelType":"Wi-SHT10","DATAS":["Temperature","Humidity"],"Temperature":4.26,"Humidity":-959.04,"TIMESTAMP":"2022-11-28T11:41:22.199Z","BATT":100,"INTERVAL":300},{"modelID":"ba-bf-de-57-cb-67","modelType":"Wi-SHT10","DATAS":["Temperature","Humidity"],"Temperature":4.46,"Humidity":-959.04,"TIMESTAMP":"2022-11-28T11:35:42.847Z","BATT":100,"INTERVAL":300},{"modelID":"ba-bf-de-57-cb-67","modelType":"Wi-SHT10","DATAS":["Temperature","Humidity"],"Temperature":4.09,"Humidity":-959.04,"TIMESTAMP":"2022-11-28T11:31:16.614Z","BATT":100,"INTERVAL":300},{"modelID":"ba-bf-de-57-cb-67","modelType":"Wi-SHT10","DATAS":["Temperature","Humidity"],"Temperature":3.85,"Humidity":-959.04,"TIMESTAMP":"2022-11-28T11:25:58.266Z","BATT":100,"INTERVAL":300},{"modelID":"ba-bf-de-57-cb-67","modelType":"Wi-SHT10","DATAS":["Temperature","Humidity"],"Temperature":4.29,"Humidity":-959.04,"TIMESTAMP":"2022-11-28T11:20:38.460Z","BATT":100,"INTERVAL":300},{"modelID":"ba-bf-de-57-cb-67","modelType":"Wi-SHT10","DATAS":["Temperature","Humidity"],"Temperature":4.42,"Humidity":-959.04,"TIMESTAMP":"2022-11-28T11:16:08.131Z","BATT":100,"INTERVAL":300},{"modelID":"ba-bf-de-57-cb-67","modelType":"Wi-SHT10","DATAS":["Temperature","Humidity"],"Temperature":4.02,"Humidity":-959.04,"TIMESTAMP":"2022-11-28T11:10:36.166Z","BATT":100,"INTERVAL":300},{"modelID":"ba-bf-de-57-cb-67","modelType":"Wi-SHT10","DATAS":["Temperature","Humidity"],"Temperature":3.82,"Humidity":-959.04,"TIMESTAMP":"2022-11-28T11:06:13.119Z","BATT":100,"INTERVAL":300},{"modelID":"ba-bf-de-57-cb-67","modelType":"Wi-SHT10","DATAS":["Temperature","Humidity"],"Temperature":4.26,"Humidity":-959.04,"TIMESTAMP":"2022-11-28T11:01:22.355Z","BATT":100,"INTERVAL":300},{"modelID":"ba-bf-de-57-cb-67","modelType":"Wi-SHT10","DATAS":["Temperature","Humidity"],"Temperature":4.46,"Humidity":-959.04,"TIMESTAMP":"2022-11-28T10:56:06.122Z","BATT":100,"INTERVAL":300},{"modelID":"ba-bf-de-57-cb-67","modelType":"Wi-SHT10","DATAS":["Temperature","Humidity"],"Temperature":4.05,"Humidity":-959.04,"TIMESTAMP":"2022-11-28T10:50:36.270Z","BATT":100,"INTERVAL":300},{"modelID":"ba-bf-de-57-cb-67","modelType":"Wi-SHT10","DATAS":["Temperature","Humidity"],"Temperature":3.82,"Humidity":-959.04,"TIMESTAMP":"2022-11-28T10:45:48.136Z","BATT":100,"INTERVAL":300},{"modelID":"ba-bf-de-57-cb-67","modelType":"Wi-SHT10","DATAS":["Temperature","Humidity"],"Temperature":4.22,"Humidity":-959.04,"TIMESTAMP":"2022-11-28T10:41:22.507Z","BATT":100,"INTERVAL":300},{"modelID":"ba-bf-de-57-cb-67","modelType":"Wi-SHT10","DATAS":["Temperature","Humidity"],"Temperature":4.46,"Humidity":-959.04,"TIMESTAMP":"2022-11-28T10:35:53.898Z","BATT":100,"INTERVAL":300},{"modelID":"ba-bf-de-57-cb-67","modelType":"Wi-SHT10","DATAS":["Temperature","Humidity"],"Temperature":4.16,"Humidity":-959.04,"TIMESTAMP":"2022-11-28T10:31:11.895Z","BATT":100,"INTERVAL":300},{"modelID":"ba-bf-de-57-cb-67","modelType":"Wi-SHT10","DATAS":["Temperature","Humidity"],"Temperature":3.85,"Humidity":-959.04,"TIMESTAMP":"2022-11-28T10:25:54.092Z","BATT":100,"INTERVAL":300},{"modelID":"ba-bf-de-57-cb-67","modelType":"Wi-SHT10","DATAS":["Temperature","Humidity"],"Temperature":4.19,"Humidity":-959.04,"TIMESTAMP":"2022-11-28T10:21:22.672Z","BATT":100,"INTERVAL":300},{"modelID":"ba-bf-de-57-cb-67","modelType":"Wi-SHT10","DATAS":["Temperature","Humidity"],"Temperature":4.46,"Humidity":-959.04,"TIMESTAMP":"2022-11-28T10:16:08.459Z","BATT":100,"INTERVAL":300},{"modelID":"ba-bf-de-57-cb-67","modelType":"Wi-SHT10","DATAS":["Temperature","Humidity"],"Temperature":4.02,"Humidity":-959.04,"TIMESTAMP":"2022-11-28T10:10:36.459Z","BATT":100,"INTERVAL":300},{"modelID":"ba-bf-de-57-cb-67","modelType":"Wi-SHT10","DATAS":["Temperature","Humidity"],"Temperature":3.82,"Humidity":-959.04,"TIMESTAMP":"2022-11-28T10:05:58.715Z","BATT":100,"INTERVAL":300},{"modelID":"ba-bf-de-57-cb-67","modelType":"Wi-SHT10","DATAS":["Temperature","Humidity"],"Temperature":4.29,"Humidity":-959.04,"TIMESTAMP":"2022-11-28T10:00:38.832Z","BATT":100,"INTERVAL":300},{"modelID":"ba-bf-de-57-cb-67","modelType":"Wi-SHT10","DATAS":["Temperature","Humidity"],"Temperature":4.42,"Humidity":-959.04,"TIMESTAMP":"2022-11-28T09:56:06.859Z","BATT":100,"INTERVAL":300},{"modelID":"ba-bf-de-57-cb-67","modelType":"Wi-SHT10","DATAS":["Temperature","Humidity"],"Temperature":4.05,"Humidity":-959.04,"TIMESTAMP":"2022-11-28T09:50:36.619Z","BATT":100,"INTERVAL":300},{"modelID":"ba-bf-de-57-cb-67","modelType":"Wi-SHT10","DATAS":["Temperature","Humidity"],"Temperature":3.82,"Humidity":-959.04,"TIMESTAMP":"2022-11-28T09:46:12.436Z","BATT":100,"INTERVAL":300},{"modelID":"ba-bf-de-57-cb-67","modelType":"Wi-SHT10","DATAS":["Temperature","Humidity"],"Temperature":4.26,"Humidity":-959.04,"TIMESTAMP":"2022-11-28T09:40:38.851Z","BATT":100,"INTERVAL":300},{"modelID":"ba-bf-de-57-cb-67","modelType":"Wi-SHT10","DATAS":["Temperature","Humidity"],"Temperature":4.42,"Humidity":-959.04,"TIMESTAMP":"2022-11-28T09:36:06.511Z","BATT":100,"INTERVAL":300},{"modelID":"ba-bf-de-57-cb-67","modelType":"Wi-SHT10","DATAS":["Temperature","Humidity"],"Temperature":4.05,"Humidity":-959.04,"TIMESTAMP":"2022-11-28T09:30:36.602Z","BATT":100,"INTERVAL":300},{"modelID":"ba-bf-de-57-cb-67","modelType":"Wi-SHT10","DATAS":["Temperature","Humidity"],"Temperature":3.82,"Humidity":-959.04,"TIMESTAMP":"2022-11-28T09:26:13.581Z","BATT":100,"INTERVAL":300},{"modelID":"ba-bf-de-57-cb-67","modelType":"Wi-SHT10","DATAS":["Temperature","Humidity"],"Temperature":4.26,"Humidity":-959.04,"TIMESTAMP":"2022-11-28T09:20:38.979Z","BATT":100,"INTERVAL":300},{"modelID":"ba-bf-de-57-cb-67","modelType":"Wi-SHT10","DATAS":["Temperature","Humidity"],"Temperature":4.42,"Humidity":-959.04,"TIMESTAMP":"2022-11-28T09:16:06.559Z","BATT":100,"INTERVAL":300},{"modelID":"ba-bf-de-57-cb-67","modelType":"Wi-SHT10","DATAS":["Temperature","Humidity"],"Temperature":4.05,"Humidity":-959.04,"TIMESTAMP":"2022-11-28T09:10:36.753Z","BATT":100,"INTERVAL":300},{"modelID":"ba-bf-de-57-cb-67","modelType":"Wi-SHT10","DATAS":["Temperature","Humidity"],"Temperature":3.82,"Humidity":-959.04,"TIMESTAMP":"2022-11-28T09:05:54.485Z","BATT":100,"INTERVAL":300},{"modelID":"ba-bf-de-57-cb-67","modelType":"Wi-SHT10","DATAS":["Temperature","Humidity"],"Temperature":4.19,"Humidity":-959.04,"TIMESTAMP":"2022-11-28T09:01:23.032Z","BATT":100,"INTERVAL":300},{"modelID":"ba-bf-de-57-cb-67","modelType":"Wi-SHT10","DATAS":["Temperature","Humidity"],"Temperature":4.46,"Humidity":-959.04,"TIMESTAMP":"2022-11-28T08:55:42.860Z","BATT":100,"INTERVAL":300},{"modelID":"ba-bf-de-57-cb-67","modelType":"Wi-SHT10","DATAS":["Temperature","Humidity"],"Temperature":4.09,"Humidity":-959.04,"TIMESTAMP":"2022-11-28T08:50:36.739Z","BATT":100,"INTERVAL":300},{"modelID":"ba-bf-de-57-cb-67","modelType":"Wi-SHT10","DATAS":["Temperature","Humidity"],"Temperature":3.82,"Humidity":-959.04,"TIMESTAMP":"2022-11-28T08:45:47.801Z","BATT":100,"INTERVAL":300},{"modelID":"ba-bf-de-57-cb-67","modelType":"Wi-SHT10","DATAS":["Temperature","Humidity"],"Temperature":4.22,"Humidity":-959.04,"TIMESTAMP":"2022-11-28T08:40:39.166Z","BATT":100,"INTERVAL":300},{"modelID":"ba-bf-de-57-cb-67","modelType":"Wi-SHT10","DATAS":["Temperature","Humidity"],"Temperature":4.42,"Humidity":-959.04,"TIMESTAMP":"2022-11-28T08:36:07.816Z","BATT":100,"INTERVAL":300},{"modelID":"ba-bf-de-57-cb-67","modelType":"Wi-SHT10","DATAS":["Temperature","Humidity"],"Temperature":4.02,"Humidity":-959.04,"TIMESTAMP":"2022-11-28T08:30:35.866Z","BATT":100,"INTERVAL":300},{"modelID":"ba-bf-de-57-cb-67","modelType":"Wi-SHT10","DATAS":["Temperature","Humidity"],"Temperature":3.82,"Humidity":-959.04,"TIMESTAMP":"2022-11-28T08:26:12.960Z","BATT":100,"INTERVAL":300},{"modelID":"ba-bf-de-57-cb-67","modelType":"Wi-SHT10","DATAS":["Temperature","Humidity"],"Temperature":4.26,"Humidity":-959.04,"TIMESTAMP":"2022-11-28T08:20:39.252Z","BATT":100,"INTERVAL":300},{"modelID":"ba-bf-de-57-cb-67","modelType":"Wi-SHT10","DATAS":["Temperature","Humidity"],"Temperature":4.42,"Humidity":-959.04,"TIMESTAMP":"2022-11-28T08:16:06.817Z","BATT":100,"INTERVAL":300},{"modelID":"ba-bf-de-57-cb-67","modelType":"Wi-SHT10","DATAS":["Temperature","Humidity"],"Temperature":4.05,"Humidity":-959.04,"TIMESTAMP":"2022-11-28T08:10:36.980Z","BATT":100,"INTERVAL":300},{"modelID":"ba-bf-de-57-cb-67","modelType":"Wi-SHT10","DATAS":["Temperature","Humidity"],"Temperature":3.82,"Humidity":-959.04,"TIMESTAMP":"2022-11-28T08:05:47.980Z","BATT":100,"INTERVAL":300},{"modelID":"ba-bf-de-57-cb-67","modelType":"Wi-SHT10","DATAS":["Temperature","Humidity"],"Temperature":4.22,"Humidity":-959.04,"TIMESTAMP":"2022-11-28T08:00:39.330Z","BATT":100,"INTERVAL":300},{"modelID":"ba-bf-de-57-cb-67","modelType":"Wi-SHT10","DATAS":["Temperature","Humidity"],"Temperature":4.42,"Humidity":-959.04,"TIMESTAMP":"2022-11-28T07:56:16.808Z","BATT":100,"INTERVAL":300},{"modelID":"ba-bf-de-57-cb-67","modelType":"Wi-SHT10","DATAS":["Temperature","Humidity"],"Temperature":4.12,"Humidity":-959.04,"TIMESTAMP":"2022-11-28T07:51:12.657Z","BATT":100,"INTERVAL":300},{"modelID":"ba-bf-de-57-cb-67","modelType":"Wi-SHT10","DATAS":["Temperature","Humidity"],"Temperature":3.85,"Humidity":-959.04,"TIMESTAMP":"2022-11-28T07:45:54.863Z","BATT":100,"INTERVAL":300},{"modelID":"ba-bf-de-57-cb-67","modelType":"Wi-SHT10","DATAS":["Temperature","Humidity"],"Temperature":4.19,"Humidity":-959.04,"TIMESTAMP":"2022-11-28T07:41:15.320Z","BATT":100,"INTERVAL":300},{"modelID":"ba-bf-de-57-cb-67","modelType":"Wi-SHT10","DATAS":["Temperature","Humidity"],"Temperature":4.39,"Humidity":-959.04,"TIMESTAMP":"2022-11-28T07:35:43.159Z","BATT":100,"INTERVAL":300},{"modelID":"ba-bf-de-57-cb-67","modelType":"Wi-SHT10","DATAS":["Temperature","Humidity"],"Temperature":4.09,"Humidity":-959.04,"TIMESTAMP":"2022-11-28T07:31:12.739Z","BATT":100,"INTERVAL":300},{"modelID":"ba-bf-de-57-cb-67","modelType":"Wi-SHT10","DATAS":["Temperature","Humidity"],"Temperature":4.29,"Humidity":-959.04,"TIMESTAMP":"2022-11-28T07:20:38.626Z","BATT":100,"INTERVAL":300},{"modelID":"ba-bf-de-57-cb-67","modelType":"Wi-SHT10","DATAS":["Temperature","Humidity"],"Temperature":4.42,"Humidity":-959.04,"TIMESTAMP":"2022-11-28T07:16:07.968Z","BATT":100,"INTERVAL":300},{"modelID":"ba-bf-de-57-cb-67","modelType":"Wi-SHT10","DATAS":["Temperature","Humidity"],"Temperature":4.05,"Humidity":-959.04,"TIMESTAMP":"2022-11-28T07:11:12.304Z","BATT":100,"INTERVAL":300},{"modelID":"ba-bf-de-57-cb-67","modelType":"Wi-SHT10","DATAS":["Temperature","Humidity"],"Temperature":3.85,"Humidity":-959.04,"TIMESTAMP":"2022-11-28T07:05:49.240Z","BATT":100,"INTERVAL":300},{"modelID":"ba-bf-de-57-cb-67","modelType":"Wi-SHT10","DATAS":["Temperature","Humidity"],"Temperature":4.22,"Humidity":-959.04,"TIMESTAMP":"2022-11-28T07:01:23.656Z","BATT":100,"INTERVAL":300},{"modelID":"ba-bf-de-57-cb-67","modelType":"Wi-SHT10","DATAS":["Temperature","Humidity"],"Temperature":4.46,"Humidity":-959.04,"TIMESTAMP":"2022-11-28T06:55:43.379Z","BATT":100,"INTERVAL":300},{"modelID":"ba-bf-de-57-cb-67","modelType":"Wi-SHT10","DATAS":["Temperature","Humidity"],"Temperature":4.09,"Humidity":-959.04,"TIMESTAMP":"2022-11-28T06:51:12.837Z","BATT":100,"INTERVAL":300},{"modelID":"ba-bf-de-57-cb-67","modelType":"Wi-SHT10","DATAS":["Temperature","Humidity"],"Temperature":3.85,"Humidity":-959.04,"TIMESTAMP":"2022-11-28T06:46:02.608Z","BATT":100,"INTERVAL":300},{"modelID":"ba-bf-de-57-cb-67","modelType":"Wi-SHT10","DATAS":["Temperature","Humidity"],"Temperature":4.29,"Humidity":-959.04,"TIMESTAMP":"2022-11-28T06:40:39.716Z","BATT":100,"INTERVAL":300},{"modelID":"ba-bf-de-57-cb-67","modelType":"Wi-SHT10","DATAS":["Temperature","Humidity"],"Temperature":4.42,"Humidity":-959.04,"TIMESTAMP":"2022-11-28T06:35:43.539Z","BATT":100,"INTERVAL":300},{"modelID":"ba-bf-de-57-cb-67","modelType":"Wi-SHT10","DATAS":["Temperature","Humidity"],"Temperature":4.09,"Humidity":-959.04,"TIMESTAMP":"2022-11-28T06:31:13.097Z","BATT":100,"INTERVAL":300},{"modelID":"ba-bf-de-57-cb-67","modelType":"Wi-SHT10","DATAS":["Temperature","Humidity"],"Temperature":3.85,"Humidity":-959.04,"TIMESTAMP":"2022-11-28T06:26:02.123Z","BATT":100,"INTERVAL":300},{"modelID":"ba-bf-de-57-cb-67","modelType":"Wi-SHT10","DATAS":["Temperature","Humidity"],"Temperature":4.29,"Humidity":-959.04,"TIMESTAMP":"2022-11-28T06:20:39.896Z","BATT":100,"INTERVAL":300},{"modelID":"ba-bf-de-57-cb-67","modelType":"Wi-SHT10","DATAS":["Temperature","Humidity"],"Temperature":4.42,"Humidity":-959.04,"TIMESTAMP":"2022-11-28T06:16:08.158Z","BATT":100,"INTERVAL":300},{"modelID":"ba-bf-de-57-cb-67","modelType":"Wi-SHT10","DATAS":["Temperature","Humidity"],"Temperature":4.05,"Humidity":-959.04,"TIMESTAMP":"2022-11-28T06:11:13.096Z","BATT":100,"INTERVAL":300},{"modelID":"ba-bf-de-57-cb-67","modelType":"Wi-SHT10","DATAS":["Temperature","Humidity"],"Temperature":3.85,"Humidity":-959.04,"TIMESTAMP":"2022-11-28T06:06:01.892Z","BATT":100,"INTERVAL":300},{"modelID":"ba-bf-de-57-cb-67","modelType":"Wi-SHT10","DATAS":["Temperature","Humidity"],"Temperature":4.29,"Humidity":-959.04,"TIMESTAMP":"2022-11-28T06:00:39.993Z","BATT":100,"INTERVAL":300},{"modelID":"ba-bf-de-57-cb-67","modelType":"Wi-SHT10","DATAS":["Temperature","Humidity"],"Temperature":4.42,"Humidity":-959.04,"TIMESTAMP":"2022-11-28T05:56:29.146Z","BATT":100,"INTERVAL":300},{"modelID":"ba-bf-de-57-cb-67","modelType":"Wi-SHT10","DATAS":["Temperature","Humidity"],"Temperature":3.99,"Humidity":-959.04,"TIMESTAMP":"2022-11-28T05:51:05.291Z","BATT":100,"INTERVAL":300},{"modelID":"ba-bf-de-57-cb-67","modelType":"Wi-SHT10","DATAS":["Temperature","Humidity"],"Temperature":3.95,"Humidity":-959.04,"TIMESTAMP":"2022-11-28T05:45:28.644Z","BATT":100,"INTERVAL":300},{"modelID":"ba-bf-de-57-cb-67","modelType":"Wi-SHT10","DATAS":["Temperature","Humidity"],"Temperature":4.32,"Humidity":-959.04,"TIMESTAMP":"2022-11-28T05:41:23.919Z","BATT":100,"INTERVAL":300},{"modelID":"ba-bf-de-57-cb-67","modelType":"Wi-SHT10","DATAS":["Temperature","Humidity"],"Temperature":4.46,"Humidity":-959.04,"TIMESTAMP":"2022-11-28T05:36:20.190Z","BATT":100,"INTERVAL":300},{"modelID":"ba-bf-de-57-cb-67","modelType":"Wi-SHT10","DATAS":["Temperature","Humidity"],"Temperature":3.92,"Humidity":-959.04,"TIMESTAMP":"2022-11-28T05:30:30.451Z","BATT":100,"INTERVAL":300},{"modelID":"ba-bf-de-57-cb-67","modelType":"Wi-SHT10","DATAS":["Temperature","Humidity"],"Temperature":3.89,"Humidity":-959.04,"TIMESTAMP":"2022-11-28T05:26:08.356Z","BATT":100,"INTERVAL":300},{"modelID":"ba-bf-de-57-cb-67","modelType":"Wi-SHT10","DATAS":["Temperature","Humidity"],"Temperature":4.36,"Humidity":-959.04,"TIMESTAMP":"2022-11-28T05:20:40.186Z","BATT":100,"INTERVAL":300},{"modelID":"ba-bf-de-57-cb-67","modelType":"Wi-SHT10","DATAS":["Temperature","Humidity"],"Temperature":4.42,"Humidity":-959.04,"TIMESTAMP":"2022-11-28T05:16:11.237Z","BATT":100,"INTERVAL":300},{"modelID":"ba-bf-de-57-cb-67","modelType":"Wi-SHT10","DATAS":["Temperature","Humidity"],"Temperature":4.02,"Humidity":-959.04,"TIMESTAMP":"2022-11-28T05:11:21.343Z","BATT":100,"INTERVAL":300},{"modelID":"ba-bf-de-57-cb-67","modelType":"Wi-SHT10","DATAS":["Temperature","Humidity"],"Temperature":3.92,"Humidity":-959.04,"TIMESTAMP":"2022-11-28T05:06:01.490Z","BATT":100,"INTERVAL":300},{"modelID":"ba-bf-de-57-cb-67","modelType":"Wi-SHT10","DATAS":["Temperature","Humidity"],"Temperature":4.29,"Humidity":-959.04,"TIMESTAMP":"2022-11-28T05:01:24.186Z","BATT":100,"INTERVAL":300},{"modelID":"ba-bf-de-57-cb-67","modelType":"Wi-SHT10","DATAS":["Temperature","Humidity"],"Temperature":4.46,"Humidity":-959.04,"TIMESTAMP":"2022-11-28T04:56:07.649Z","BATT":100,"INTERVAL":300},{"modelID":"ba-bf-de-57-cb-67","modelType":"Wi-SHT10","DATAS":["Temperature","Humidity"],"Temperature":3.95,"Humidity":-959.04,"TIMESTAMP":"2022-11-28T04:50:30.546Z","BATT":100,"INTERVAL":300},{"modelID":"ba-bf-de-57-cb-67","modelType":"Wi-SHT10","DATAS":["Temperature","Humidity"],"Temperature":3.89,"Humidity":-959.04,"TIMESTAMP":"2022-11-28T04:46:02.019Z","BATT":100,"INTERVAL":300},{"modelID":"ba-bf-de-57-cb-67","modelType":"Wi-SHT10","DATAS":["Temperature","Humidity"],"Temperature":4.29,"Humidity":-959.04,"TIMESTAMP":"2022-11-28T04:41:16.769Z","BATT":100,"INTERVAL":300},{"modelID":"ba-bf-de-57-cb-67","modelType":"Wi-SHT10","DATAS":["Temperature","Humidity"],"Temperature":4.39,"Humidity":-959.04,"TIMESTAMP":"2022-11-28T04:36:11.337Z","BATT":100,"INTERVAL":300},{"modelID":"ba-bf-de-57-cb-67","modelType":"Wi-SHT10","DATAS":["Temperature","Humidity"],"Temperature":4.02,"Humidity":-959.04,"TIMESTAMP":"2022-11-28T04:31:21.489Z","BATT":100,"INTERVAL":300},{"modelID":"ba-bf-de-57-cb-67","modelType":"Wi-SHT10","DATAS":["Temperature","Humidity"],"Temperature":3.92,"Humidity":-959.04,"TIMESTAMP":"2022-11-28T04:26:10.988Z","BATT":100,"INTERVAL":300},{"modelID":"ba-bf-de-57-cb-67","modelType":"Wi-SHT10","DATAS":["Temperature","Humidity"],"Temperature":4.36,"Humidity":-959.04,"TIMESTAMP":"2022-11-28T04:20:40.463Z","BATT":100,"INTERVAL":300},{"modelID":"ba-bf-de-57-cb-67","modelType":"Wi-SHT10","DATAS":["Temperature","Humidity"],"Temperature":4.42,"Humidity":-959.04,"TIMESTAMP":"2022-11-28T04:16:08.419Z","BATT":100,"INTERVAL":300},{"modelID":"ba-bf-de-57-cb-67","modelType":"Wi-SHT10","DATAS":["Temperature","Humidity"],"Temperature":3.95,"Humidity":-959.04,"TIMESTAMP":"2022-11-28T04:11:29.753Z","BATT":100,"INTERVAL":300},{"modelID":"ba-bf-de-57-cb-67","modelType":"Wi-SHT10","DATAS":["Temperature","Humidity"],"Temperature":3.99,"Humidity":-959.04,"TIMESTAMP":"2022-11-28T04:06:09.582Z","BATT":100,"INTERVAL":300},{"modelID":"ba-bf-de-57-cb-67","modelType":"Wi-SHT10","DATAS":["Temperature","Humidity"],"Temperature":4.36,"Humidity":-959.04,"TIMESTAMP":"2022-11-28T04:01:16.961Z","BATT":100,"INTERVAL":300},{"modelID":"ba-bf-de-57-cb-67","modelType":"Wi-SHT10","DATAS":["Temperature","Humidity"],"Temperature":4.39,"Humidity":-959.04,"TIMESTAMP":"2022-11-28T03:56:22.819Z","BATT":100,"INTERVAL":300},{"modelID":"ba-bf-de-57-cb-67","modelType":"Wi-SHT10","DATAS":["Temperature","Humidity"],"Temperature":3.92,"Humidity":-959.04,"TIMESTAMP":"2022-11-28T03:51:10.233Z","BATT":100,"INTERVAL":300},{"modelID":"ba-bf-de-57-cb-67","modelType":"Wi-SHT10","DATAS":["Temperature","Humidity"],"Temperature":4.02,"Humidity":-959.04,"TIMESTAMP":"2022-11-28T03:45:32.206Z","BATT":100,"INTERVAL":300},{"modelID":"ba-bf-de-57-cb-67","modelType":"Wi-SHT10","DATAS":["Temperature","Humidity"],"Temperature":3.95,"Humidity":-959.04,"TIMESTAMP":"2022-11-28T03:31:20.827Z","BATT":100,"INTERVAL":300},{"modelID":"ba-bf-de-57-cb-67","modelType":"Wi-SHT10","DATAS":["Temperature","Humidity"],"Temperature":3.95,"Humidity":-959.04,"TIMESTAMP":"2022-11-28T03:11:05.671Z","BATT":100,"INTERVAL":300},{"modelID":"ba-bf-de-57-cb-67","modelType":"Wi-SHT10","DATAS":["Temperature","Humidity"],"Temperature":3.95,"Humidity":-959.04,"TIMESTAMP":"2022-11-28T03:06:07.872Z","BATT":100,"INTERVAL":300},{"modelID":"ba-bf-de-57-cb-67","modelType":"Wi-SHT10","DATAS":["Temperature","Humidity"],"Temperature":4.36,"Humidity":-959.04,"TIMESTAMP":"2022-11-28T03:01:08.245Z","BATT":100,"INTERVAL":300},{"modelID":"ba-bf-de-57-cb-67","modelType":"Wi-SHT10","DATAS":["Temperature","Humidity"],"Temperature":4.36,"Humidity":-959.04,"TIMESTAMP":"2022-11-28T02:55:30.199Z","BATT":100,"INTERVAL":300},{"modelID":"ba-bf-de-57-cb-67","modelType":"Wi-SHT10","DATAS":["Temperature","Humidity"],"Temperature":3.89,"Humidity":-959.04,"TIMESTAMP":"2022-11-28T02:51:08.156Z","BATT":100,"INTERVAL":300},{"modelID":"ba-bf-de-57-cb-67","modelType":"Wi-SHT10","DATAS":["Temperature","Humidity"],"Temperature":3.95,"Humidity":-959.04,"TIMESTAMP":"2022-11-28T02:46:10.912Z","BATT":100,"INTERVAL":300},{"modelID":"ba-bf-de-57-cb-67","modelType":"Wi-SHT10","DATAS":["Temperature","Humidity"],"Temperature":4.42,"Humidity":-959.04,"TIMESTAMP":"2022-11-28T02:36:21.093Z","BATT":100,"INTERVAL":300},{"modelID":"ba-bf-de-57-cb-67","modelType":"Wi-SHT10","DATAS":["Temperature","Humidity"],"Temperature":3.92,"Humidity":-959.04,"TIMESTAMP":"2022-11-28T02:31:12.114Z","BATT":100,"INTERVAL":300},{"modelID":"ba-bf-de-57-cb-67","modelType":"Wi-SHT10","DATAS":["Temperature","Humidity"],"Temperature":3.95,"Humidity":-959.04,"TIMESTAMP":"2022-11-28T02:26:08.947Z","BATT":100,"INTERVAL":300},{"modelID":"ba-bf-de-57-cb-67","modelType":"Wi-SHT10","DATAS":["Temperature","Humidity"],"Temperature":4.36,"Humidity":-959.04,"TIMESTAMP":"2022-11-28T02:20:40.047Z","BATT":100,"INTERVAL":300},{"modelID":"ba-bf-de-57-cb-67","modelType":"Wi-SHT10","DATAS":["Temperature","Humidity"],"Temperature":4.42,"Humidity":-959.04,"TIMESTAMP":"2022-11-28T02:16:25.461Z","BATT":100,"INTERVAL":300},{"modelID":"ba-bf-de-57-cb-67","modelType":"Wi-SHT10","DATAS":["Temperature","Humidity"],"Temperature":3.92,"Humidity":-959.04,"TIMESTAMP":"2022-11-28T02:11:07.051Z","BATT":100,"INTERVAL":300},{"modelID":"ba-bf-de-57-cb-67","modelType":"Wi-SHT10","DATAS":["Temperature","Humidity"],"Temperature":3.95,"Humidity":-959.04,"TIMESTAMP":"2022-11-28T02:06:00.935Z","BATT":100,"INTERVAL":300},{"modelID":"ba-bf-de-57-cb-67","modelType":"Wi-SHT10","DATAS":["Temperature","Humidity"],"Temperature":4.29,"Humidity":-959.04,"TIMESTAMP":"2022-11-28T02:01:25.049Z","BATT":100,"INTERVAL":300},{"modelID":"ba-bf-de-57-cb-67","modelType":"Wi-SHT10","DATAS":["Temperature","Humidity"],"Temperature":3.92,"Humidity":-959.04,"TIMESTAMP":"2022-11-28T01:46:10.562Z","BATT":100,"INTERVAL":300},{"modelID":"ba-bf-de-57-cb-67","modelType":"Wi-SHT10","DATAS":["Temperature","Humidity"],"Temperature":4.36,"Humidity":-959.04,"TIMESTAMP":"2022-11-28T01:40:41.160Z","BATT":100,"INTERVAL":300},{"modelID":"ba-bf-de-57-cb-67","modelType":"Wi-SHT10","DATAS":["Temperature","Humidity"],"Temperature":3.99,"Humidity":-959.04,"TIMESTAMP":"2022-11-28T01:31:33.232Z","BATT":100,"INTERVAL":300},{"modelID":"ba-bf-de-57-cb-67","modelType":"Wi-SHT10","DATAS":["Temperature","Humidity"],"Temperature":3.99,"Humidity":-959.04,"TIMESTAMP":"2022-11-28T01:25:29.818Z","BATT":100,"INTERVAL":300},{"modelID":"ba-bf-de-57-cb-67","modelType":"Wi-SHT10","DATAS":["Temperature","Humidity"],"Temperature":3.92,"Humidity":-959.04,"TIMESTAMP":"2022-11-28T01:06:09.432Z","BATT":100,"INTERVAL":300},{"modelID":"ba-bf-de-57-cb-67","modelType":"Wi-SHT10","DATAS":["Temperature","Humidity"],"Temperature":4.36,"Humidity":-959.04,"TIMESTAMP":"2022-11-28T01:00:41.430Z","BATT":100,"INTERVAL":300},{"modelID":"ba-bf-de-57-cb-67","modelType":"Wi-SHT10","DATAS":["Temperature","Humidity"],"Temperature":4.42,"Humidity":-959.04,"TIMESTAMP":"2022-11-28T00:56:30.680Z","BATT":100,"INTERVAL":300},{"modelID":"ba-bf-de-57-cb-67","modelType":"Wi-SHT10","DATAS":["Temperature","Humidity"],"Temperature":3.99,"Humidity":-959.04,"TIMESTAMP":"2022-11-28T00:51:07.427Z","BATT":100,"INTERVAL":300},{"modelID":"ba-bf-de-57-cb-67","modelType":"Wi-SHT10","DATAS":["Temperature","Humidity"],"Temperature":3.95,"Humidity":-959.04,"TIMESTAMP":"2022-11-28T00:46:09.447Z","BATT":100,"INTERVAL":300},{"modelID":"ba-bf-de-57-cb-67","modelType":"Wi-SHT10","DATAS":["Temperature","Humidity"],"Temperature":4.36,"Humidity":-959.04,"TIMESTAMP":"2022-11-28T00:41:25.334Z","BATT":100,"INTERVAL":300},{"modelID":"ba-bf-de-57-cb-67","modelType":"Wi-SHT10","DATAS":["Temperature","Humidity"],"Temperature":4.46,"Humidity":-959.04,"TIMESTAMP":"2022-11-28T00:36:30.766Z","BATT":100,"INTERVAL":300},{"modelID":"ba-bf-de-57-cb-67","modelType":"Wi-SHT10","DATAS":["Temperature","Humidity"],"Temperature":3.99,"Humidity":-959.04,"TIMESTAMP":"2022-11-28T00:31:07.450Z","BATT":100,"INTERVAL":300},{"modelID":"ba-bf-de-57-cb-67","modelType":"Wi-SHT10","DATAS":["Temperature","Humidity"],"Temperature":4.32,"Humidity":-959.04,"TIMESTAMP":"2022-11-28T00:21:24.468Z","BATT":100,"INTERVAL":300},{"modelID":"ba-bf-de-57-cb-67","modelType":"Wi-SHT10","DATAS":["Temperature","Humidity"],"Temperature":4.46,"Humidity":-959.04,"TIMESTAMP":"2022-11-28T00:16:07.550Z","BATT":100,"INTERVAL":300},{"modelID":"ba-bf-de-57-cb-67","modelType":"Wi-SHT10","DATAS":["Temperature","Humidity"],"Temperature":3.95,"Humidity":-959.04,"TIMESTAMP":"2022-11-28T00:10:32.628Z","BATT":100,"INTERVAL":300},{"modelID":"ba-bf-de-57-cb-67","modelType":"Wi-SHT10","DATAS":["Temperature","Humidity"],"Temperature":3.89,"Humidity":-959.04,"TIMESTAMP":"2022-11-28T00:06:08.575Z","BATT":100,"INTERVAL":300},{"modelID":"ba-bf-de-57-cb-67","modelType":"Wi-SHT10","DATAS":["Temperature","Humidity"],"Temperature":4.36,"Humidity":-959.04,"TIMESTAMP":"2022-11-28T00:00:41.714Z","BATT":100,"INTERVAL":300},{"modelID":"ba-bf-de-57-cb-67","modelType":"Wi-SHT10","DATAS":["Temperature","Humidity"],"Temperature":4.42,"Humidity":-959.04,"TIMESTAMP":"2022-11-27T23:56:07.610Z","BATT":100,"INTERVAL":300},{"modelID":"ba-bf-de-57-cb-67","modelType":"Wi-SHT10","DATAS":["Temperature","Humidity"],"Temperature":3.95,"Humidity":-959.04,"TIMESTAMP":"2022-11-27T23:50:32.532Z","BATT":100,"INTERVAL":300},{"modelID":"ba-bf-de-57-cb-67","modelType":"Wi-SHT10","DATAS":["Temperature","Humidity"],"Temperature":3.89,"Humidity":-959.04,"TIMESTAMP":"2022-11-27T23:46:01.606Z","BATT":100,"INTERVAL":300},{"modelID":"ba-bf-de-57-cb-67","modelType":"Wi-SHT10","DATAS":["Temperature","Humidity"],"Temperature":4.29,"Humidity":-959.04,"TIMESTAMP":"2022-11-27T23:41:25.715Z","BATT":100,"INTERVAL":300},{"modelID":"ba-bf-de-57-cb-67","modelType":"Wi-SHT10","DATAS":["Temperature","Humidity"],"Temperature":4.46,"Humidity":-959.04,"TIMESTAMP":"2022-11-27T23:36:09.405Z","BATT":100,"INTERVAL":300},{"modelID":"ba-bf-de-57-cb-67","modelType":"Wi-SHT10","DATAS":["Temperature","Humidity"],"Temperature":4.05,"Humidity":-959.04,"TIMESTAMP":"2022-11-27T23:31:07.835Z","BATT":100,"INTERVAL":300},{"modelID":"ba-bf-de-57-cb-67","modelType":"Wi-SHT10","DATAS":["Temperature","Humidity"],"Temperature":3.95,"Humidity":-959.04,"TIMESTAMP":"2022-11-27T23:25:32.279Z","BATT":100,"INTERVAL":300},{"modelID":"ba-bf-de-57-cb-67","modelType":"Wi-SHT10","DATAS":["Temperature","Humidity"],"Temperature":4.32,"Humidity":-959.04,"TIMESTAMP":"2022-11-27T23:21:25.743Z","BATT":100,"INTERVAL":300},{"modelID":"ba-bf-de-57-cb-67","modelType":"Wi-SHT10","DATAS":["Temperature","Humidity"],"Temperature":4.46,"Humidity":-959.04,"TIMESTAMP":"2022-11-27T23:16:31.153Z","BATT":100,"INTERVAL":300},{"modelID":"ba-bf-de-57-cb-67","modelType":"Wi-SHT10","DATAS":["Temperature","Humidity"],"Temperature":3.99,"Humidity":-959.04,"TIMESTAMP":"2022-11-27T23:10:34.362Z","BATT":100,"INTERVAL":300},{"modelID":"ba-bf-de-57-cb-67","modelType":"Wi-SHT10","DATAS":["Temperature","Humidity"],"Temperature":3.89,"Humidity":-959.04,"TIMESTAMP":"2022-11-27T23:06:01.860Z","BATT":100,"INTERVAL":300},{"modelID":"ba-bf-de-57-cb-67","modelType":"Wi-SHT10","DATAS":["Temperature","Humidity"],"Temperature":4.29,"Humidity":-959.04,"TIMESTAMP":"2022-11-27T23:01:25.924Z","BATT":100,"INTERVAL":300},{"modelID":"ba-bf-de-57-cb-67","modelType":"Wi-SHT10","DATAS":["Temperature","Humidity"],"Temperature":4.46,"Humidity":-959.04,"TIMESTAMP":"2022-11-27T22:56:31.151Z","BATT":100,"INTERVAL":300},{"modelID":"ba-bf-de-57-cb-67","modelType":"Wi-SHT10","DATAS":["Temperature","Humidity"],"Temperature":3.99,"Humidity":-959.04,"TIMESTAMP":"2022-11-27T22:50:32.437Z","BATT":100,"INTERVAL":300},{"modelID":"ba-bf-de-57-cb-67","modelType":"Wi-SHT10","DATAS":["Temperature","Humidity"],"Temperature":3.89,"Humidity":-959.04,"TIMESTAMP":"2022-11-27T22:46:01.953Z","BATT":100,"INTERVAL":300},{"modelID":"ba-bf-de-57-cb-67","modelType":"Wi-SHT10","DATAS":["Temperature","Humidity"],"Temperature":4.29,"Humidity":-959.04,"TIMESTAMP":"2022-11-27T22:41:25.935Z","BATT":100,"INTERVAL":300},{"modelID":"ba-bf-de-57-cb-67","modelType":"Wi-SHT10","DATAS":["Temperature","Humidity"],"Temperature":4.46,"Humidity":-959.04,"TIMESTAMP":"2022-11-27T22:36:11.733Z","BATT":100,"INTERVAL":300},{"modelID":"ba-bf-de-57-cb-67","modelType":"Wi-SHT10","DATAS":["Temperature","Humidity"],"Temperature":4.02,"Humidity":-959.04,"TIMESTAMP":"2022-11-27T22:31:08.108Z","BATT":100,"INTERVAL":300},{"modelID":"ba-bf-de-57-cb-67","modelType":"Wi-SHT10","DATAS":["Temperature","Humidity"],"Temperature":3.95,"Humidity":-959.04,"TIMESTAMP":"2022-11-27T22:25:32.261Z","BATT":100,"INTERVAL":300},{"modelID":"ba-bf-de-57-cb-67","modelType":"Wi-SHT10","DATAS":["Temperature","Humidity"],"Temperature":4.32,"Humidity":-959.04,"TIMESTAMP":"2022-11-27T22:21:26.014Z","BATT":100,"INTERVAL":300},{"modelID":"ba-bf-de-57-cb-67","modelType":"Wi-SHT10","DATAS":["Temperature","Humidity"],"Temperature":4.46,"Humidity":-959.04,"TIMESTAMP":"2022-11-27T22:16:09.794Z","BATT":100,"INTERVAL":300},{"modelID":"ba-bf-de-57-cb-67","modelType":"Wi-SHT10","DATAS":["Temperature","Humidity"],"Temperature":4.05,"Humidity":-959.04,"TIMESTAMP":"2022-11-27T22:11:23.313Z","BATT":100,"INTERVAL":300},{"modelID":"ba-bf-de-57-cb-67","modelType":"Wi-SHT10","DATAS":["Temperature","Humidity"],"Temperature":3.92,"Humidity":-959.04,"TIMESTAMP":"2022-11-27T22:06:02.173Z","BATT":100,"INTERVAL":300},{"modelID":"ba-bf-de-57-cb-67","modelType":"Wi-SHT10","DATAS":["Temperature","Humidity"],"Temperature":4.29,"Humidity":-959.04,"TIMESTAMP":"2022-11-27T22:01:26.121Z","BATT":100,"INTERVAL":300},{"modelID":"ba-bf-de-57-cb-67","modelType":"Wi-SHT10","DATAS":["Temperature","Humidity"],"Temperature":4.02,"Humidity":-959.04,"TIMESTAMP":"2022-11-27T21:50:35.330Z","BATT":100,"INTERVAL":300},{"modelID":"ba-bf-de-57-cb-67","modelType":"Wi-SHT10","DATAS":["Temperature","Humidity"],"Temperature":3.89,"Humidity":-959.04,"TIMESTAMP":"2022-11-27T21:46:02.249Z","BATT":100,"INTERVAL":300},{"modelID":"ba-bf-de-57-cb-67","modelType":"Wi-SHT10","DATAS":["Temperature","Humidity"],"Temperature":4.29,"Humidity":-959.04,"TIMESTAMP":"2022-11-27T21:41:26.220Z","BATT":100,"INTERVAL":300},{"modelID":"ba-bf-de-57-cb-67","modelType":"Wi-SHT10","DATAS":["Temperature","Humidity"],"Temperature":4.46,"Humidity":-959.04,"TIMESTAMP":"2022-11-27T21:35:57.728Z","BATT":100,"INTERVAL":300},{"modelID":"ba-bf-de-57-cb-67","modelType":"Wi-SHT10","DATAS":["Temperature","Humidity"],"Temperature":4.16,"Humidity":-959.04,"TIMESTAMP":"2022-11-27T21:31:15.788Z","BATT":100,"INTERVAL":300},{"modelID":"ba-bf-de-57-cb-67","modelType":"Wi-SHT10","DATAS":["Temperature","Humidity"],"Temperature":3.85,"Humidity":-959.04,"TIMESTAMP":"2022-11-27T21:26:17.059Z","BATT":100,"INTERVAL":300},{"modelID":"ba-bf-de-57-cb-67","modelType":"Wi-SHT10","DATAS":["Temperature","Humidity"],"Temperature":4.26,"Humidity":-959.04,"TIMESTAMP":"2022-11-27T21:21:26.387Z","BATT":100,"INTERVAL":300},{"modelID":"ba-bf-de-57-cb-67","modelType":"Wi-SHT10","DATAS":["Temperature","Humidity"],"Temperature":4.46,"Humidity":-959.04,"TIMESTAMP":"2022-11-27T21:15:57.734Z","BATT":100,"INTERVAL":300},{"modelID":"ba-bf-de-57-cb-67","modelType":"Wi-SHT10","DATAS":["Temperature","Humidity"],"Temperature":4.16,"Humidity":-959.04,"TIMESTAMP":"2022-11-27T21:11:15.727Z","BATT":100,"INTERVAL":300},{"modelID":"ba-bf-de-57-cb-67","modelType":"Wi-SHT10","DATAS":["Temperature","Humidity"],"Temperature":3.85,"Humidity":-959.04,"TIMESTAMP":"2022-11-27T21:05:52.094Z","BATT":100,"INTERVAL":300},{"modelID":"ba-bf-de-57-cb-67","modelType":"Wi-SHT10","DATAS":["Temperature","Humidity"],"Temperature":4.22,"Humidity":-959.04,"TIMESTAMP":"2022-11-27T21:01:26.397Z","BATT":100,"INTERVAL":300},{"modelID":"ba-bf-de-57-cb-67","modelType":"Wi-SHT10","DATAS":["Temperature","Humidity"],"Temperature":4.46,"Humidity":-959.04,"TIMESTAMP":"2022-11-27T20:55:46.376Z","BATT":100,"INTERVAL":300},{"modelID":"ba-bf-de-57-cb-67","modelType":"Wi-SHT10","DATAS":["Temperature","Humidity"],"Temperature":4.09,"Humidity":-959.04,"TIMESTAMP":"2022-11-27T20:50:35.026Z","BATT":100,"INTERVAL":300},{"modelID":"ba-bf-de-57-cb-67","modelType":"Wi-SHT10","DATAS":["Temperature","Humidity"],"Temperature":3.89,"Humidity":-959.04,"TIMESTAMP":"2022-11-27T20:46:17.148Z","BATT":100,"INTERVAL":300},{"modelID":"ba-bf-de-57-cb-67","modelType":"Wi-SHT10","DATAS":["Temperature","Humidity"],"Temperature":4.26,"Humidity":-959.04,"TIMESTAMP":"2022-11-27T20:41:26.575Z","BATT":100,"INTERVAL":300},{"modelID":"ba-bf-de-57-cb-67","modelType":"Wi-SHT10","DATAS":["Temperature","Humidity"],"Temperature":4.46,"Humidity":-959.04,"TIMESTAMP":"2022-11-27T20:35:57.968Z","BATT":100,"INTERVAL":300},{"modelID":"ba-bf-de-57-cb-67","modelType":"Wi-SHT10","DATAS":["Temperature","Humidity"],"Temperature":4.19,"Humidity":-959.04,"TIMESTAMP":"2022-11-27T20:31:15.830Z","BATT":100,"INTERVAL":300},{"modelID":"ba-bf-de-57-cb-67","modelType":"Wi-SHT10","DATAS":["Temperature","Humidity"],"Temperature":3.85,"Humidity":-959.04,"TIMESTAMP":"2022-11-27T20:25:52.323Z","BATT":100,"INTERVAL":300},{"modelID":"ba-bf-de-57-cb-67","modelType":"Wi-SHT10","DATAS":["Temperature","Humidity"],"Temperature":4.22,"Humidity":-959.04,"TIMESTAMP":"2022-11-27T20:21:15.367Z","BATT":100,"INTERVAL":300},{"modelID":"ba-bf-de-57-cb-67","modelType":"Wi-SHT10","DATAS":["Temperature","Humidity"],"Temperature":4.49,"Humidity":-959.04,"TIMESTAMP":"2022-11-27T20:15:52.372Z","BATT":100,"INTERVAL":300},{"modelID":"ba-bf-de-57-cb-67","modelType":"Wi-SHT10","DATAS":["Temperature","Humidity"],"Temperature":4.22,"Humidity":-959.04,"TIMESTAMP":"2022-11-27T20:11:15.942Z","BATT":100,"INTERVAL":300},{"modelID":"ba-bf-de-57-cb-67","modelType":"Wi-SHT10","DATAS":["Temperature","Humidity"],"Temperature":3.85,"Humidity":-959.04,"TIMESTAMP":"2022-11-27T20:05:58.217Z","BATT":100,"INTERVAL":300},{"modelID":"ba-bf-de-57-cb-67","modelType":"Wi-SHT10","DATAS":["Temperature","Humidity"],"Temperature":4.19,"Humidity":-959.04,"TIMESTAMP":"2022-11-27T20:01:26.766Z","BATT":100,"INTERVAL":300},{"modelID":"ba-bf-de-57-cb-67","modelType":"Wi-SHT10","DATAS":["Temperature","Humidity"],"Temperature":4.46,"Humidity":-959.04,"TIMESTAMP":"2022-11-27T19:55:52.481Z","BATT":100,"INTERVAL":300},{"modelID":"ba-bf-de-57-cb-67","modelType":"Wi-SHT10","DATAS":["Temperature","Humidity"],"Temperature":4.22,"Humidity":-959.04,"TIMESTAMP":"2022-11-27T19:51:16.022Z","BATT":100,"INTERVAL":300},{"modelID":"ba-bf-de-57-cb-67","modelType":"Wi-SHT10","DATAS":["Temperature","Humidity"],"Temperature":3.85,"Humidity":-959.04,"TIMESTAMP":"2022-11-27T19:45:58.317Z","BATT":100,"INTERVAL":300},{"modelID":"ba-bf-de-57-cb-67","modelType":"Wi-SHT10","DATAS":["Temperature","Humidity"],"Temperature":4.19,"Humidity":-959.04,"TIMESTAMP":"2022-11-27T19:41:15.618Z","BATT":100,"INTERVAL":300},{"modelID":"ba-bf-de-57-cb-67","modelType":"Wi-SHT10","DATAS":["Temperature","Humidity"],"Temperature":4.49,"Humidity":-959.04,"TIMESTAMP":"2022-11-27T19:35:52.567Z","BATT":100,"INTERVAL":300},{"modelID":"ba-bf-de-57-cb-67","modelType":"Wi-SHT10","DATAS":["Temperature","Humidity"],"Temperature":4.22,"Humidity":-959.04,"TIMESTAMP":"2022-11-27T19:31:16.119Z","BATT":100,"INTERVAL":300},{"modelID":"ba-bf-de-57-cb-67","modelType":"Wi-SHT10","DATAS":["Temperature","Humidity"],"Temperature":3.85,"Humidity":-959.04,"TIMESTAMP":"2022-11-27T19:25:58.413Z","BATT":100,"INTERVAL":300},{"modelID":"ba-bf-de-57-cb-67","modelType":"Wi-SHT10","DATAS":["Temperature","Humidity"],"Temperature":4.19,"Humidity":-959.04,"TIMESTAMP":"2022-11-27T19:21:15.630Z","BATT":100,"INTERVAL":300},{"modelID":"ba-bf-de-57-cb-67","modelType":"Wi-SHT10","DATAS":["Temperature","Humidity"],"Temperature":4.49,"Humidity":-959.04,"TIMESTAMP":"2022-11-27T19:16:03.016Z","BATT":100,"INTERVAL":300},{"modelID":"ba-bf-de-57-cb-67","modelType":"Wi-SHT10","DATAS":["Temperature","Humidity"],"Temperature":4.29,"Humidity":-959.04,"TIMESTAMP":"2022-11-27T19:11:16.305Z","BATT":100,"INTERVAL":300},{"modelID":"ba-bf-de-57-cb-67","modelType":"Wi-SHT10","DATAS":["Temperature","Humidity"],"Temperature":3.85,"Humidity":-959.04,"TIMESTAMP":"2022-11-27T19:05:58.439Z","BATT":100,"INTERVAL":300},{"modelID":"ba-bf-de-57-cb-67","modelType":"Wi-SHT10","DATAS":["Temperature","Humidity"],"Temperature":4.16,"Humidity":-959.04,"TIMESTAMP":"2022-11-27T19:01:27.059Z","BATT":100,"INTERVAL":300},{"modelID":"ba-bf-de-57-cb-67","modelType":"Wi-SHT10","DATAS":["Temperature","Humidity"],"Temperature":4.46,"Humidity":-959.04,"TIMESTAMP":"2022-11-27T18:55:58.501Z","BATT":100,"INTERVAL":300},{"modelID":"ba-bf-de-57-cb-67","modelType":"Wi-SHT10","DATAS":["Temperature","Humidity"],"Temperature":4.19,"Humidity":-959.04,"TIMESTAMP":"2022-11-27T18:50:35.232Z","BATT":100,"INTERVAL":300},{"modelID":"ba-bf-de-57-cb-67","modelType":"Wi-SHT10","DATAS":["Temperature","Humidity"],"Temperature":3.89,"Humidity":-959.04,"TIMESTAMP":"2022-11-27T18:45:58.463Z","BATT":100,"INTERVAL":300},{"modelID":"ba-bf-de-57-cb-67","modelType":"Wi-SHT10","DATAS":["Temperature","Humidity"],"Temperature":4.16,"Humidity":-959.04,"TIMESTAMP":"2022-11-27T18:41:27.137Z","BATT":100,"INTERVAL":300},{"modelID":"ba-bf-de-57-cb-67","modelType":"Wi-SHT10","DATAS":["Temperature","Humidity"],"Temperature":4.46,"Humidity":-959.04,"TIMESTAMP":"2022-11-27T18:36:03.166Z","BATT":100,"INTERVAL":300},{"modelID":"ba-bf-de-57-cb-67","modelType":"Wi-SHT10","DATAS":["Temperature","Humidity"],"Temperature":4.29,"Humidity":-959.04,"TIMESTAMP":"2022-11-27T18:31:16.488Z","BATT":100,"INTERVAL":300},{"modelID":"ba-bf-de-57-cb-67","modelType":"Wi-SHT10","DATAS":["Temperature","Humidity"],"Temperature":3.85,"Humidity":-959.04,"TIMESTAMP":"2022-11-27T18:25:58.698Z","BATT":100,"INTERVAL":300},{"modelID":"ba-bf-de-57-cb-67","modelType":"Wi-SHT10","DATAS":["Temperature","Humidity"],"Temperature":4.19,"Humidity":-959.04,"TIMESTAMP":"2022-11-27T18:21:16.031Z","BATT":100,"INTERVAL":300},{"modelID":"ba-bf-de-57-cb-67","modelType":"Wi-SHT10","DATAS":["Temperature","Humidity"],"Temperature":4.49,"Humidity":-959.04,"TIMESTAMP":"2022-11-27T18:16:03.175Z","BATT":100,"INTERVAL":300},{"modelID":"ba-bf-de-57-cb-67","modelType":"Wi-SHT10","DATAS":["Temperature","Humidity"],"Temperature":4.29,"Humidity":-959.04,"TIMESTAMP":"2022-11-27T18:11:16.507Z","BATT":100,"INTERVAL":300},{"modelID":"ba-bf-de-57-cb-67","modelType":"Wi-SHT10","DATAS":["Temperature","Humidity"],"Temperature":3.85,"Humidity":-959.04,"TIMESTAMP":"2022-11-27T18:05:58.647Z","BATT":100,"INTERVAL":300},{"modelID":"ba-bf-de-57-cb-67","modelType":"Wi-SHT10","DATAS":["Temperature","Humidity"],"Temperature":4.16,"Humidity":-959.04,"TIMESTAMP":"2022-11-27T18:01:27.262Z","BATT":100,"INTERVAL":300},{"modelID":"ba-bf-de-57-cb-67","modelType":"Wi-SHT10","DATAS":["Temperature","Humidity"],"Temperature":4.46,"Humidity":-959.04,"TIMESTAMP":"2022-11-27T17:56:03.376Z","BATT":100,"INTERVAL":300},{"modelID":"ba-bf-de-57-cb-67","modelType":"Wi-SHT10","DATAS":["Temperature","Humidity"],"Temperature":4.29,"Humidity":-959.04,"TIMESTAMP":"2022-11-27T17:51:16.686Z","BATT":100,"INTERVAL":300},{"modelID":"ba-bf-de-57-cb-67","modelType":"Wi-SHT10","DATAS":["Temperature","Humidity"],"Temperature":3.85,"Humidity":-959.04,"TIMESTAMP":"2022-11-27T17:45:58.883Z","BATT":100,"INTERVAL":300},{"modelID":"ba-bf-de-57-cb-67","modelType":"Wi-SHT10","DATAS":["Temperature","Humidity"],"Temperature":4.19,"Humidity":-959.04,"TIMESTAMP":"2022-11-27T17:40:43.529Z","BATT":100,"INTERVAL":300},{"modelID":"ba-bf-de-57-cb-67","modelType":"Wi-SHT10","DATAS":["Temperature","Humidity"],"Temperature":4.42,"Humidity":-959.04,"TIMESTAMP":"2022-11-27T17:36:03.360Z","BATT":100,"INTERVAL":300},{"modelID":"ba-bf-de-57-cb-67","modelType":"Wi-SHT10","DATAS":["Temperature","Humidity"],"Temperature":4.29,"Humidity":-959.04,"TIMESTAMP":"2022-11-27T17:31:16.692Z","BATT":100,"INTERVAL":300},{"modelID":"ba-bf-de-57-cb-67","modelType":"Wi-SHT10","DATAS":["Temperature","Humidity"],"Temperature":3.85,"Humidity":-959.04,"TIMESTAMP":"2022-11-27T17:25:58.818Z","BATT":100,"INTERVAL":300},{"modelID":"ba-bf-de-57-cb-67","modelType":"Wi-SHT10","DATAS":["Temperature","Humidity"],"Temperature":4.16,"Humidity":-959.04,"TIMESTAMP":"2022-11-27T17:21:27.460Z","BATT":100,"INTERVAL":300},{"modelID":"ba-bf-de-57-cb-67","modelType":"Wi-SHT10","DATAS":["Temperature","Humidity"],"Temperature":4.46,"Humidity":-959.04,"TIMESTAMP":"2022-11-27T17:15:33.283Z","BATT":100,"INTERVAL":300},{"modelID":"ba-bf-de-57-cb-67","modelType":"Wi-SHT10","DATAS":["Temperature","Humidity"],"Temperature":4.32,"Humidity":-959.04,"TIMESTAMP":"2022-11-27T17:11:16.939Z","BATT":100,"INTERVAL":300},{"modelID":"ba-bf-de-57-cb-67","modelType":"Wi-SHT10","DATAS":["Temperature","Humidity"],"Temperature":3.85,"Humidity":-959.04,"TIMESTAMP":"2022-11-27T17:05:59.020Z","BATT":100,"INTERVAL":300},{"modelID":"ba-bf-de-57-cb-67","modelType":"Wi-SHT10","DATAS":["Temperature","Humidity"],"Temperature":4.16,"Humidity":-959.04,"TIMESTAMP":"2022-11-27T17:01:16.330Z","BATT":100,"INTERVAL":300},{"modelID":"ba-bf-de-57-cb-67","modelType":"Wi-SHT10","DATAS":["Temperature","Humidity"],"Temperature":4.49,"Humidity":-959.04,"TIMESTAMP":"2022-11-27T16:55:33.345Z","BATT":100,"INTERVAL":300},{"modelID":"ba-bf-de-57-cb-67","modelType":"Wi-SHT10","DATAS":["Temperature","Humidity"],"Temperature":4.32,"Humidity":-959.04,"TIMESTAMP":"2022-11-27T16:51:15.978Z","BATT":100,"INTERVAL":300},{"modelID":"ba-bf-de-57-cb-67","modelType":"Wi-SHT10","DATAS":["Temperature","Humidity"],"Temperature":3.85,"Humidity":-959.04,"TIMESTAMP":"2022-11-27T16:45:59.372Z","BATT":100,"INTERVAL":300},{"modelID":"ba-bf-de-57-cb-67","modelType":"Wi-SHT10","DATAS":["Temperature","Humidity"],"Temperature":4.49,"Humidity":-959.04,"TIMESTAMP":"2022-11-27T16:15:36.357Z","BATT":100,"INTERVAL":300},{"modelID":"ba-bf-de-57-cb-67","modelType":"Wi-SHT10","DATAS":["Temperature","Humidity"],"Temperature":4.09,"Humidity":-959.04,"TIMESTAMP":"2022-11-27T16:01:16.612Z","BATT":100,"INTERVAL":300}],"DAYHOURS":["21","20","19","18","17","16","15","14","13","12","11","10","9","8","7","6","5","4","3","2","1","0"]}