{"SENSORNAME":"WCPU OVERALL AIR DUCT","SENSORTYPE":"AIRFLW(485)","DTUID":"217","SENSORID":"62","DATE0":"2022-11-28T11:56:29.469Z","DATE1":"2022-02-13T09:06:13.653Z","DAYDATA":[{"DTUID":"217","SENSORID":62,"FUNCID":3,"NDATA":2,"SENSORTYPE":"AIRFLOW-VEL","RCV_BYTES":["0016","1EF0"],"DATAS":[22,7920],"DATAS1":[],"DATAS2":[],"TIMESTAMP":"2022-11-28T11:56:29.469Z"},{"DTUID":"217","SENSORID":62,"FUNCID":3,"NDATA":2,"SENSORTYPE":"AIRFLOW-VEL","RCV_BYTES":["0014","1C20"],"DATAS":[20,7200],"DATAS1":[],"DATAS2":[],"TIMESTAMP":"2022-11-28T10:05:55.263Z"},{"DTUID":"217","SENSORID":62,"FUNCID":3,"NDATA":2,"SENSORTYPE":"AIRFLOW-VEL","RCV_BYTES":["0015","1D88"],"DATAS":[21,7560],"DATAS1":[],"DATAS2":[],"TIMESTAMP":"2022-11-28T09:25:49.160Z"},{"DTUID":"217","SENSORID":62,"FUNCID":3,"NDATA":2,"SENSORTYPE":"AIRFLOW-VEL","RCV_BYTES":["0016","1EF0"],"DATAS":[22,7920],"DATAS1":[],"DATAS2":[],"TIMESTAMP":"2022-11-28T09:05:48.581Z"},{"DTUID":"217","SENSORID":62,"FUNCID":3,"NDATA":2,"SENSORTYPE":"AIRFLOW-VEL","RCV_BYTES":["0015","1D88"],"DATAS":[21,7560],"DATAS1":[],"DATAS2":[],"TIMESTAMP":"2022-11-28T08:29:22.604Z"},{"DTUID":"217","SENSORID":62,"FUNCID":3,"NDATA":2,"SENSORTYPE":"AIRFLOW-VEL","RCV_BYTES":["0013","1AB8"],"DATAS":[19,6840],"DATAS1":[],"DATAS2":[],"TIMESTAMP":"2022-11-28T05:29:05.791Z"},{"DTUID":"217","SENSORID":62,"FUNCID":3,"NDATA":2,"SENSORTYPE":"AIRFLOW-VEL","RCV_BYTES":["0014","1C20"],"DATAS":[20,7200],"DATAS1":[],"DATAS2":[],"TIMESTAMP":"2022-11-28T04:48:58.268Z"},{"DTUID":"217","SENSORID":62,"FUNCID":3,"NDATA":2,"SENSORTYPE":"AIRFLOW-VEL","RCV_BYTES":["0016","1EF0"],"DATAS":[22,7920],"DATAS1":[],"DATAS2":[],"TIMESTAMP":"2022-11-28T04:29:00.297Z"},{"DTUID":"217","SENSORID":62,"FUNCID":3,"NDATA":2,"SENSORTYPE":"AIRFLOW-VEL","RCV_BYTES":["0016","1EF0"],"DATAS":[22,7920],"DATAS1":[],"DATAS2":[],"TIMESTAMP":"2022-11-28T03:03:36.854Z"},{"DTUID":"217","SENSORID":62,"FUNCID":3,"NDATA":2,"SENSORTYPE":"AIRFLOW-VEL","RCV_BYTES":["0014","1C20"],"DATAS":[20,7200],"DATAS1":[],"DATAS2":[],"TIMESTAMP":"2022-11-28T00:15:15.552Z"},{"DTUID":"217","SENSORID":62,"FUNCID":3,"NDATA":2,"SENSORTYPE":"AIRFLOW-VEL","RCV_BYTES":["0015","1D88"],"DATAS":[21,7560],"DATAS1":[],"DATAS2":[],"TIMESTAMP":"2022-11-27T23:15:10.956Z"},{"DTUID":"217","SENSORID":62,"FUNCID":3,"NDATA":2,"SENSORTYPE":"AIRFLOW-VEL","RCV_BYTES":["0016","1EF0"],"DATAS":[22,7920],"DATAS1":[],"DATAS2":[],"TIMESTAMP":"2022-11-27T22:35:07.816Z"},{"DTUID":"217","SENSORID":62,"FUNCID":3,"NDATA":2,"SENSORTYPE":"AIRFLOW-VEL","RCV_BYTES":["0016","1EF0"],"DATAS":[22,7920],"DATAS1":[],"DATAS2":[],"TIMESTAMP":"2022-11-27T21:15:09.910Z"},{"DTUID":"217","SENSORID":62,"FUNCID":3,"NDATA":2,"SENSORTYPE":"AIRFLOW-VEL","RCV_BYTES":["0015","1D88"],"DATAS":[21,7560],"DATAS1":[],"DATAS2":[],"TIMESTAMP":"2022-11-27T20:35:02.712Z"},{"DTUID":"217","SENSORID":62,"FUNCID":3,"NDATA":2,"SENSORTYPE":"AIRFLOW-VEL","RCV_BYTES":["0016","1EF0"],"DATAS":[22,7920],"DATAS1":[],"DATAS2":[],"TIMESTAMP":"2022-11-27T19:34:51.856Z"},{"DTUID":"217","SENSORID":62,"FUNCID":3,"NDATA":2,"SENSORTYPE":"AIRFLOW-VEL","RCV_BYTES":["0014","1C20"],"DATAS":[20,7200],"DATAS1":[],"DATAS2":[],"TIMESTAMP":"2022-11-27T18:14:49.981Z"},{"DTUID":"217","SENSORID":62,"FUNCID":3,"NDATA":2,"SENSORTYPE":"AIRFLOW-VEL","RCV_BYTES":["0018","21C0"],"DATAS":[24,8640],"DATAS1":[],"DATAS2":[],"TIMESTAMP":"2022-11-27T17:14:42.715Z"}],"DAYHOURS":["19","18","17","16","13","12","11","8","7","6","5","4","3","2","1"]}