{"SENSORNAME":"DLA MOUNTING ROOM 2","SENSORTYPE":"WISENSOR","DTUID":"-1","SENSORID":"B0-E8-21-1B-BD-0A","DATE0":"2022-11-28T13:03:50.908Z","DATE1":"2021-12-20T22:11:58.850Z","DAYDATA":[{"modelID":"b0-e8-21-1b-bd-0a","modelType":"Wi-SHT10","DATAS":["Temperature","Humidity"],"Temperature":22.85,"Humidity":31.526400000000002,"TIMESTAMP":"2022-11-28T13:03:50.908Z","BATT":100,"INTERVAL":600},{"modelID":"b0-e8-21-1b-bd-0a","modelType":"Wi-SHT10","DATAS":["Temperature","Humidity"],"Temperature":22.64,"Humidity":31.2096,"TIMESTAMP":"2022-11-28T12:23:57.818Z","BATT":100,"INTERVAL":600},{"modelID":"b0-e8-21-1b-bd-0a","modelType":"Wi-SHT10","DATAS":["Temperature","Humidity"],"Temperature":22.63,"Humidity":31.44,"TIMESTAMP":"2022-11-28T12:14:23.782Z","BATT":100,"INTERVAL":600},{"modelID":"b0-e8-21-1b-bd-0a","modelType":"Wi-SHT10","DATAS":["Temperature","Humidity"],"Temperature":22.63,"Humidity":31.833599999999997,"TIMESTAMP":"2022-11-28T12:04:03.397Z","BATT":100,"INTERVAL":600},{"modelID":"b0-e8-21-1b-bd-0a","modelType":"Wi-SHT10","DATAS":["Temperature","Humidity"],"Temperature":22.54,"Humidity":31.939200000000003,"TIMESTAMP":"2022-11-28T11:53:51.580Z","BATT":100,"INTERVAL":600},{"modelID":"b0-e8-21-1b-bd-0a","modelType":"Wi-SHT10","DATAS":["Temperature","Humidity"],"Temperature":22.46,"Humidity":32.0256,"TIMESTAMP":"2022-11-28T11:44:02.588Z","BATT":100,"INTERVAL":600},{"modelID":"b0-e8-21-1b-bd-0a","modelType":"Wi-SHT10","DATAS":["Temperature","Humidity"],"Temperature":22.42,"Humidity":32.3328,"TIMESTAMP":"2022-11-28T11:34:07.152Z","BATT":100,"INTERVAL":600},{"modelID":"b0-e8-21-1b-bd-0a","modelType":"Wi-SHT10","DATAS":["Temperature","Humidity"],"Temperature":22.33,"Humidity":32.5728,"TIMESTAMP":"2022-11-28T11:23:52.128Z","BATT":100,"INTERVAL":600},{"modelID":"b0-e8-21-1b-bd-0a","modelType":"Wi-SHT10","DATAS":["Temperature","Humidity"],"Temperature":22.33,"Humidity":32.16,"TIMESTAMP":"2022-11-28T11:14:06.928Z","BATT":100,"INTERVAL":600},{"modelID":"b0-e8-21-1b-bd-0a","modelType":"Wi-SHT10","DATAS":["Temperature","Humidity"],"Temperature":22.31,"Humidity":32.284800000000004,"TIMESTAMP":"2022-11-28T11:03:51.609Z","BATT":100,"INTERVAL":600},{"modelID":"b0-e8-21-1b-bd-0a","modelType":"Wi-SHT10","DATAS":["Temperature","Humidity"],"Temperature":22.33,"Humidity":32.284800000000004,"TIMESTAMP":"2022-11-28T10:54:05.308Z","BATT":100,"INTERVAL":600},{"modelID":"b0-e8-21-1b-bd-0a","modelType":"Wi-SHT10","DATAS":["Temperature","Humidity"],"Temperature":22.31,"Humidity":32.208,"TIMESTAMP":"2022-11-28T10:43:53.426Z","BATT":100,"INTERVAL":600},{"modelID":"b0-e8-21-1b-bd-0a","modelType":"Wi-SHT10","DATAS":["Temperature","Humidity"],"Temperature":22.34,"Humidity":32.256,"TIMESTAMP":"2022-11-28T10:34:21.951Z","BATT":100,"INTERVAL":600},{"modelID":"b0-e8-21-1b-bd-0a","modelType":"Wi-SHT10","DATAS":["Temperature","Humidity"],"Temperature":22.34,"Humidity":32.803200000000004,"TIMESTAMP":"2022-11-28T10:23:59.682Z","BATT":100,"INTERVAL":600},{"modelID":"b0-e8-21-1b-bd-0a","modelType":"Wi-SHT10","DATAS":["Temperature","Humidity"],"Temperature":22.38,"Humidity":33.446400000000004,"TIMESTAMP":"2022-11-28T10:14:11.192Z","BATT":100,"INTERVAL":600},{"modelID":"b0-e8-21-1b-bd-0a","modelType":"Wi-SHT10","DATAS":["Temperature","Humidity"],"Temperature":22.37,"Humidity":34.0512,"TIMESTAMP":"2022-11-28T10:04:02.951Z","BATT":100,"INTERVAL":600},{"modelID":"b0-e8-21-1b-bd-0a","modelType":"Wi-SHT10","DATAS":["Temperature","Humidity"],"Temperature":22.31,"Humidity":34.6272,"TIMESTAMP":"2022-11-28T09:54:18.645Z","BATT":100,"INTERVAL":600},{"modelID":"b0-e8-21-1b-bd-0a","modelType":"Wi-SHT10","DATAS":["Temperature","Humidity"],"Temperature":22.33,"Humidity":34.7136,"TIMESTAMP":"2022-11-28T09:43:56.121Z","BATT":100,"INTERVAL":600},{"modelID":"b0-e8-21-1b-bd-0a","modelType":"Wi-SHT10","DATAS":["Temperature","Humidity"],"Temperature":22.36,"Humidity":34.32,"TIMESTAMP":"2022-11-28T09:33:54.482Z","BATT":100,"INTERVAL":600},{"modelID":"b0-e8-21-1b-bd-0a","modelType":"Wi-SHT10","DATAS":["Temperature","Humidity"],"Temperature":22.46,"Humidity":34.1184,"TIMESTAMP":"2022-11-28T09:24:15.441Z","BATT":100,"INTERVAL":600},{"modelID":"b0-e8-21-1b-bd-0a","modelType":"Wi-SHT10","DATAS":["Temperature","Humidity"],"Temperature":22.69,"Humidity":33.6672,"TIMESTAMP":"2022-11-28T09:14:03.480Z","BATT":100,"INTERVAL":600},{"modelID":"b0-e8-21-1b-bd-0a","modelType":"Wi-SHT10","DATAS":["Temperature","Humidity"],"Temperature":22.47,"Humidity":34.1568,"TIMESTAMP":"2022-11-28T09:04:17.460Z","BATT":100,"INTERVAL":600},{"modelID":"b0-e8-21-1b-bd-0a","modelType":"Wi-SHT10","DATAS":["Temperature","Humidity"],"Temperature":22.5,"Humidity":33.849599999999995,"TIMESTAMP":"2022-11-28T08:53:53.960Z","BATT":100,"INTERVAL":600},{"modelID":"b0-e8-21-1b-bd-0a","modelType":"Wi-SHT10","DATAS":["Temperature","Humidity"],"Temperature":22.58,"Humidity":33.6288,"TIMESTAMP":"2022-11-28T08:44:08.364Z","BATT":100,"INTERVAL":600},{"modelID":"b0-e8-21-1b-bd-0a","modelType":"Wi-SHT10","DATAS":["Temperature","Humidity"],"Temperature":22.82,"Humidity":33.2832,"TIMESTAMP":"2022-11-28T08:34:11.937Z","BATT":100,"INTERVAL":600},{"modelID":"b0-e8-21-1b-bd-0a","modelType":"Wi-SHT10","DATAS":["Temperature","Humidity"],"Temperature":22.84,"Humidity":33.407999999999994,"TIMESTAMP":"2022-11-28T08:23:53.258Z","BATT":100,"INTERVAL":600},{"modelID":"b0-e8-21-1b-bd-0a","modelType":"Wi-SHT10","DATAS":["Temperature","Humidity"],"Temperature":22.89,"Humidity":33.407999999999994,"TIMESTAMP":"2022-11-28T08:13:54.358Z","BATT":100,"INTERVAL":600},{"modelID":"b0-e8-21-1b-bd-0a","modelType":"Wi-SHT10","DATAS":["Temperature","Humidity"],"Temperature":22.96,"Humidity":33.4368,"TIMESTAMP":"2022-11-28T08:04:16.721Z","BATT":100,"INTERVAL":600},{"modelID":"b0-e8-21-1b-bd-0a","modelType":"Wi-SHT10","DATAS":["Temperature","Humidity"],"Temperature":22.98,"Humidity":33.5904,"TIMESTAMP":"2022-11-28T07:53:57.562Z","BATT":100,"INTERVAL":600},{"modelID":"b0-e8-21-1b-bd-0a","modelType":"Wi-SHT10","DATAS":["Temperature","Humidity"],"Temperature":22.93,"Humidity":33.8016,"TIMESTAMP":"2022-11-28T07:44:06.662Z","BATT":100,"INTERVAL":600},{"modelID":"b0-e8-21-1b-bd-0a","modelType":"Wi-SHT10","DATAS":["Temperature","Humidity"],"Temperature":23.08,"Humidity":34.233599999999996,"TIMESTAMP":"2022-11-28T07:33:57.022Z","BATT":100,"INTERVAL":600},{"modelID":"b0-e8-21-1b-bd-0a","modelType":"Wi-SHT10","DATAS":["Temperature","Humidity"],"Temperature":23.08,"Humidity":33.849599999999995,"TIMESTAMP":"2022-11-28T07:24:12.103Z","BATT":100,"INTERVAL":600},{"modelID":"b0-e8-21-1b-bd-0a","modelType":"Wi-SHT10","DATAS":["Temperature","Humidity"],"Temperature":23.06,"Humidity":33.897600000000004,"TIMESTAMP":"2022-11-28T07:14:18.332Z","BATT":100,"INTERVAL":600},{"modelID":"b0-e8-21-1b-bd-0a","modelType":"Wi-SHT10","DATAS":["Temperature","Humidity"],"Temperature":23.07,"Humidity":33.849599999999995,"TIMESTAMP":"2022-11-28T07:04:22.320Z","BATT":100,"INTERVAL":600},{"modelID":"b0-e8-21-1b-bd-0a","modelType":"Wi-SHT10","DATAS":["Temperature","Humidity"],"Temperature":23.11,"Humidity":33.782399999999996,"TIMESTAMP":"2022-11-28T06:54:11.719Z","BATT":100,"INTERVAL":600},{"modelID":"b0-e8-21-1b-bd-0a","modelType":"Wi-SHT10","DATAS":["Temperature","Humidity"],"Temperature":22.98,"Humidity":33.6384,"TIMESTAMP":"2022-11-28T06:44:04.103Z","BATT":100,"INTERVAL":600},{"modelID":"b0-e8-21-1b-bd-0a","modelType":"Wi-SHT10","DATAS":["Temperature","Humidity"],"Temperature":22.98,"Humidity":33.5712,"TIMESTAMP":"2022-11-28T06:34:04.104Z","BATT":100,"INTERVAL":600},{"modelID":"b0-e8-21-1b-bd-0a","modelType":"Wi-SHT10","DATAS":["Temperature","Humidity"],"Temperature":22.78,"Humidity":34.272000000000006,"TIMESTAMP":"2022-11-28T06:24:11.759Z","BATT":100,"INTERVAL":600},{"modelID":"b0-e8-21-1b-bd-0a","modelType":"Wi-SHT10","DATAS":["Temperature","Humidity"],"Temperature":22.75,"Humidity":34.0224,"TIMESTAMP":"2022-11-28T06:14:12.380Z","BATT":100,"INTERVAL":600},{"modelID":"b0-e8-21-1b-bd-0a","modelType":"Wi-SHT10","DATAS":["Temperature","Humidity"],"Temperature":22.87,"Humidity":33.696,"TIMESTAMP":"2022-11-28T06:04:07.491Z","BATT":100,"INTERVAL":600},{"modelID":"b0-e8-21-1b-bd-0a","modelType":"Wi-SHT10","DATAS":["Temperature","Humidity"],"Temperature":23.06,"Humidity":33.7536,"TIMESTAMP":"2022-11-28T05:54:10.993Z","BATT":100,"INTERVAL":600},{"modelID":"b0-e8-21-1b-bd-0a","modelType":"Wi-SHT10","DATAS":["Temperature","Humidity"],"Temperature":22.93,"Humidity":33.6576,"TIMESTAMP":"2022-11-28T05:44:00.112Z","BATT":100,"INTERVAL":600},{"modelID":"b0-e8-21-1b-bd-0a","modelType":"Wi-SHT10","DATAS":["Temperature","Humidity"],"Temperature":22.74,"Humidity":33.4752,"TIMESTAMP":"2022-11-28T05:33:58.080Z","BATT":100,"INTERVAL":600},{"modelID":"b0-e8-21-1b-bd-0a","modelType":"Wi-SHT10","DATAS":["Temperature","Humidity"],"Temperature":22.83,"Humidity":33.4944,"TIMESTAMP":"2022-11-28T05:23:56.272Z","BATT":100,"INTERVAL":600},{"modelID":"b0-e8-21-1b-bd-0a","modelType":"Wi-SHT10","DATAS":["Temperature","Humidity"],"Temperature":22.85,"Humidity":33.312000000000005,"TIMESTAMP":"2022-11-28T05:14:05.673Z","BATT":100,"INTERVAL":600},{"modelID":"b0-e8-21-1b-bd-0a","modelType":"Wi-SHT10","DATAS":["Temperature","Humidity"],"Temperature":22.68,"Humidity":34.0608,"TIMESTAMP":"2022-11-28T05:04:24.789Z","BATT":100,"INTERVAL":600},{"modelID":"b0-e8-21-1b-bd-0a","modelType":"Wi-SHT10","DATAS":["Temperature","Humidity"],"Temperature":22.71,"Humidity":34.5792,"TIMESTAMP":"2022-11-28T04:54:15.348Z","BATT":100,"INTERVAL":600},{"modelID":"b0-e8-21-1b-bd-0a","modelType":"Wi-SHT10","DATAS":["Temperature","Humidity"],"Temperature":22.68,"Humidity":36.2208,"TIMESTAMP":"2022-11-28T04:44:07.112Z","BATT":100,"INTERVAL":600},{"modelID":"b0-e8-21-1b-bd-0a","modelType":"Wi-SHT10","DATAS":["Temperature","Humidity"],"Temperature":22.56,"Humidity":36.4416,"TIMESTAMP":"2022-11-28T04:33:58.209Z","BATT":100,"INTERVAL":600},{"modelID":"b0-e8-21-1b-bd-0a","modelType":"Wi-SHT10","DATAS":["Temperature","Humidity"],"Temperature":22.7,"Humidity":36.144,"TIMESTAMP":"2022-11-28T04:24:01.750Z","BATT":100,"INTERVAL":600},{"modelID":"b0-e8-21-1b-bd-0a","modelType":"Wi-SHT10","DATAS":["Temperature","Humidity"],"Temperature":22.65,"Humidity":35.7792,"TIMESTAMP":"2022-11-28T04:14:21.170Z","BATT":100,"INTERVAL":600},{"modelID":"b0-e8-21-1b-bd-0a","modelType":"Wi-SHT10","DATAS":["Temperature","Humidity"],"Temperature":22.59,"Humidity":34.5984,"TIMESTAMP":"2022-11-28T04:03:56.674Z","BATT":100,"INTERVAL":600},{"modelID":"b0-e8-21-1b-bd-0a","modelType":"Wi-SHT10","DATAS":["Temperature","Humidity"],"Temperature":22.56,"Humidity":32.8416,"TIMESTAMP":"2022-11-28T03:54:24.213Z","BATT":100,"INTERVAL":600},{"modelID":"b0-e8-21-1b-bd-0a","modelType":"Wi-SHT10","DATAS":["Temperature","Humidity"],"Temperature":22.54,"Humidity":32.7168,"TIMESTAMP":"2022-11-28T03:43:56.074Z","BATT":100,"INTERVAL":600},{"modelID":"b0-e8-21-1b-bd-0a","modelType":"Wi-SHT10","DATAS":["Temperature","Humidity"],"Temperature":22.52,"Humidity":32.9664,"TIMESTAMP":"2022-11-28T03:33:58.051Z","BATT":100,"INTERVAL":600},{"modelID":"b0-e8-21-1b-bd-0a","modelType":"Wi-SHT10","DATAS":["Temperature","Humidity"],"Temperature":22.51,"Humidity":33.715199999999996,"TIMESTAMP":"2022-11-28T03:14:12.896Z","BATT":100,"INTERVAL":600},{"modelID":"b0-e8-21-1b-bd-0a","modelType":"Wi-SHT10","DATAS":["Temperature","Humidity"],"Temperature":22.52,"Humidity":34.464,"TIMESTAMP":"2022-11-28T03:04:08.054Z","BATT":100,"INTERVAL":600},{"modelID":"b0-e8-21-1b-bd-0a","modelType":"Wi-SHT10","DATAS":["Temperature","Humidity"],"Temperature":22.62,"Humidity":34.7616,"TIMESTAMP":"2022-11-28T02:53:54.633Z","BATT":100,"INTERVAL":600},{"modelID":"b0-e8-21-1b-bd-0a","modelType":"Wi-SHT10","DATAS":["Temperature","Humidity"],"Temperature":22.61,"Humidity":35.616,"TIMESTAMP":"2022-11-28T02:44:21.874Z","BATT":100,"INTERVAL":600},{"modelID":"b0-e8-21-1b-bd-0a","modelType":"Wi-SHT10","DATAS":["Temperature","Humidity"],"Temperature":22.44,"Humidity":34.8672,"TIMESTAMP":"2022-11-28T02:34:10.397Z","BATT":100,"INTERVAL":600},{"modelID":"b0-e8-21-1b-bd-0a","modelType":"Wi-SHT10","DATAS":["Temperature","Humidity"],"Temperature":22.44,"Humidity":34.857600000000005,"TIMESTAMP":"2022-11-28T02:23:59.022Z","BATT":100,"INTERVAL":600},{"modelID":"b0-e8-21-1b-bd-0a","modelType":"Wi-SHT10","DATAS":["Temperature","Humidity"],"Temperature":22.49,"Humidity":34.5984,"TIMESTAMP":"2022-11-28T02:14:18.136Z","BATT":100,"INTERVAL":600},{"modelID":"b0-e8-21-1b-bd-0a","modelType":"Wi-SHT10","DATAS":["Temperature","Humidity"],"Temperature":22.4,"Humidity":34.6656,"TIMESTAMP":"2022-11-28T02:04:19.986Z","BATT":100,"INTERVAL":600},{"modelID":"b0-e8-21-1b-bd-0a","modelType":"Wi-SHT10","DATAS":["Temperature","Humidity"],"Temperature":22.5,"Humidity":34.3872,"TIMESTAMP":"2022-11-28T01:54:00.120Z","BATT":100,"INTERVAL":600},{"modelID":"b0-e8-21-1b-bd-0a","modelType":"Wi-SHT10","DATAS":["Temperature","Humidity"],"Temperature":22.46,"Humidity":34.3872,"TIMESTAMP":"2022-11-28T01:44:01.659Z","BATT":100,"INTERVAL":600},{"modelID":"b0-e8-21-1b-bd-0a","modelType":"Wi-SHT10","DATAS":["Temperature","Humidity"],"Temperature":22.74,"Humidity":32.8992,"TIMESTAMP":"2022-11-28T01:14:13.176Z","BATT":100,"INTERVAL":600},{"modelID":"b0-e8-21-1b-bd-0a","modelType":"Wi-SHT10","DATAS":["Temperature","Humidity"],"Temperature":22.98,"Humidity":31.5744,"TIMESTAMP":"2022-11-28T00:54:01.746Z","BATT":100,"INTERVAL":600},{"modelID":"b0-e8-21-1b-bd-0a","modelType":"Wi-SHT10","DATAS":["Temperature","Humidity"],"Temperature":23.02,"Humidity":31.343999999999998,"TIMESTAMP":"2022-11-28T00:44:10.064Z","BATT":100,"INTERVAL":600},{"modelID":"b0-e8-21-1b-bd-0a","modelType":"Wi-SHT10","DATAS":["Temperature","Humidity"],"Temperature":23.27,"Humidity":30.8928,"TIMESTAMP":"2022-11-28T00:34:10.796Z","BATT":100,"INTERVAL":600},{"modelID":"b0-e8-21-1b-bd-0a","modelType":"Wi-SHT10","DATAS":["Temperature","Humidity"],"Temperature":23.3,"Humidity":30.48,"TIMESTAMP":"2022-11-28T00:24:06.694Z","BATT":100,"INTERVAL":600},{"modelID":"b0-e8-21-1b-bd-0a","modelType":"Wi-SHT10","DATAS":["Temperature","Humidity"],"Temperature":22.9,"Humidity":30.0864,"TIMESTAMP":"2022-11-28T00:03:54.854Z","BATT":100,"INTERVAL":600},{"modelID":"b0-e8-21-1b-bd-0a","modelType":"Wi-SHT10","DATAS":["Temperature","Humidity"],"Temperature":22.77,"Humidity":28.4736,"TIMESTAMP":"2022-11-27T23:44:00.883Z","BATT":100,"INTERVAL":600},{"modelID":"b0-e8-21-1b-bd-0a","modelType":"Wi-SHT10","DATAS":["Temperature","Humidity"],"Temperature":22.42,"Humidity":28.598399999999998,"TIMESTAMP":"2022-11-27T23:33:56.949Z","BATT":100,"INTERVAL":600},{"modelID":"b0-e8-21-1b-bd-0a","modelType":"Wi-SHT10","DATAS":["Temperature","Humidity"],"Temperature":22.16,"Humidity":27.023999999999997,"TIMESTAMP":"2022-11-27T23:24:02.475Z","BATT":100,"INTERVAL":600},{"modelID":"b0-e8-21-1b-bd-0a","modelType":"Wi-SHT10","DATAS":["Temperature","Humidity"],"Temperature":22.16,"Humidity":25.190399999999997,"TIMESTAMP":"2022-11-27T23:04:03.484Z","BATT":100,"INTERVAL":600},{"modelID":"b0-e8-21-1b-bd-0a","modelType":"Wi-SHT10","DATAS":["Temperature","Humidity"],"Temperature":22.16,"Humidity":25.190399999999997,"TIMESTAMP":"2022-11-27T22:43:56.557Z","BATT":100,"INTERVAL":600},{"modelID":"b0-e8-21-1b-bd-0a","modelType":"Wi-SHT10","DATAS":["Temperature","Humidity"],"Temperature":22.15,"Humidity":25.2288,"TIMESTAMP":"2022-11-27T22:24:20.296Z","BATT":100,"INTERVAL":600},{"modelID":"b0-e8-21-1b-bd-0a","modelType":"Wi-SHT10","DATAS":["Temperature","Humidity"],"Temperature":22.22,"Humidity":25.2672,"TIMESTAMP":"2022-11-27T22:03:56.983Z","BATT":100,"INTERVAL":600},{"modelID":"b0-e8-21-1b-bd-0a","modelType":"Wi-SHT10","DATAS":["Temperature","Humidity"],"Temperature":22.2,"Humidity":25.2864,"TIMESTAMP":"2022-11-27T21:54:21.538Z","BATT":100,"INTERVAL":600},{"modelID":"b0-e8-21-1b-bd-0a","modelType":"Wi-SHT10","DATAS":["Temperature","Humidity"],"Temperature":22.21,"Humidity":25.3152,"TIMESTAMP":"2022-11-27T21:43:52.962Z","BATT":100,"INTERVAL":600},{"modelID":"b0-e8-21-1b-bd-0a","modelType":"Wi-SHT10","DATAS":["Temperature","Humidity"],"Temperature":22.24,"Humidity":25.334400000000002,"TIMESTAMP":"2022-11-27T21:34:14.241Z","BATT":100,"INTERVAL":600},{"modelID":"b0-e8-21-1b-bd-0a","modelType":"Wi-SHT10","DATAS":["Temperature","Humidity"],"Temperature":22.25,"Humidity":25.343999999999998,"TIMESTAMP":"2022-11-27T21:24:13.982Z","BATT":100,"INTERVAL":600},{"modelID":"b0-e8-21-1b-bd-0a","modelType":"Wi-SHT10","DATAS":["Temperature","Humidity"],"Temperature":22.24,"Humidity":25.372799999999998,"TIMESTAMP":"2022-11-27T21:04:11.591Z","BATT":100,"INTERVAL":600},{"modelID":"b0-e8-21-1b-bd-0a","modelType":"Wi-SHT10","DATAS":["Temperature","Humidity"],"Temperature":22.25,"Humidity":25.411199999999997,"TIMESTAMP":"2022-11-27T20:43:59.554Z","BATT":100,"INTERVAL":600},{"modelID":"b0-e8-21-1b-bd-0a","modelType":"Wi-SHT10","DATAS":["Temperature","Humidity"],"Temperature":22.26,"Humidity":25.4688,"TIMESTAMP":"2022-11-27T20:24:01.880Z","BATT":100,"INTERVAL":600},{"modelID":"b0-e8-21-1b-bd-0a","modelType":"Wi-SHT10","DATAS":["Temperature","Humidity"],"Temperature":22.26,"Humidity":25.5456,"TIMESTAMP":"2022-11-27T20:14:25.020Z","BATT":100,"INTERVAL":600},{"modelID":"b0-e8-21-1b-bd-0a","modelType":"Wi-SHT10","DATAS":["Temperature","Humidity"],"Temperature":22.25,"Humidity":25.5936,"TIMESTAMP":"2022-11-27T20:04:11.153Z","BATT":100,"INTERVAL":600},{"modelID":"b0-e8-21-1b-bd-0a","modelType":"Wi-SHT10","DATAS":["Temperature","Humidity"],"Temperature":22.27,"Humidity":25.622400000000003,"TIMESTAMP":"2022-11-27T19:44:22.308Z","BATT":100,"INTERVAL":600},{"modelID":"b0-e8-21-1b-bd-0a","modelType":"Wi-SHT10","DATAS":["Temperature","Humidity"],"Temperature":22.29,"Humidity":25.68,"TIMESTAMP":"2022-11-27T19:34:15.336Z","BATT":100,"INTERVAL":600},{"modelID":"b0-e8-21-1b-bd-0a","modelType":"Wi-SHT10","DATAS":["Temperature","Humidity"],"Temperature":22.28,"Humidity":25.7568,"TIMESTAMP":"2022-11-27T19:23:51.318Z","BATT":100,"INTERVAL":600},{"modelID":"b0-e8-21-1b-bd-0a","modelType":"Wi-SHT10","DATAS":["Temperature","Humidity"],"Temperature":22.32,"Humidity":25.9104,"TIMESTAMP":"2022-11-27T19:04:15.725Z","BATT":100,"INTERVAL":600},{"modelID":"b0-e8-21-1b-bd-0a","modelType":"Wi-SHT10","DATAS":["Temperature","Humidity"],"Temperature":22.32,"Humidity":26.0064,"TIMESTAMP":"2022-11-27T18:54:22.711Z","BATT":100,"INTERVAL":600},{"modelID":"b0-e8-21-1b-bd-0a","modelType":"Wi-SHT10","DATAS":["Temperature","Humidity"],"Temperature":22.33,"Humidity":26.102400000000003,"TIMESTAMP":"2022-11-27T18:44:06.113Z","BATT":100,"INTERVAL":600},{"modelID":"b0-e8-21-1b-bd-0a","modelType":"Wi-SHT10","DATAS":["Temperature","Humidity"],"Temperature":22.34,"Humidity":26.1312,"TIMESTAMP":"2022-11-27T18:24:02.655Z","BATT":100,"INTERVAL":600},{"modelID":"b0-e8-21-1b-bd-0a","modelType":"Wi-SHT10","DATAS":["Temperature","Humidity"],"Temperature":22.34,"Humidity":25.8048,"TIMESTAMP":"2022-11-27T18:04:02.213Z","BATT":100,"INTERVAL":600},{"modelID":"b0-e8-21-1b-bd-0a","modelType":"Wi-SHT10","DATAS":["Temperature","Humidity"],"Temperature":22.33,"Humidity":25.7472,"TIMESTAMP":"2022-11-27T17:54:08.096Z","BATT":100,"INTERVAL":600},{"modelID":"b0-e8-21-1b-bd-0a","modelType":"Wi-SHT10","DATAS":["Temperature","Humidity"],"Temperature":22.33,"Humidity":25.6992,"TIMESTAMP":"2022-11-27T17:43:57.455Z","BATT":100,"INTERVAL":600},{"modelID":"b0-e8-21-1b-bd-0a","modelType":"Wi-SHT10","DATAS":["Temperature","Humidity"],"Temperature":22.38,"Humidity":25.7088,"TIMESTAMP":"2022-11-27T17:34:21.175Z","BATT":100,"INTERVAL":600},{"modelID":"b0-e8-21-1b-bd-0a","modelType":"Wi-SHT10","DATAS":["Temperature","Humidity"],"Temperature":22.38,"Humidity":25.7856,"TIMESTAMP":"2022-11-27T17:24:09.594Z","BATT":100,"INTERVAL":600},{"modelID":"b0-e8-21-1b-bd-0a","modelType":"Wi-SHT10","DATAS":["Temperature","Humidity"],"Temperature":22.38,"Humidity":25.8624,"TIMESTAMP":"2022-11-27T17:04:16.363Z","BATT":100,"INTERVAL":600},{"modelID":"b0-e8-21-1b-bd-0a","modelType":"Wi-SHT10","DATAS":["Temperature","Humidity"],"Temperature":22.44,"Humidity":25.8624,"TIMESTAMP":"2022-11-27T16:53:55.502Z","BATT":100,"INTERVAL":600},{"modelID":"b0-e8-21-1b-bd-0a","modelType":"Wi-SHT10","DATAS":["Temperature","Humidity"],"Temperature":22.44,"Humidity":25.9008,"TIMESTAMP":"2022-11-27T16:44:07.170Z","BATT":100,"INTERVAL":600},{"modelID":"b0-e8-21-1b-bd-0a","modelType":"Wi-SHT10","DATAS":["Temperature","Humidity"],"Temperature":22.45,"Humidity":25.948800000000002,"TIMESTAMP":"2022-11-27T16:34:06.255Z","BATT":100,"INTERVAL":600},{"modelID":"b0-e8-21-1b-bd-0a","modelType":"Wi-SHT10","DATAS":["Temperature","Humidity"],"Temperature":22.44,"Humidity":26.0256,"TIMESTAMP":"2022-11-27T16:24:24.265Z","BATT":100,"INTERVAL":600}],"DAYHOURS":["21","20","19","18","17","16","15","14","13","12","11","10","9","8","7","6","5","4","3","2","1","0"]}