{"SENSORNAME":"SSB6-2","SENSORTYPE":"PWRMTR(485)","DTUID":"5","SENSORID":2,"PWRMTR0":"42262","PWRMTR1":"629","DAYDATA":[{"DTUID":"5","SENSORID":2,"FUNCID":3,"NDATA":2,"SENSORTYPE":"PWR-METER-POWER","RCV_BYTES":["0040","7CC0"],"DATAS":[64,31936],"DATAS1":[],"DATAS2":[],"TIMESTAMP":"2022-11-28T09:26:43.161Z"},{"DTUID":"5","SENSORID":2,"FUNCID":3,"NDATA":2,"SENSORTYPE":"PWR-METER-POWER","RCV_BYTES":["0040","7B80"],"DATAS":[64,31616],"DATAS1":[],"DATAS2":[],"TIMESTAMP":"2022-11-28T09:06:42.384Z"},{"DTUID":"5","SENSORID":2,"FUNCID":3,"NDATA":2,"SENSORTYPE":"PWR-METER-POWER","RCV_BYTES":["0040","70E0"],"DATAS":[64,28896],"DATAS1":[],"DATAS2":[],"TIMESTAMP":"2022-11-28T05:30:05.239Z"},{"DTUID":"5","SENSORID":2,"FUNCID":3,"NDATA":2,"SENSORTYPE":"PWR-METER-POWER","RCV_BYTES":["0040","6F00"],"DATAS":[64,28416],"DATAS1":[],"DATAS2":[],"TIMESTAMP":"2022-11-28T04:49:58.510Z"},{"DTUID":"5","SENSORID":2,"FUNCID":3,"NDATA":2,"SENSORTYPE":"PWR-METER-POWER","RCV_BYTES":["0040","6DC0"],"DATAS":[64,28096],"DATAS1":[],"DATAS2":[],"TIMESTAMP":"2022-11-28T04:30:01.348Z"},{"DTUID":"5","SENSORID":2,"FUNCID":3,"NDATA":2,"SENSORTYPE":"PWR-METER-POWER","RCV_BYTES":["0040","6500"],"DATAS":[64,25856],"DATAS1":[],"DATAS2":[],"TIMESTAMP":"2022-11-28T01:01:13.790Z"},{"DTUID":"5","SENSORID":2,"FUNCID":3,"NDATA":2,"SENSORTYPE":"PWR-METER-POWER","RCV_BYTES":["0040","5E20"],"DATAS":[64,24096],"DATAS1":[],"DATAS2":[],"TIMESTAMP":"2022-11-27T21:16:04.262Z"}],"DAYHOURS":["17","13","12","9","5"],"MNTH-2022_11":"42262","WK48":"42262","WK47":"41466","WK46":"40090","WK45":"38733","WK44":"37520","MNTH-2022_10":"37291","WK43":"36283","WK42":"35139","WK41":"33714","WK40":"32344","MNTH-2022_9":"31650","WK39":"30902","WK38":"28973","WK37":"27122","WK36":"26458","MNTH-2022_8":"25349","WK35":"25202","WK34":"23629","WK33":"22120","WK32":"20614","WK31":"19125","MNTH-2022_7":"18696","WK30":"17610","WK29":"16248","WK28":"14672","WK27":"12997","MNTH-2022_6":"11835","WK26":"11283","WK25":"9509","WK24":"8038","WK23":"6664","MNTH-2022_5":"5480","WK22":"5480","WK21":"4066","WK20":"2614","WK19":"1026"}