{"SENSORNAME":"CHILLER A - CWS PRESS 2","SENSORTYPE":"WTRPRS(485)","DTUID":"207","SENSORID":"25","DATE0":"2022-11-28T11:25:25.809Z","DATE1":"2022-02-13T09:59:08.528Z","DAYDATA":[{"DTUID":"207","SENSORID":25,"FUNCID":3,"NDATA":2,"SENSORTYPE":"WATER-PRES","RCV_BYTES":["431B","F646"],"DATAS":[17179,-2490],"DATAS1":[],"DATAS2":[],"TIMESTAMP":"2022-11-28T11:25:25.809Z"},{"DTUID":"207","SENSORID":25,"FUNCID":3,"NDATA":2,"SENSORTYPE":"WATER-PRES","RCV_BYTES":["431C","F893"],"DATAS":[17180,-1901],"DATAS1":[],"DATAS2":[],"TIMESTAMP":"2022-11-28T10:05:19.984Z"},{"DTUID":"207","SENSORID":25,"FUNCID":3,"NDATA":2,"SENSORTYPE":"WATER-PRES","RCV_BYTES":["431C","5CEE"],"DATAS":[17180,23790],"DATAS1":[],"DATAS2":[],"TIMESTAMP":"2022-11-28T09:25:15.263Z"},{"DTUID":"207","SENSORID":25,"FUNCID":3,"NDATA":2,"SENSORTYPE":"WATER-PRES","RCV_BYTES":["431C","5CEE"],"DATAS":[17180,23790],"DATAS1":[],"DATAS2":[],"TIMESTAMP":"2022-11-28T09:05:14.141Z"},{"DTUID":"207","SENSORID":25,"FUNCID":3,"NDATA":2,"SENSORTYPE":"WATER-PRES","RCV_BYTES":["431D","C6E9"],"DATAS":[17181,-14615],"DATAS1":[],"DATAS2":[],"TIMESTAMP":"2022-11-28T08:28:47.601Z"},{"DTUID":"207","SENSORID":25,"FUNCID":3,"NDATA":2,"SENSORTYPE":"WATER-PRES","RCV_BYTES":["431D","2C4A"],"DATAS":[17181,11338],"DATAS1":[],"DATAS2":[],"TIMESTAMP":"2022-11-28T05:28:31.532Z"},{"DTUID":"207","SENSORID":25,"FUNCID":3,"NDATA":2,"SENSORTYPE":"WATER-PRES","RCV_BYTES":["431D","2C4A"],"DATAS":[17181,11338],"DATAS1":[],"DATAS2":[],"TIMESTAMP":"2022-11-28T04:48:24.057Z"},{"DTUID":"207","SENSORID":25,"FUNCID":3,"NDATA":2,"SENSORTYPE":"WATER-PRES","RCV_BYTES":["431C","C49C"],"DATAS":[17180,-15204],"DATAS1":[],"DATAS2":[],"TIMESTAMP":"2022-11-28T04:28:26.329Z"},{"DTUID":"207","SENSORID":25,"FUNCID":3,"NDATA":2,"SENSORTYPE":"WATER-PRES","RCV_BYTES":["431C","F893"],"DATAS":[17180,-1901],"DATAS1":[],"DATAS2":[],"TIMESTAMP":"2022-11-28T03:03:02.613Z"},{"DTUID":"207","SENSORID":25,"FUNCID":3,"NDATA":2,"SENSORTYPE":"WATER-PRES","RCV_BYTES":["431D","6042"],"DATAS":[17181,24642],"DATAS1":[],"DATAS2":[],"TIMESTAMP":"2022-11-28T00:14:41.432Z"},{"DTUID":"207","SENSORID":25,"FUNCID":3,"NDATA":2,"SENSORTYPE":"WATER-PRES","RCV_BYTES":["431D","2C4A"],"DATAS":[17181,11338],"DATAS1":[],"DATAS2":[],"TIMESTAMP":"2022-11-27T23:14:36.816Z"},{"DTUID":"207","SENSORID":25,"FUNCID":3,"NDATA":2,"SENSORTYPE":"WATER-PRES","RCV_BYTES":["431D","C6E9"],"DATAS":[17181,-14615],"DATAS1":[],"DATAS2":[],"TIMESTAMP":"2022-11-27T22:34:32.776Z"},{"DTUID":"207","SENSORID":25,"FUNCID":3,"NDATA":2,"SENSORTYPE":"WATER-PRES","RCV_BYTES":["431D","9333"],"DATAS":[17181,-27853],"DATAS1":[],"DATAS2":[],"TIMESTAMP":"2022-11-27T22:14:32.677Z"},{"DTUID":"207","SENSORID":25,"FUNCID":3,"NDATA":2,"SENSORTYPE":"WATER-PRES","RCV_BYTES":["431D","9333"],"DATAS":[17181,-27853],"DATAS1":[],"DATAS2":[],"TIMESTAMP":"2022-11-27T21:14:30.841Z"},{"DTUID":"207","SENSORID":25,"FUNCID":3,"NDATA":2,"SENSORTYPE":"WATER-PRES","RCV_BYTES":["431D","9333"],"DATAS":[17181,-27853],"DATAS1":[],"DATAS2":[],"TIMESTAMP":"2022-11-27T20:34:22.232Z"},{"DTUID":"207","SENSORID":25,"FUNCID":3,"NDATA":2,"SENSORTYPE":"WATER-PRES","RCV_BYTES":["431D","2C4A"],"DATAS":[17181,11338],"DATAS1":[],"DATAS2":[],"TIMESTAMP":"2022-11-27T20:14:23.392Z"},{"DTUID":"207","SENSORID":25,"FUNCID":3,"NDATA":2,"SENSORTYPE":"WATER-PRES","RCV_BYTES":["431C","C49C"],"DATAS":[17180,-15204],"DATAS1":[],"DATAS2":[],"TIMESTAMP":"2022-11-27T19:14:17.497Z"},{"DTUID":"207","SENSORID":25,"FUNCID":3,"NDATA":2,"SENSORTYPE":"WATER-PRES","RCV_BYTES":["431C","C49C"],"DATAS":[17180,-15204],"DATAS1":[],"DATAS2":[],"TIMESTAMP":"2022-11-27T18:34:14.752Z"},{"DTUID":"207","SENSORID":25,"FUNCID":3,"NDATA":2,"SENSORTYPE":"WATER-PRES","RCV_BYTES":["431D","9333"],"DATAS":[17181,-27853],"DATAS1":[],"DATAS2":[],"TIMESTAMP":"2022-11-27T18:14:15.413Z"},{"DTUID":"207","SENSORID":25,"FUNCID":3,"NDATA":2,"SENSORTYPE":"WATER-PRES","RCV_BYTES":["431C","C49C"],"DATAS":[17180,-15204],"DATAS1":[],"DATAS2":[],"TIMESTAMP":"2022-11-27T17:14:08.814Z"}],"DAYHOURS":["19","18","17","16","13","12","11","8","7","6","5","4","3","2","1"]}