{"SENSORNAME":"L4-Clean utility(daycare)","SENSORTYPE":"WISENSOR","DTUID":"-1","SENSORID":"BA-10-50-C8-8E-73","DATE0":"2022-11-28T13:12:42.875Z","DATE1":"2022-03-22T00:14:56.130Z","DAYDATA":[{"modelID":"ba-10-50-c8-8e-73","modelType":"Wi-SHT10A","DATAS":["Temperature","Humidity"],"Temperature":5.83,"Humidity":0,"TIMESTAMP":"2022-11-28T13:12:42.875Z","BATT":100,"INTERVAL":1200},{"modelID":"ba-10-50-c8-8e-73","modelType":"Wi-SHT10A","DATAS":["Temperature","Humidity"],"Temperature":4.92,"Humidity":0,"TIMESTAMP":"2022-11-28T12:33:15.576Z","BATT":100,"INTERVAL":1200},{"modelID":"ba-10-50-c8-8e-73","modelType":"Wi-SHT10A","DATAS":["Temperature","Humidity"],"Temperature":4.78,"Humidity":0,"TIMESTAMP":"2022-11-28T12:12:39.980Z","BATT":100,"INTERVAL":1200},{"modelID":"ba-10-50-c8-8e-73","modelType":"Wi-SHT10A","DATAS":["Temperature","Humidity"],"Temperature":5.19,"Humidity":0,"TIMESTAMP":"2022-11-28T11:52:52.236Z","BATT":100,"INTERVAL":1200},{"modelID":"ba-10-50-c8-8e-73","modelType":"Wi-SHT10A","DATAS":["Temperature","Humidity"],"Temperature":5.66,"Humidity":0,"TIMESTAMP":"2022-11-28T11:32:40.577Z","BATT":100,"INTERVAL":1200},{"modelID":"ba-10-50-c8-8e-73","modelType":"Wi-SHT10A","DATAS":["Temperature","Humidity"],"Temperature":5.76,"Humidity":0,"TIMESTAMP":"2022-11-28T11:13:29.565Z","BATT":100,"INTERVAL":1200},{"modelID":"ba-10-50-c8-8e-73","modelType":"Wi-SHT10A","DATAS":["Temperature","Humidity"],"Temperature":5.12,"Humidity":0,"TIMESTAMP":"2022-11-28T10:53:12.165Z","BATT":100,"INTERVAL":1200},{"modelID":"ba-10-50-c8-8e-73","modelType":"Wi-SHT10A","DATAS":["Temperature","Humidity"],"Temperature":4.62,"Humidity":0,"TIMESTAMP":"2022-11-28T10:33:16.297Z","BATT":100,"INTERVAL":1200},{"modelID":"ba-10-50-c8-8e-73","modelType":"Wi-SHT10A","DATAS":["Temperature","Humidity"],"Temperature":4.65,"Humidity":0,"TIMESTAMP":"2022-11-28T10:12:54.296Z","BATT":100,"INTERVAL":1200},{"modelID":"ba-10-50-c8-8e-73","modelType":"Wi-SHT10A","DATAS":["Temperature","Humidity"],"Temperature":5.25,"Humidity":0,"TIMESTAMP":"2022-11-28T09:53:07.973Z","BATT":100,"INTERVAL":1200},{"modelID":"ba-10-50-c8-8e-73","modelType":"Wi-SHT10A","DATAS":["Temperature","Humidity"],"Temperature":5.83,"Humidity":0,"TIMESTAMP":"2022-11-28T09:32:41.148Z","BATT":100,"INTERVAL":1200},{"modelID":"ba-10-50-c8-8e-73","modelType":"Wi-SHT10A","DATAS":["Temperature","Humidity"],"Temperature":5.76,"Humidity":0,"TIMESTAMP":"2022-11-28T09:13:34.329Z","BATT":100,"INTERVAL":1200},{"modelID":"ba-10-50-c8-8e-73","modelType":"Wi-SHT10A","DATAS":["Temperature","Humidity"],"Temperature":5.02,"Humidity":0,"TIMESTAMP":"2022-11-28T08:53:11.829Z","BATT":100,"INTERVAL":1200},{"modelID":"ba-10-50-c8-8e-73","modelType":"Wi-SHT10A","DATAS":["Temperature","Humidity"],"Temperature":4.85,"Humidity":0,"TIMESTAMP":"2022-11-28T08:33:16.948Z","BATT":100,"INTERVAL":1200},{"modelID":"ba-10-50-c8-8e-73","modelType":"Wi-SHT10A","DATAS":["Temperature","Humidity"],"Temperature":5.22,"Humidity":0,"TIMESTAMP":"2022-11-28T08:13:14.351Z","BATT":100,"INTERVAL":1200},{"modelID":"ba-10-50-c8-8e-73","modelType":"Wi-SHT10A","DATAS":["Temperature","Humidity"],"Temperature":5.73,"Humidity":0,"TIMESTAMP":"2022-11-28T07:53:26.170Z","BATT":100,"INTERVAL":1200},{"modelID":"ba-10-50-c8-8e-73","modelType":"Wi-SHT10A","DATAS":["Temperature","Humidity"],"Temperature":5.86,"Humidity":0,"TIMESTAMP":"2022-11-28T07:33:38.961Z","BATT":100,"INTERVAL":1200},{"modelID":"ba-10-50-c8-8e-73","modelType":"Wi-SHT10A","DATAS":["Temperature","Humidity"],"Temperature":5.15,"Humidity":0,"TIMESTAMP":"2022-11-28T07:13:31.161Z","BATT":100,"INTERVAL":1200},{"modelID":"ba-10-50-c8-8e-73","modelType":"Wi-SHT10A","DATAS":["Temperature","Humidity"],"Temperature":4.95,"Humidity":0,"TIMESTAMP":"2022-11-28T06:53:12.941Z","BATT":100,"INTERVAL":1200},{"modelID":"ba-10-50-c8-8e-73","modelType":"Wi-SHT10A","DATAS":["Temperature","Humidity"],"Temperature":5.39,"Humidity":0,"TIMESTAMP":"2022-11-28T06:33:08.921Z","BATT":100,"INTERVAL":1200},{"modelID":"ba-10-50-c8-8e-73","modelType":"Wi-SHT10A","DATAS":["Temperature","Humidity"],"Temperature":5.83,"Humidity":0,"TIMESTAMP":"2022-11-28T06:13:07.324Z","BATT":100,"INTERVAL":1200},{"modelID":"ba-10-50-c8-8e-73","modelType":"Wi-SHT10A","DATAS":["Temperature","Humidity"],"Temperature":5.59,"Humidity":0,"TIMESTAMP":"2022-11-28T05:52:42.254Z","BATT":100,"INTERVAL":1200},{"modelID":"ba-10-50-c8-8e-73","modelType":"Wi-SHT10A","DATAS":["Temperature","Humidity"],"Temperature":5.05,"Humidity":0,"TIMESTAMP":"2022-11-28T05:32:42.534Z","BATT":100,"INTERVAL":1200},{"modelID":"ba-10-50-c8-8e-73","modelType":"Wi-SHT10A","DATAS":["Temperature","Humidity"],"Temperature":4.89,"Humidity":0,"TIMESTAMP":"2022-11-28T05:13:15.199Z","BATT":100,"INTERVAL":1200},{"modelID":"ba-10-50-c8-8e-73","modelType":"Wi-SHT10A","DATAS":["Temperature","Humidity"],"Temperature":5.73,"Humidity":0,"TIMESTAMP":"2022-11-28T04:53:13.953Z","BATT":100,"INTERVAL":1200},{"modelID":"ba-10-50-c8-8e-73","modelType":"Wi-SHT10A","DATAS":["Temperature","Humidity"],"Temperature":5.36,"Humidity":0,"TIMESTAMP":"2022-11-28T04:33:13.035Z","BATT":100,"INTERVAL":1200},{"modelID":"ba-10-50-c8-8e-73","modelType":"Wi-SHT10A","DATAS":["Temperature","Humidity"],"Temperature":4.85,"Humidity":0,"TIMESTAMP":"2022-11-28T04:12:59.317Z","BATT":100,"INTERVAL":1200},{"modelID":"ba-10-50-c8-8e-73","modelType":"Wi-SHT10A","DATAS":["Temperature","Humidity"],"Temperature":4.72,"Humidity":0,"TIMESTAMP":"2022-11-28T03:53:13.399Z","BATT":100,"INTERVAL":1200},{"modelID":"ba-10-50-c8-8e-73","modelType":"Wi-SHT10A","DATAS":["Temperature","Humidity"],"Temperature":5.09,"Humidity":0,"TIMESTAMP":"2022-11-28T03:32:50.989Z","BATT":100,"INTERVAL":1200},{"modelID":"ba-10-50-c8-8e-73","modelType":"Wi-SHT10A","DATAS":["Temperature","Humidity"],"Temperature":5.49,"Humidity":0,"TIMESTAMP":"2022-11-28T03:13:27.476Z","BATT":100,"INTERVAL":1200},{"modelID":"ba-10-50-c8-8e-73","modelType":"Wi-SHT10A","DATAS":["Temperature","Humidity"],"Temperature":5.86,"Humidity":0,"TIMESTAMP":"2022-11-28T02:53:05.163Z","BATT":100,"INTERVAL":1200},{"modelID":"ba-10-50-c8-8e-73","modelType":"Wi-SHT10A","DATAS":["Temperature","Humidity"],"Temperature":5.46,"Humidity":0,"TIMESTAMP":"2022-11-28T02:32:51.056Z","BATT":100,"INTERVAL":1200},{"modelID":"ba-10-50-c8-8e-73","modelType":"Wi-SHT10A","DATAS":["Temperature","Humidity"],"Temperature":4.99,"Humidity":0,"TIMESTAMP":"2022-11-28T02:12:43.480Z","BATT":100,"INTERVAL":1200},{"modelID":"ba-10-50-c8-8e-73","modelType":"Wi-SHT10A","DATAS":["Temperature","Humidity"],"Temperature":4.89,"Humidity":0,"TIMESTAMP":"2022-11-28T01:52:39.315Z","BATT":100,"INTERVAL":1200},{"modelID":"ba-10-50-c8-8e-73","modelType":"Wi-SHT10A","DATAS":["Temperature","Humidity"],"Temperature":5.96,"Humidity":0,"TIMESTAMP":"2022-11-28T01:12:50.765Z","BATT":100,"INTERVAL":1200},{"modelID":"ba-10-50-c8-8e-73","modelType":"Wi-SHT10A","DATAS":["Temperature","Humidity"],"Temperature":5.49,"Humidity":0,"TIMESTAMP":"2022-11-28T00:52:43.640Z","BATT":100,"INTERVAL":1200},{"modelID":"ba-10-50-c8-8e-73","modelType":"Wi-SHT10A","DATAS":["Temperature","Humidity"],"Temperature":5.05,"Humidity":0,"TIMESTAMP":"2022-11-28T00:32:43.736Z","BATT":100,"INTERVAL":1200},{"modelID":"ba-10-50-c8-8e-73","modelType":"Wi-SHT10A","DATAS":["Temperature","Humidity"],"Temperature":5.05,"Humidity":0,"TIMESTAMP":"2022-11-28T00:12:51.055Z","BATT":100,"INTERVAL":1200},{"modelID":"ba-10-50-c8-8e-73","modelType":"Wi-SHT10A","DATAS":["Temperature","Humidity"],"Temperature":5.49,"Humidity":0,"TIMESTAMP":"2022-11-27T23:53:18.856Z","BATT":100,"INTERVAL":1200},{"modelID":"ba-10-50-c8-8e-73","modelType":"Wi-SHT10A","DATAS":["Temperature","Humidity"],"Temperature":5.89,"Humidity":0,"TIMESTAMP":"2022-11-27T23:33:13.303Z","BATT":100,"INTERVAL":1200},{"modelID":"ba-10-50-c8-8e-73","modelType":"Wi-SHT10A","DATAS":["Temperature","Humidity"],"Temperature":5.93,"Humidity":0,"TIMESTAMP":"2022-11-27T23:12:40.070Z","BATT":100,"INTERVAL":1200},{"modelID":"ba-10-50-c8-8e-73","modelType":"Wi-SHT10A","DATAS":["Temperature","Humidity"],"Temperature":5.32,"Humidity":0,"TIMESTAMP":"2022-11-27T22:52:52.087Z","BATT":100,"INTERVAL":1200},{"modelID":"ba-10-50-c8-8e-73","modelType":"Wi-SHT10A","DATAS":["Temperature","Humidity"],"Temperature":4.99,"Humidity":0,"TIMESTAMP":"2022-11-27T22:32:52.183Z","BATT":100,"INTERVAL":1200},{"modelID":"ba-10-50-c8-8e-73","modelType":"Wi-SHT10A","DATAS":["Temperature","Humidity"],"Temperature":4.99,"Humidity":0,"TIMESTAMP":"2022-11-27T22:12:40.335Z","BATT":100,"INTERVAL":1200},{"modelID":"ba-10-50-c8-8e-73","modelType":"Wi-SHT10A","DATAS":["Temperature","Humidity"],"Temperature":5.32,"Humidity":0,"TIMESTAMP":"2022-11-27T21:53:28.959Z","BATT":100,"INTERVAL":1200},{"modelID":"ba-10-50-c8-8e-73","modelType":"Wi-SHT10A","DATAS":["Temperature","Humidity"],"Temperature":5.86,"Humidity":0,"TIMESTAMP":"2022-11-27T21:33:15.832Z","BATT":100,"INTERVAL":1200},{"modelID":"ba-10-50-c8-8e-73","modelType":"Wi-SHT10A","DATAS":["Temperature","Humidity"],"Temperature":5.96,"Humidity":0,"TIMESTAMP":"2022-11-27T21:13:38.404Z","BATT":100,"INTERVAL":1200},{"modelID":"ba-10-50-c8-8e-73","modelType":"Wi-SHT10A","DATAS":["Temperature","Humidity"],"Temperature":5.62,"Humidity":0,"TIMESTAMP":"2022-11-27T20:53:33.572Z","BATT":100,"INTERVAL":1200},{"modelID":"ba-10-50-c8-8e-73","modelType":"Wi-SHT10A","DATAS":["Temperature","Humidity"],"Temperature":5.12,"Humidity":0,"TIMESTAMP":"2022-11-27T20:33:33.660Z","BATT":100,"INTERVAL":1200},{"modelID":"ba-10-50-c8-8e-73","modelType":"Wi-SHT10A","DATAS":["Temperature","Humidity"],"Temperature":5.12,"Humidity":0,"TIMESTAMP":"2022-11-27T20:13:09.792Z","BATT":100,"INTERVAL":1200},{"modelID":"ba-10-50-c8-8e-73","modelType":"Wi-SHT10A","DATAS":["Temperature","Humidity"],"Temperature":5.59,"Humidity":0,"TIMESTAMP":"2022-11-27T19:53:14.327Z","BATT":100,"INTERVAL":1200},{"modelID":"ba-10-50-c8-8e-73","modelType":"Wi-SHT10A","DATAS":["Temperature","Humidity"],"Temperature":5.93,"Humidity":0,"TIMESTAMP":"2022-11-27T19:33:14.431Z","BATT":100,"INTERVAL":1200},{"modelID":"ba-10-50-c8-8e-73","modelType":"Wi-SHT10A","DATAS":["Temperature","Humidity"],"Temperature":5.93,"Humidity":0,"TIMESTAMP":"2022-11-27T19:13:32.134Z","BATT":100,"INTERVAL":1200},{"modelID":"ba-10-50-c8-8e-73","modelType":"Wi-SHT10A","DATAS":["Temperature","Humidity"],"Temperature":4.95,"Humidity":0,"TIMESTAMP":"2022-11-27T18:33:34.856Z","BATT":100,"INTERVAL":1200},{"modelID":"ba-10-50-c8-8e-73","modelType":"Wi-SHT10A","DATAS":["Temperature","Humidity"],"Temperature":5.12,"Humidity":0,"TIMESTAMP":"2022-11-27T18:12:57.170Z","BATT":100,"INTERVAL":1200},{"modelID":"ba-10-50-c8-8e-73","modelType":"Wi-SHT10A","DATAS":["Temperature","Humidity"],"Temperature":5.66,"Humidity":0,"TIMESTAMP":"2022-11-27T17:53:16.833Z","BATT":100,"INTERVAL":1200},{"modelID":"ba-10-50-c8-8e-73","modelType":"Wi-SHT10A","DATAS":["Temperature","Humidity"],"Temperature":5.96,"Humidity":0,"TIMESTAMP":"2022-11-27T17:33:41.639Z","BATT":100,"INTERVAL":1200},{"modelID":"ba-10-50-c8-8e-73","modelType":"Wi-SHT10A","DATAS":["Temperature","Humidity"],"Temperature":5.79,"Humidity":0,"TIMESTAMP":"2022-11-27T17:13:38.517Z","BATT":100,"INTERVAL":1200},{"modelID":"ba-10-50-c8-8e-73","modelType":"Wi-SHT10A","DATAS":["Temperature","Humidity"],"Temperature":5.12,"Humidity":0,"TIMESTAMP":"2022-11-27T16:53:16.842Z","BATT":100,"INTERVAL":1200},{"modelID":"ba-10-50-c8-8e-73","modelType":"Wi-SHT10A","DATAS":["Temperature","Humidity"],"Temperature":5.25,"Humidity":0,"TIMESTAMP":"2022-11-27T16:12:45.977Z","BATT":100,"INTERVAL":1200}],"DAYHOURS":["21","20","19","18","17","16","15","14","13","12","11","10","9","8","7","6","5","4","3","2","1","0"]}