{"SENSORNAME":"CHILLER A - CHWR PRESS","SENSORTYPE":"WTRPRS(485)","DTUID":"207","SENSORID":"21","DATE0":"2022-11-28T10:05:05.236Z","DATE1":"2022-02-13T09:58:46.509Z","DAYDATA":[{"DTUID":"207","SENSORID":21,"FUNCID":3,"NDATA":2,"SENSORTYPE":"WATER-PRES","RCV_BYTES":["43DA","4810"],"DATAS":[17370,18448],"DATAS1":[],"DATAS2":[],"TIMESTAMP":"2022-11-28T10:05:05.236Z"},{"DTUID":"207","SENSORID":21,"FUNCID":3,"NDATA":2,"SENSORTYPE":"WATER-PRES","RCV_BYTES":["43D8","9000"],"DATAS":[17368,-28672],"DATAS1":[],"DATAS2":[],"TIMESTAMP":"2022-11-28T05:28:18.701Z"},{"DTUID":"207","SENSORID":21,"FUNCID":3,"NDATA":2,"SENSORTYPE":"WATER-PRES","RCV_BYTES":["43D8","2852"],"DATAS":[17368,10322],"DATAS1":[],"DATAS2":[],"TIMESTAMP":"2022-11-28T04:48:10.515Z"},{"DTUID":"207","SENSORID":21,"FUNCID":3,"NDATA":2,"SENSORTYPE":"WATER-PRES","RCV_BYTES":["43DA","95E3"],"DATAS":[17370,-27165],"DATAS1":[],"DATAS2":[],"TIMESTAMP":"2022-11-27T19:34:04.163Z"},{"DTUID":"207","SENSORID":21,"FUNCID":3,"NDATA":2,"SENSORTYPE":"WATER-PRES","RCV_BYTES":["43DB","176D"],"DATAS":[17371,5997],"DATAS1":[],"DATAS2":[],"TIMESTAMP":"2022-11-27T18:14:01.813Z"},{"DTUID":"207","SENSORID":21,"FUNCID":3,"NDATA":2,"SENSORTYPE":"WATER-PRES","RCV_BYTES":["43DA","95E3"],"DATAS":[17370,-27165],"DATAS1":[],"DATAS2":[],"TIMESTAMP":"2022-11-27T17:33:56.719Z"}],"DAYHOURS":["18","13","12","3","2","1"]}