{"SENSORNAME":"WATER COOLING PACK UNIT A - CWR TEMP","SENSORTYPE":"WTRTEMP(485)","DTUID":"214","SENSORID":"32","DATE0":"2022-11-28T09:05:21.268Z","DATE1":"2022-02-13T09:05:19.479Z","DAYDATA":[{"DTUID":"214","SENSORID":32,"FUNCID":3,"NDATA":2,"SENSORTYPE":"WATER-TEMP","RCV_BYTES":["0000","0154"],"DATAS":[0,340],"DATAS1":[],"DATAS2":[],"TIMESTAMP":"2022-11-28T09:05:21.268Z"},{"DTUID":"214","SENSORID":32,"FUNCID":3,"NDATA":2,"SENSORTYPE":"WATER-TEMP","RCV_BYTES":["0000","0155"],"DATAS":[0,341],"DATAS1":[],"DATAS2":[],"TIMESTAMP":"2022-11-28T08:28:54.636Z"},{"DTUID":"214","SENSORID":32,"FUNCID":3,"NDATA":2,"SENSORTYPE":"WATER-TEMP","RCV_BYTES":["0000","0135"],"DATAS":[0,309],"DATAS1":[],"DATAS2":[],"TIMESTAMP":"2022-11-27T23:14:43.844Z"},{"DTUID":"214","SENSORID":32,"FUNCID":3,"NDATA":2,"SENSORTYPE":"WATER-TEMP","RCV_BYTES":["0000","012B"],"DATAS":[0,299],"DATAS1":[],"DATAS2":[],"TIMESTAMP":"2022-11-27T22:14:39.939Z"},{"DTUID":"214","SENSORID":32,"FUNCID":3,"NDATA":2,"SENSORTYPE":"WATER-TEMP","RCV_BYTES":["0000","012D"],"DATAS":[0,301],"DATAS1":[],"DATAS2":[],"TIMESTAMP":"2022-11-27T20:34:29.720Z"},{"DTUID":"214","SENSORID":32,"FUNCID":3,"NDATA":2,"SENSORTYPE":"WATER-TEMP","RCV_BYTES":["0000","0138"],"DATAS":[0,312],"DATAS1":[],"DATAS2":[],"TIMESTAMP":"2022-11-27T20:14:30.932Z"},{"DTUID":"214","SENSORID":32,"FUNCID":3,"NDATA":2,"SENSORTYPE":"WATER-TEMP","RCV_BYTES":["0000","0139"],"DATAS":[0,313],"DATAS1":[],"DATAS2":[],"TIMESTAMP":"2022-11-27T17:34:17.755Z"}],"DAYHOURS":["17","16","7","6","4","1"]}