{"SENSORNAME":"AIR COMPRESSOR C2","SENSORTYPE":"WTRPRS(485)","DTUID":"215","SENSORID":"41","DATE0":"2022-11-28T11:25:55.989Z","DATE1":"2022-02-13T09:06:05.612Z","DAYDATA":[{"DTUID":"215","SENSORID":41,"FUNCID":3,"NDATA":2,"SENSORTYPE":"AIR-PRES","RCV_BYTES":["3E99","1687"],"DATAS":[16025,5767],"DATAS1":[],"DATAS2":[],"TIMESTAMP":"2022-11-28T11:25:55.989Z"},{"DTUID":"215","SENSORID":41,"FUNCID":3,"NDATA":2,"SENSORTYPE":"AIR-PRES","RCV_BYTES":["3E99","1687"],"DATAS":[16025,5767],"DATAS1":[],"DATAS2":[],"TIMESTAMP":"2022-11-28T10:05:50.152Z"},{"DTUID":"215","SENSORID":41,"FUNCID":3,"NDATA":2,"SENSORTYPE":"AIR-PRES","RCV_BYTES":["3E99","1687"],"DATAS":[16025,5767],"DATAS1":[],"DATAS2":[],"TIMESTAMP":"2022-11-28T08:29:17.676Z"},{"DTUID":"215","SENSORID":41,"FUNCID":3,"NDATA":2,"SENSORTYPE":"AIR-PRES","RCV_BYTES":["3E99","1687"],"DATAS":[16025,5767],"DATAS1":[],"DATAS2":[],"TIMESTAMP":"2022-11-28T05:29:01.578Z"},{"DTUID":"215","SENSORID":41,"FUNCID":3,"NDATA":2,"SENSORTYPE":"AIR-PRES","RCV_BYTES":["3E99","1687"],"DATAS":[16025,5767],"DATAS1":[],"DATAS2":[],"TIMESTAMP":"2022-11-28T04:48:54.087Z"},{"DTUID":"215","SENSORID":41,"FUNCID":3,"NDATA":2,"SENSORTYPE":"AIR-PRES","RCV_BYTES":["3E99","1687"],"DATAS":[16025,5767],"DATAS1":[],"DATAS2":[],"TIMESTAMP":"2022-11-28T03:03:32.672Z"},{"DTUID":"215","SENSORID":41,"FUNCID":3,"NDATA":2,"SENSORTYPE":"AIR-PRES","RCV_BYTES":["3F77","CED9"],"DATAS":[16247,-12583],"DATAS1":[],"DATAS2":[],"TIMESTAMP":"2022-11-28T00:15:11.453Z"},{"DTUID":"215","SENSORID":41,"FUNCID":3,"NDATA":2,"SENSORTYPE":"AIR-PRES","RCV_BYTES":["3F77","CED9"],"DATAS":[16247,-12583],"DATAS1":[],"DATAS2":[],"TIMESTAMP":"2022-11-27T23:15:06.856Z"},{"DTUID":"215","SENSORID":41,"FUNCID":3,"NDATA":2,"SENSORTYPE":"AIR-PRES","RCV_BYTES":["3F77","CED9"],"DATAS":[16247,-12583],"DATAS1":[],"DATAS2":[],"TIMESTAMP":"2022-11-27T19:34:47.735Z"},{"DTUID":"215","SENSORID":41,"FUNCID":3,"NDATA":2,"SENSORTYPE":"AIR-PRES","RCV_BYTES":["3F77","CED9"],"DATAS":[16247,-12583],"DATAS1":[],"DATAS2":[],"TIMESTAMP":"2022-11-27T18:34:44.753Z"},{"DTUID":"215","SENSORID":41,"FUNCID":3,"NDATA":2,"SENSORTYPE":"AIR-PRES","RCV_BYTES":["3F77","CED9"],"DATAS":[16247,-12583],"DATAS1":[],"DATAS2":[],"TIMESTAMP":"2022-11-27T18:14:45.853Z"},{"DTUID":"215","SENSORID":41,"FUNCID":3,"NDATA":2,"SENSORTYPE":"AIR-PRES","RCV_BYTES":["3F77","CED9"],"DATAS":[16247,-12583],"DATAS1":[],"DATAS2":[],"TIMESTAMP":"2022-11-27T17:34:41.034Z"}],"DAYHOURS":["19","18","16","13","12","11","8","7","3","2","1"]}