{"SENSORNAME":"COOLING TOWER B CWR PRESS 2","SENSORTYPE":"WTRPRS(485)","DTUID":"204","SENSORID":"63","DATE0":"2022-11-28T11:56:09.288Z","DATE1":"2022-02-13T09:05:35.392Z","DAYDATA":[{"DTUID":"204","SENSORID":63,"FUNCID":3,"NDATA":2,"SENSORTYPE":"WATER-PRES","RCV_BYTES":["42CA","AF9E"],"DATAS":[17098,-20578],"DATAS1":[],"DATAS2":[],"TIMESTAMP":"2022-11-28T11:56:09.288Z"},{"DTUID":"204","SENSORID":63,"FUNCID":3,"NDATA":2,"SENSORTYPE":"WATER-PRES","RCV_BYTES":["42CA","AF9E"],"DATAS":[17098,-20578],"DATAS1":[],"DATAS2":[],"TIMESTAMP":"2022-11-28T11:25:40.829Z"},{"DTUID":"204","SENSORID":63,"FUNCID":3,"NDATA":2,"SENSORTYPE":"WATER-PRES","RCV_BYTES":["42CA","AF9E"],"DATAS":[17098,-20578],"DATAS1":[],"DATAS2":[],"TIMESTAMP":"2022-11-28T11:05:46.708Z"},{"DTUID":"204","SENSORID":63,"FUNCID":3,"NDATA":2,"SENSORTYPE":"WATER-PRES","RCV_BYTES":["42CA","AF9E"],"DATAS":[17098,-20578],"DATAS1":[],"DATAS2":[],"TIMESTAMP":"2022-11-28T10:05:35.003Z"},{"DTUID":"204","SENSORID":63,"FUNCID":3,"NDATA":2,"SENSORTYPE":"WATER-PRES","RCV_BYTES":["42CA","AF9E"],"DATAS":[17098,-20578],"DATAS1":[],"DATAS2":[],"TIMESTAMP":"2022-11-28T09:25:30.241Z"},{"DTUID":"204","SENSORID":63,"FUNCID":3,"NDATA":2,"SENSORTYPE":"WATER-PRES","RCV_BYTES":["42C9","E042"],"DATAS":[17097,-8126],"DATAS1":[],"DATAS2":[],"TIMESTAMP":"2022-11-28T05:28:46.558Z"},{"DTUID":"204","SENSORID":63,"FUNCID":3,"NDATA":2,"SENSORTYPE":"WATER-PRES","RCV_BYTES":["42C9","E042"],"DATAS":[17097,-8126],"DATAS1":[],"DATAS2":[],"TIMESTAMP":"2022-11-28T04:28:41.317Z"},{"DTUID":"204","SENSORID":63,"FUNCID":3,"NDATA":2,"SENSORTYPE":"WATER-PRES","RCV_BYTES":["42CA","AF9E"],"DATAS":[17098,-20578],"DATAS1":[],"DATAS2":[],"TIMESTAMP":"2022-11-28T03:03:17.642Z"},{"DTUID":"204","SENSORID":63,"FUNCID":3,"NDATA":2,"SENSORTYPE":"WATER-PRES","RCV_BYTES":["42CA","AF9E"],"DATAS":[17098,-20578],"DATAS1":[],"DATAS2":[],"TIMESTAMP":"2022-11-28T01:00:00.589Z"},{"DTUID":"204","SENSORID":63,"FUNCID":3,"NDATA":2,"SENSORTYPE":"WATER-PRES","RCV_BYTES":["42CA","AF9E"],"DATAS":[17098,-20578],"DATAS1":[],"DATAS2":[],"TIMESTAMP":"2022-11-28T00:14:56.293Z"},{"DTUID":"204","SENSORID":63,"FUNCID":3,"NDATA":2,"SENSORTYPE":"WATER-PRES","RCV_BYTES":["42CA","AF9E"],"DATAS":[17098,-20578],"DATAS1":[],"DATAS2":[],"TIMESTAMP":"2022-11-27T22:34:47.909Z"},{"DTUID":"204","SENSORID":63,"FUNCID":3,"NDATA":2,"SENSORTYPE":"WATER-PRES","RCV_BYTES":["42CA","AF9E"],"DATAS":[17098,-20578],"DATAS1":[],"DATAS2":[],"TIMESTAMP":"2022-11-27T22:14:47.644Z"},{"DTUID":"204","SENSORID":63,"FUNCID":3,"NDATA":2,"SENSORTYPE":"WATER-PRES","RCV_BYTES":["42CA","AF9E"],"DATAS":[17098,-20578],"DATAS1":[],"DATAS2":[],"TIMESTAMP":"2022-11-27T21:14:45.898Z"},{"DTUID":"204","SENSORID":63,"FUNCID":3,"NDATA":2,"SENSORTYPE":"WATER-PRES","RCV_BYTES":["42CA","AF9E"],"DATAS":[17098,-20578],"DATAS1":[],"DATAS2":[],"TIMESTAMP":"2022-11-27T19:34:35.775Z"},{"DTUID":"204","SENSORID":63,"FUNCID":3,"NDATA":2,"SENSORTYPE":"WATER-PRES","RCV_BYTES":["42CA","AF9E"],"DATAS":[17098,-20578],"DATAS1":[],"DATAS2":[],"TIMESTAMP":"2022-11-27T18:34:29.733Z"},{"DTUID":"204","SENSORID":63,"FUNCID":3,"NDATA":2,"SENSORTYPE":"WATER-PRES","RCV_BYTES":["42CA","AF9E"],"DATAS":[17098,-20578],"DATAS1":[],"DATAS2":[],"TIMESTAMP":"2022-11-27T18:14:30.752Z"},{"DTUID":"204","SENSORID":63,"FUNCID":3,"NDATA":2,"SENSORTYPE":"WATER-PRES","RCV_BYTES":["42CA","AF9E"],"DATAS":[17098,-20578],"DATAS1":[],"DATAS2":[],"TIMESTAMP":"2022-11-27T17:34:25.904Z"}],"DAYHOURS":["19","18","17","13","12","11","9","8","6","5","3","2","1"]}