{"SENSORNAME":"HEAT EXCHANGER - CHWR TEMP","SENSORTYPE":"WTRTEMP(485)","DTUID":"202","SENSORID":"52","DATE0":"2022-11-28T11:25:20.977Z","DATE1":"2022-02-13T09:58:58.508Z","DAYDATA":[{"DTUID":"202","SENSORID":52,"FUNCID":3,"NDATA":2,"SENSORTYPE":"WATER-TEMP","RCV_BYTES":["0000","012D"],"DATAS":[0,301],"DATAS1":[],"DATAS2":[],"TIMESTAMP":"2022-11-28T11:25:20.977Z"},{"DTUID":"202","SENSORID":52,"FUNCID":3,"NDATA":2,"SENSORTYPE":"WATER-TEMP","RCV_BYTES":["0000","011A"],"DATAS":[0,282],"DATAS1":[],"DATAS2":[],"TIMESTAMP":"2022-11-28T10:05:14.952Z"},{"DTUID":"202","SENSORID":52,"FUNCID":3,"NDATA":2,"SENSORTYPE":"WATER-TEMP","RCV_BYTES":["0000","011A"],"DATAS":[0,282],"DATAS1":[],"DATAS2":[],"TIMESTAMP":"2022-11-28T09:25:10.099Z"},{"DTUID":"202","SENSORID":52,"FUNCID":3,"NDATA":2,"SENSORTYPE":"WATER-TEMP","RCV_BYTES":["0000","0127"],"DATAS":[0,295],"DATAS1":[],"DATAS2":[],"TIMESTAMP":"2022-11-28T09:05:08.982Z"},{"DTUID":"202","SENSORID":52,"FUNCID":3,"NDATA":2,"SENSORTYPE":"WATER-TEMP","RCV_BYTES":["0000","011E"],"DATAS":[0,286],"DATAS1":[],"DATAS2":[],"TIMESTAMP":"2022-11-28T08:28:42.218Z"},{"DTUID":"202","SENSORID":52,"FUNCID":3,"NDATA":2,"SENSORTYPE":"WATER-TEMP","RCV_BYTES":["0000","011D"],"DATAS":[0,285],"DATAS1":[],"DATAS2":[],"TIMESTAMP":"2022-11-28T04:48:18.889Z"},{"DTUID":"202","SENSORID":52,"FUNCID":3,"NDATA":2,"SENSORTYPE":"WATER-TEMP","RCV_BYTES":["0000","0123"],"DATAS":[0,291],"DATAS1":[],"DATAS2":[],"TIMESTAMP":"2022-11-28T04:28:21.329Z"},{"DTUID":"202","SENSORID":52,"FUNCID":3,"NDATA":2,"SENSORTYPE":"WATER-TEMP","RCV_BYTES":["0000","0125"],"DATAS":[0,293],"DATAS1":[],"DATAS2":[],"TIMESTAMP":"2022-11-28T00:14:36.413Z"},{"DTUID":"202","SENSORID":52,"FUNCID":3,"NDATA":2,"SENSORTYPE":"WATER-TEMP","RCV_BYTES":["0000","0128"],"DATAS":[0,296],"DATAS1":[],"DATAS2":[],"TIMESTAMP":"2022-11-27T23:14:31.845Z"},{"DTUID":"202","SENSORID":52,"FUNCID":3,"NDATA":2,"SENSORTYPE":"WATER-TEMP","RCV_BYTES":["0000","0135"],"DATAS":[0,309],"DATAS1":[],"DATAS2":[],"TIMESTAMP":"2022-11-27T22:34:27.724Z"},{"DTUID":"202","SENSORID":52,"FUNCID":3,"NDATA":2,"SENSORTYPE":"WATER-TEMP","RCV_BYTES":["0000","0138"],"DATAS":[0,312],"DATAS1":[],"DATAS2":[],"TIMESTAMP":"2022-11-27T22:14:27.248Z"},{"DTUID":"202","SENSORID":52,"FUNCID":3,"NDATA":2,"SENSORTYPE":"WATER-TEMP","RCV_BYTES":["0000","0121"],"DATAS":[0,289],"DATAS1":[],"DATAS2":[],"TIMESTAMP":"2022-11-27T20:34:17.074Z"},{"DTUID":"202","SENSORID":52,"FUNCID":3,"NDATA":2,"SENSORTYPE":"WATER-TEMP","RCV_BYTES":["0000","0129"],"DATAS":[0,297],"DATAS1":[],"DATAS2":[],"TIMESTAMP":"2022-11-27T20:14:18.232Z"},{"DTUID":"202","SENSORID":52,"FUNCID":3,"NDATA":2,"SENSORTYPE":"WATER-TEMP","RCV_BYTES":["0000","0128"],"DATAS":[0,296],"DATAS1":[],"DATAS2":[],"TIMESTAMP":"2022-11-27T19:34:12.843Z"},{"DTUID":"202","SENSORID":52,"FUNCID":3,"NDATA":2,"SENSORTYPE":"WATER-TEMP","RCV_BYTES":["0000","0125"],"DATAS":[0,293],"DATAS1":[],"DATAS2":[],"TIMESTAMP":"2022-11-27T19:14:12.497Z"},{"DTUID":"202","SENSORID":52,"FUNCID":3,"NDATA":2,"SENSORTYPE":"WATER-TEMP","RCV_BYTES":["0000","012F"],"DATAS":[0,303],"DATAS1":[],"DATAS2":[],"TIMESTAMP":"2022-11-27T18:34:09.592Z"},{"DTUID":"202","SENSORID":52,"FUNCID":3,"NDATA":2,"SENSORTYPE":"WATER-TEMP","RCV_BYTES":["0000","012E"],"DATAS":[0,302],"DATAS1":[],"DATAS2":[],"TIMESTAMP":"2022-11-27T18:14:10.254Z"},{"DTUID":"202","SENSORID":52,"FUNCID":3,"NDATA":2,"SENSORTYPE":"WATER-TEMP","RCV_BYTES":["0000","013F"],"DATAS":[0,319],"DATAS1":[],"DATAS2":[],"TIMESTAMP":"2022-11-27T17:34:05.774Z"}],"DAYHOURS":["19","18","17","16","12","8","7","6","4","3","2","1"]}