{"SENSORNAME":"HEAT EXCHANGER","SENSORTYPE":"PWRMTR(485)","DTUID":"102","SENSORID":11,"PWRMTR0":"35456","PWRMTR1":"952","DAYDATA":[{"DTUID":"102","SENSORID":11,"FUNCID":3,"NDATA":2,"SENSORTYPE":"PWR-METER-POWER","RCV_BYTES":["0036","19F9"],"DATAS":[54,6649],"DATAS1":[],"DATAS2":[],"TIMESTAMP":"2022-11-28T10:06:22.843Z"},{"DTUID":"102","SENSORID":11,"FUNCID":3,"NDATA":2,"SENSORTYPE":"PWR-METER-POWER","RCV_BYTES":["0036","1859"],"DATAS":[54,6233],"DATAS1":[],"DATAS2":[],"TIMESTAMP":"2022-11-28T09:26:18.460Z"},{"DTUID":"102","SENSORID":11,"FUNCID":3,"NDATA":2,"SENSORTYPE":"PWR-METER-POWER","RCV_BYTES":["0036","0EBF"],"DATAS":[54,3775],"DATAS1":[],"DATAS2":[],"TIMESTAMP":"2022-11-28T05:29:34.498Z"},{"DTUID":"102","SENSORID":11,"FUNCID":3,"NDATA":2,"SENSORTYPE":"PWR-METER-POWER","RCV_BYTES":["0035","FFBF"],"DATAS":[53,-65],"DATAS1":[],"DATAS2":[],"TIMESTAMP":"2022-11-27T23:15:46.297Z"},{"DTUID":"102","SENSORID":11,"FUNCID":3,"NDATA":2,"SENSORTYPE":"PWR-METER-POWER","RCV_BYTES":["0035","FD60"],"DATAS":[53,-672],"DATAS1":[],"DATAS2":[],"TIMESTAMP":"2022-11-27T22:15:41.497Z"},{"DTUID":"102","SENSORID":11,"FUNCID":3,"NDATA":2,"SENSORTYPE":"PWR-METER-POWER","RCV_BYTES":["0035","F3E6"],"DATAS":[53,-3098],"DATAS1":[],"DATAS2":[],"TIMESTAMP":"2022-11-27T18:15:18.733Z"}],"DAYHOURS":["18","17","13","7","6","2"],"MNTH-2022_11":"35456","WK48":"35456","WK47":"34596","WK46":"33575","WK45":"32704","WK44":"31863","MNTH-2022_10":"31715","WK43":"30911","WK42":"30069","WK41":"29137","WK40":"28212","MNTH-2022_9":"27688","WK39":"27273","WK38":"26045","WK37":"24804","WK36":"23511","MNTH-2022_8":"22387","WK35":"22215","WK34":"20898","WK33":"19598","WK32":"18322","WK31":"17035","MNTH-2022_7":"16660","WK30":"15730","WK29":"14415","WK28":"13110","WK27":"11813","MNTH-2022_6":"10854","WK26":"10482","WK25":"9150","WK24":"7829","WK23":"6506","MNTH-2022_5":"5204","WK22":"5204","WK21":"3914","WK20":"2615","WK19":"1272"}