{"SENSORNAME":"WATER COOLING PACK UNIT A - CWS PRESS 1","SENSORTYPE":"WTRPRS(485)","DTUID":"214","SENSORID":"45","DATE0":"2022-11-28T11:25:31.969Z","DATE1":"2022-02-13T09:59:20.563Z","DAYDATA":[{"DTUID":"214","SENSORID":45,"FUNCID":3,"NDATA":2,"SENSORTYPE":"WATER-PRES","RCV_BYTES":["433F","E9BA"],"DATAS":[17215,-5702],"DATAS1":[],"DATAS2":[],"TIMESTAMP":"2022-11-28T11:25:31.969Z"},{"DTUID":"214","SENSORID":45,"FUNCID":3,"NDATA":2,"SENSORTYPE":"WATER-PRES","RCV_BYTES":["433E","52B0"],"DATAS":[17214,21168],"DATAS1":[],"DATAS2":[],"TIMESTAMP":"2022-11-28T11:05:37.707Z"},{"DTUID":"214","SENSORID":45,"FUNCID":3,"NDATA":2,"SENSORTYPE":"WATER-PRES","RCV_BYTES":["4342","B3F8"],"DATAS":[17218,-19464],"DATAS1":[],"DATAS2":[],"TIMESTAMP":"2022-11-28T10:05:26.144Z"},{"DTUID":"214","SENSORID":45,"FUNCID":3,"NDATA":2,"SENSORTYPE":"WATER-PRES","RCV_BYTES":["4343","E666"],"DATAS":[17219,-6554],"DATAS1":[],"DATAS2":[],"TIMESTAMP":"2022-11-28T09:25:21.379Z"},{"DTUID":"214","SENSORID":45,"FUNCID":3,"NDATA":2,"SENSORTYPE":"WATER-PRES","RCV_BYTES":["4344","1917"],"DATAS":[17220,6423],"DATAS1":[],"DATAS2":[],"TIMESTAMP":"2022-11-28T09:05:20.121Z"},{"DTUID":"214","SENSORID":45,"FUNCID":3,"NDATA":2,"SENSORTYPE":"WATER-PRES","RCV_BYTES":["4343","4CCD"],"DATAS":[17219,19661],"DATAS1":[],"DATAS2":[],"TIMESTAMP":"2022-11-28T08:28:53.477Z"},{"DTUID":"214","SENSORID":45,"FUNCID":3,"NDATA":2,"SENSORTYPE":"WATER-PRES","RCV_BYTES":["434A","7810"],"DATAS":[17226,30736],"DATAS1":[],"DATAS2":[],"TIMESTAMP":"2022-11-28T05:28:37.690Z"},{"DTUID":"214","SENSORID":45,"FUNCID":3,"NDATA":2,"SENSORTYPE":"WATER-PRES","RCV_BYTES":["434D","DB23"],"DATAS":[17229,-9437],"DATAS1":[],"DATAS2":[],"TIMESTAMP":"2022-11-28T04:48:30.168Z"},{"DTUID":"214","SENSORID":45,"FUNCID":3,"NDATA":2,"SENSORTYPE":"WATER-PRES","RCV_BYTES":["434A","DDF4"],"DATAS":[17226,-8716],"DATAS1":[],"DATAS2":[],"TIMESTAMP":"2022-11-28T04:28:32.448Z"},{"DTUID":"214","SENSORID":45,"FUNCID":3,"NDATA":2,"SENSORTYPE":"WATER-PRES","RCV_BYTES":["4353","08B4"],"DATAS":[17235,2228],"DATAS1":[],"DATAS2":[],"TIMESTAMP":"2022-11-28T03:03:08.774Z"},{"DTUID":"214","SENSORID":45,"FUNCID":3,"NDATA":2,"SENSORTYPE":"WATER-PRES","RCV_BYTES":["4341","E873"],"DATAS":[17217,-6029],"DATAS1":[],"DATAS2":[],"TIMESTAMP":"2022-11-27T23:14:42.704Z"},{"DTUID":"214","SENSORID":45,"FUNCID":3,"NDATA":2,"SENSORTYPE":"WATER-PRES","RCV_BYTES":["4340","E937"],"DATAS":[17216,-5833],"DATAS1":[],"DATAS2":[],"TIMESTAMP":"2022-11-27T22:34:38.896Z"},{"DTUID":"214","SENSORID":45,"FUNCID":3,"NDATA":2,"SENSORTYPE":"WATER-PRES","RCV_BYTES":["433B","EE56"],"DATAS":[17211,-4522],"DATAS1":[],"DATAS2":[],"TIMESTAMP":"2022-11-27T22:14:38.796Z"},{"DTUID":"214","SENSORID":45,"FUNCID":3,"NDATA":2,"SENSORTYPE":"WATER-PRES","RCV_BYTES":["4340","50A4"],"DATAS":[17216,20644],"DATAS1":[],"DATAS2":[],"TIMESTAMP":"2022-11-27T21:14:37.021Z"},{"DTUID":"214","SENSORID":45,"FUNCID":3,"NDATA":2,"SENSORTYPE":"WATER-PRES","RCV_BYTES":["433B","BB64"],"DATAS":[17211,-17564],"DATAS1":[],"DATAS2":[],"TIMESTAMP":"2022-11-27T20:34:28.552Z"},{"DTUID":"214","SENSORID":45,"FUNCID":3,"NDATA":2,"SENSORTYPE":"WATER-PRES","RCV_BYTES":["4342","8106"],"DATAS":[17218,-32506],"DATAS1":[],"DATAS2":[],"TIMESTAMP":"2022-11-27T20:14:29.772Z"},{"DTUID":"214","SENSORID":45,"FUNCID":3,"NDATA":2,"SENSORTYPE":"WATER-PRES","RCV_BYTES":["433E","EB85"],"DATAS":[17214,-5243],"DATAS1":[],"DATAS2":[],"TIMESTAMP":"2022-11-27T19:34:23.956Z"},{"DTUID":"214","SENSORID":45,"FUNCID":3,"NDATA":2,"SENSORTYPE":"WATER-PRES","RCV_BYTES":["433A","EFDF"],"DATAS":[17210,-4129],"DATAS1":[],"DATAS2":[],"TIMESTAMP":"2022-11-27T18:34:20.873Z"},{"DTUID":"214","SENSORID":45,"FUNCID":3,"NDATA":2,"SENSORTYPE":"WATER-PRES","RCV_BYTES":["433E","52B0"],"DATAS":[17214,21168],"DATAS1":[],"DATAS2":[],"TIMESTAMP":"2022-11-27T18:14:21.485Z"},{"DTUID":"214","SENSORID":45,"FUNCID":3,"NDATA":2,"SENSORTYPE":"WATER-PRES","RCV_BYTES":["433F","1E35"],"DATAS":[17215,7733],"DATAS1":[],"DATAS2":[],"TIMESTAMP":"2022-11-27T17:34:16.595Z"},{"DTUID":"214","SENSORID":45,"FUNCID":3,"NDATA":2,"SENSORTYPE":"WATER-PRES","RCV_BYTES":["4344","4C08"],"DATAS":[17220,19464],"DATAS1":[],"DATAS2":[],"TIMESTAMP":"2022-11-27T17:14:14.963Z"}],"DAYHOURS":["19","18","17","16","13","12","11","7","6","5","4","3","2","1"]}