{"SENSORNAME":"CHILLER B - CWR TEMP ","SENSORTYPE":"WTRTEMP(485)","DTUID":"205","SENSORID":"40","DATE0":"2022-11-28T11:56:14.308Z","DATE1":"2022-02-13T09:05:45.513Z","DAYDATA":[{"DTUID":"205","SENSORID":40,"FUNCID":3,"NDATA":2,"SENSORTYPE":"WATER-TEMP","RCV_BYTES":["0000","0129"],"DATAS":[0,297],"DATAS1":[],"DATAS2":[],"TIMESTAMP":"2022-11-28T11:56:14.308Z"},{"DTUID":"205","SENSORID":40,"FUNCID":3,"NDATA":2,"SENSORTYPE":"WATER-TEMP","RCV_BYTES":["0000","0128"],"DATAS":[0,296],"DATAS1":[],"DATAS2":[],"TIMESTAMP":"2022-11-28T11:25:45.858Z"},{"DTUID":"205","SENSORID":40,"FUNCID":3,"NDATA":2,"SENSORTYPE":"WATER-TEMP","RCV_BYTES":["0000","0136"],"DATAS":[0,310],"DATAS1":[],"DATAS2":[],"TIMESTAMP":"2022-11-28T09:25:35.246Z"},{"DTUID":"205","SENSORID":40,"FUNCID":3,"NDATA":2,"SENSORTYPE":"WATER-TEMP","RCV_BYTES":["0000","0142"],"DATAS":[0,322],"DATAS1":[],"DATAS2":[],"TIMESTAMP":"2022-11-28T05:28:51.570Z"},{"DTUID":"205","SENSORID":40,"FUNCID":3,"NDATA":2,"SENSORTYPE":"WATER-TEMP","RCV_BYTES":["0000","013F"],"DATAS":[0,319],"DATAS1":[],"DATAS2":[],"TIMESTAMP":"2022-11-28T04:28:46.337Z"},{"DTUID":"205","SENSORID":40,"FUNCID":3,"NDATA":2,"SENSORTYPE":"WATER-TEMP","RCV_BYTES":["0000","0141"],"DATAS":[0,321],"DATAS1":[],"DATAS2":[],"TIMESTAMP":"2022-11-28T03:03:22.621Z"},{"DTUID":"205","SENSORID":40,"FUNCID":3,"NDATA":2,"SENSORTYPE":"WATER-TEMP","RCV_BYTES":["0000","012E"],"DATAS":[0,302],"DATAS1":[],"DATAS2":[],"TIMESTAMP":"2022-11-28T01:00:05.610Z"},{"DTUID":"205","SENSORID":40,"FUNCID":3,"NDATA":2,"SENSORTYPE":"WATER-TEMP","RCV_BYTES":["0000","0128"],"DATAS":[0,296],"DATAS1":[],"DATAS2":[],"TIMESTAMP":"2022-11-28T00:15:01.273Z"},{"DTUID":"205","SENSORID":40,"FUNCID":3,"NDATA":2,"SENSORTYPE":"WATER-TEMP","RCV_BYTES":["0000","0118"],"DATAS":[0,280],"DATAS1":[],"DATAS2":[],"TIMESTAMP":"2022-11-27T23:14:56.897Z"},{"DTUID":"205","SENSORID":40,"FUNCID":3,"NDATA":2,"SENSORTYPE":"WATER-TEMP","RCV_BYTES":["0000","011A"],"DATAS":[0,282],"DATAS1":[],"DATAS2":[],"TIMESTAMP":"2022-11-27T20:14:43.780Z"},{"DTUID":"205","SENSORID":40,"FUNCID":3,"NDATA":2,"SENSORTYPE":"WATER-TEMP","RCV_BYTES":["0000","011B"],"DATAS":[0,283],"DATAS1":[],"DATAS2":[],"TIMESTAMP":"2022-11-27T18:34:34.712Z"},{"DTUID":"205","SENSORID":40,"FUNCID":3,"NDATA":2,"SENSORTYPE":"WATER-TEMP","RCV_BYTES":["0000","0122"],"DATAS":[0,290],"DATAS1":[],"DATAS2":[],"TIMESTAMP":"2022-11-27T18:14:35.741Z"},{"DTUID":"205","SENSORID":40,"FUNCID":3,"NDATA":2,"SENSORTYPE":"WATER-TEMP","RCV_BYTES":["0000","011B"],"DATAS":[0,283],"DATAS1":[],"DATAS2":[],"TIMESTAMP":"2022-11-27T17:34:31.075Z"}],"DAYHOURS":["19","17","13","12","11","9","8","7","4","2","1"]}