{"SENSORNAME":"L1 -tms ULTF","SENSORTYPE":"WISENSOR","DTUID":"-1","SENSORID":"BA-75-79-51-2B-0D","DATE0":"2022-11-28T13:09:09.757Z","DATE1":"2022-03-21T17:12:05.652Z","DAYDATA":[{"modelID":"ba-75-79-51-2b-0d","modelType":"Wi-SHT10","DATAS":["Temperature","Humidity"],"Temperature":-81,"Humidity":-959.04,"TIMESTAMP":"2022-11-28T13:09:09.757Z","BATT":1,"INTERVAL":300},{"modelID":"ba-75-79-51-2b-0d","modelType":"Wi-SHT10","DATAS":["Temperature","Humidity"],"Temperature":-81.23,"Humidity":-959.04,"TIMESTAMP":"2022-11-28T13:04:09.774Z","BATT":1,"INTERVAL":300},{"modelID":"ba-75-79-51-2b-0d","modelType":"Wi-SHT10","DATAS":["Temperature","Humidity"],"Temperature":-81.29,"Humidity":-959.04,"TIMESTAMP":"2022-11-28T12:59:09.801Z","BATT":1,"INTERVAL":300},{"modelID":"ba-75-79-51-2b-0d","modelType":"Wi-SHT10","DATAS":["Temperature","Humidity"],"Temperature":-81,"Humidity":-959.04,"TIMESTAMP":"2022-11-28T12:29:09.982Z","BATT":1,"INTERVAL":300},{"modelID":"ba-75-79-51-2b-0d","modelType":"Wi-SHT10","DATAS":["Temperature","Humidity"],"Temperature":-81.19,"Humidity":-959.04,"TIMESTAMP":"2022-11-28T12:24:10.301Z","BATT":1,"INTERVAL":300},{"modelID":"ba-75-79-51-2b-0d","modelType":"Wi-SHT10","DATAS":["Temperature","Humidity"],"Temperature":-81.13,"Humidity":-959.04,"TIMESTAMP":"2022-11-28T12:14:10.704Z","BATT":1,"INTERVAL":300},{"modelID":"ba-75-79-51-2b-0d","modelType":"Wi-SHT10","DATAS":["Temperature","Humidity"],"Temperature":-80.8,"Humidity":-959.04,"TIMESTAMP":"2022-11-28T12:09:10.692Z","BATT":1,"INTERVAL":300},{"modelID":"ba-75-79-51-2b-0d","modelType":"Wi-SHT10","DATAS":["Temperature","Humidity"],"Temperature":-80.47,"Humidity":-959.04,"TIMESTAMP":"2022-11-28T12:04:09.892Z","BATT":1,"INTERVAL":300},{"modelID":"ba-75-79-51-2b-0d","modelType":"Wi-SHT10","DATAS":["Temperature","Humidity"],"Temperature":-80.41,"Humidity":-959.04,"TIMESTAMP":"2022-11-28T11:59:09.902Z","BATT":1,"INTERVAL":300},{"modelID":"ba-75-79-51-2b-0d","modelType":"Wi-SHT10","DATAS":["Temperature","Humidity"],"Temperature":-80.7,"Humidity":-959.04,"TIMESTAMP":"2022-11-28T11:54:10.030Z","BATT":1,"INTERVAL":300},{"modelID":"ba-75-79-51-2b-0d","modelType":"Wi-SHT10","DATAS":["Temperature","Humidity"],"Temperature":-81,"Humidity":-959.04,"TIMESTAMP":"2022-11-28T11:49:09.953Z","BATT":1,"INTERVAL":300},{"modelID":"ba-75-79-51-2b-0d","modelType":"Wi-SHT10","DATAS":["Temperature","Humidity"],"Temperature":-81.19,"Humidity":-959.04,"TIMESTAMP":"2022-11-28T11:44:10.024Z","BATT":1,"INTERVAL":300},{"modelID":"ba-75-79-51-2b-0d","modelType":"Wi-SHT10","DATAS":["Temperature","Humidity"],"Temperature":-81.29,"Humidity":-959.04,"TIMESTAMP":"2022-11-28T11:39:10.043Z","BATT":1,"INTERVAL":300},{"modelID":"ba-75-79-51-2b-0d","modelType":"Wi-SHT10","DATAS":["Temperature","Humidity"],"Temperature":-81.13,"Humidity":-959.04,"TIMESTAMP":"2022-11-28T11:34:10.081Z","BATT":1,"INTERVAL":300},{"modelID":"ba-75-79-51-2b-0d","modelType":"Wi-SHT10","DATAS":["Temperature","Humidity"],"Temperature":-80.77,"Humidity":-959.04,"TIMESTAMP":"2022-11-28T11:29:10.095Z","BATT":1,"INTERVAL":300},{"modelID":"ba-75-79-51-2b-0d","modelType":"Wi-SHT10","DATAS":["Temperature","Humidity"],"Temperature":-80.51,"Humidity":-959.04,"TIMESTAMP":"2022-11-28T11:24:10.483Z","BATT":1,"INTERVAL":300},{"modelID":"ba-75-79-51-2b-0d","modelType":"Wi-SHT10","DATAS":["Temperature","Humidity"],"Temperature":-80.41,"Humidity":-959.04,"TIMESTAMP":"2022-11-28T11:19:10.038Z","BATT":1,"INTERVAL":300},{"modelID":"ba-75-79-51-2b-0d","modelType":"Wi-SHT10","DATAS":["Temperature","Humidity"],"Temperature":-80.74,"Humidity":-959.04,"TIMESTAMP":"2022-11-28T11:14:10.057Z","BATT":1,"INTERVAL":300},{"modelID":"ba-75-79-51-2b-0d","modelType":"Wi-SHT10","DATAS":["Temperature","Humidity"],"Temperature":-81.03,"Humidity":-959.04,"TIMESTAMP":"2022-11-28T11:09:10.077Z","BATT":1,"INTERVAL":300},{"modelID":"ba-75-79-51-2b-0d","modelType":"Wi-SHT10","DATAS":["Temperature","Humidity"],"Temperature":-81.23,"Humidity":-959.04,"TIMESTAMP":"2022-11-28T11:04:10.103Z","BATT":1,"INTERVAL":300},{"modelID":"ba-75-79-51-2b-0d","modelType":"Wi-SHT10","DATAS":["Temperature","Humidity"],"Temperature":-81.29,"Humidity":-959.04,"TIMESTAMP":"2022-11-28T10:59:10.098Z","BATT":1,"INTERVAL":300},{"modelID":"ba-75-79-51-2b-0d","modelType":"Wi-SHT10","DATAS":["Temperature","Humidity"],"Temperature":-81.13,"Humidity":-959.04,"TIMESTAMP":"2022-11-28T10:54:10.111Z","BATT":1,"INTERVAL":300},{"modelID":"ba-75-79-51-2b-0d","modelType":"Wi-SHT10","DATAS":["Temperature","Humidity"],"Temperature":-80.77,"Humidity":-959.04,"TIMESTAMP":"2022-11-28T10:49:10.247Z","BATT":1,"INTERVAL":300},{"modelID":"ba-75-79-51-2b-0d","modelType":"Wi-SHT10","DATAS":["Temperature","Humidity"],"Temperature":-80.47,"Humidity":-959.04,"TIMESTAMP":"2022-11-28T10:44:10.165Z","BATT":1,"INTERVAL":300},{"modelID":"ba-75-79-51-2b-0d","modelType":"Wi-SHT10","DATAS":["Temperature","Humidity"],"Temperature":-80.44,"Humidity":-959.04,"TIMESTAMP":"2022-11-28T10:39:10.203Z","BATT":1,"INTERVAL":300},{"modelID":"ba-75-79-51-2b-0d","modelType":"Wi-SHT10","DATAS":["Temperature","Humidity"],"Temperature":-80.74,"Humidity":-959.04,"TIMESTAMP":"2022-11-28T10:34:10.274Z","BATT":1,"INTERVAL":300},{"modelID":"ba-75-79-51-2b-0d","modelType":"Wi-SHT10","DATAS":["Temperature","Humidity"],"Temperature":-81.03,"Humidity":-959.04,"TIMESTAMP":"2022-11-28T10:29:10.275Z","BATT":1,"INTERVAL":300},{"modelID":"ba-75-79-51-2b-0d","modelType":"Wi-SHT10","DATAS":["Temperature","Humidity"],"Temperature":-81.26,"Humidity":-959.04,"TIMESTAMP":"2022-11-28T10:24:10.374Z","BATT":1,"INTERVAL":300},{"modelID":"ba-75-79-51-2b-0d","modelType":"Wi-SHT10","DATAS":["Temperature","Humidity"],"Temperature":-81.29,"Humidity":-959.04,"TIMESTAMP":"2022-11-28T10:19:10.336Z","BATT":1,"INTERVAL":300},{"modelID":"ba-75-79-51-2b-0d","modelType":"Wi-SHT10","DATAS":["Temperature","Humidity"],"Temperature":-81.13,"Humidity":-959.04,"TIMESTAMP":"2022-11-28T10:14:10.347Z","BATT":1,"INTERVAL":300},{"modelID":"ba-75-79-51-2b-0d","modelType":"Wi-SHT10","DATAS":["Temperature","Humidity"],"Temperature":-80.77,"Humidity":-959.04,"TIMESTAMP":"2022-11-28T10:09:10.287Z","BATT":1,"INTERVAL":300},{"modelID":"ba-75-79-51-2b-0d","modelType":"Wi-SHT10","DATAS":["Temperature","Humidity"],"Temperature":-80.47,"Humidity":-959.04,"TIMESTAMP":"2022-11-28T10:04:10.371Z","BATT":1,"INTERVAL":300},{"modelID":"ba-75-79-51-2b-0d","modelType":"Wi-SHT10","DATAS":["Temperature","Humidity"],"Temperature":-80.44,"Humidity":-959.04,"TIMESTAMP":"2022-11-28T09:59:10.389Z","BATT":1,"INTERVAL":300},{"modelID":"ba-75-79-51-2b-0d","modelType":"Wi-SHT10","DATAS":["Temperature","Humidity"],"Temperature":-80.74,"Humidity":-959.04,"TIMESTAMP":"2022-11-28T09:54:10.398Z","BATT":1,"INTERVAL":300},{"modelID":"ba-75-79-51-2b-0d","modelType":"Wi-SHT10","DATAS":["Temperature","Humidity"],"Temperature":-81.06,"Humidity":-959.04,"TIMESTAMP":"2022-11-28T09:49:10.421Z","BATT":1,"INTERVAL":300},{"modelID":"ba-75-79-51-2b-0d","modelType":"Wi-SHT10","DATAS":["Temperature","Humidity"],"Temperature":-81.26,"Humidity":-959.04,"TIMESTAMP":"2022-11-28T09:44:10.345Z","BATT":1,"INTERVAL":300},{"modelID":"ba-75-79-51-2b-0d","modelType":"Wi-SHT10","DATAS":["Temperature","Humidity"],"Temperature":-81.13,"Humidity":-959.04,"TIMESTAMP":"2022-11-28T09:34:10.387Z","BATT":1,"INTERVAL":300},{"modelID":"ba-75-79-51-2b-0d","modelType":"Wi-SHT10","DATAS":["Temperature","Humidity"],"Temperature":-80.77,"Humidity":-959.04,"TIMESTAMP":"2022-11-28T09:29:10.421Z","BATT":1,"INTERVAL":300},{"modelID":"ba-75-79-51-2b-0d","modelType":"Wi-SHT10","DATAS":["Temperature","Humidity"],"Temperature":-80.47,"Humidity":-959.04,"TIMESTAMP":"2022-11-28T09:24:10.435Z","BATT":1,"INTERVAL":300},{"modelID":"ba-75-79-51-2b-0d","modelType":"Wi-SHT10","DATAS":["Temperature","Humidity"],"Temperature":-80.44,"Humidity":-959.04,"TIMESTAMP":"2022-11-28T09:19:10.513Z","BATT":1,"INTERVAL":300},{"modelID":"ba-75-79-51-2b-0d","modelType":"Wi-SHT10","DATAS":["Temperature","Humidity"],"Temperature":-80.77,"Humidity":-959.04,"TIMESTAMP":"2022-11-28T09:14:10.471Z","BATT":1,"INTERVAL":300},{"modelID":"ba-75-79-51-2b-0d","modelType":"Wi-SHT10","DATAS":["Temperature","Humidity"],"Temperature":-81.06,"Humidity":-959.04,"TIMESTAMP":"2022-11-28T09:09:10.506Z","BATT":1,"INTERVAL":300},{"modelID":"ba-75-79-51-2b-0d","modelType":"Wi-SHT10","DATAS":["Temperature","Humidity"],"Temperature":-81.26,"Humidity":-959.04,"TIMESTAMP":"2022-11-28T09:04:10.493Z","BATT":1,"INTERVAL":300},{"modelID":"ba-75-79-51-2b-0d","modelType":"Wi-SHT10","DATAS":["Temperature","Humidity"],"Temperature":-81.32,"Humidity":-959.04,"TIMESTAMP":"2022-11-28T08:59:10.508Z","BATT":1,"INTERVAL":300},{"modelID":"ba-75-79-51-2b-0d","modelType":"Wi-SHT10","DATAS":["Temperature","Humidity"],"Temperature":-81.13,"Humidity":-959.04,"TIMESTAMP":"2022-11-28T08:54:10.523Z","BATT":1,"INTERVAL":300},{"modelID":"ba-75-79-51-2b-0d","modelType":"Wi-SHT10","DATAS":["Temperature","Humidity"],"Temperature":-80.8,"Humidity":-959.04,"TIMESTAMP":"2022-11-28T08:49:10.555Z","BATT":1,"INTERVAL":300},{"modelID":"ba-75-79-51-2b-0d","modelType":"Wi-SHT10","DATAS":["Temperature","Humidity"],"Temperature":-80.47,"Humidity":-959.04,"TIMESTAMP":"2022-11-28T08:44:10.575Z","BATT":1,"INTERVAL":300},{"modelID":"ba-75-79-51-2b-0d","modelType":"Wi-SHT10","DATAS":["Temperature","Humidity"],"Temperature":-80.44,"Humidity":-959.04,"TIMESTAMP":"2022-11-28T08:39:10.571Z","BATT":1,"INTERVAL":300},{"modelID":"ba-75-79-51-2b-0d","modelType":"Wi-SHT10","DATAS":["Temperature","Humidity"],"Temperature":-80.74,"Humidity":-959.04,"TIMESTAMP":"2022-11-28T08:34:10.663Z","BATT":1,"INTERVAL":300},{"modelID":"ba-75-79-51-2b-0d","modelType":"Wi-SHT10","DATAS":["Temperature","Humidity"],"Temperature":-81.06,"Humidity":-959.04,"TIMESTAMP":"2022-11-28T08:29:10.597Z","BATT":1,"INTERVAL":300},{"modelID":"ba-75-79-51-2b-0d","modelType":"Wi-SHT10","DATAS":["Temperature","Humidity"],"Temperature":-81.26,"Humidity":-959.04,"TIMESTAMP":"2022-11-28T08:24:10.697Z","BATT":1,"INTERVAL":300},{"modelID":"ba-75-79-51-2b-0d","modelType":"Wi-SHT10","DATAS":["Temperature","Humidity"],"Temperature":-81.32,"Humidity":-959.04,"TIMESTAMP":"2022-11-28T08:19:10.652Z","BATT":1,"INTERVAL":300},{"modelID":"ba-75-79-51-2b-0d","modelType":"Wi-SHT10","DATAS":["Temperature","Humidity"],"Temperature":-81.09,"Humidity":-959.04,"TIMESTAMP":"2022-11-28T08:14:10.677Z","BATT":1,"INTERVAL":300},{"modelID":"ba-75-79-51-2b-0d","modelType":"Wi-SHT10","DATAS":["Temperature","Humidity"],"Temperature":-80.8,"Humidity":-959.04,"TIMESTAMP":"2022-11-28T08:09:10.679Z","BATT":1,"INTERVAL":300},{"modelID":"ba-75-79-51-2b-0d","modelType":"Wi-SHT10","DATAS":["Temperature","Humidity"],"Temperature":-80.47,"Humidity":-959.04,"TIMESTAMP":"2022-11-28T08:04:10.691Z","BATT":1,"INTERVAL":300},{"modelID":"ba-75-79-51-2b-0d","modelType":"Wi-SHT10","DATAS":["Temperature","Humidity"],"Temperature":-80.44,"Humidity":-959.04,"TIMESTAMP":"2022-11-28T07:59:10.807Z","BATT":1,"INTERVAL":300},{"modelID":"ba-75-79-51-2b-0d","modelType":"Wi-SHT10","DATAS":["Temperature","Humidity"],"Temperature":-80.74,"Humidity":-959.04,"TIMESTAMP":"2022-11-28T07:54:10.834Z","BATT":1,"INTERVAL":300},{"modelID":"ba-75-79-51-2b-0d","modelType":"Wi-SHT10","DATAS":["Temperature","Humidity"],"Temperature":-81.06,"Humidity":-959.04,"TIMESTAMP":"2022-11-28T07:49:10.830Z","BATT":1,"INTERVAL":300},{"modelID":"ba-75-79-51-2b-0d","modelType":"Wi-SHT10","DATAS":["Temperature","Humidity"],"Temperature":-81.29,"Humidity":-959.04,"TIMESTAMP":"2022-11-28T07:44:11.123Z","BATT":1,"INTERVAL":300},{"modelID":"ba-75-79-51-2b-0d","modelType":"Wi-SHT10","DATAS":["Temperature","Humidity"],"Temperature":-81.29,"Humidity":-959.04,"TIMESTAMP":"2022-11-28T07:39:10.853Z","BATT":1,"INTERVAL":300},{"modelID":"ba-75-79-51-2b-0d","modelType":"Wi-SHT10","DATAS":["Temperature","Humidity"],"Temperature":-81.09,"Humidity":-959.04,"TIMESTAMP":"2022-11-28T07:34:10.809Z","BATT":1,"INTERVAL":300},{"modelID":"ba-75-79-51-2b-0d","modelType":"Wi-SHT10","DATAS":["Temperature","Humidity"],"Temperature":-80.77,"Humidity":-959.04,"TIMESTAMP":"2022-11-28T07:29:10.832Z","BATT":1,"INTERVAL":300},{"modelID":"ba-75-79-51-2b-0d","modelType":"Wi-SHT10","DATAS":["Temperature","Humidity"],"Temperature":-80.47,"Humidity":-959.04,"TIMESTAMP":"2022-11-28T07:24:10.914Z","BATT":1,"INTERVAL":300},{"modelID":"ba-75-79-51-2b-0d","modelType":"Wi-SHT10","DATAS":["Temperature","Humidity"],"Temperature":-80.44,"Humidity":-959.04,"TIMESTAMP":"2022-11-28T07:19:10.880Z","BATT":1,"INTERVAL":300},{"modelID":"ba-75-79-51-2b-0d","modelType":"Wi-SHT10","DATAS":["Temperature","Humidity"],"Temperature":-80.8,"Humidity":-959.04,"TIMESTAMP":"2022-11-28T07:14:11.010Z","BATT":1,"INTERVAL":300},{"modelID":"ba-75-79-51-2b-0d","modelType":"Wi-SHT10","DATAS":["Temperature","Humidity"],"Temperature":-81.06,"Humidity":-959.04,"TIMESTAMP":"2022-11-28T07:09:10.967Z","BATT":1,"INTERVAL":300},{"modelID":"ba-75-79-51-2b-0d","modelType":"Wi-SHT10","DATAS":["Temperature","Humidity"],"Temperature":-81.29,"Humidity":-959.04,"TIMESTAMP":"2022-11-28T07:04:11.019Z","BATT":1,"INTERVAL":300},{"modelID":"ba-75-79-51-2b-0d","modelType":"Wi-SHT10","DATAS":["Temperature","Humidity"],"Temperature":-81.29,"Humidity":-959.04,"TIMESTAMP":"2022-11-28T06:59:10.997Z","BATT":1,"INTERVAL":300},{"modelID":"ba-75-79-51-2b-0d","modelType":"Wi-SHT10","DATAS":["Temperature","Humidity"],"Temperature":-81.09,"Humidity":-959.04,"TIMESTAMP":"2022-11-28T06:54:11.006Z","BATT":1,"INTERVAL":300},{"modelID":"ba-75-79-51-2b-0d","modelType":"Wi-SHT10","DATAS":["Temperature","Humidity"],"Temperature":-80.74,"Humidity":-959.04,"TIMESTAMP":"2022-11-28T06:49:10.949Z","BATT":1,"INTERVAL":300},{"modelID":"ba-75-79-51-2b-0d","modelType":"Wi-SHT10","DATAS":["Temperature","Humidity"],"Temperature":-80.47,"Humidity":-959.04,"TIMESTAMP":"2022-11-28T06:44:11.023Z","BATT":1,"INTERVAL":300},{"modelID":"ba-75-79-51-2b-0d","modelType":"Wi-SHT10","DATAS":["Temperature","Humidity"],"Temperature":-80.44,"Humidity":-959.04,"TIMESTAMP":"2022-11-28T06:39:11.060Z","BATT":1,"INTERVAL":300},{"modelID":"ba-75-79-51-2b-0d","modelType":"Wi-SHT10","DATAS":["Temperature","Humidity"],"Temperature":-80.77,"Humidity":-959.04,"TIMESTAMP":"2022-11-28T06:34:11.091Z","BATT":1,"INTERVAL":300},{"modelID":"ba-75-79-51-2b-0d","modelType":"Wi-SHT10","DATAS":["Temperature","Humidity"],"Temperature":-81.09,"Humidity":-959.04,"TIMESTAMP":"2022-11-28T06:29:11.172Z","BATT":1,"INTERVAL":300},{"modelID":"ba-75-79-51-2b-0d","modelType":"Wi-SHT10","DATAS":["Temperature","Humidity"],"Temperature":-81.29,"Humidity":-959.04,"TIMESTAMP":"2022-11-28T06:24:11.125Z","BATT":1,"INTERVAL":300},{"modelID":"ba-75-79-51-2b-0d","modelType":"Wi-SHT10","DATAS":["Temperature","Humidity"],"Temperature":-81.32,"Humidity":-959.04,"TIMESTAMP":"2022-11-28T06:19:11.196Z","BATT":1,"INTERVAL":300},{"modelID":"ba-75-79-51-2b-0d","modelType":"Wi-SHT10","DATAS":["Temperature","Humidity"],"Temperature":-81.06,"Humidity":-959.04,"TIMESTAMP":"2022-11-28T06:14:11.155Z","BATT":1,"INTERVAL":300},{"modelID":"ba-75-79-51-2b-0d","modelType":"Wi-SHT10","DATAS":["Temperature","Humidity"],"Temperature":-80.74,"Humidity":-959.04,"TIMESTAMP":"2022-11-28T06:09:11.079Z","BATT":1,"INTERVAL":300},{"modelID":"ba-75-79-51-2b-0d","modelType":"Wi-SHT10","DATAS":["Temperature","Humidity"],"Temperature":-80.44,"Humidity":-959.04,"TIMESTAMP":"2022-11-28T06:04:11.180Z","BATT":1,"INTERVAL":300},{"modelID":"ba-75-79-51-2b-0d","modelType":"Wi-SHT10","DATAS":["Temperature","Humidity"],"Temperature":-80.47,"Humidity":-959.04,"TIMESTAMP":"2022-11-28T05:59:11.177Z","BATT":1,"INTERVAL":300},{"modelID":"ba-75-79-51-2b-0d","modelType":"Wi-SHT10","DATAS":["Temperature","Humidity"],"Temperature":-80.8,"Humidity":-959.04,"TIMESTAMP":"2022-11-28T05:54:11.115Z","BATT":1,"INTERVAL":300},{"modelID":"ba-75-79-51-2b-0d","modelType":"Wi-SHT10","DATAS":["Temperature","Humidity"],"Temperature":-81.09,"Humidity":-959.04,"TIMESTAMP":"2022-11-28T05:49:11.139Z","BATT":1,"INTERVAL":300},{"modelID":"ba-75-79-51-2b-0d","modelType":"Wi-SHT10","DATAS":["Temperature","Humidity"],"Temperature":-81.26,"Humidity":-959.04,"TIMESTAMP":"2022-11-28T05:44:11.244Z","BATT":1,"INTERVAL":300},{"modelID":"ba-75-79-51-2b-0d","modelType":"Wi-SHT10","DATAS":["Temperature","Humidity"],"Temperature":-81.29,"Humidity":-959.04,"TIMESTAMP":"2022-11-28T05:39:11.261Z","BATT":1,"INTERVAL":300},{"modelID":"ba-75-79-51-2b-0d","modelType":"Wi-SHT10","DATAS":["Temperature","Humidity"],"Temperature":-81.06,"Humidity":-959.04,"TIMESTAMP":"2022-11-28T05:34:11.344Z","BATT":1,"INTERVAL":300},{"modelID":"ba-75-79-51-2b-0d","modelType":"Wi-SHT10","DATAS":["Temperature","Humidity"],"Temperature":-80.7,"Humidity":-959.04,"TIMESTAMP":"2022-11-28T05:29:11.299Z","BATT":1,"INTERVAL":300},{"modelID":"ba-75-79-51-2b-0d","modelType":"Wi-SHT10","DATAS":["Temperature","Humidity"],"Temperature":-80.47,"Humidity":-959.04,"TIMESTAMP":"2022-11-28T05:24:11.319Z","BATT":1,"INTERVAL":300},{"modelID":"ba-75-79-51-2b-0d","modelType":"Wi-SHT10","DATAS":["Temperature","Humidity"],"Temperature":-80.47,"Humidity":-959.04,"TIMESTAMP":"2022-11-28T05:19:11.331Z","BATT":1,"INTERVAL":300},{"modelID":"ba-75-79-51-2b-0d","modelType":"Wi-SHT10","DATAS":["Temperature","Humidity"],"Temperature":-80.83,"Humidity":-959.04,"TIMESTAMP":"2022-11-28T05:14:11.241Z","BATT":1,"INTERVAL":300},{"modelID":"ba-75-79-51-2b-0d","modelType":"Wi-SHT10","DATAS":["Temperature","Humidity"],"Temperature":-81.09,"Humidity":-959.04,"TIMESTAMP":"2022-11-28T05:09:11.283Z","BATT":1,"INTERVAL":300},{"modelID":"ba-75-79-51-2b-0d","modelType":"Wi-SHT10","DATAS":["Temperature","Humidity"],"Temperature":-81.26,"Humidity":-959.04,"TIMESTAMP":"2022-11-28T05:04:11.406Z","BATT":1,"INTERVAL":300},{"modelID":"ba-75-79-51-2b-0d","modelType":"Wi-SHT10","DATAS":["Temperature","Humidity"],"Temperature":-81.29,"Humidity":-959.04,"TIMESTAMP":"2022-11-28T04:59:11.398Z","BATT":1,"INTERVAL":300},{"modelID":"ba-75-79-51-2b-0d","modelType":"Wi-SHT10","DATAS":["Temperature","Humidity"],"Temperature":-81.06,"Humidity":-959.04,"TIMESTAMP":"2022-11-28T04:54:11.334Z","BATT":1,"INTERVAL":300},{"modelID":"ba-75-79-51-2b-0d","modelType":"Wi-SHT10","DATAS":["Temperature","Humidity"],"Temperature":-80.47,"Humidity":-959.04,"TIMESTAMP":"2022-11-28T04:44:11.404Z","BATT":1,"INTERVAL":300},{"modelID":"ba-75-79-51-2b-0d","modelType":"Wi-SHT10","DATAS":["Temperature","Humidity"],"Temperature":-80.47,"Humidity":-959.04,"TIMESTAMP":"2022-11-28T04:39:11.459Z","BATT":1,"INTERVAL":300},{"modelID":"ba-75-79-51-2b-0d","modelType":"Wi-SHT10","DATAS":["Temperature","Humidity"],"Temperature":-80.83,"Humidity":-959.04,"TIMESTAMP":"2022-11-28T04:34:11.416Z","BATT":1,"INTERVAL":300},{"modelID":"ba-75-79-51-2b-0d","modelType":"Wi-SHT10","DATAS":["Temperature","Humidity"],"Temperature":-81.13,"Humidity":-959.04,"TIMESTAMP":"2022-11-28T04:29:11.511Z","BATT":1,"INTERVAL":300},{"modelID":"ba-75-79-51-2b-0d","modelType":"Wi-SHT10","DATAS":["Temperature","Humidity"],"Temperature":-81.29,"Humidity":-959.04,"TIMESTAMP":"2022-11-28T04:24:11.508Z","BATT":1,"INTERVAL":300},{"modelID":"ba-75-79-51-2b-0d","modelType":"Wi-SHT10","DATAS":["Temperature","Humidity"],"Temperature":-81.29,"Humidity":-959.04,"TIMESTAMP":"2022-11-28T04:19:11.549Z","BATT":1,"INTERVAL":300},{"modelID":"ba-75-79-51-2b-0d","modelType":"Wi-SHT10","DATAS":["Temperature","Humidity"],"Temperature":-81.06,"Humidity":-959.04,"TIMESTAMP":"2022-11-28T04:14:11.563Z","BATT":1,"INTERVAL":300},{"modelID":"ba-75-79-51-2b-0d","modelType":"Wi-SHT10","DATAS":["Temperature","Humidity"],"Temperature":-80.7,"Humidity":-959.04,"TIMESTAMP":"2022-11-28T04:09:11.562Z","BATT":1,"INTERVAL":300},{"modelID":"ba-75-79-51-2b-0d","modelType":"Wi-SHT10","DATAS":["Temperature","Humidity"],"Temperature":-80.47,"Humidity":-959.04,"TIMESTAMP":"2022-11-28T04:04:11.665Z","BATT":1,"INTERVAL":300},{"modelID":"ba-75-79-51-2b-0d","modelType":"Wi-SHT10","DATAS":["Temperature","Humidity"],"Temperature":-80.83,"Humidity":-959.04,"TIMESTAMP":"2022-11-28T03:54:11.657Z","BATT":1,"INTERVAL":300},{"modelID":"ba-75-79-51-2b-0d","modelType":"Wi-SHT10","DATAS":["Temperature","Humidity"],"Temperature":-81.13,"Humidity":-959.04,"TIMESTAMP":"2022-11-28T03:49:11.562Z","BATT":1,"INTERVAL":300},{"modelID":"ba-75-79-51-2b-0d","modelType":"Wi-SHT10","DATAS":["Temperature","Humidity"],"Temperature":-81.29,"Humidity":-959.04,"TIMESTAMP":"2022-11-28T03:39:11.668Z","BATT":1,"INTERVAL":300},{"modelID":"ba-75-79-51-2b-0d","modelType":"Wi-SHT10","DATAS":["Temperature","Humidity"],"Temperature":-81.03,"Humidity":-959.04,"TIMESTAMP":"2022-11-28T03:34:11.684Z","BATT":1,"INTERVAL":300},{"modelID":"ba-75-79-51-2b-0d","modelType":"Wi-SHT10","DATAS":["Temperature","Humidity"],"Temperature":-80.7,"Humidity":-959.04,"TIMESTAMP":"2022-11-28T03:29:14.165Z","BATT":1,"INTERVAL":300},{"modelID":"ba-75-79-51-2b-0d","modelType":"Wi-SHT10","DATAS":["Temperature","Humidity"],"Temperature":-80.44,"Humidity":-959.04,"TIMESTAMP":"2022-11-28T03:24:14.720Z","BATT":1,"INTERVAL":300},{"modelID":"ba-75-79-51-2b-0d","modelType":"Wi-SHT10","DATAS":["Temperature","Humidity"],"Temperature":-80.51,"Humidity":-959.04,"TIMESTAMP":"2022-11-28T03:19:11.666Z","BATT":1,"INTERVAL":300},{"modelID":"ba-75-79-51-2b-0d","modelType":"Wi-SHT10","DATAS":["Temperature","Humidity"],"Temperature":-80.83,"Humidity":-959.04,"TIMESTAMP":"2022-11-28T03:14:11.661Z","BATT":1,"INTERVAL":300},{"modelID":"ba-75-79-51-2b-0d","modelType":"Wi-SHT10","DATAS":["Temperature","Humidity"],"Temperature":-81.09,"Humidity":-959.04,"TIMESTAMP":"2022-11-28T03:09:11.778Z","BATT":1,"INTERVAL":300},{"modelID":"ba-75-79-51-2b-0d","modelType":"Wi-SHT10","DATAS":["Temperature","Humidity"],"Temperature":-81.29,"Humidity":-959.04,"TIMESTAMP":"2022-11-28T03:04:11.717Z","BATT":1,"INTERVAL":300},{"modelID":"ba-75-79-51-2b-0d","modelType":"Wi-SHT10","DATAS":["Temperature","Humidity"],"Temperature":-81.29,"Humidity":-959.04,"TIMESTAMP":"2022-11-28T02:59:11.790Z","BATT":1,"INTERVAL":300},{"modelID":"ba-75-79-51-2b-0d","modelType":"Wi-SHT10","DATAS":["Temperature","Humidity"],"Temperature":-81,"Humidity":-959.04,"TIMESTAMP":"2022-11-28T02:54:11.744Z","BATT":1,"INTERVAL":300},{"modelID":"ba-75-79-51-2b-0d","modelType":"Wi-SHT10","DATAS":["Temperature","Humidity"],"Temperature":-80.7,"Humidity":-959.04,"TIMESTAMP":"2022-11-28T02:49:11.777Z","BATT":1,"INTERVAL":300},{"modelID":"ba-75-79-51-2b-0d","modelType":"Wi-SHT10","DATAS":["Temperature","Humidity"],"Temperature":-80.44,"Humidity":-959.04,"TIMESTAMP":"2022-11-28T02:44:11.784Z","BATT":1,"INTERVAL":300},{"modelID":"ba-75-79-51-2b-0d","modelType":"Wi-SHT10","DATAS":["Temperature","Humidity"],"Temperature":-80.87,"Humidity":-959.04,"TIMESTAMP":"2022-11-28T02:34:11.807Z","BATT":1,"INTERVAL":300},{"modelID":"ba-75-79-51-2b-0d","modelType":"Wi-SHT10","DATAS":["Temperature","Humidity"],"Temperature":-81.13,"Humidity":-959.04,"TIMESTAMP":"2022-11-28T02:29:11.900Z","BATT":1,"INTERVAL":300},{"modelID":"ba-75-79-51-2b-0d","modelType":"Wi-SHT10","DATAS":["Temperature","Humidity"],"Temperature":-81.29,"Humidity":-959.04,"TIMESTAMP":"2022-11-28T02:24:11.921Z","BATT":1,"INTERVAL":300},{"modelID":"ba-75-79-51-2b-0d","modelType":"Wi-SHT10","DATAS":["Temperature","Humidity"],"Temperature":-81.29,"Humidity":-959.04,"TIMESTAMP":"2022-11-28T02:19:11.841Z","BATT":1,"INTERVAL":300},{"modelID":"ba-75-79-51-2b-0d","modelType":"Wi-SHT10","DATAS":["Temperature","Humidity"],"Temperature":-81.03,"Humidity":-959.04,"TIMESTAMP":"2022-11-28T02:14:11.889Z","BATT":1,"INTERVAL":300},{"modelID":"ba-75-79-51-2b-0d","modelType":"Wi-SHT10","DATAS":["Temperature","Humidity"],"Temperature":-80.67,"Humidity":-959.04,"TIMESTAMP":"2022-11-28T02:09:11.962Z","BATT":1,"INTERVAL":300},{"modelID":"ba-75-79-51-2b-0d","modelType":"Wi-SHT10","DATAS":["Temperature","Humidity"],"Temperature":-80.44,"Humidity":-959.04,"TIMESTAMP":"2022-11-28T02:04:11.986Z","BATT":1,"INTERVAL":300},{"modelID":"ba-75-79-51-2b-0d","modelType":"Wi-SHT10","DATAS":["Temperature","Humidity"],"Temperature":-80.54,"Humidity":-959.04,"TIMESTAMP":"2022-11-28T01:59:11.909Z","BATT":1,"INTERVAL":300},{"modelID":"ba-75-79-51-2b-0d","modelType":"Wi-SHT10","DATAS":["Temperature","Humidity"],"Temperature":-80.9,"Humidity":-959.04,"TIMESTAMP":"2022-11-28T01:54:11.946Z","BATT":1,"INTERVAL":300},{"modelID":"ba-75-79-51-2b-0d","modelType":"Wi-SHT10","DATAS":["Temperature","Humidity"],"Temperature":-81.32,"Humidity":-959.04,"TIMESTAMP":"2022-11-28T01:44:12.169Z","BATT":1,"INTERVAL":300},{"modelID":"ba-75-79-51-2b-0d","modelType":"Wi-SHT10","DATAS":["Temperature","Humidity"],"Temperature":-81.32,"Humidity":-959.04,"TIMESTAMP":"2022-11-28T01:39:11.988Z","BATT":1,"INTERVAL":300},{"modelID":"ba-75-79-51-2b-0d","modelType":"Wi-SHT10","DATAS":["Temperature","Humidity"],"Temperature":-81.03,"Humidity":-959.04,"TIMESTAMP":"2022-11-28T01:34:15.428Z","BATT":1,"INTERVAL":300},{"modelID":"ba-75-79-51-2b-0d","modelType":"Wi-SHT10","DATAS":["Temperature","Humidity"],"Temperature":-80.7,"Humidity":-959.04,"TIMESTAMP":"2022-11-28T01:29:12.102Z","BATT":1,"INTERVAL":300},{"modelID":"ba-75-79-51-2b-0d","modelType":"Wi-SHT10","DATAS":["Temperature","Humidity"],"Temperature":-80.57,"Humidity":-959.04,"TIMESTAMP":"2022-11-28T01:19:15.533Z","BATT":1,"INTERVAL":300},{"modelID":"ba-75-79-51-2b-0d","modelType":"Wi-SHT10","DATAS":["Temperature","Humidity"],"Temperature":-80.87,"Humidity":-959.04,"TIMESTAMP":"2022-11-28T01:14:13.671Z","BATT":1,"INTERVAL":300},{"modelID":"ba-75-79-51-2b-0d","modelType":"Wi-SHT10","DATAS":["Temperature","Humidity"],"Temperature":-81.16,"Humidity":-959.04,"TIMESTAMP":"2022-11-28T01:09:12.198Z","BATT":1,"INTERVAL":300},{"modelID":"ba-75-79-51-2b-0d","modelType":"Wi-SHT10","DATAS":["Temperature","Humidity"],"Temperature":-81.29,"Humidity":-959.04,"TIMESTAMP":"2022-11-28T00:59:19.416Z","BATT":1,"INTERVAL":300},{"modelID":"ba-75-79-51-2b-0d","modelType":"Wi-SHT10","DATAS":["Temperature","Humidity"],"Temperature":-81.03,"Humidity":-959.04,"TIMESTAMP":"2022-11-28T00:54:12.299Z","BATT":1,"INTERVAL":300},{"modelID":"ba-75-79-51-2b-0d","modelType":"Wi-SHT10","DATAS":["Temperature","Humidity"],"Temperature":-80.67,"Humidity":-959.04,"TIMESTAMP":"2022-11-28T00:49:12.141Z","BATT":1,"INTERVAL":300},{"modelID":"ba-75-79-51-2b-0d","modelType":"Wi-SHT10","DATAS":["Temperature","Humidity"],"Temperature":-80.44,"Humidity":-959.04,"TIMESTAMP":"2022-11-28T00:44:12.187Z","BATT":1,"INTERVAL":300},{"modelID":"ba-75-79-51-2b-0d","modelType":"Wi-SHT10","DATAS":["Temperature","Humidity"],"Temperature":-80.51,"Humidity":-959.04,"TIMESTAMP":"2022-11-28T00:39:14.896Z","BATT":1,"INTERVAL":300},{"modelID":"ba-75-79-51-2b-0d","modelType":"Wi-SHT10","DATAS":["Temperature","Humidity"],"Temperature":-80.87,"Humidity":-959.04,"TIMESTAMP":"2022-11-28T00:34:13.796Z","BATT":1,"INTERVAL":300},{"modelID":"ba-75-79-51-2b-0d","modelType":"Wi-SHT10","DATAS":["Temperature","Humidity"],"Temperature":-81.16,"Humidity":-959.04,"TIMESTAMP":"2022-11-28T00:29:14.218Z","BATT":1,"INTERVAL":300},{"modelID":"ba-75-79-51-2b-0d","modelType":"Wi-SHT10","DATAS":["Temperature","Humidity"],"Temperature":-81.29,"Humidity":-959.04,"TIMESTAMP":"2022-11-28T00:24:12.279Z","BATT":1,"INTERVAL":300},{"modelID":"ba-75-79-51-2b-0d","modelType":"Wi-SHT10","DATAS":["Temperature","Humidity"],"Temperature":-81.29,"Humidity":-959.04,"TIMESTAMP":"2022-11-28T00:19:12.260Z","BATT":1,"INTERVAL":300},{"modelID":"ba-75-79-51-2b-0d","modelType":"Wi-SHT10","DATAS":["Temperature","Humidity"],"Temperature":-80.96,"Humidity":-959.04,"TIMESTAMP":"2022-11-28T00:14:16.708Z","BATT":1,"INTERVAL":300},{"modelID":"ba-75-79-51-2b-0d","modelType":"Wi-SHT10","DATAS":["Temperature","Humidity"],"Temperature":-80.64,"Humidity":-959.04,"TIMESTAMP":"2022-11-28T00:09:12.394Z","BATT":1,"INTERVAL":300},{"modelID":"ba-75-79-51-2b-0d","modelType":"Wi-SHT10","DATAS":["Temperature","Humidity"],"Temperature":-80.41,"Humidity":-959.04,"TIMESTAMP":"2022-11-28T00:04:12.417Z","BATT":1,"INTERVAL":300},{"modelID":"ba-75-79-51-2b-0d","modelType":"Wi-SHT10","DATAS":["Temperature","Humidity"],"Temperature":-80.9,"Humidity":-959.04,"TIMESTAMP":"2022-11-27T23:54:18.110Z","BATT":1,"INTERVAL":300},{"modelID":"ba-75-79-51-2b-0d","modelType":"Wi-SHT10","DATAS":["Temperature","Humidity"],"Temperature":-81.13,"Humidity":-959.04,"TIMESTAMP":"2022-11-27T23:49:12.457Z","BATT":1,"INTERVAL":300},{"modelID":"ba-75-79-51-2b-0d","modelType":"Wi-SHT10","DATAS":["Temperature","Humidity"],"Temperature":-81.32,"Humidity":-959.04,"TIMESTAMP":"2022-11-27T23:44:12.478Z","BATT":1,"INTERVAL":300},{"modelID":"ba-75-79-51-2b-0d","modelType":"Wi-SHT10","DATAS":["Temperature","Humidity"],"Temperature":-81.26,"Humidity":-959.04,"TIMESTAMP":"2022-11-27T23:39:12.378Z","BATT":1,"INTERVAL":300},{"modelID":"ba-75-79-51-2b-0d","modelType":"Wi-SHT10","DATAS":["Temperature","Humidity"],"Temperature":-81,"Humidity":-959.04,"TIMESTAMP":"2022-11-27T23:34:16.954Z","BATT":1,"INTERVAL":300},{"modelID":"ba-75-79-51-2b-0d","modelType":"Wi-SHT10","DATAS":["Temperature","Humidity"],"Temperature":-80.64,"Humidity":-959.04,"TIMESTAMP":"2022-11-27T23:29:12.441Z","BATT":1,"INTERVAL":300},{"modelID":"ba-75-79-51-2b-0d","modelType":"Wi-SHT10","DATAS":["Temperature","Humidity"],"Temperature":-80.41,"Humidity":-959.04,"TIMESTAMP":"2022-11-27T23:24:12.438Z","BATT":1,"INTERVAL":300},{"modelID":"ba-75-79-51-2b-0d","modelType":"Wi-SHT10","DATAS":["Temperature","Humidity"],"Temperature":-80.54,"Humidity":-959.04,"TIMESTAMP":"2022-11-27T23:19:12.448Z","BATT":1,"INTERVAL":300},{"modelID":"ba-75-79-51-2b-0d","modelType":"Wi-SHT10","DATAS":["Temperature","Humidity"],"Temperature":-80.87,"Humidity":-959.04,"TIMESTAMP":"2022-11-27T23:14:16.392Z","BATT":1,"INTERVAL":300},{"modelID":"ba-75-79-51-2b-0d","modelType":"Wi-SHT10","DATAS":["Temperature","Humidity"],"Temperature":-81.16,"Humidity":-959.04,"TIMESTAMP":"2022-11-27T23:09:12.574Z","BATT":1,"INTERVAL":300},{"modelID":"ba-75-79-51-2b-0d","modelType":"Wi-SHT10","DATAS":["Temperature","Humidity"],"Temperature":-81.29,"Humidity":-959.04,"TIMESTAMP":"2022-11-27T23:04:12.585Z","BATT":1,"INTERVAL":300},{"modelID":"ba-75-79-51-2b-0d","modelType":"Wi-SHT10","DATAS":["Temperature","Humidity"],"Temperature":-81.26,"Humidity":-959.04,"TIMESTAMP":"2022-11-27T22:59:12.614Z","BATT":1,"INTERVAL":300},{"modelID":"ba-75-79-51-2b-0d","modelType":"Wi-SHT10","DATAS":["Temperature","Humidity"],"Temperature":-81,"Humidity":-959.04,"TIMESTAMP":"2022-11-27T22:54:15.248Z","BATT":1,"INTERVAL":300},{"modelID":"ba-75-79-51-2b-0d","modelType":"Wi-SHT10","DATAS":["Temperature","Humidity"],"Temperature":-80.64,"Humidity":-959.04,"TIMESTAMP":"2022-11-27T22:49:12.651Z","BATT":1,"INTERVAL":300},{"modelID":"ba-75-79-51-2b-0d","modelType":"Wi-SHT10","DATAS":["Temperature","Humidity"],"Temperature":-80.41,"Humidity":-959.04,"TIMESTAMP":"2022-11-27T22:44:12.654Z","BATT":1,"INTERVAL":300},{"modelID":"ba-75-79-51-2b-0d","modelType":"Wi-SHT10","DATAS":["Temperature","Humidity"],"Temperature":-80.54,"Humidity":-959.04,"TIMESTAMP":"2022-11-27T22:39:12.676Z","BATT":1,"INTERVAL":300},{"modelID":"ba-75-79-51-2b-0d","modelType":"Wi-SHT10","DATAS":["Temperature","Humidity"],"Temperature":-80.87,"Humidity":-959.04,"TIMESTAMP":"2022-11-27T22:34:16.351Z","BATT":1,"INTERVAL":300},{"modelID":"ba-75-79-51-2b-0d","modelType":"Wi-SHT10","DATAS":["Temperature","Humidity"],"Temperature":-81.13,"Humidity":-959.04,"TIMESTAMP":"2022-11-27T22:29:12.773Z","BATT":1,"INTERVAL":300},{"modelID":"ba-75-79-51-2b-0d","modelType":"Wi-SHT10","DATAS":["Temperature","Humidity"],"Temperature":-81.26,"Humidity":-959.04,"TIMESTAMP":"2022-11-27T22:24:12.727Z","BATT":1,"INTERVAL":300},{"modelID":"ba-75-79-51-2b-0d","modelType":"Wi-SHT10","DATAS":["Temperature","Humidity"],"Temperature":-81.26,"Humidity":-959.04,"TIMESTAMP":"2022-11-27T22:19:12.657Z","BATT":1,"INTERVAL":300},{"modelID":"ba-75-79-51-2b-0d","modelType":"Wi-SHT10","DATAS":["Temperature","Humidity"],"Temperature":-80.93,"Humidity":-959.04,"TIMESTAMP":"2022-11-27T22:14:15.258Z","BATT":1,"INTERVAL":300},{"modelID":"ba-75-79-51-2b-0d","modelType":"Wi-SHT10","DATAS":["Temperature","Humidity"],"Temperature":-80.6,"Humidity":-959.04,"TIMESTAMP":"2022-11-27T22:09:12.738Z","BATT":1,"INTERVAL":300},{"modelID":"ba-75-79-51-2b-0d","modelType":"Wi-SHT10","DATAS":["Temperature","Humidity"],"Temperature":-80.41,"Humidity":-959.04,"TIMESTAMP":"2022-11-27T22:04:12.712Z","BATT":1,"INTERVAL":300},{"modelID":"ba-75-79-51-2b-0d","modelType":"Wi-SHT10","DATAS":["Temperature","Humidity"],"Temperature":-80.54,"Humidity":-959.04,"TIMESTAMP":"2022-11-27T21:59:12.736Z","BATT":1,"INTERVAL":300},{"modelID":"ba-75-79-51-2b-0d","modelType":"Wi-SHT10","DATAS":["Temperature","Humidity"],"Temperature":-80.87,"Humidity":-959.04,"TIMESTAMP":"2022-11-27T21:54:16.023Z","BATT":1,"INTERVAL":300},{"modelID":"ba-75-79-51-2b-0d","modelType":"Wi-SHT10","DATAS":["Temperature","Humidity"],"Temperature":-81.16,"Humidity":-959.04,"TIMESTAMP":"2022-11-27T21:49:12.756Z","BATT":1,"INTERVAL":300},{"modelID":"ba-75-79-51-2b-0d","modelType":"Wi-SHT10","DATAS":["Temperature","Humidity"],"Temperature":-81.29,"Humidity":-959.04,"TIMESTAMP":"2022-11-27T21:44:12.773Z","BATT":1,"INTERVAL":300},{"modelID":"ba-75-79-51-2b-0d","modelType":"Wi-SHT10","DATAS":["Temperature","Humidity"],"Temperature":-81.26,"Humidity":-959.04,"TIMESTAMP":"2022-11-27T21:39:12.886Z","BATT":1,"INTERVAL":300},{"modelID":"ba-75-79-51-2b-0d","modelType":"Wi-SHT10","DATAS":["Temperature","Humidity"],"Temperature":-80.93,"Humidity":-959.04,"TIMESTAMP":"2022-11-27T21:34:13.286Z","BATT":1,"INTERVAL":300},{"modelID":"ba-75-79-51-2b-0d","modelType":"Wi-SHT10","DATAS":["Temperature","Humidity"],"Temperature":-80.6,"Humidity":-959.04,"TIMESTAMP":"2022-11-27T21:29:12.918Z","BATT":1,"INTERVAL":300},{"modelID":"ba-75-79-51-2b-0d","modelType":"Wi-SHT10","DATAS":["Temperature","Humidity"],"Temperature":-80.38,"Humidity":-959.04,"TIMESTAMP":"2022-11-27T21:24:12.941Z","BATT":1,"INTERVAL":300},{"modelID":"ba-75-79-51-2b-0d","modelType":"Wi-SHT10","DATAS":["Temperature","Humidity"],"Temperature":-80.57,"Humidity":-959.04,"TIMESTAMP":"2022-11-27T21:19:12.881Z","BATT":1,"INTERVAL":300},{"modelID":"ba-75-79-51-2b-0d","modelType":"Wi-SHT10","DATAS":["Temperature","Humidity"],"Temperature":-80.87,"Humidity":-959.04,"TIMESTAMP":"2022-11-27T21:14:12.991Z","BATT":1,"INTERVAL":300},{"modelID":"ba-75-79-51-2b-0d","modelType":"Wi-SHT10","DATAS":["Temperature","Humidity"],"Temperature":-81.13,"Humidity":-959.04,"TIMESTAMP":"2022-11-27T21:09:12.892Z","BATT":1,"INTERVAL":300},{"modelID":"ba-75-79-51-2b-0d","modelType":"Wi-SHT10","DATAS":["Temperature","Humidity"],"Temperature":-81.29,"Humidity":-959.04,"TIMESTAMP":"2022-11-27T21:04:12.899Z","BATT":1,"INTERVAL":300},{"modelID":"ba-75-79-51-2b-0d","modelType":"Wi-SHT10","DATAS":["Temperature","Humidity"],"Temperature":-81.23,"Humidity":-959.04,"TIMESTAMP":"2022-11-27T20:59:13.002Z","BATT":1,"INTERVAL":300},{"modelID":"ba-75-79-51-2b-0d","modelType":"Wi-SHT10","DATAS":["Temperature","Humidity"],"Temperature":-80.93,"Humidity":-959.04,"TIMESTAMP":"2022-11-27T20:54:13.844Z","BATT":1,"INTERVAL":300},{"modelID":"ba-75-79-51-2b-0d","modelType":"Wi-SHT10","DATAS":["Temperature","Humidity"],"Temperature":-80.6,"Humidity":-959.04,"TIMESTAMP":"2022-11-27T20:49:13.095Z","BATT":1,"INTERVAL":300},{"modelID":"ba-75-79-51-2b-0d","modelType":"Wi-SHT10","DATAS":["Temperature","Humidity"],"Temperature":-80.38,"Humidity":-959.04,"TIMESTAMP":"2022-11-27T20:44:13.067Z","BATT":1,"INTERVAL":300},{"modelID":"ba-75-79-51-2b-0d","modelType":"Wi-SHT10","DATAS":["Temperature","Humidity"],"Temperature":-80.54,"Humidity":-959.04,"TIMESTAMP":"2022-11-27T20:39:13.088Z","BATT":1,"INTERVAL":300},{"modelID":"ba-75-79-51-2b-0d","modelType":"Wi-SHT10","DATAS":["Temperature","Humidity"],"Temperature":-80.9,"Humidity":-959.04,"TIMESTAMP":"2022-11-27T20:34:15.729Z","BATT":1,"INTERVAL":300},{"modelID":"ba-75-79-51-2b-0d","modelType":"Wi-SHT10","DATAS":["Temperature","Humidity"],"Temperature":-81.13,"Humidity":-959.04,"TIMESTAMP":"2022-11-27T20:29:13.055Z","BATT":1,"INTERVAL":300},{"modelID":"ba-75-79-51-2b-0d","modelType":"Wi-SHT10","DATAS":["Temperature","Humidity"],"Temperature":-81.29,"Humidity":-959.04,"TIMESTAMP":"2022-11-27T20:24:13.048Z","BATT":1,"INTERVAL":300},{"modelID":"ba-75-79-51-2b-0d","modelType":"Wi-SHT10","DATAS":["Temperature","Humidity"],"Temperature":-81.23,"Humidity":-959.04,"TIMESTAMP":"2022-11-27T20:19:13.058Z","BATT":1,"INTERVAL":300},{"modelID":"ba-75-79-51-2b-0d","modelType":"Wi-SHT10","DATAS":["Temperature","Humidity"],"Temperature":-80.9,"Humidity":-959.04,"TIMESTAMP":"2022-11-27T20:14:14.654Z","BATT":1,"INTERVAL":300},{"modelID":"ba-75-79-51-2b-0d","modelType":"Wi-SHT10","DATAS":["Temperature","Humidity"],"Temperature":-80.57,"Humidity":-959.04,"TIMESTAMP":"2022-11-27T20:09:13.175Z","BATT":1,"INTERVAL":300},{"modelID":"ba-75-79-51-2b-0d","modelType":"Wi-SHT10","DATAS":["Temperature","Humidity"],"Temperature":-80.38,"Humidity":-959.04,"TIMESTAMP":"2022-11-27T20:04:13.152Z","BATT":1,"INTERVAL":300},{"modelID":"ba-75-79-51-2b-0d","modelType":"Wi-SHT10","DATAS":["Temperature","Humidity"],"Temperature":-80.54,"Humidity":-959.04,"TIMESTAMP":"2022-11-27T19:59:13.107Z","BATT":1,"INTERVAL":300},{"modelID":"ba-75-79-51-2b-0d","modelType":"Wi-SHT10","DATAS":["Temperature","Humidity"],"Temperature":-81.16,"Humidity":-959.04,"TIMESTAMP":"2022-11-27T19:49:13.139Z","BATT":1,"INTERVAL":300},{"modelID":"ba-75-79-51-2b-0d","modelType":"Wi-SHT10","DATAS":["Temperature","Humidity"],"Temperature":-81.26,"Humidity":-959.04,"TIMESTAMP":"2022-11-27T19:44:13.219Z","BATT":1,"INTERVAL":300},{"modelID":"ba-75-79-51-2b-0d","modelType":"Wi-SHT10","DATAS":["Temperature","Humidity"],"Temperature":-81.23,"Humidity":-959.04,"TIMESTAMP":"2022-11-27T19:39:13.223Z","BATT":1,"INTERVAL":300},{"modelID":"ba-75-79-51-2b-0d","modelType":"Wi-SHT10","DATAS":["Temperature","Humidity"],"Temperature":-80.9,"Humidity":-959.04,"TIMESTAMP":"2022-11-27T19:34:13.216Z","BATT":1,"INTERVAL":300},{"modelID":"ba-75-79-51-2b-0d","modelType":"Wi-SHT10","DATAS":["Temperature","Humidity"],"Temperature":-80.57,"Humidity":-959.04,"TIMESTAMP":"2022-11-27T19:29:13.234Z","BATT":1,"INTERVAL":300},{"modelID":"ba-75-79-51-2b-0d","modelType":"Wi-SHT10","DATAS":["Temperature","Humidity"],"Temperature":-80.38,"Humidity":-959.04,"TIMESTAMP":"2022-11-27T19:24:13.224Z","BATT":1,"INTERVAL":300},{"modelID":"ba-75-79-51-2b-0d","modelType":"Wi-SHT10","DATAS":["Temperature","Humidity"],"Temperature":-80.57,"Humidity":-959.04,"TIMESTAMP":"2022-11-27T19:19:13.278Z","BATT":1,"INTERVAL":300},{"modelID":"ba-75-79-51-2b-0d","modelType":"Wi-SHT10","DATAS":["Temperature","Humidity"],"Temperature":-80.93,"Humidity":-959.04,"TIMESTAMP":"2022-11-27T19:14:13.262Z","BATT":1,"INTERVAL":300},{"modelID":"ba-75-79-51-2b-0d","modelType":"Wi-SHT10","DATAS":["Temperature","Humidity"],"Temperature":-81.16,"Humidity":-959.04,"TIMESTAMP":"2022-11-27T19:09:13.381Z","BATT":1,"INTERVAL":300},{"modelID":"ba-75-79-51-2b-0d","modelType":"Wi-SHT10","DATAS":["Temperature","Humidity"],"Temperature":-81.29,"Humidity":-959.04,"TIMESTAMP":"2022-11-27T19:04:13.309Z","BATT":1,"INTERVAL":300},{"modelID":"ba-75-79-51-2b-0d","modelType":"Wi-SHT10","DATAS":["Temperature","Humidity"],"Temperature":-81.23,"Humidity":-959.04,"TIMESTAMP":"2022-11-27T18:59:13.382Z","BATT":1,"INTERVAL":300},{"modelID":"ba-75-79-51-2b-0d","modelType":"Wi-SHT10","DATAS":["Temperature","Humidity"],"Temperature":-80.9,"Humidity":-959.04,"TIMESTAMP":"2022-11-27T18:54:13.345Z","BATT":1,"INTERVAL":300},{"modelID":"ba-75-79-51-2b-0d","modelType":"Wi-SHT10","DATAS":["Temperature","Humidity"],"Temperature":-80.57,"Humidity":-959.04,"TIMESTAMP":"2022-11-27T18:49:13.376Z","BATT":1,"INTERVAL":300},{"modelID":"ba-75-79-51-2b-0d","modelType":"Wi-SHT10","DATAS":["Temperature","Humidity"],"Temperature":-80.38,"Humidity":-959.04,"TIMESTAMP":"2022-11-27T18:44:13.377Z","BATT":1,"INTERVAL":300},{"modelID":"ba-75-79-51-2b-0d","modelType":"Wi-SHT10","DATAS":["Temperature","Humidity"],"Temperature":-80.57,"Humidity":-959.04,"TIMESTAMP":"2022-11-27T18:39:13.377Z","BATT":1,"INTERVAL":300},{"modelID":"ba-75-79-51-2b-0d","modelType":"Wi-SHT10","DATAS":["Temperature","Humidity"],"Temperature":-80.93,"Humidity":-959.04,"TIMESTAMP":"2022-11-27T18:34:13.415Z","BATT":1,"INTERVAL":300},{"modelID":"ba-75-79-51-2b-0d","modelType":"Wi-SHT10","DATAS":["Temperature","Humidity"],"Temperature":-81.16,"Humidity":-959.04,"TIMESTAMP":"2022-11-27T18:29:13.427Z","BATT":1,"INTERVAL":300},{"modelID":"ba-75-79-51-2b-0d","modelType":"Wi-SHT10","DATAS":["Temperature","Humidity"],"Temperature":-81.26,"Humidity":-959.04,"TIMESTAMP":"2022-11-27T18:24:13.538Z","BATT":1,"INTERVAL":300},{"modelID":"ba-75-79-51-2b-0d","modelType":"Wi-SHT10","DATAS":["Temperature","Humidity"],"Temperature":-81.23,"Humidity":-959.04,"TIMESTAMP":"2022-11-27T18:19:13.542Z","BATT":1,"INTERVAL":300},{"modelID":"ba-75-79-51-2b-0d","modelType":"Wi-SHT10","DATAS":["Temperature","Humidity"],"Temperature":-80.9,"Humidity":-959.04,"TIMESTAMP":"2022-11-27T18:14:13.574Z","BATT":1,"INTERVAL":300},{"modelID":"ba-75-79-51-2b-0d","modelType":"Wi-SHT10","DATAS":["Temperature","Humidity"],"Temperature":-80.57,"Humidity":-959.04,"TIMESTAMP":"2022-11-27T18:09:13.492Z","BATT":1,"INTERVAL":300},{"modelID":"ba-75-79-51-2b-0d","modelType":"Wi-SHT10","DATAS":["Temperature","Humidity"],"Temperature":-80.38,"Humidity":-959.04,"TIMESTAMP":"2022-11-27T18:04:13.539Z","BATT":1,"INTERVAL":300},{"modelID":"ba-75-79-51-2b-0d","modelType":"Wi-SHT10","DATAS":["Temperature","Humidity"],"Temperature":-80.6,"Humidity":-959.04,"TIMESTAMP":"2022-11-27T17:59:13.621Z","BATT":1,"INTERVAL":300},{"modelID":"ba-75-79-51-2b-0d","modelType":"Wi-SHT10","DATAS":["Temperature","Humidity"],"Temperature":-80.93,"Humidity":-959.04,"TIMESTAMP":"2022-11-27T17:54:13.662Z","BATT":1,"INTERVAL":300},{"modelID":"ba-75-79-51-2b-0d","modelType":"Wi-SHT10","DATAS":["Temperature","Humidity"],"Temperature":-81.19,"Humidity":-959.04,"TIMESTAMP":"2022-11-27T17:49:13.649Z","BATT":1,"INTERVAL":300},{"modelID":"ba-75-79-51-2b-0d","modelType":"Wi-SHT10","DATAS":["Temperature","Humidity"],"Temperature":-81.29,"Humidity":-959.04,"TIMESTAMP":"2022-11-27T17:44:13.667Z","BATT":1,"INTERVAL":300},{"modelID":"ba-75-79-51-2b-0d","modelType":"Wi-SHT10","DATAS":["Temperature","Humidity"],"Temperature":-81.19,"Humidity":-959.04,"TIMESTAMP":"2022-11-27T17:39:13.732Z","BATT":1,"INTERVAL":300},{"modelID":"ba-75-79-51-2b-0d","modelType":"Wi-SHT10","DATAS":["Temperature","Humidity"],"Temperature":-80.87,"Humidity":-959.04,"TIMESTAMP":"2022-11-27T17:34:13.695Z","BATT":1,"INTERVAL":300},{"modelID":"ba-75-79-51-2b-0d","modelType":"Wi-SHT10","DATAS":["Temperature","Humidity"],"Temperature":-80.57,"Humidity":-959.04,"TIMESTAMP":"2022-11-27T17:29:13.668Z","BATT":1,"INTERVAL":300},{"modelID":"ba-75-79-51-2b-0d","modelType":"Wi-SHT10","DATAS":["Temperature","Humidity"],"Temperature":-80.41,"Humidity":-959.04,"TIMESTAMP":"2022-11-27T17:24:13.666Z","BATT":1,"INTERVAL":300},{"modelID":"ba-75-79-51-2b-0d","modelType":"Wi-SHT10","DATAS":["Temperature","Humidity"],"Temperature":-80.64,"Humidity":-959.04,"TIMESTAMP":"2022-11-27T17:19:13.701Z","BATT":1,"INTERVAL":300},{"modelID":"ba-75-79-51-2b-0d","modelType":"Wi-SHT10","DATAS":["Temperature","Humidity"],"Temperature":-80.93,"Humidity":-959.04,"TIMESTAMP":"2022-11-27T17:14:13.698Z","BATT":1,"INTERVAL":300},{"modelID":"ba-75-79-51-2b-0d","modelType":"Wi-SHT10","DATAS":["Temperature","Humidity"],"Temperature":-81.19,"Humidity":-959.04,"TIMESTAMP":"2022-11-27T17:09:13.774Z","BATT":1,"INTERVAL":300},{"modelID":"ba-75-79-51-2b-0d","modelType":"Wi-SHT10","DATAS":["Temperature","Humidity"],"Temperature":-81.29,"Humidity":-959.04,"TIMESTAMP":"2022-11-27T17:04:13.799Z","BATT":1,"INTERVAL":300},{"modelID":"ba-75-79-51-2b-0d","modelType":"Wi-SHT10","DATAS":["Temperature","Humidity"],"Temperature":-81.19,"Humidity":-959.04,"TIMESTAMP":"2022-11-27T16:59:13.762Z","BATT":1,"INTERVAL":300},{"modelID":"ba-75-79-51-2b-0d","modelType":"Wi-SHT10","DATAS":["Temperature","Humidity"],"Temperature":-80.87,"Humidity":-959.04,"TIMESTAMP":"2022-11-27T16:54:13.769Z","BATT":1,"INTERVAL":300},{"modelID":"ba-75-79-51-2b-0d","modelType":"Wi-SHT10","DATAS":["Temperature","Humidity"],"Temperature":-80.54,"Humidity":-959.04,"TIMESTAMP":"2022-11-27T16:49:18.939Z","BATT":1,"INTERVAL":300},{"modelID":"ba-75-79-51-2b-0d","modelType":"Wi-SHT10","DATAS":["Temperature","Humidity"],"Temperature":-80.38,"Humidity":-959.04,"TIMESTAMP":"2022-11-27T16:44:13.868Z","BATT":1,"INTERVAL":300},{"modelID":"ba-75-79-51-2b-0d","modelType":"Wi-SHT10","DATAS":["Temperature","Humidity"],"Temperature":-80.64,"Humidity":-959.04,"TIMESTAMP":"2022-11-27T16:39:13.779Z","BATT":1,"INTERVAL":300},{"modelID":"ba-75-79-51-2b-0d","modelType":"Wi-SHT10","DATAS":["Temperature","Humidity"],"Temperature":-81.19,"Humidity":-959.04,"TIMESTAMP":"2022-11-27T16:19:14.709Z","BATT":1,"INTERVAL":300},{"modelID":"ba-75-79-51-2b-0d","modelType":"Wi-SHT10","DATAS":["Temperature","Humidity"],"Temperature":-80.83,"Humidity":-959.04,"TIMESTAMP":"2022-11-27T16:14:17.367Z","BATT":1,"INTERVAL":300},{"modelID":"ba-75-79-51-2b-0d","modelType":"Wi-SHT10","DATAS":["Temperature","Humidity"],"Temperature":-80.54,"Humidity":-959.04,"TIMESTAMP":"2022-11-27T16:09:13.895Z","BATT":1,"INTERVAL":300}],"DAYHOURS":["21","20","19","18","17","16","15","14","13","12","11","10","9","8","7","6","5","4","3","2","1","0"]}