{"SENSORNAME":"CHILLER B - CWS TEMP","SENSORTYPE":"WTRTEMP(485)","DTUID":"205","SENSORID":"8","DATE0":"2022-11-28T11:55:58.428Z","DATE1":"2022-02-13T09:59:16.556Z","DAYDATA":[{"DTUID":"205","SENSORID":8,"FUNCID":3,"NDATA":2,"SENSORTYPE":"WATER-TEMP","RCV_BYTES":["0000","0121"],"DATAS":[0,289],"DATAS1":[],"DATAS2":[],"TIMESTAMP":"2022-11-28T11:55:58.428Z"},{"DTUID":"205","SENSORID":8,"FUNCID":3,"NDATA":2,"SENSORTYPE":"WATER-TEMP","RCV_BYTES":["0000","0121"],"DATAS":[0,289],"DATAS1":[],"DATAS2":[],"TIMESTAMP":"2022-11-28T11:25:29.689Z"},{"DTUID":"205","SENSORID":8,"FUNCID":3,"NDATA":2,"SENSORTYPE":"WATER-TEMP","RCV_BYTES":["0000","0131"],"DATAS":[0,305],"DATAS1":[],"DATAS2":[],"TIMESTAMP":"2022-11-28T10:05:23.852Z"},{"DTUID":"205","SENSORID":8,"FUNCID":3,"NDATA":2,"SENSORTYPE":"WATER-TEMP","RCV_BYTES":["0000","0133"],"DATAS":[0,307],"DATAS1":[],"DATAS2":[],"TIMESTAMP":"2022-11-28T09:25:19.103Z"},{"DTUID":"205","SENSORID":8,"FUNCID":3,"NDATA":2,"SENSORTYPE":"WATER-TEMP","RCV_BYTES":["0000","014F"],"DATAS":[0,335],"DATAS1":[],"DATAS2":[],"TIMESTAMP":"2022-11-28T05:28:35.411Z"},{"DTUID":"205","SENSORID":8,"FUNCID":3,"NDATA":2,"SENSORTYPE":"WATER-TEMP","RCV_BYTES":["0000","0155"],"DATAS":[0,341],"DATAS1":[],"DATAS2":[],"TIMESTAMP":"2022-11-28T04:48:27.890Z"},{"DTUID":"205","SENSORID":8,"FUNCID":3,"NDATA":2,"SENSORTYPE":"WATER-TEMP","RCV_BYTES":["0000","0152"],"DATAS":[0,338],"DATAS1":[],"DATAS2":[],"TIMESTAMP":"2022-11-28T04:28:30.169Z"},{"DTUID":"205","SENSORID":8,"FUNCID":3,"NDATA":2,"SENSORTYPE":"WATER-TEMP","RCV_BYTES":["0000","0146"],"DATAS":[0,326],"DATAS1":[],"DATAS2":[],"TIMESTAMP":"2022-11-28T03:03:06.478Z"},{"DTUID":"205","SENSORID":8,"FUNCID":3,"NDATA":2,"SENSORTYPE":"WATER-TEMP","RCV_BYTES":["0000","0112"],"DATAS":[0,274],"DATAS1":[],"DATAS2":[],"TIMESTAMP":"2022-11-27T22:34:36.596Z"},{"DTUID":"205","SENSORID":8,"FUNCID":3,"NDATA":2,"SENSORTYPE":"WATER-TEMP","RCV_BYTES":["0000","0113"],"DATAS":[0,275],"DATAS1":[],"DATAS2":[],"TIMESTAMP":"2022-11-27T22:14:36.504Z"},{"DTUID":"205","SENSORID":8,"FUNCID":3,"NDATA":2,"SENSORTYPE":"WATER-TEMP","RCV_BYTES":["0000","0112"],"DATAS":[0,274],"DATAS1":[],"DATAS2":[],"TIMESTAMP":"2022-11-27T21:14:34.721Z"},{"DTUID":"205","SENSORID":8,"FUNCID":3,"NDATA":2,"SENSORTYPE":"WATER-TEMP","RCV_BYTES":["0000","0114"],"DATAS":[0,276],"DATAS1":[],"DATAS2":[],"TIMESTAMP":"2022-11-27T20:34:26.072Z"},{"DTUID":"205","SENSORID":8,"FUNCID":3,"NDATA":2,"SENSORTYPE":"WATER-TEMP","RCV_BYTES":["0000","0114"],"DATAS":[0,276],"DATAS1":[],"DATAS2":[],"TIMESTAMP":"2022-11-27T20:14:38.972Z"},{"DTUID":"205","SENSORID":8,"FUNCID":3,"NDATA":2,"SENSORTYPE":"WATER-TEMP","RCV_BYTES":["0000","0116"],"DATAS":[0,278],"DATAS1":[],"DATAS2":[],"TIMESTAMP":"2022-11-27T19:14:21.377Z"},{"DTUID":"205","SENSORID":8,"FUNCID":3,"NDATA":2,"SENSORTYPE":"WATER-TEMP","RCV_BYTES":["0000","0118"],"DATAS":[0,280],"DATAS1":[],"DATAS2":[],"TIMESTAMP":"2022-11-27T18:34:18.593Z"},{"DTUID":"205","SENSORID":8,"FUNCID":3,"NDATA":2,"SENSORTYPE":"WATER-TEMP","RCV_BYTES":["0000","0118"],"DATAS":[0,280],"DATAS1":[],"DATAS2":[],"TIMESTAMP":"2022-11-27T18:14:19.212Z"},{"DTUID":"205","SENSORID":8,"FUNCID":3,"NDATA":2,"SENSORTYPE":"WATER-TEMP","RCV_BYTES":["0000","011A"],"DATAS":[0,282],"DATAS1":[],"DATAS2":[],"TIMESTAMP":"2022-11-27T17:14:12.675Z"}],"DAYHOURS":["19","18","17","13","12","11","6","5","4","3","2","1"]}