{"SENSORNAME":"CHILLER B - CWR PRESS","SENSORTYPE":"WTRPRS(485)","DTUID":"205","SENSORID":"90","DATE0":"2022-11-28T11:25:44.725Z","DATE1":"2022-02-13T09:05:43.540Z","DAYDATA":[{"DTUID":"205","SENSORID":90,"FUNCID":3,"NDATA":2,"SENSORTYPE":"WATER-PRES","RCV_BYTES":["4354","C189"],"DATAS":[17236,-15991],"DATAS1":[],"DATAS2":[],"TIMESTAMP":"2022-11-28T11:25:44.725Z"},{"DTUID":"205","SENSORID":90,"FUNCID":3,"NDATA":2,"SENSORTYPE":"WATER-PRES","RCV_BYTES":["4355","2937"],"DATAS":[17237,10551],"DATAS1":[],"DATAS2":[],"TIMESTAMP":"2022-11-28T09:25:34.120Z"},{"DTUID":"205","SENSORID":90,"FUNCID":3,"NDATA":2,"SENSORTYPE":"WATER-PRES","RCV_BYTES":["4354","8D91"],"DATAS":[17236,-29295],"DATAS1":[],"DATAS2":[],"TIMESTAMP":"2022-11-28T05:28:50.431Z"},{"DTUID":"205","SENSORID":90,"FUNCID":3,"NDATA":2,"SENSORTYPE":"WATER-PRES","RCV_BYTES":["4354","F53F"],"DATAS":[17236,-2753],"DATAS1":[],"DATAS2":[],"TIMESTAMP":"2022-11-28T04:28:45.196Z"},{"DTUID":"205","SENSORID":90,"FUNCID":3,"NDATA":2,"SENSORTYPE":"WATER-PRES","RCV_BYTES":["4354","8D91"],"DATAS":[17236,-29295],"DATAS1":[],"DATAS2":[],"TIMESTAMP":"2022-11-28T03:03:21.473Z"},{"DTUID":"205","SENSORID":90,"FUNCID":3,"NDATA":2,"SENSORTYPE":"WATER-PRES","RCV_BYTES":["4356","94FE"],"DATAS":[17238,-27394],"DATAS1":[],"DATAS2":[],"TIMESTAMP":"2022-11-27T22:34:51.916Z"},{"DTUID":"205","SENSORID":90,"FUNCID":3,"NDATA":2,"SENSORTYPE":"WATER-PRES","RCV_BYTES":["4355","F958"],"DATAS":[17237,-1704],"DATAS1":[],"DATAS2":[],"TIMESTAMP":"2022-11-27T20:14:42.633Z"},{"DTUID":"205","SENSORID":90,"FUNCID":3,"NDATA":2,"SENSORTYPE":"WATER-PRES","RCV_BYTES":["4356","C8B4"],"DATAS":[17238,-14156],"DATAS1":[],"DATAS2":[],"TIMESTAMP":"2022-11-27T19:34:36.916Z"},{"DTUID":"205","SENSORID":90,"FUNCID":3,"NDATA":2,"SENSORTYPE":"WATER-PRES","RCV_BYTES":["4356","94FE"],"DATAS":[17238,-27394],"DATAS1":[],"DATAS2":[],"TIMESTAMP":"2022-11-27T18:34:33.552Z"},{"DTUID":"205","SENSORID":90,"FUNCID":3,"NDATA":2,"SENSORTYPE":"WATER-PRES","RCV_BYTES":["4356","FCAC"],"DATAS":[17238,-852],"DATAS1":[],"DATAS2":[],"TIMESTAMP":"2022-11-27T17:34:29.942Z"}],"DAYHOURS":["19","17","13","12","11","6","4","3","2","1"]}