{"SENSORNAME":"MULTIMATIC","SENSORTYPE":"WISENSOR","DTUID":"-1","SENSORID":"B0-17-03-A8-FB-4B","DATE0":"2022-11-28T13:00:55.743Z","DATE1":"2021-04-19T16:32:54.203Z","DAYDATA":[{"modelID":"b0-17-03-a8-fb-4b","modelType":"Wi-SHT10","DATAS":["Temperature","Humidity"],"Temperature":32.19,"Humidity":47.232,"TIMESTAMP":"2022-11-28T13:00:55.743Z","BATT":100,"INTERVAL":600},{"modelID":"b0-17-03-a8-fb-4b","modelType":"Wi-SHT10","DATAS":["Temperature","Humidity"],"Temperature":32.42,"Humidity":47.3472,"TIMESTAMP":"2022-11-28T12:51:07.318Z","BATT":100,"INTERVAL":600},{"modelID":"b0-17-03-a8-fb-4b","modelType":"Wi-SHT10","DATAS":["Temperature","Humidity"],"Temperature":32.53,"Humidity":47.6352,"TIMESTAMP":"2022-11-28T12:41:18.211Z","BATT":100,"INTERVAL":600},{"modelID":"b0-17-03-a8-fb-4b","modelType":"Wi-SHT10","DATAS":["Temperature","Humidity"],"Temperature":32.43,"Humidity":47.980799999999995,"TIMESTAMP":"2022-11-28T12:31:28.795Z","BATT":100,"INTERVAL":600},{"modelID":"b0-17-03-a8-fb-4b","modelType":"Wi-SHT10","DATAS":["Temperature","Humidity"],"Temperature":32.2,"Humidity":47.913599999999995,"TIMESTAMP":"2022-11-28T12:21:11.831Z","BATT":100,"INTERVAL":600},{"modelID":"b0-17-03-a8-fb-4b","modelType":"Wi-SHT10","DATAS":["Temperature","Humidity"],"Temperature":32.04,"Humidity":48.4512,"TIMESTAMP":"2022-11-28T12:11:05.838Z","BATT":100,"INTERVAL":600},{"modelID":"b0-17-03-a8-fb-4b","modelType":"Wi-SHT10","DATAS":["Temperature","Humidity"],"Temperature":32.14,"Humidity":47.4048,"TIMESTAMP":"2022-11-28T12:01:04.858Z","BATT":100,"INTERVAL":600},{"modelID":"b0-17-03-a8-fb-4b","modelType":"Wi-SHT10","DATAS":["Temperature","Humidity"],"Temperature":32.4,"Humidity":46.4256,"TIMESTAMP":"2022-11-28T11:51:14.860Z","BATT":100,"INTERVAL":600},{"modelID":"b0-17-03-a8-fb-4b","modelType":"Wi-SHT10","DATAS":["Temperature","Humidity"],"Temperature":32.38,"Humidity":46.3968,"TIMESTAMP":"2022-11-28T11:40:57.890Z","BATT":100,"INTERVAL":600},{"modelID":"b0-17-03-a8-fb-4b","modelType":"Wi-SHT10","DATAS":["Temperature","Humidity"],"Temperature":32.52,"Humidity":47.0016,"TIMESTAMP":"2022-11-28T11:21:06.909Z","BATT":100,"INTERVAL":600},{"modelID":"b0-17-03-a8-fb-4b","modelType":"Wi-SHT10","DATAS":["Temperature","Humidity"],"Temperature":32.95,"Humidity":45.4272,"TIMESTAMP":"2022-11-28T11:11:00.910Z","BATT":100,"INTERVAL":600},{"modelID":"b0-17-03-a8-fb-4b","modelType":"Wi-SHT10","DATAS":["Temperature","Humidity"],"Temperature":33.33,"Humidity":44.256,"TIMESTAMP":"2022-11-28T11:01:25.928Z","BATT":100,"INTERVAL":600},{"modelID":"b0-17-03-a8-fb-4b","modelType":"Wi-SHT10","DATAS":["Temperature","Humidity"],"Temperature":33.58,"Humidity":42.7584,"TIMESTAMP":"2022-11-28T10:51:20.929Z","BATT":100,"INTERVAL":600},{"modelID":"b0-17-03-a8-fb-4b","modelType":"Wi-SHT10","DATAS":["Temperature","Humidity"],"Temperature":33.46,"Humidity":43.2,"TIMESTAMP":"2022-11-28T10:41:36.944Z","BATT":100,"INTERVAL":600},{"modelID":"b0-17-03-a8-fb-4b","modelType":"Wi-SHT10","DATAS":["Temperature","Humidity"],"Temperature":33.23,"Humidity":42.5664,"TIMESTAMP":"2022-11-28T10:31:15.945Z","BATT":100,"INTERVAL":600},{"modelID":"b0-17-03-a8-fb-4b","modelType":"Wi-SHT10","DATAS":["Temperature","Humidity"],"Temperature":32.88,"Humidity":43.9296,"TIMESTAMP":"2022-11-28T10:21:23.963Z","BATT":100,"INTERVAL":600},{"modelID":"b0-17-03-a8-fb-4b","modelType":"Wi-SHT10","DATAS":["Temperature","Humidity"],"Temperature":33.37,"Humidity":41.395199999999996,"TIMESTAMP":"2022-11-28T10:11:24.966Z","BATT":100,"INTERVAL":600},{"modelID":"b0-17-03-a8-fb-4b","modelType":"Wi-SHT10","DATAS":["Temperature","Humidity"],"Temperature":33.23,"Humidity":41.67359999999999,"TIMESTAMP":"2022-11-28T10:01:19.985Z","BATT":100,"INTERVAL":600},{"modelID":"b0-17-03-a8-fb-4b","modelType":"Wi-SHT10","DATAS":["Temperature","Humidity"],"Temperature":33.14,"Humidity":42.556799999999996,"TIMESTAMP":"2022-11-28T09:51:37.984Z","BATT":100,"INTERVAL":600},{"modelID":"b0-17-03-a8-fb-4b","modelType":"Wi-SHT10","DATAS":["Temperature","Humidity"],"Temperature":33.18,"Humidity":42.9312,"TIMESTAMP":"2022-11-28T09:41:27.007Z","BATT":100,"INTERVAL":600},{"modelID":"b0-17-03-a8-fb-4b","modelType":"Wi-SHT10","DATAS":["Temperature","Humidity"],"Temperature":33.1,"Humidity":43.1328,"TIMESTAMP":"2022-11-28T09:31:35.001Z","BATT":100,"INTERVAL":600},{"modelID":"b0-17-03-a8-fb-4b","modelType":"Wi-SHT10","DATAS":["Temperature","Humidity"],"Temperature":33.18,"Humidity":42.6432,"TIMESTAMP":"2022-11-28T09:20:57.019Z","BATT":100,"INTERVAL":600},{"modelID":"b0-17-03-a8-fb-4b","modelType":"Wi-SHT10","DATAS":["Temperature","Humidity"],"Temperature":33.16,"Humidity":42.1344,"TIMESTAMP":"2022-11-28T09:10:54.016Z","BATT":100,"INTERVAL":600},{"modelID":"b0-17-03-a8-fb-4b","modelType":"Wi-SHT10","DATAS":["Temperature","Humidity"],"Temperature":33.15,"Humidity":43.2672,"TIMESTAMP":"2022-11-28T09:01:13.041Z","BATT":100,"INTERVAL":600},{"modelID":"b0-17-03-a8-fb-4b","modelType":"Wi-SHT10","DATAS":["Temperature","Humidity"],"Temperature":33.16,"Humidity":44.1216,"TIMESTAMP":"2022-11-28T08:51:01.041Z","BATT":100,"INTERVAL":600},{"modelID":"b0-17-03-a8-fb-4b","modelType":"Wi-SHT10","DATAS":["Temperature","Humidity"],"Temperature":33.12,"Humidity":44.083200000000005,"TIMESTAMP":"2022-11-28T08:41:42.057Z","BATT":100,"INTERVAL":600},{"modelID":"b0-17-03-a8-fb-4b","modelType":"Wi-SHT10","DATAS":["Temperature","Humidity"],"Temperature":32.97,"Humidity":42.7104,"TIMESTAMP":"2022-11-28T08:31:27.057Z","BATT":100,"INTERVAL":600},{"modelID":"b0-17-03-a8-fb-4b","modelType":"Wi-SHT10","DATAS":["Temperature","Humidity"],"Temperature":33.1,"Humidity":43.0368,"TIMESTAMP":"2022-11-28T08:21:21.076Z","BATT":100,"INTERVAL":600},{"modelID":"b0-17-03-a8-fb-4b","modelType":"Wi-SHT10","DATAS":["Temperature","Humidity"],"Temperature":32.84,"Humidity":43.056000000000004,"TIMESTAMP":"2022-11-28T08:11:25.076Z","BATT":100,"INTERVAL":600},{"modelID":"b0-17-03-a8-fb-4b","modelType":"Wi-SHT10","DATAS":["Temperature","Humidity"],"Temperature":32.7,"Humidity":43.190400000000004,"TIMESTAMP":"2022-11-28T08:01:16.102Z","BATT":100,"INTERVAL":600},{"modelID":"b0-17-03-a8-fb-4b","modelType":"Wi-SHT10","DATAS":["Temperature","Humidity"],"Temperature":32.8,"Humidity":43.795199999999994,"TIMESTAMP":"2022-11-28T07:51:43.104Z","BATT":100,"INTERVAL":600},{"modelID":"b0-17-03-a8-fb-4b","modelType":"Wi-SHT10","DATAS":["Temperature","Humidity"],"Temperature":32.75,"Humidity":46.3296,"TIMESTAMP":"2022-11-28T07:41:11.739Z","BATT":100,"INTERVAL":600},{"modelID":"b0-17-03-a8-fb-4b","modelType":"Wi-SHT10","DATAS":["Temperature","Humidity"],"Temperature":33.09,"Humidity":43.3536,"TIMESTAMP":"2022-11-28T07:31:19.125Z","BATT":100,"INTERVAL":600},{"modelID":"b0-17-03-a8-fb-4b","modelType":"Wi-SHT10","DATAS":["Temperature","Humidity"],"Temperature":33.03,"Humidity":42.940799999999996,"TIMESTAMP":"2022-11-28T07:21:36.145Z","BATT":100,"INTERVAL":600},{"modelID":"b0-17-03-a8-fb-4b","modelType":"Wi-SHT10","DATAS":["Temperature","Humidity"],"Temperature":33.2,"Humidity":43.0272,"TIMESTAMP":"2022-11-28T07:11:35.144Z","BATT":100,"INTERVAL":600},{"modelID":"b0-17-03-a8-fb-4b","modelType":"Wi-SHT10","DATAS":["Temperature","Humidity"],"Temperature":33.56,"Humidity":42.4128,"TIMESTAMP":"2022-11-28T07:01:19.161Z","BATT":100,"INTERVAL":600},{"modelID":"b0-17-03-a8-fb-4b","modelType":"Wi-SHT10","DATAS":["Temperature","Humidity"],"Temperature":34.12,"Humidity":40.5792,"TIMESTAMP":"2022-11-28T06:51:35.156Z","BATT":100,"INTERVAL":600},{"modelID":"b0-17-03-a8-fb-4b","modelType":"Wi-SHT10","DATAS":["Temperature","Humidity"],"Temperature":34.38,"Humidity":40.1088,"TIMESTAMP":"2022-11-28T06:41:08.778Z","BATT":100,"INTERVAL":600},{"modelID":"b0-17-03-a8-fb-4b","modelType":"Wi-SHT10","DATAS":["Temperature","Humidity"],"Temperature":34.58,"Humidity":39.1008,"TIMESTAMP":"2022-11-28T06:31:13.184Z","BATT":100,"INTERVAL":600},{"modelID":"b0-17-03-a8-fb-4b","modelType":"Wi-SHT10","DATAS":["Temperature","Humidity"],"Temperature":34.9,"Humidity":39.1008,"TIMESTAMP":"2022-11-28T06:21:23.202Z","BATT":100,"INTERVAL":600},{"modelID":"b0-17-03-a8-fb-4b","modelType":"Wi-SHT10","DATAS":["Temperature","Humidity"],"Temperature":34.9,"Humidity":39.8592,"TIMESTAMP":"2022-11-28T06:11:04.613Z","BATT":100,"INTERVAL":600},{"modelID":"b0-17-03-a8-fb-4b","modelType":"Wi-SHT10","DATAS":["Temperature","Humidity"],"Temperature":34.81,"Humidity":43.065599999999996,"TIMESTAMP":"2022-11-28T06:01:41.213Z","BATT":100,"INTERVAL":600},{"modelID":"b0-17-03-a8-fb-4b","modelType":"Wi-SHT10","DATAS":["Temperature","Humidity"],"Temperature":34.94,"Humidity":39.792,"TIMESTAMP":"2022-11-28T05:51:30.217Z","BATT":100,"INTERVAL":600},{"modelID":"b0-17-03-a8-fb-4b","modelType":"Wi-SHT10","DATAS":["Temperature","Humidity"],"Temperature":34.82,"Humidity":38.976,"TIMESTAMP":"2022-11-28T05:41:13.233Z","BATT":100,"INTERVAL":600},{"modelID":"b0-17-03-a8-fb-4b","modelType":"Wi-SHT10","DATAS":["Temperature","Humidity"],"Temperature":34.69,"Humidity":38.726400000000005,"TIMESTAMP":"2022-11-28T05:31:39.238Z","BATT":100,"INTERVAL":600},{"modelID":"b0-17-03-a8-fb-4b","modelType":"Wi-SHT10","DATAS":["Temperature","Humidity"],"Temperature":34.63,"Humidity":38.784,"TIMESTAMP":"2022-11-28T05:21:12.378Z","BATT":100,"INTERVAL":600},{"modelID":"b0-17-03-a8-fb-4b","modelType":"Wi-SHT10","DATAS":["Temperature","Humidity"],"Temperature":34.5,"Humidity":38.803200000000004,"TIMESTAMP":"2022-11-28T05:11:24.252Z","BATT":100,"INTERVAL":600},{"modelID":"b0-17-03-a8-fb-4b","modelType":"Wi-SHT10","DATAS":["Temperature","Humidity"],"Temperature":34.01,"Humidity":40.1952,"TIMESTAMP":"2022-11-28T05:00:59.274Z","BATT":100,"INTERVAL":600},{"modelID":"b0-17-03-a8-fb-4b","modelType":"Wi-SHT10","DATAS":["Temperature","Humidity"],"Temperature":33.67,"Humidity":40.848,"TIMESTAMP":"2022-11-28T04:51:19.287Z","BATT":100,"INTERVAL":600},{"modelID":"b0-17-03-a8-fb-4b","modelType":"Wi-SHT10","DATAS":["Temperature","Humidity"],"Temperature":33.44,"Humidity":41.3184,"TIMESTAMP":"2022-11-28T04:41:10.869Z","BATT":100,"INTERVAL":600},{"modelID":"b0-17-03-a8-fb-4b","modelType":"Wi-SHT10","DATAS":["Temperature","Humidity"],"Temperature":33.13,"Humidity":41.76,"TIMESTAMP":"2022-11-28T04:31:34.290Z","BATT":100,"INTERVAL":600},{"modelID":"b0-17-03-a8-fb-4b","modelType":"Wi-SHT10","DATAS":["Temperature","Humidity"],"Temperature":32.82,"Humidity":42.489599999999996,"TIMESTAMP":"2022-11-28T04:21:44.719Z","BATT":100,"INTERVAL":600},{"modelID":"b0-17-03-a8-fb-4b","modelType":"Wi-SHT10","DATAS":["Temperature","Humidity"],"Temperature":32.75,"Humidity":42.5184,"TIMESTAMP":"2022-11-28T04:11:31.311Z","BATT":100,"INTERVAL":600},{"modelID":"b0-17-03-a8-fb-4b","modelType":"Wi-SHT10","DATAS":["Temperature","Humidity"],"Temperature":33.46,"Humidity":40.809599999999996,"TIMESTAMP":"2022-11-28T04:01:03.849Z","BATT":100,"INTERVAL":600},{"modelID":"b0-17-03-a8-fb-4b","modelType":"Wi-SHT10","DATAS":["Temperature","Humidity"],"Temperature":33.59,"Humidity":41.0304,"TIMESTAMP":"2022-11-28T03:51:23.553Z","BATT":100,"INTERVAL":600},{"modelID":"b0-17-03-a8-fb-4b","modelType":"Wi-SHT10","DATAS":["Temperature","Humidity"],"Temperature":33.31,"Humidity":42.028800000000004,"TIMESTAMP":"2022-11-28T03:31:05.730Z","BATT":100,"INTERVAL":600},{"modelID":"b0-17-03-a8-fb-4b","modelType":"Wi-SHT10","DATAS":["Temperature","Humidity"],"Temperature":32.95,"Humidity":43.4592,"TIMESTAMP":"2022-11-28T03:11:35.382Z","BATT":100,"INTERVAL":600},{"modelID":"b0-17-03-a8-fb-4b","modelType":"Wi-SHT10","DATAS":["Temperature","Humidity"],"Temperature":33.11,"Humidity":43.8048,"TIMESTAMP":"2022-11-28T03:01:05.019Z","BATT":100,"INTERVAL":600},{"modelID":"b0-17-03-a8-fb-4b","modelType":"Wi-SHT10","DATAS":["Temperature","Humidity"],"Temperature":32.89,"Humidity":44.678399999999996,"TIMESTAMP":"2022-11-28T02:51:05.377Z","BATT":100,"INTERVAL":600},{"modelID":"b0-17-03-a8-fb-4b","modelType":"Wi-SHT10","DATAS":["Temperature","Humidity"],"Temperature":32.89,"Humidity":45.4944,"TIMESTAMP":"2022-11-28T02:41:37.949Z","BATT":100,"INTERVAL":600},{"modelID":"b0-17-03-a8-fb-4b","modelType":"Wi-SHT10","DATAS":["Temperature","Humidity"],"Temperature":32.83,"Humidity":45.312000000000005,"TIMESTAMP":"2022-11-28T02:31:41.317Z","BATT":100,"INTERVAL":600},{"modelID":"b0-17-03-a8-fb-4b","modelType":"Wi-SHT10","DATAS":["Temperature","Humidity"],"Temperature":32.76,"Humidity":46.6272,"TIMESTAMP":"2022-11-28T02:21:39.418Z","BATT":100,"INTERVAL":600},{"modelID":"b0-17-03-a8-fb-4b","modelType":"Wi-SHT10","DATAS":["Temperature","Humidity"],"Temperature":32.65,"Humidity":47.443200000000004,"TIMESTAMP":"2022-11-28T02:11:04.441Z","BATT":100,"INTERVAL":600},{"modelID":"b0-17-03-a8-fb-4b","modelType":"Wi-SHT10","DATAS":["Temperature","Humidity"],"Temperature":32.52,"Humidity":48.0096,"TIMESTAMP":"2022-11-28T02:00:55.447Z","BATT":100,"INTERVAL":600},{"modelID":"b0-17-03-a8-fb-4b","modelType":"Wi-SHT10","DATAS":["Temperature","Humidity"],"Temperature":32.29,"Humidity":49.1616,"TIMESTAMP":"2022-11-28T01:41:42.470Z","BATT":100,"INTERVAL":600},{"modelID":"b0-17-03-a8-fb-4b","modelType":"Wi-SHT10","DATAS":["Temperature","Humidity"],"Temperature":31.5,"Humidity":51.0048,"TIMESTAMP":"2022-11-28T01:21:40.740Z","BATT":100,"INTERVAL":600},{"modelID":"b0-17-03-a8-fb-4b","modelType":"Wi-SHT10","DATAS":["Temperature","Humidity"],"Temperature":30.02,"Humidity":55.1328,"TIMESTAMP":"2022-11-28T00:51:13.533Z","BATT":100,"INTERVAL":600},{"modelID":"b0-17-03-a8-fb-4b","modelType":"Wi-SHT10","DATAS":["Temperature","Humidity"],"Temperature":29.65,"Humidity":56.659200000000006,"TIMESTAMP":"2022-11-28T00:41:15.543Z","BATT":100,"INTERVAL":600},{"modelID":"b0-17-03-a8-fb-4b","modelType":"Wi-SHT10","DATAS":["Temperature","Humidity"],"Temperature":28.55,"Humidity":56.4768,"TIMESTAMP":"2022-11-28T00:21:28.552Z","BATT":100,"INTERVAL":600},{"modelID":"b0-17-03-a8-fb-4b","modelType":"Wi-SHT10","DATAS":["Temperature","Humidity"],"Temperature":28.12,"Humidity":56.2752,"TIMESTAMP":"2022-11-28T00:11:39.573Z","BATT":100,"INTERVAL":600},{"modelID":"b0-17-03-a8-fb-4b","modelType":"Wi-SHT10","DATAS":["Temperature","Humidity"],"Temperature":27.63,"Humidity":57.993599999999994,"TIMESTAMP":"2022-11-28T00:01:11.576Z","BATT":100,"INTERVAL":600},{"modelID":"b0-17-03-a8-fb-4b","modelType":"Wi-SHT10","DATAS":["Temperature","Humidity"],"Temperature":27.02,"Humidity":63.8496,"TIMESTAMP":"2022-11-27T23:51:43.576Z","BATT":100,"INTERVAL":600},{"modelID":"b0-17-03-a8-fb-4b","modelType":"Wi-SHT10","DATAS":["Temperature","Humidity"],"Temperature":26.55,"Humidity":66.7488,"TIMESTAMP":"2022-11-27T23:41:38.597Z","BATT":100,"INTERVAL":600},{"modelID":"b0-17-03-a8-fb-4b","modelType":"Wi-SHT10","DATAS":["Temperature","Humidity"],"Temperature":26.11,"Humidity":61.6992,"TIMESTAMP":"2022-11-27T23:31:39.616Z","BATT":100,"INTERVAL":600},{"modelID":"b0-17-03-a8-fb-4b","modelType":"Wi-SHT10","DATAS":["Temperature","Humidity"],"Temperature":25.71,"Humidity":63.2256,"TIMESTAMP":"2022-11-27T23:21:21.624Z","BATT":100,"INTERVAL":600},{"modelID":"b0-17-03-a8-fb-4b","modelType":"Wi-SHT10","DATAS":["Temperature","Humidity"],"Temperature":25.04,"Humidity":65.1264,"TIMESTAMP":"2022-11-27T23:11:04.638Z","BATT":100,"INTERVAL":600},{"modelID":"b0-17-03-a8-fb-4b","modelType":"Wi-SHT10","DATAS":["Temperature","Humidity"],"Temperature":24.65,"Humidity":66.48960000000001,"TIMESTAMP":"2022-11-27T23:01:40.637Z","BATT":100,"INTERVAL":600},{"modelID":"b0-17-03-a8-fb-4b","modelType":"Wi-SHT10","DATAS":["Temperature","Humidity"],"Temperature":24.59,"Humidity":65.5584,"TIMESTAMP":"2022-11-27T22:51:01.659Z","BATT":100,"INTERVAL":600},{"modelID":"b0-17-03-a8-fb-4b","modelType":"Wi-SHT10","DATAS":["Temperature","Humidity"],"Temperature":24.68,"Humidity":66.2688,"TIMESTAMP":"2022-11-27T22:41:33.155Z","BATT":100,"INTERVAL":600},{"modelID":"b0-17-03-a8-fb-4b","modelType":"Wi-SHT10","DATAS":["Temperature","Humidity"],"Temperature":24.74,"Humidity":66.768,"TIMESTAMP":"2022-11-27T22:31:36.677Z","BATT":100,"INTERVAL":600},{"modelID":"b0-17-03-a8-fb-4b","modelType":"Wi-SHT10","DATAS":["Temperature","Humidity"],"Temperature":24.76,"Humidity":66.8064,"TIMESTAMP":"2022-11-27T22:21:12.700Z","BATT":100,"INTERVAL":600},{"modelID":"b0-17-03-a8-fb-4b","modelType":"Wi-SHT10","DATAS":["Temperature","Humidity"],"Temperature":24.79,"Humidity":67.20960000000001,"TIMESTAMP":"2022-11-27T22:11:37.697Z","BATT":100,"INTERVAL":600},{"modelID":"b0-17-03-a8-fb-4b","modelType":"Wi-SHT10","DATAS":["Temperature","Humidity"],"Temperature":24.7,"Humidity":66.96,"TIMESTAMP":"2022-11-27T22:01:22.718Z","BATT":100,"INTERVAL":600},{"modelID":"b0-17-03-a8-fb-4b","modelType":"Wi-SHT10","DATAS":["Temperature","Humidity"],"Temperature":24.69,"Humidity":66.5952,"TIMESTAMP":"2022-11-27T21:51:38.716Z","BATT":100,"INTERVAL":600},{"modelID":"b0-17-03-a8-fb-4b","modelType":"Wi-SHT10","DATAS":["Temperature","Humidity"],"Temperature":24.71,"Humidity":65.0976,"TIMESTAMP":"2022-11-27T21:41:35.750Z","BATT":100,"INTERVAL":600},{"modelID":"b0-17-03-a8-fb-4b","modelType":"Wi-SHT10","DATAS":["Temperature","Humidity"],"Temperature":24.9,"Humidity":65.4048,"TIMESTAMP":"2022-11-27T21:30:56.740Z","BATT":100,"INTERVAL":600},{"modelID":"b0-17-03-a8-fb-4b","modelType":"Wi-SHT10","DATAS":["Temperature","Humidity"],"Temperature":24.95,"Humidity":66.50880000000001,"TIMESTAMP":"2022-11-27T21:21:35.764Z","BATT":100,"INTERVAL":600},{"modelID":"b0-17-03-a8-fb-4b","modelType":"Wi-SHT10","DATAS":["Temperature","Humidity"],"Temperature":24.9,"Humidity":66.54719999999999,"TIMESTAMP":"2022-11-27T21:11:26.763Z","BATT":100,"INTERVAL":600},{"modelID":"b0-17-03-a8-fb-4b","modelType":"Wi-SHT10","DATAS":["Temperature","Humidity"],"Temperature":24.91,"Humidity":66.9696,"TIMESTAMP":"2022-11-27T21:01:26.781Z","BATT":100,"INTERVAL":600},{"modelID":"b0-17-03-a8-fb-4b","modelType":"Wi-SHT10","DATAS":["Temperature","Humidity"],"Temperature":24.91,"Humidity":66.48960000000001,"TIMESTAMP":"2022-11-27T20:51:33.793Z","BATT":100,"INTERVAL":600},{"modelID":"b0-17-03-a8-fb-4b","modelType":"Wi-SHT10","DATAS":["Temperature","Humidity"],"Temperature":24.97,"Humidity":65.8752,"TIMESTAMP":"2022-11-27T20:41:00.300Z","BATT":100,"INTERVAL":600},{"modelID":"b0-17-03-a8-fb-4b","modelType":"Wi-SHT10","DATAS":["Temperature","Humidity"],"Temperature":24.94,"Humidity":65.0688,"TIMESTAMP":"2022-11-27T20:31:35.835Z","BATT":100,"INTERVAL":600},{"modelID":"b0-17-03-a8-fb-4b","modelType":"Wi-SHT10","DATAS":["Temperature","Humidity"],"Temperature":25.04,"Humidity":64.7712,"TIMESTAMP":"2022-11-27T20:20:59.834Z","BATT":100,"INTERVAL":600},{"modelID":"b0-17-03-a8-fb-4b","modelType":"Wi-SHT10","DATAS":["Temperature","Humidity"],"Temperature":25.13,"Humidity":66.35520000000001,"TIMESTAMP":"2022-11-27T20:11:23.834Z","BATT":100,"INTERVAL":600},{"modelID":"b0-17-03-a8-fb-4b","modelType":"Wi-SHT10","DATAS":["Temperature","Humidity"],"Temperature":25.08,"Humidity":66.54719999999999,"TIMESTAMP":"2022-11-27T20:01:21.861Z","BATT":100,"INTERVAL":600},{"modelID":"b0-17-03-a8-fb-4b","modelType":"Wi-SHT10","DATAS":["Temperature","Humidity"],"Temperature":25.12,"Humidity":66.7968,"TIMESTAMP":"2022-11-27T19:51:21.858Z","BATT":100,"INTERVAL":600},{"modelID":"b0-17-03-a8-fb-4b","modelType":"Wi-SHT10","DATAS":["Temperature","Humidity"],"Temperature":25.04,"Humidity":66.48,"TIMESTAMP":"2022-11-27T19:41:33.879Z","BATT":100,"INTERVAL":600},{"modelID":"b0-17-03-a8-fb-4b","modelType":"Wi-SHT10","DATAS":["Temperature","Humidity"],"Temperature":24.97,"Humidity":66.2688,"TIMESTAMP":"2022-11-27T19:31:43.878Z","BATT":100,"INTERVAL":600},{"modelID":"b0-17-03-a8-fb-4b","modelType":"Wi-SHT10","DATAS":["Temperature","Humidity"],"Temperature":25.01,"Humidity":64.62719999999999,"TIMESTAMP":"2022-11-27T19:21:27.898Z","BATT":100,"INTERVAL":600},{"modelID":"b0-17-03-a8-fb-4b","modelType":"Wi-SHT10","DATAS":["Temperature","Humidity"],"Temperature":25.2,"Humidity":64.90559999999999,"TIMESTAMP":"2022-11-27T19:11:27.919Z","BATT":100,"INTERVAL":600},{"modelID":"b0-17-03-a8-fb-4b","modelType":"Wi-SHT10","DATAS":["Temperature","Humidity"],"Temperature":25.2,"Humidity":66.432,"TIMESTAMP":"2022-11-27T19:01:33.926Z","BATT":100,"INTERVAL":600},{"modelID":"b0-17-03-a8-fb-4b","modelType":"Wi-SHT10","DATAS":["Temperature","Humidity"],"Temperature":25.19,"Humidity":66.54719999999999,"TIMESTAMP":"2022-11-27T18:51:43.933Z","BATT":100,"INTERVAL":600},{"modelID":"b0-17-03-a8-fb-4b","modelType":"Wi-SHT10","DATAS":["Temperature","Humidity"],"Temperature":25.18,"Humidity":66.384,"TIMESTAMP":"2022-11-27T18:40:58.955Z","BATT":100,"INTERVAL":600},{"modelID":"b0-17-03-a8-fb-4b","modelType":"Wi-SHT10","DATAS":["Temperature","Humidity"],"Temperature":25.2,"Humidity":65.2704,"TIMESTAMP":"2022-11-27T18:31:00.974Z","BATT":100,"INTERVAL":600},{"modelID":"b0-17-03-a8-fb-4b","modelType":"Wi-SHT10","DATAS":["Temperature","Humidity"],"Temperature":25.18,"Humidity":64.4064,"TIMESTAMP":"2022-11-27T18:21:30.975Z","BATT":100,"INTERVAL":600},{"modelID":"b0-17-03-a8-fb-4b","modelType":"Wi-SHT10","DATAS":["Temperature","Humidity"],"Temperature":25.24,"Humidity":64.79039999999999,"TIMESTAMP":"2022-11-27T18:11:28.975Z","BATT":100,"INTERVAL":600},{"modelID":"b0-17-03-a8-fb-4b","modelType":"Wi-SHT10","DATAS":["Temperature","Humidity"],"Temperature":25.41,"Humidity":65.232,"TIMESTAMP":"2022-11-27T18:01:33.994Z","BATT":100,"INTERVAL":600},{"modelID":"b0-17-03-a8-fb-4b","modelType":"Wi-SHT10","DATAS":["Temperature","Humidity"],"Temperature":25.47,"Humidity":65.94239999999999,"TIMESTAMP":"2022-11-27T17:51:05.014Z","BATT":100,"INTERVAL":600},{"modelID":"b0-17-03-a8-fb-4b","modelType":"Wi-SHT10","DATAS":["Temperature","Humidity"],"Temperature":25.36,"Humidity":66.1056,"TIMESTAMP":"2022-11-27T17:41:16.015Z","BATT":100,"INTERVAL":600},{"modelID":"b0-17-03-a8-fb-4b","modelType":"Wi-SHT10","DATAS":["Temperature","Humidity"],"Temperature":25.26,"Humidity":65.9712,"TIMESTAMP":"2022-11-27T17:31:29.020Z","BATT":100,"INTERVAL":600},{"modelID":"b0-17-03-a8-fb-4b","modelType":"Wi-SHT10","DATAS":["Temperature","Humidity"],"Temperature":25.32,"Humidity":64.1952,"TIMESTAMP":"2022-11-27T17:21:21.029Z","BATT":100,"INTERVAL":600},{"modelID":"b0-17-03-a8-fb-4b","modelType":"Wi-SHT10","DATAS":["Temperature","Humidity"],"Temperature":25.52,"Humidity":64.5888,"TIMESTAMP":"2022-11-27T17:11:22.054Z","BATT":100,"INTERVAL":600},{"modelID":"b0-17-03-a8-fb-4b","modelType":"Wi-SHT10","DATAS":["Temperature","Humidity"],"Temperature":25.49,"Humidity":64.9536,"TIMESTAMP":"2022-11-27T17:01:07.055Z","BATT":100,"INTERVAL":600},{"modelID":"b0-17-03-a8-fb-4b","modelType":"Wi-SHT10","DATAS":["Temperature","Humidity"],"Temperature":25.58,"Humidity":65.6544,"TIMESTAMP":"2022-11-27T16:51:10.065Z","BATT":100,"INTERVAL":600},{"modelID":"b0-17-03-a8-fb-4b","modelType":"Wi-SHT10","DATAS":["Temperature","Humidity"],"Temperature":25.5,"Humidity":65.424,"TIMESTAMP":"2022-11-27T16:31:21.100Z","BATT":100,"INTERVAL":600},{"modelID":"b0-17-03-a8-fb-4b","modelType":"Wi-SHT10","DATAS":["Temperature","Humidity"],"Temperature":25.67,"Humidity":63.168,"TIMESTAMP":"2022-11-27T16:11:09.875Z","BATT":100,"INTERVAL":600},{"modelID":"b0-17-03-a8-fb-4b","modelType":"Wi-SHT10","DATAS":["Temperature","Humidity"],"Temperature":25.74,"Humidity":63.897600000000004,"TIMESTAMP":"2022-11-27T16:01:39.138Z","BATT":100,"INTERVAL":600}],"DAYHOURS":["21","20","19","18","17","16","15","14","13","12","11","10","9","8","7","6","5","4","3","2","1","0"]}