{"SENSORNAME":"L3-Treatment 1(Oncology)","SENSORTYPE":"WISENSOR","DTUID":"-1","SENSORID":"BA-12-7B-2A-78-DF","DATE0":"2022-11-28T13:17:52.098Z","DATE1":"2022-03-22T00:14:23.854Z","DAYDATA":[{"modelID":"ba-12-7b-2a-78-df","modelType":"Wi-SHT10A","DATAS":["Temperature","Humidity"],"Temperature":4.18,"Humidity":0,"TIMESTAMP":"2022-11-28T13:17:52.098Z","BATT":100,"INTERVAL":1200},{"modelID":"ba-12-7b-2a-78-df","modelType":"Wi-SHT10A","DATAS":["Temperature","Humidity"],"Temperature":4.28,"Humidity":0,"TIMESTAMP":"2022-11-28T12:58:39.769Z","BATT":100,"INTERVAL":1200},{"modelID":"ba-12-7b-2a-78-df","modelType":"Wi-SHT10A","DATAS":["Temperature","Humidity"],"Temperature":4.99,"Humidity":0,"TIMESTAMP":"2022-11-28T12:18:42.164Z","BATT":100,"INTERVAL":1200},{"modelID":"ba-12-7b-2a-78-df","modelType":"Wi-SHT10A","DATAS":["Temperature","Humidity"],"Temperature":5.02,"Humidity":0,"TIMESTAMP":"2022-11-28T11:58:10.902Z","BATT":100,"INTERVAL":1200},{"modelID":"ba-12-7b-2a-78-df","modelType":"Wi-SHT10A","DATAS":["Temperature","Humidity"],"Temperature":4.45,"Humidity":0,"TIMESTAMP":"2022-11-28T11:38:06.315Z","BATT":100,"INTERVAL":1200},{"modelID":"ba-12-7b-2a-78-df","modelType":"Wi-SHT10A","DATAS":["Temperature","Humidity"],"Temperature":4.11,"Humidity":0,"TIMESTAMP":"2022-11-28T11:17:49.147Z","BATT":100,"INTERVAL":1200},{"modelID":"ba-12-7b-2a-78-df","modelType":"Wi-SHT10A","DATAS":["Temperature","Humidity"],"Temperature":4.08,"Humidity":0,"TIMESTAMP":"2022-11-28T10:57:51.688Z","BATT":100,"INTERVAL":1200},{"modelID":"ba-12-7b-2a-78-df","modelType":"Wi-SHT10A","DATAS":["Temperature","Humidity"],"Temperature":4.41,"Humidity":0,"TIMESTAMP":"2022-11-28T10:38:20.579Z","BATT":100,"INTERVAL":1200},{"modelID":"ba-12-7b-2a-78-df","modelType":"Wi-SHT10A","DATAS":["Temperature","Humidity"],"Temperature":4.92,"Humidity":0,"TIMESTAMP":"2022-11-28T10:18:02.936Z","BATT":100,"INTERVAL":1200},{"modelID":"ba-12-7b-2a-78-df","modelType":"Wi-SHT10A","DATAS":["Temperature","Humidity"],"Temperature":5.25,"Humidity":0,"TIMESTAMP":"2022-11-28T09:58:21.074Z","BATT":100,"INTERVAL":1200},{"modelID":"ba-12-7b-2a-78-df","modelType":"Wi-SHT10A","DATAS":["Temperature","Humidity"],"Temperature":4.62,"Humidity":0,"TIMESTAMP":"2022-11-28T09:38:25.012Z","BATT":100,"INTERVAL":1200},{"modelID":"ba-12-7b-2a-78-df","modelType":"Wi-SHT10A","DATAS":["Temperature","Humidity"],"Temperature":4.18,"Humidity":0,"TIMESTAMP":"2022-11-28T09:18:12.440Z","BATT":100,"INTERVAL":1200},{"modelID":"ba-12-7b-2a-78-df","modelType":"Wi-SHT10A","DATAS":["Temperature","Humidity"],"Temperature":4.21,"Humidity":0,"TIMESTAMP":"2022-11-28T08:58:08.450Z","BATT":100,"INTERVAL":1200},{"modelID":"ba-12-7b-2a-78-df","modelType":"Wi-SHT10A","DATAS":["Temperature","Humidity"],"Temperature":4.82,"Humidity":0,"TIMESTAMP":"2022-11-28T08:37:50.132Z","BATT":100,"INTERVAL":1200},{"modelID":"ba-12-7b-2a-78-df","modelType":"Wi-SHT10A","DATAS":["Temperature","Humidity"],"Temperature":5.05,"Humidity":0,"TIMESTAMP":"2022-11-28T08:18:06.817Z","BATT":100,"INTERVAL":1200},{"modelID":"ba-12-7b-2a-78-df","modelType":"Wi-SHT10A","DATAS":["Temperature","Humidity"],"Temperature":4.72,"Humidity":0,"TIMESTAMP":"2022-11-28T07:58:25.452Z","BATT":100,"INTERVAL":1200},{"modelID":"ba-12-7b-2a-78-df","modelType":"Wi-SHT10A","DATAS":["Temperature","Humidity"],"Temperature":4.15,"Humidity":0,"TIMESTAMP":"2022-11-28T07:18:31.123Z","BATT":100,"INTERVAL":1200},{"modelID":"ba-12-7b-2a-78-df","modelType":"Wi-SHT10A","DATAS":["Temperature","Humidity"],"Temperature":4.68,"Humidity":0,"TIMESTAMP":"2022-11-28T06:57:58.444Z","BATT":100,"INTERVAL":1200},{"modelID":"ba-12-7b-2a-78-df","modelType":"Wi-SHT10A","DATAS":["Temperature","Humidity"],"Temperature":4.99,"Humidity":0,"TIMESTAMP":"2022-11-28T06:38:21.541Z","BATT":100,"INTERVAL":1200},{"modelID":"ba-12-7b-2a-78-df","modelType":"Wi-SHT10A","DATAS":["Temperature","Humidity"],"Temperature":5.09,"Humidity":0,"TIMESTAMP":"2022-11-28T06:17:52.921Z","BATT":100,"INTERVAL":1200},{"modelID":"ba-12-7b-2a-78-df","modelType":"Wi-SHT10A","DATAS":["Temperature","Humidity"],"Temperature":4.41,"Humidity":0,"TIMESTAMP":"2022-11-28T05:57:48.476Z","BATT":100,"INTERVAL":1200},{"modelID":"ba-12-7b-2a-78-df","modelType":"Wi-SHT10A","DATAS":["Temperature","Humidity"],"Temperature":4.15,"Humidity":0,"TIMESTAMP":"2022-11-28T05:37:48.556Z","BATT":100,"INTERVAL":1200},{"modelID":"ba-12-7b-2a-78-df","modelType":"Wi-SHT10A","DATAS":["Temperature","Humidity"],"Temperature":4.15,"Humidity":0,"TIMESTAMP":"2022-11-28T05:18:35.774Z","BATT":100,"INTERVAL":1200},{"modelID":"ba-12-7b-2a-78-df","modelType":"Wi-SHT10A","DATAS":["Temperature","Humidity"],"Temperature":4.58,"Humidity":0,"TIMESTAMP":"2022-11-28T04:58:40.526Z","BATT":100,"INTERVAL":1200},{"modelID":"ba-12-7b-2a-78-df","modelType":"Wi-SHT10A","DATAS":["Temperature","Humidity"],"Temperature":4.95,"Humidity":0,"TIMESTAMP":"2022-11-28T04:37:51.197Z","BATT":100,"INTERVAL":1200},{"modelID":"ba-12-7b-2a-78-df","modelType":"Wi-SHT10A","DATAS":["Temperature","Humidity"],"Temperature":5.05,"Humidity":0,"TIMESTAMP":"2022-11-28T04:18:47.119Z","BATT":100,"INTERVAL":1200},{"modelID":"ba-12-7b-2a-78-df","modelType":"Wi-SHT10A","DATAS":["Temperature","Humidity"],"Temperature":4.11,"Humidity":0,"TIMESTAMP":"2022-11-28T03:38:15.018Z","BATT":100,"INTERVAL":1200},{"modelID":"ba-12-7b-2a-78-df","modelType":"Wi-SHT10A","DATAS":["Temperature","Humidity"],"Temperature":4.48,"Humidity":0,"TIMESTAMP":"2022-11-28T02:58:22.621Z","BATT":100,"INTERVAL":1200},{"modelID":"ba-12-7b-2a-78-df","modelType":"Wi-SHT10A","DATAS":["Temperature","Humidity"],"Temperature":5.02,"Humidity":0,"TIMESTAMP":"2022-11-28T02:18:44.825Z","BATT":100,"INTERVAL":1200},{"modelID":"ba-12-7b-2a-78-df","modelType":"Wi-SHT10A","DATAS":["Temperature","Humidity"],"Temperature":4.55,"Humidity":0,"TIMESTAMP":"2022-11-28T01:38:14.467Z","BATT":100,"INTERVAL":1200},{"modelID":"ba-12-7b-2a-78-df","modelType":"Wi-SHT10A","DATAS":["Temperature","Humidity"],"Temperature":4.21,"Humidity":0,"TIMESTAMP":"2022-11-28T00:57:57.615Z","BATT":100,"INTERVAL":1200},{"modelID":"ba-12-7b-2a-78-df","modelType":"Wi-SHT10A","DATAS":["Temperature","Humidity"],"Temperature":4.65,"Humidity":0,"TIMESTAMP":"2022-11-28T00:18:45.356Z","BATT":100,"INTERVAL":1200},{"modelID":"ba-12-7b-2a-78-df","modelType":"Wi-SHT10A","DATAS":["Temperature","Humidity"],"Temperature":5.02,"Humidity":0,"TIMESTAMP":"2022-11-27T23:58:41.255Z","BATT":100,"INTERVAL":1200},{"modelID":"ba-12-7b-2a-78-df","modelType":"Wi-SHT10A","DATAS":["Temperature","Humidity"],"Temperature":5.12,"Humidity":0,"TIMESTAMP":"2022-11-27T23:38:22.933Z","BATT":100,"INTERVAL":1200},{"modelID":"ba-12-7b-2a-78-df","modelType":"Wi-SHT10A","DATAS":["Temperature","Humidity"],"Temperature":4.85,"Humidity":0,"TIMESTAMP":"2022-11-27T23:18:13.396Z","BATT":100,"INTERVAL":1200},{"modelID":"ba-12-7b-2a-78-df","modelType":"Wi-SHT10A","DATAS":["Temperature","Humidity"],"Temperature":4.55,"Humidity":0,"TIMESTAMP":"2022-11-27T22:58:34.613Z","BATT":100,"INTERVAL":1200},{"modelID":"ba-12-7b-2a-78-df","modelType":"Wi-SHT10A","DATAS":["Temperature","Humidity"],"Temperature":4.25,"Humidity":0,"TIMESTAMP":"2022-11-27T22:37:58.250Z","BATT":100,"INTERVAL":1200},{"modelID":"ba-12-7b-2a-78-df","modelType":"Wi-SHT10A","DATAS":["Temperature","Humidity"],"Temperature":4.31,"Humidity":0,"TIMESTAMP":"2022-11-27T22:18:24.177Z","BATT":100,"INTERVAL":1200},{"modelID":"ba-12-7b-2a-78-df","modelType":"Wi-SHT10A","DATAS":["Temperature","Humidity"],"Temperature":4.62,"Humidity":0,"TIMESTAMP":"2022-11-27T21:58:23.565Z","BATT":100,"INTERVAL":1200},{"modelID":"ba-12-7b-2a-78-df","modelType":"Wi-SHT10A","DATAS":["Temperature","Humidity"],"Temperature":5.09,"Humidity":0,"TIMESTAMP":"2022-11-27T21:38:28.502Z","BATT":100,"INTERVAL":1200},{"modelID":"ba-12-7b-2a-78-df","modelType":"Wi-SHT10A","DATAS":["Temperature","Humidity"],"Temperature":5.22,"Humidity":0,"TIMESTAMP":"2022-11-27T21:18:09.754Z","BATT":100,"INTERVAL":1200},{"modelID":"ba-12-7b-2a-78-df","modelType":"Wi-SHT10A","DATAS":["Temperature","Humidity"],"Temperature":4.72,"Humidity":0,"TIMESTAMP":"2022-11-27T20:57:54.661Z","BATT":100,"INTERVAL":1200},{"modelID":"ba-12-7b-2a-78-df","modelType":"Wi-SHT10A","DATAS":["Temperature","Humidity"],"Temperature":4.48,"Humidity":0,"TIMESTAMP":"2022-11-27T20:38:38.093Z","BATT":100,"INTERVAL":1200},{"modelID":"ba-12-7b-2a-78-df","modelType":"Wi-SHT10A","DATAS":["Temperature","Humidity"],"Temperature":4.58,"Humidity":0,"TIMESTAMP":"2022-11-27T20:17:53.413Z","BATT":100,"INTERVAL":1200},{"modelID":"ba-12-7b-2a-78-df","modelType":"Wi-SHT10A","DATAS":["Temperature","Humidity"],"Temperature":5.05,"Humidity":0,"TIMESTAMP":"2022-11-27T19:58:06.770Z","BATT":100,"INTERVAL":1200},{"modelID":"ba-12-7b-2a-78-df","modelType":"Wi-SHT10A","DATAS":["Temperature","Humidity"],"Temperature":5.25,"Humidity":0,"TIMESTAMP":"2022-11-27T19:37:53.050Z","BATT":100,"INTERVAL":1200},{"modelID":"ba-12-7b-2a-78-df","modelType":"Wi-SHT10A","DATAS":["Temperature","Humidity"],"Temperature":5.19,"Humidity":0,"TIMESTAMP":"2022-11-27T19:18:49.514Z","BATT":100,"INTERVAL":1200},{"modelID":"ba-12-7b-2a-78-df","modelType":"Wi-SHT10A","DATAS":["Temperature","Humidity"],"Temperature":4.52,"Humidity":0,"TIMESTAMP":"2022-11-27T18:57:59.216Z","BATT":100,"INTERVAL":1200},{"modelID":"ba-12-7b-2a-78-df","modelType":"Wi-SHT10A","DATAS":["Temperature","Humidity"],"Temperature":4.31,"Humidity":0,"TIMESTAMP":"2022-11-27T18:37:56.031Z","BATT":100,"INTERVAL":1200},{"modelID":"ba-12-7b-2a-78-df","modelType":"Wi-SHT10A","DATAS":["Temperature","Humidity"],"Temperature":4.41,"Humidity":0,"TIMESTAMP":"2022-11-27T18:18:29.132Z","BATT":100,"INTERVAL":1200},{"modelID":"ba-12-7b-2a-78-df","modelType":"Wi-SHT10A","DATAS":["Temperature","Humidity"],"Temperature":4.78,"Humidity":0,"TIMESTAMP":"2022-11-27T17:58:51.209Z","BATT":100,"INTERVAL":1200},{"modelID":"ba-12-7b-2a-78-df","modelType":"Wi-SHT10A","DATAS":["Temperature","Humidity"],"Temperature":5.15,"Humidity":0,"TIMESTAMP":"2022-11-27T17:38:51.297Z","BATT":100,"INTERVAL":1200},{"modelID":"ba-12-7b-2a-78-df","modelType":"Wi-SHT10A","DATAS":["Temperature","Humidity"],"Temperature":5.15,"Humidity":0,"TIMESTAMP":"2022-11-27T17:18:24.627Z","BATT":100,"INTERVAL":1200},{"modelID":"ba-12-7b-2a-78-df","modelType":"Wi-SHT10A","DATAS":["Temperature","Humidity"],"Temperature":4.85,"Humidity":0,"TIMESTAMP":"2022-11-27T16:57:55.717Z","BATT":100,"INTERVAL":1200},{"modelID":"ba-12-7b-2a-78-df","modelType":"Wi-SHT10A","DATAS":["Temperature","Humidity"],"Temperature":4.25,"Humidity":0,"TIMESTAMP":"2022-11-27T16:17:56.645Z","BATT":100,"INTERVAL":1200}],"DAYHOURS":["21","20","19","18","17","16","15","14","13","12","11","10","9","8","7","6","5","4","3","2","1","0"]}