{"SENSORNAME":"WATER COOLING PACK UNIT B - CWS TEMP","SENSORTYPE":"WTRTEMP(485)","DTUID":"215","SENSORID":"30","DATE0":"2022-11-28T11:05:55.857Z","DATE1":"2022-02-13T09:05:53.512Z","DAYDATA":[{"DTUID":"215","SENSORID":30,"FUNCID":3,"NDATA":2,"SENSORTYPE":"WATER-TEMP","RCV_BYTES":["0000","0126"],"DATAS":[0,294],"DATAS1":[],"DATAS2":[],"TIMESTAMP":"2022-11-28T11:05:55.857Z"},{"DTUID":"215","SENSORID":30,"FUNCID":3,"NDATA":2,"SENSORTYPE":"WATER-TEMP","RCV_BYTES":["0000","0135"],"DATAS":[0,309],"DATAS1":[],"DATAS2":[],"TIMESTAMP":"2022-11-28T09:05:38.521Z"},{"DTUID":"215","SENSORID":30,"FUNCID":3,"NDATA":2,"SENSORTYPE":"WATER-TEMP","RCV_BYTES":["0000","0143"],"DATAS":[0,323],"DATAS1":[],"DATAS2":[],"TIMESTAMP":"2022-11-28T05:28:55.410Z"},{"DTUID":"215","SENSORID":30,"FUNCID":3,"NDATA":2,"SENSORTYPE":"WATER-TEMP","RCV_BYTES":["0000","013E"],"DATAS":[0,318],"DATAS1":[],"DATAS2":[],"TIMESTAMP":"2022-11-28T04:28:50.216Z"},{"DTUID":"215","SENSORID":30,"FUNCID":3,"NDATA":2,"SENSORTYPE":"WATER-TEMP","RCV_BYTES":["0000","0117"],"DATAS":[0,279],"DATAS1":[],"DATAS2":[],"TIMESTAMP":"2022-11-27T23:15:00.704Z"},{"DTUID":"215","SENSORID":30,"FUNCID":3,"NDATA":2,"SENSORTYPE":"WATER-TEMP","RCV_BYTES":["0000","0118"],"DATAS":[0,280],"DATAS1":[],"DATAS2":[],"TIMESTAMP":"2022-11-27T19:34:41.575Z"},{"DTUID":"215","SENSORID":30,"FUNCID":3,"NDATA":2,"SENSORTYPE":"WATER-TEMP","RCV_BYTES":["0000","0122"],"DATAS":[0,290],"DATAS1":[],"DATAS2":[],"TIMESTAMP":"2022-11-27T19:14:41.885Z"},{"DTUID":"215","SENSORID":30,"FUNCID":3,"NDATA":2,"SENSORTYPE":"WATER-TEMP","RCV_BYTES":["0000","011B"],"DATAS":[0,283],"DATAS1":[],"DATAS2":[],"TIMESTAMP":"2022-11-27T18:34:38.592Z"},{"DTUID":"215","SENSORID":30,"FUNCID":3,"NDATA":2,"SENSORTYPE":"WATER-TEMP","RCV_BYTES":["0000","011B"],"DATAS":[0,283],"DATAS1":[],"DATAS2":[],"TIMESTAMP":"2022-11-27T17:34:34.915Z"},{"DTUID":"215","SENSORID":30,"FUNCID":3,"NDATA":2,"SENSORTYPE":"WATER-TEMP","RCV_BYTES":["0000","0127"],"DATAS":[0,295],"DATAS1":[],"DATAS2":[],"TIMESTAMP":"2022-11-27T17:14:32.954Z"}],"DAYHOURS":["19","17","13","12","7","3","2","1"]}