{"SENSORNAME":"DEHUMIDIFIER 4","SENSORTYPE":"AIRFLW(485)","DTUID":"206","SENSORID":"65","DATE0":"2022-11-28T11:26:02.950Z","DATE1":"2022-02-13T09:06:19.807Z","DAYDATA":[{"DTUID":"206","SENSORID":65,"FUNCID":3,"NDATA":2,"SENSORTYPE":"AIRFLOW-VEL","RCV_BYTES":["002A","3B10"],"DATAS":[42,15120],"DATAS1":[],"DATAS2":[],"TIMESTAMP":"2022-11-28T11:26:02.950Z"},{"DTUID":"206","SENSORID":65,"FUNCID":3,"NDATA":2,"SENSORTYPE":"AIRFLOW-VEL","RCV_BYTES":["002A","3B10"],"DATAS":[42,15120],"DATAS1":[],"DATAS2":[],"TIMESTAMP":"2022-11-28T11:06:08.708Z"},{"DTUID":"206","SENSORID":65,"FUNCID":3,"NDATA":2,"SENSORTYPE":"AIRFLOW-VEL","RCV_BYTES":["0028","3840"],"DATAS":[40,14400],"DATAS1":[],"DATAS2":[],"TIMESTAMP":"2022-11-28T09:25:52.359Z"},{"DTUID":"206","SENSORID":65,"FUNCID":3,"NDATA":2,"SENSORTYPE":"AIRFLOW-VEL","RCV_BYTES":["002A","3B10"],"DATAS":[42,15120],"DATAS1":[],"DATAS2":[],"TIMESTAMP":"2022-11-28T09:05:51.541Z"},{"DTUID":"206","SENSORID":65,"FUNCID":3,"NDATA":2,"SENSORTYPE":"AIRFLOW-VEL","RCV_BYTES":["0027","36D8"],"DATAS":[39,14040],"DATAS1":[],"DATAS2":[],"TIMESTAMP":"2022-11-28T08:29:45.818Z"},{"DTUID":"206","SENSORID":65,"FUNCID":3,"NDATA":2,"SENSORTYPE":"AIRFLOW-VEL","RCV_BYTES":["002A","3B10"],"DATAS":[42,15120],"DATAS1":[],"DATAS2":[],"TIMESTAMP":"2022-11-28T05:30:35.452Z"},{"DTUID":"206","SENSORID":65,"FUNCID":3,"NDATA":2,"SENSORTYPE":"AIRFLOW-VEL","RCV_BYTES":["002A","3B10"],"DATAS":[42,15120],"DATAS1":[],"DATAS2":[],"TIMESTAMP":"2022-11-28T04:49:09.208Z"},{"DTUID":"206","SENSORID":65,"FUNCID":3,"NDATA":2,"SENSORTYPE":"AIRFLOW-VEL","RCV_BYTES":["0027","36D8"],"DATAS":[39,14040],"DATAS1":[],"DATAS2":[],"TIMESTAMP":"2022-11-28T04:29:03.408Z"},{"DTUID":"206","SENSORID":65,"FUNCID":3,"NDATA":2,"SENSORTYPE":"AIRFLOW-VEL","RCV_BYTES":["0027","36D8"],"DATAS":[39,14040],"DATAS1":[],"DATAS2":[],"TIMESTAMP":"2022-11-28T03:03:39.801Z"},{"DTUID":"206","SENSORID":65,"FUNCID":3,"NDATA":2,"SENSORTYPE":"AIRFLOW-VEL","RCV_BYTES":["002B","3C78"],"DATAS":[43,15480],"DATAS1":[],"DATAS2":[],"TIMESTAMP":"2022-11-28T01:00:22.902Z"},{"DTUID":"206","SENSORID":65,"FUNCID":3,"NDATA":2,"SENSORTYPE":"AIRFLOW-VEL","RCV_BYTES":["002B","3C78"],"DATAS":[43,15480],"DATAS1":[],"DATAS2":[],"TIMESTAMP":"2022-11-28T00:15:18.520Z"},{"DTUID":"206","SENSORID":65,"FUNCID":3,"NDATA":2,"SENSORTYPE":"AIRFLOW-VEL","RCV_BYTES":["002C","3DE0"],"DATAS":[44,15840],"DATAS1":[],"DATAS2":[],"TIMESTAMP":"2022-11-27T23:15:13.917Z"},{"DTUID":"206","SENSORID":65,"FUNCID":3,"NDATA":2,"SENSORTYPE":"AIRFLOW-VEL","RCV_BYTES":["002B","3C78"],"DATAS":[43,15480],"DATAS1":[],"DATAS2":[],"TIMESTAMP":"2022-11-27T22:35:14.996Z"},{"DTUID":"206","SENSORID":65,"FUNCID":3,"NDATA":2,"SENSORTYPE":"AIRFLOW-VEL","RCV_BYTES":["0026","3570"],"DATAS":[38,13680],"DATAS1":[],"DATAS2":[],"TIMESTAMP":"2022-11-27T22:15:09.757Z"},{"DTUID":"206","SENSORID":65,"FUNCID":3,"NDATA":2,"SENSORTYPE":"AIRFLOW-VEL","RCV_BYTES":["002B","3C78"],"DATAS":[43,15480],"DATAS1":[],"DATAS2":[],"TIMESTAMP":"2022-11-27T21:15:07.977Z"},{"DTUID":"206","SENSORID":65,"FUNCID":3,"NDATA":2,"SENSORTYPE":"AIRFLOW-VEL","RCV_BYTES":["0029","39A8"],"DATAS":[41,14760],"DATAS1":[],"DATAS2":[],"TIMESTAMP":"2022-11-27T20:36:25.760Z"},{"DTUID":"206","SENSORID":65,"FUNCID":3,"NDATA":2,"SENSORTYPE":"AIRFLOW-VEL","RCV_BYTES":["002C","3DE0"],"DATAS":[44,15840],"DATAS1":[],"DATAS2":[],"TIMESTAMP":"2022-11-27T20:15:00.873Z"},{"DTUID":"206","SENSORID":65,"FUNCID":3,"NDATA":2,"SENSORTYPE":"AIRFLOW-VEL","RCV_BYTES":["002A","3B10"],"DATAS":[42,15120],"DATAS1":[],"DATAS2":[],"TIMESTAMP":"2022-11-27T19:34:54.844Z"},{"DTUID":"206","SENSORID":65,"FUNCID":3,"NDATA":2,"SENSORTYPE":"AIRFLOW-VEL","RCV_BYTES":["0028","3840"],"DATAS":[40,14400],"DATAS1":[],"DATAS2":[],"TIMESTAMP":"2022-11-27T19:14:54.869Z"},{"DTUID":"206","SENSORID":65,"FUNCID":3,"NDATA":2,"SENSORTYPE":"AIRFLOW-VEL","RCV_BYTES":["0027","36D8"],"DATAS":[39,14040],"DATAS1":[],"DATAS2":[],"TIMESTAMP":"2022-11-27T18:14:52.960Z"},{"DTUID":"206","SENSORID":65,"FUNCID":3,"NDATA":2,"SENSORTYPE":"AIRFLOW-VEL","RCV_BYTES":["002A","3B10"],"DATAS":[42,15120],"DATAS1":[],"DATAS2":[],"TIMESTAMP":"2022-11-27T17:34:48.674Z"},{"DTUID":"206","SENSORID":65,"FUNCID":3,"NDATA":2,"SENSORTYPE":"AIRFLOW-VEL","RCV_BYTES":["0028","3840"],"DATAS":[40,14400],"DATAS1":[],"DATAS2":[],"TIMESTAMP":"2022-11-27T17:14:50.795Z"}],"DAYHOURS":["19","17","16","13","12","11","9","8","7","6","5","4","3","2","1"]}