{"SENSORNAME":"WATER COOLING PACK UNIT B - CWR PRESS 1","SENSORTYPE":"WTRPRS(485)","DTUID":"215","SENSORID":"33","DATE0":"2022-11-28T11:25:34.708Z","DATE1":"2022-02-13T09:05:23.195Z","DAYDATA":[{"DTUID":"215","SENSORID":33,"FUNCID":3,"NDATA":2,"SENSORTYPE":"WATER-PRES","RCV_BYTES":["4351","F47B"],"DATAS":[17233,-2949],"DATAS1":[],"DATAS2":[],"TIMESTAMP":"2022-11-28T11:25:34.708Z"},{"DTUID":"215","SENSORID":33,"FUNCID":3,"NDATA":2,"SENSORTYPE":"WATER-PRES","RCV_BYTES":["4355","9687"],"DATAS":[17237,-27001],"DATAS1":[],"DATAS2":[],"TIMESTAMP":"2022-11-28T11:05:40.428Z"},{"DTUID":"215","SENSORID":33,"FUNCID":3,"NDATA":2,"SENSORTYPE":"WATER-PRES","RCV_BYTES":["434A","7BE7"],"DATAS":[17226,31719],"DATAS1":[],"DATAS2":[],"TIMESTAMP":"2022-11-28T10:05:28.824Z"},{"DTUID":"215","SENSORID":33,"FUNCID":3,"NDATA":2,"SENSORTYPE":"WATER-PRES","RCV_BYTES":["4355","CA7F"],"DATAS":[17237,-13697],"DATAS1":[],"DATAS2":[],"TIMESTAMP":"2022-11-28T09:25:24.120Z"},{"DTUID":"215","SENSORID":33,"FUNCID":3,"NDATA":2,"SENSORTYPE":"WATER-PRES","RCV_BYTES":["4361","18D5"],"DATAS":[17249,6357],"DATAS1":[],"DATAS2":[],"TIMESTAMP":"2022-11-28T09:05:23.541Z"},{"DTUID":"215","SENSORID":33,"FUNCID":3,"NDATA":2,"SENSORTYPE":"WATER-PRES","RCV_BYTES":["4353","5E35"],"DATAS":[17235,24117],"DATAS1":[],"DATAS2":[],"TIMESTAMP":"2022-11-28T05:28:40.430Z"},{"DTUID":"215","SENSORID":33,"FUNCID":3,"NDATA":2,"SENSORTYPE":"WATER-PRES","RCV_BYTES":["4351","59DB"],"DATAS":[17233,23003],"DATAS1":[],"DATAS2":[],"TIMESTAMP":"2022-11-28T04:48:32.917Z"},{"DTUID":"215","SENSORID":33,"FUNCID":3,"NDATA":2,"SENSORTYPE":"WATER-PRES","RCV_BYTES":["434F","BC29"],"DATAS":[17231,-17367],"DATAS1":[],"DATAS2":[],"TIMESTAMP":"2022-11-28T04:28:35.190Z"},{"DTUID":"215","SENSORID":33,"FUNCID":3,"NDATA":2,"SENSORTYPE":"WATER-PRES","RCV_BYTES":["4357","CED9"],"DATAS":[17239,-12583],"DATAS1":[],"DATAS2":[],"TIMESTAMP":"2022-11-28T03:03:11.473Z"},{"DTUID":"215","SENSORID":33,"FUNCID":3,"NDATA":2,"SENSORTYPE":"WATER-PRES","RCV_BYTES":["4365","8979"],"DATAS":[17253,-30343],"DATAS1":[],"DATAS2":[],"TIMESTAMP":"2022-11-28T00:59:54.328Z"},{"DTUID":"215","SENSORID":33,"FUNCID":3,"NDATA":2,"SENSORTYPE":"WATER-PRES","RCV_BYTES":["435F","E2D1"],"DATAS":[17247,-7471],"DATAS1":[],"DATAS2":[],"TIMESTAMP":"2022-11-27T22:34:41.616Z"},{"DTUID":"215","SENSORID":33,"FUNCID":3,"NDATA":2,"SENSORTYPE":"WATER-PRES","RCV_BYTES":["4344","05E3"],"DATAS":[17220,1507],"DATAS1":[],"DATAS2":[],"TIMESTAMP":"2022-11-27T21:14:39.721Z"},{"DTUID":"215","SENSORID":33,"FUNCID":3,"NDATA":2,"SENSORTYPE":"WATER-PRES","RCV_BYTES":["4338","50E5"],"DATAS":[17208,20709],"DATAS1":[],"DATAS2":[],"TIMESTAMP":"2022-11-27T19:34:27.324Z"},{"DTUID":"215","SENSORID":33,"FUNCID":3,"NDATA":2,"SENSORTYPE":"WATER-PRES","RCV_BYTES":["4338","B893"],"DATAS":[17208,-18285],"DATAS1":[],"DATAS2":[],"TIMESTAMP":"2022-11-27T18:34:23.573Z"},{"DTUID":"215","SENSORID":33,"FUNCID":3,"NDATA":2,"SENSORTYPE":"WATER-PRES","RCV_BYTES":["4357","6831"],"DATAS":[17239,26673],"DATAS1":[],"DATAS2":[],"TIMESTAMP":"2022-11-27T18:14:24.241Z"},{"DTUID":"215","SENSORID":33,"FUNCID":3,"NDATA":2,"SENSORTYPE":"WATER-PRES","RCV_BYTES":["4354","FC29"],"DATAS":[17236,-983],"DATAS1":[],"DATAS2":[],"TIMESTAMP":"2022-11-27T17:14:17.654Z"}],"DAYHOURS":["19","18","17","13","12","11","8","6","5","3","2","1"]}