{"SENSORNAME":"DEHUMIDIFER 2","SENSORTYPE":"AIRFLW(485)","DTUID":"203","SENSORID":"67","DATE0":"2022-11-28T11:56:33.608Z","DATE1":"2022-02-13T09:06:24.285Z","DAYDATA":[{"DTUID":"203","SENSORID":67,"FUNCID":3,"NDATA":2,"SENSORTYPE":"AIRFLOW-VEL","RCV_BYTES":["001E","2A30"],"DATAS":[30,10800],"DATAS1":[],"DATAS2":[],"TIMESTAMP":"2022-11-28T11:56:33.608Z"},{"DTUID":"203","SENSORID":67,"FUNCID":3,"NDATA":2,"SENSORTYPE":"AIRFLOW-VEL","RCV_BYTES":["001E","2A30"],"DATAS":[30,10800],"DATAS1":[],"DATAS2":[],"TIMESTAMP":"2022-11-28T10:06:12.004Z"},{"DTUID":"203","SENSORID":67,"FUNCID":3,"NDATA":2,"SENSORTYPE":"AIRFLOW-VEL","RCV_BYTES":["001C","2760"],"DATAS":[28,10080],"DATAS1":[],"DATAS2":[],"TIMESTAMP":"2022-11-28T09:05:58.387Z"},{"DTUID":"203","SENSORID":67,"FUNCID":3,"NDATA":2,"SENSORTYPE":"AIRFLOW-VEL","RCV_BYTES":["001F","2B98"],"DATAS":[31,11160],"DATAS1":[],"DATAS2":[],"TIMESTAMP":"2022-11-28T08:29:26.785Z"},{"DTUID":"203","SENSORID":67,"FUNCID":3,"NDATA":2,"SENSORTYPE":"AIRFLOW-VEL","RCV_BYTES":["001B","25F8"],"DATAS":[27,9720],"DATAS1":[],"DATAS2":[],"TIMESTAMP":"2022-11-28T04:49:03.148Z"},{"DTUID":"203","SENSORID":67,"FUNCID":3,"NDATA":2,"SENSORTYPE":"AIRFLOW-VEL","RCV_BYTES":["001F","2B98"],"DATAS":[31,11160],"DATAS1":[],"DATAS2":[],"TIMESTAMP":"2022-11-28T03:03:48.854Z"},{"DTUID":"203","SENSORID":67,"FUNCID":3,"NDATA":2,"SENSORTYPE":"AIRFLOW-VEL","RCV_BYTES":["001E","2A30"],"DATAS":[30,10800],"DATAS1":[],"DATAS2":[],"TIMESTAMP":"2022-11-28T01:00:27.881Z"},{"DTUID":"203","SENSORID":67,"FUNCID":3,"NDATA":2,"SENSORTYPE":"AIRFLOW-VEL","RCV_BYTES":["001F","2B98"],"DATAS":[31,11160],"DATAS1":[],"DATAS2":[],"TIMESTAMP":"2022-11-27T21:15:40.342Z"},{"DTUID":"203","SENSORID":67,"FUNCID":3,"NDATA":2,"SENSORTYPE":"AIRFLOW-VEL","RCV_BYTES":["0020","2D00"],"DATAS":[32,11520],"DATAS1":[],"DATAS2":[],"TIMESTAMP":"2022-11-27T19:34:58.525Z"},{"DTUID":"203","SENSORID":67,"FUNCID":3,"NDATA":2,"SENSORTYPE":"AIRFLOW-VEL","RCV_BYTES":["001D","28C8"],"DATAS":[29,10440],"DATAS1":[],"DATAS2":[],"TIMESTAMP":"2022-11-27T18:14:56.733Z"},{"DTUID":"203","SENSORID":67,"FUNCID":3,"NDATA":2,"SENSORTYPE":"AIRFLOW-VEL","RCV_BYTES":["001E","2A30"],"DATAS":[30,10800],"DATAS1":[],"DATAS2":[],"TIMESTAMP":"2022-11-27T17:15:19.135Z"}],"DAYHOURS":["19","18","17","16","12","11","9","5","3","2","1"]}