{"SENSORNAME":"HEAT EXCHANGER - CHWR PRESS 1","SENSORTYPE":"WTRPRS(485)","DTUID":"202","SENSORID":"11","DATE0":"2022-11-28T11:25:19.828Z","DATE1":"2022-02-13T09:58:56.675Z","DAYDATA":[{"DTUID":"202","SENSORID":11,"FUNCID":3,"NDATA":2,"SENSORTYPE":"WATER-PRES","RCV_BYTES":["4359","4B02"],"DATAS":[17241,19202],"DATAS1":[],"DATAS2":[],"TIMESTAMP":"2022-11-28T11:25:19.828Z"},{"DTUID":"202","SENSORID":11,"FUNCID":3,"NDATA":2,"SENSORTYPE":"WATER-PRES","RCV_BYTES":["4359","7EFA"],"DATAS":[17241,32506],"DATAS1":[],"DATAS2":[],"TIMESTAMP":"2022-11-28T10:05:13.812Z"},{"DTUID":"202","SENSORID":11,"FUNCID":3,"NDATA":2,"SENSORTYPE":"WATER-PRES","RCV_BYTES":["4357","E106"],"DATAS":[17239,-7930],"DATAS1":[],"DATAS2":[],"TIMESTAMP":"2022-11-28T09:25:08.844Z"},{"DTUID":"202","SENSORID":11,"FUNCID":3,"NDATA":2,"SENSORTYPE":"WATER-PRES","RCV_BYTES":["4356","1062"],"DATAS":[17238,4194],"DATAS1":[],"DATAS2":[],"TIMESTAMP":"2022-11-28T05:28:25.530Z"},{"DTUID":"202","SENSORID":11,"FUNCID":3,"NDATA":2,"SENSORTYPE":"WATER-PRES","RCV_BYTES":["4354","3EFA"],"DATAS":[17236,16122],"DATAS1":[],"DATAS2":[],"TIMESTAMP":"2022-11-28T04:48:17.648Z"},{"DTUID":"202","SENSORID":11,"FUNCID":3,"NDATA":2,"SENSORTYPE":"WATER-PRES","RCV_BYTES":["4359","4B02"],"DATAS":[17241,19202],"DATAS1":[],"DATAS2":[],"TIMESTAMP":"2022-11-28T04:28:20.169Z"},{"DTUID":"202","SENSORID":11,"FUNCID":3,"NDATA":2,"SENSORTYPE":"WATER-PRES","RCV_BYTES":["4358","14FE"],"DATAS":[17240,5374],"DATAS1":[],"DATAS2":[],"TIMESTAMP":"2022-11-28T00:59:34.683Z"},{"DTUID":"202","SENSORID":11,"FUNCID":3,"NDATA":2,"SENSORTYPE":"WATER-PRES","RCV_BYTES":["4355","DCAC"],"DATAS":[17237,-9044],"DATAS1":[],"DATAS2":[],"TIMESTAMP":"2022-11-28T00:14:35.272Z"},{"DTUID":"202","SENSORID":11,"FUNCID":3,"NDATA":2,"SENSORTYPE":"WATER-PRES","RCV_BYTES":["4357","AE56"],"DATAS":[17239,-20906],"DATAS1":[],"DATAS2":[],"TIMESTAMP":"2022-11-27T23:14:30.677Z"},{"DTUID":"202","SENSORID":11,"FUNCID":3,"NDATA":2,"SENSORTYPE":"WATER-PRES","RCV_BYTES":["4359","E6A8"],"DATAS":[17241,-6488],"DATAS1":[],"DATAS2":[],"TIMESTAMP":"2022-11-27T22:34:27.338Z"},{"DTUID":"202","SENSORID":11,"FUNCID":3,"NDATA":2,"SENSORTYPE":"WATER-PRES","RCV_BYTES":["4357","AE56"],"DATAS":[17239,-20906],"DATAS1":[],"DATAS2":[],"TIMESTAMP":"2022-11-27T22:14:25.816Z"},{"DTUID":"202","SENSORID":11,"FUNCID":3,"NDATA":2,"SENSORTYPE":"WATER-PRES","RCV_BYTES":["4359","E6A8"],"DATAS":[17241,-6488],"DATAS1":[],"DATAS2":[],"TIMESTAMP":"2022-11-27T21:14:24.921Z"},{"DTUID":"202","SENSORID":11,"FUNCID":3,"NDATA":2,"SENSORTYPE":"WATER-PRES","RCV_BYTES":["4359","7EFA"],"DATAS":[17241,32506],"DATAS1":[],"DATAS2":[],"TIMESTAMP":"2022-11-27T20:14:17.062Z"},{"DTUID":"202","SENSORID":11,"FUNCID":3,"NDATA":2,"SENSORTYPE":"WATER-PRES","RCV_BYTES":["435A","8106"],"DATAS":[17242,-32506],"DATAS1":[],"DATAS2":[],"TIMESTAMP":"2022-11-27T19:34:11.663Z"},{"DTUID":"202","SENSORID":11,"FUNCID":3,"NDATA":2,"SENSORTYPE":"WATER-PRES","RCV_BYTES":["4359","4B02"],"DATAS":[17241,19202],"DATAS1":[],"DATAS2":[],"TIMESTAMP":"2022-11-27T19:14:11.340Z"},{"DTUID":"202","SENSORID":11,"FUNCID":3,"NDATA":2,"SENSORTYPE":"WATER-PRES","RCV_BYTES":["435A","B4FE"],"DATAS":[17242,-19202],"DATAS1":[],"DATAS2":[],"TIMESTAMP":"2022-11-27T18:34:08.323Z"},{"DTUID":"202","SENSORID":11,"FUNCID":3,"NDATA":2,"SENSORTYPE":"WATER-PRES","RCV_BYTES":["4358","E45A"],"DATAS":[17240,-7078],"DATAS1":[],"DATAS2":[],"TIMESTAMP":"2022-11-27T17:34:04.637Z"}],"DAYHOURS":["19","18","17","13","12","8","7","6","5","4","3","2","1"]}