{"SENSORNAME":"AIR COMPR C2","SENSORTYPE":"PWRMTR(485)","DTUID":"111","SENSORID":4,"PWRMTR0":"193178","PWRMTR1":"0","DAYDATA":[{"DTUID":"111","SENSORID":4,"FUNCID":3,"NDATA":2,"SENSORTYPE":"PWR-METER-POWER","RCV_BYTES":["0126","C400"],"DATAS":[294,-15360],"DATAS1":[],"DATAS2":[],"TIMESTAMP":"2022-11-28T11:56:42.468Z"},{"DTUID":"111","SENSORID":4,"FUNCID":3,"NDATA":2,"SENSORTYPE":"PWR-METER-POWER","RCV_BYTES":["0126","B2D0"],"DATAS":[294,-19760],"DATAS1":[],"DATAS2":[],"TIMESTAMP":"2022-11-28T11:26:13.869Z"},{"DTUID":"111","SENSORID":4,"FUNCID":3,"NDATA":2,"SENSORTYPE":"PWR-METER-POWER","RCV_BYTES":["0126","A790"],"DATAS":[294,-22640],"DATAS1":[],"DATAS2":[],"TIMESTAMP":"2022-11-28T11:06:19.627Z"},{"DTUID":"111","SENSORID":4,"FUNCID":3,"NDATA":2,"SENSORTYPE":"PWR-METER-POWER","RCV_BYTES":["0126","8760"],"DATAS":[294,-30880],"DATAS1":[],"DATAS2":[],"TIMESTAMP":"2022-11-28T10:06:13.464Z"},{"DTUID":"111","SENSORID":4,"FUNCID":3,"NDATA":2,"SENSORTYPE":"PWR-METER-POWER","RCV_BYTES":["0126","5290"],"DATAS":[294,21136],"DATAS1":[],"DATAS2":[],"TIMESTAMP":"2022-11-28T08:29:35.638Z"},{"DTUID":"111","SENSORID":4,"FUNCID":3,"NDATA":2,"SENSORTYPE":"PWR-METER-POWER","RCV_BYTES":["0125","EEB8"],"DATAS":[293,-4424],"DATAS1":[],"DATAS2":[],"TIMESTAMP":"2022-11-28T05:29:19.592Z"},{"DTUID":"111","SENSORID":4,"FUNCID":3,"NDATA":2,"SENSORTYPE":"PWR-METER-POWER","RCV_BYTES":["0125","D860"],"DATAS":[293,-10144],"DATAS1":[],"DATAS2":[],"TIMESTAMP":"2022-11-28T04:49:12.067Z"},{"DTUID":"111","SENSORID":4,"FUNCID":3,"NDATA":2,"SENSORTYPE":"PWR-METER-POWER","RCV_BYTES":["0125","62B8"],"DATAS":[293,25272],"DATAS1":[],"DATAS2":[],"TIMESTAMP":"2022-11-28T01:00:33.601Z"},{"DTUID":"111","SENSORID":4,"FUNCID":3,"NDATA":2,"SENSORTYPE":"PWR-METER-POWER","RCV_BYTES":["0125","1F38"],"DATAS":[293,7992],"DATAS1":[],"DATAS2":[],"TIMESTAMP":"2022-11-27T22:15:20.922Z"},{"DTUID":"111","SENSORID":4,"FUNCID":3,"NDATA":2,"SENSORTYPE":"PWR-METER-POWER","RCV_BYTES":["0125","0C78"],"DATAS":[293,3192],"DATAS1":[],"DATAS2":[],"TIMESTAMP":"2022-11-27T20:35:10.800Z"},{"DTUID":"111","SENSORID":4,"FUNCID":3,"NDATA":2,"SENSORTYPE":"PWR-METER-POWER","RCV_BYTES":["0125","08E0"],"DATAS":[293,2272],"DATAS1":[],"DATAS2":[],"TIMESTAMP":"2022-11-27T20:15:11.612Z"},{"DTUID":"111","SENSORID":4,"FUNCID":3,"NDATA":2,"SENSORTYPE":"PWR-METER-POWER","RCV_BYTES":["0124","FDA0"],"DATAS":[292,-608],"DATAS1":[],"DATAS2":[],"TIMESTAMP":"2022-11-27T19:15:05.809Z"},{"DTUID":"111","SENSORID":4,"FUNCID":3,"NDATA":2,"SENSORTYPE":"PWR-METER-POWER","RCV_BYTES":["0124","EAB8"],"DATAS":[292,-5448],"DATAS1":[],"DATAS2":[],"TIMESTAMP":"2022-11-27T17:34:58.895Z"}],"DAYHOURS":["19","18","16","13","12","9","6","4","3","1"],"MNTH-2022_11":"193178","WK48":"193178","WK47":"186036","WK46":"174681","WK45":"162194","WK44":"151121","MNTH-2022_10":"148900","WK43":"137478","WK42":"133247","WK41":"133247","WK40":"132926","MNTH-2022_9":"132926","WK39":"132926","WK38":"125054","WK37":"119690","WK36":"115011","MNTH-2022_8":"115011","WK35":"115011","WK34":"114970","WK33":"105110","WK32":"98026","WK31":"85934","MNTH-2022_7":"82561","WK30":"81126","WK29":"71317","WK28":"69976","WK27":"60043","MNTH-2022_6":"60042","WK26":"60042","WK25":"49301","WK24":"38374","WK23":"31253","MNTH-2022_5":"31253","WK22":"31253","WK21":"30292","WK20":"14480","WK19":"3012"}