{"SENSORNAME":"L5-Screening BF-CF(inpatient)","SENSORTYPE":"WISENSOR","DTUID":"-1","SENSORID":"BA-F4-64-09-BF-CF","DATE0":"2022-11-28T13:13:21.539Z","DATE1":"2022-03-22T00:15:01.491Z","DAYDATA":[{"modelID":"ba-f4-64-09-bf-cf","modelType":"Wi-SHT10","DATAS":["Temperature","Humidity"],"Temperature":4.4,"Humidity":-959.04,"TIMESTAMP":"2022-11-28T13:13:21.539Z","BATT":100,"INTERVAL":300},{"modelID":"ba-f4-64-09-bf-cf","modelType":"Wi-SHT10","DATAS":["Temperature","Humidity"],"Temperature":4.27,"Humidity":-959.04,"TIMESTAMP":"2022-11-28T13:07:48.277Z","BATT":100,"INTERVAL":300},{"modelID":"ba-f4-64-09-bf-cf","modelType":"Wi-SHT10","DATAS":["Temperature","Humidity"],"Temperature":2.99,"Humidity":-959.04,"TIMESTAMP":"2022-11-28T13:03:00.475Z","BATT":100,"INTERVAL":300},{"modelID":"ba-f4-64-09-bf-cf","modelType":"Wi-SHT10","DATAS":["Temperature","Humidity"],"Temperature":4.03,"Humidity":-959.04,"TIMESTAMP":"2022-11-28T12:57:48.788Z","BATT":100,"INTERVAL":300},{"modelID":"ba-f4-64-09-bf-cf","modelType":"Wi-SHT10","DATAS":["Temperature","Humidity"],"Temperature":4.53,"Humidity":-959.04,"TIMESTAMP":"2022-11-28T12:33:19.517Z","BATT":100,"INTERVAL":300},{"modelID":"ba-f4-64-09-bf-cf","modelType":"Wi-SHT10","DATAS":["Temperature","Humidity"],"Temperature":3.12,"Humidity":-959.04,"TIMESTAMP":"2022-11-28T12:28:42.208Z","BATT":100,"INTERVAL":300},{"modelID":"ba-f4-64-09-bf-cf","modelType":"Wi-SHT10","DATAS":["Temperature","Humidity"],"Temperature":3.86,"Humidity":-959.04,"TIMESTAMP":"2022-11-28T12:23:17.662Z","BATT":100,"INTERVAL":300},{"modelID":"ba-f4-64-09-bf-cf","modelType":"Wi-SHT10","DATAS":["Temperature","Humidity"],"Temperature":4.57,"Humidity":-959.04,"TIMESTAMP":"2022-11-28T12:18:42.170Z","BATT":100,"INTERVAL":300},{"modelID":"ba-f4-64-09-bf-cf","modelType":"Wi-SHT10","DATAS":["Temperature","Humidity"],"Temperature":3.86,"Humidity":-959.04,"TIMESTAMP":"2022-11-28T12:13:30.581Z","BATT":100,"INTERVAL":300},{"modelID":"ba-f4-64-09-bf-cf","modelType":"Wi-SHT10","DATAS":["Temperature","Humidity"],"Temperature":4.39,"Humidity":-959.04,"TIMESTAMP":"2022-11-28T12:08:24.532Z","BATT":100,"INTERVAL":1200},{"modelID":"ba-f4-64-09-bf-cf","modelType":"Wi-SHT10","DATAS":["Temperature","Humidity"],"Temperature":4.27,"Humidity":-959.04,"TIMESTAMP":"2022-11-28T12:02:56.261Z","BATT":100,"INTERVAL":300},{"modelID":"ba-f4-64-09-bf-cf","modelType":"Wi-SHT10","DATAS":["Temperature","Humidity"],"Temperature":4.53,"Humidity":-959.04,"TIMESTAMP":"2022-11-28T11:57:49.241Z","BATT":100,"INTERVAL":300},{"modelID":"ba-f4-64-09-bf-cf","modelType":"Wi-SHT10","DATAS":["Temperature","Humidity"],"Temperature":3.26,"Humidity":-959.04,"TIMESTAMP":"2022-11-28T11:53:38.738Z","BATT":100,"INTERVAL":300},{"modelID":"ba-f4-64-09-bf-cf","modelType":"Wi-SHT10","DATAS":["Temperature","Humidity"],"Temperature":3.73,"Humidity":-959.04,"TIMESTAMP":"2022-11-28T11:47:57.693Z","BATT":100,"INTERVAL":300},{"modelID":"ba-f4-64-09-bf-cf","modelType":"Wi-SHT10","DATAS":["Temperature","Humidity"],"Temperature":4.47,"Humidity":-959.04,"TIMESTAMP":"2022-11-28T11:43:38.362Z","BATT":100,"INTERVAL":300},{"modelID":"ba-f4-64-09-bf-cf","modelType":"Wi-SHT10","DATAS":["Temperature","Humidity"],"Temperature":4.06,"Humidity":-959.04,"TIMESTAMP":"2022-11-28T11:38:19.802Z","BATT":100,"INTERVAL":300},{"modelID":"ba-f4-64-09-bf-cf","modelType":"Wi-SHT10","DATAS":["Temperature","Humidity"],"Temperature":3.12,"Humidity":-959.04,"TIMESTAMP":"2022-11-28T11:32:52.255Z","BATT":100,"INTERVAL":300},{"modelID":"ba-f4-64-09-bf-cf","modelType":"Wi-SHT10","DATAS":["Temperature","Humidity"],"Temperature":4.2,"Humidity":-959.04,"TIMESTAMP":"2022-11-28T11:27:48.260Z","BATT":100,"INTERVAL":300},{"modelID":"ba-f4-64-09-bf-cf","modelType":"Wi-SHT10","DATAS":["Temperature","Humidity"],"Temperature":4.6,"Humidity":-959.04,"TIMESTAMP":"2022-11-28T11:22:47.241Z","BATT":100,"INTERVAL":300},{"modelID":"ba-f4-64-09-bf-cf","modelType":"Wi-SHT10","DATAS":["Temperature","Humidity"],"Temperature":3.36,"Humidity":-959.04,"TIMESTAMP":"2022-11-28T11:18:16.456Z","BATT":100,"INTERVAL":300},{"modelID":"ba-f4-64-09-bf-cf","modelType":"Wi-SHT10","DATAS":["Temperature","Humidity"],"Temperature":3.49,"Humidity":-959.04,"TIMESTAMP":"2022-11-28T11:13:19.919Z","BATT":100,"INTERVAL":300},{"modelID":"ba-f4-64-09-bf-cf","modelType":"Wi-SHT10","DATAS":["Temperature","Humidity"],"Temperature":4.43,"Humidity":-959.04,"TIMESTAMP":"2022-11-28T11:08:00.029Z","BATT":100,"INTERVAL":300},{"modelID":"ba-f4-64-09-bf-cf","modelType":"Wi-SHT10","DATAS":["Temperature","Humidity"],"Temperature":4.37,"Humidity":-959.04,"TIMESTAMP":"2022-11-28T11:03:09.225Z","BATT":100,"INTERVAL":300},{"modelID":"ba-f4-64-09-bf-cf","modelType":"Wi-SHT10","DATAS":["Temperature","Humidity"],"Temperature":3.06,"Humidity":-959.04,"TIMESTAMP":"2022-11-28T10:58:38.592Z","BATT":100,"INTERVAL":300},{"modelID":"ba-f4-64-09-bf-cf","modelType":"Wi-SHT10","DATAS":["Temperature","Humidity"],"Temperature":4.06,"Humidity":-959.04,"TIMESTAMP":"2022-11-28T10:52:48.429Z","BATT":100,"INTERVAL":300},{"modelID":"ba-f4-64-09-bf-cf","modelType":"Wi-SHT10","DATAS":["Temperature","Humidity"],"Temperature":4.6,"Humidity":-959.04,"TIMESTAMP":"2022-11-28T10:48:05.461Z","BATT":100,"INTERVAL":300},{"modelID":"ba-f4-64-09-bf-cf","modelType":"Wi-SHT10","DATAS":["Temperature","Humidity"],"Temperature":3.39,"Humidity":-959.04,"TIMESTAMP":"2022-11-28T10:42:46.377Z","BATT":100,"INTERVAL":300},{"modelID":"ba-f4-64-09-bf-cf","modelType":"Wi-SHT10","DATAS":["Temperature","Humidity"],"Temperature":3.26,"Humidity":-959.04,"TIMESTAMP":"2022-11-28T10:38:36.897Z","BATT":100,"INTERVAL":300},{"modelID":"ba-f4-64-09-bf-cf","modelType":"Wi-SHT10","DATAS":["Temperature","Humidity"],"Temperature":4.4,"Humidity":-959.04,"TIMESTAMP":"2022-11-28T10:32:56.789Z","BATT":100,"INTERVAL":300},{"modelID":"ba-f4-64-09-bf-cf","modelType":"Wi-SHT10","DATAS":["Temperature","Humidity"],"Temperature":4.53,"Humidity":-959.04,"TIMESTAMP":"2022-11-28T10:28:18.663Z","BATT":100,"INTERVAL":300},{"modelID":"ba-f4-64-09-bf-cf","modelType":"Wi-SHT10","DATAS":["Temperature","Humidity"],"Temperature":3.09,"Humidity":-959.04,"TIMESTAMP":"2022-11-28T10:23:15.733Z","BATT":100,"INTERVAL":300},{"modelID":"ba-f4-64-09-bf-cf","modelType":"Wi-SHT10","DATAS":["Temperature","Humidity"],"Temperature":3.9,"Humidity":-959.04,"TIMESTAMP":"2022-11-28T10:17:48.640Z","BATT":100,"INTERVAL":300},{"modelID":"ba-f4-64-09-bf-cf","modelType":"Wi-SHT10","DATAS":["Temperature","Humidity"],"Temperature":4.6,"Humidity":-959.04,"TIMESTAMP":"2022-11-28T10:13:32.299Z","BATT":100,"INTERVAL":300},{"modelID":"ba-f4-64-09-bf-cf","modelType":"Wi-SHT10","DATAS":["Temperature","Humidity"],"Temperature":3.59,"Humidity":-959.04,"TIMESTAMP":"2022-11-28T10:07:49.319Z","BATT":100,"INTERVAL":300},{"modelID":"ba-f4-64-09-bf-cf","modelType":"Wi-SHT10","DATAS":["Temperature","Humidity"],"Temperature":3.22,"Humidity":-959.04,"TIMESTAMP":"2022-11-28T10:03:23.460Z","BATT":100,"INTERVAL":300},{"modelID":"ba-f4-64-09-bf-cf","modelType":"Wi-SHT10","DATAS":["Temperature","Humidity"],"Temperature":4.27,"Humidity":-959.04,"TIMESTAMP":"2022-11-28T09:57:56.969Z","BATT":100,"INTERVAL":300},{"modelID":"ba-f4-64-09-bf-cf","modelType":"Wi-SHT10","DATAS":["Temperature","Humidity"],"Temperature":4.53,"Humidity":-959.04,"TIMESTAMP":"2022-11-28T09:53:20.317Z","BATT":100,"INTERVAL":300},{"modelID":"ba-f4-64-09-bf-cf","modelType":"Wi-SHT10","DATAS":["Temperature","Humidity"],"Temperature":3.12,"Humidity":-959.04,"TIMESTAMP":"2022-11-28T09:48:12.306Z","BATT":100,"INTERVAL":300},{"modelID":"ba-f4-64-09-bf-cf","modelType":"Wi-SHT10","DATAS":["Temperature","Humidity"],"Temperature":3.76,"Humidity":-959.04,"TIMESTAMP":"2022-11-28T09:43:21.812Z","BATT":100,"INTERVAL":300},{"modelID":"ba-f4-64-09-bf-cf","modelType":"Wi-SHT10","DATAS":["Temperature","Humidity"],"Temperature":4.5,"Humidity":-959.04,"TIMESTAMP":"2022-11-28T09:38:39.460Z","BATT":100,"INTERVAL":300},{"modelID":"ba-f4-64-09-bf-cf","modelType":"Wi-SHT10","DATAS":["Temperature","Humidity"],"Temperature":3.73,"Humidity":-959.04,"TIMESTAMP":"2022-11-28T09:32:46.838Z","BATT":100,"INTERVAL":300},{"modelID":"ba-f4-64-09-bf-cf","modelType":"Wi-SHT10","DATAS":["Temperature","Humidity"],"Temperature":3.26,"Humidity":-959.04,"TIMESTAMP":"2022-11-28T09:27:52.883Z","BATT":100,"INTERVAL":300},{"modelID":"ba-f4-64-09-bf-cf","modelType":"Wi-SHT10","DATAS":["Temperature","Humidity"],"Temperature":4.2,"Humidity":-959.04,"TIMESTAMP":"2022-11-28T09:23:18.515Z","BATT":100,"INTERVAL":300},{"modelID":"ba-f4-64-09-bf-cf","modelType":"Wi-SHT10","DATAS":["Temperature","Humidity"],"Temperature":4.57,"Humidity":-959.04,"TIMESTAMP":"2022-11-28T09:17:46.840Z","BATT":100,"INTERVAL":300},{"modelID":"ba-f4-64-09-bf-cf","modelType":"Wi-SHT10","DATAS":["Temperature","Humidity"],"Temperature":3.26,"Humidity":-959.04,"TIMESTAMP":"2022-11-28T09:13:32.511Z","BATT":100,"INTERVAL":300},{"modelID":"ba-f4-64-09-bf-cf","modelType":"Wi-SHT10","DATAS":["Temperature","Humidity"],"Temperature":3.59,"Humidity":-959.04,"TIMESTAMP":"2022-11-28T09:08:22.071Z","BATT":100,"INTERVAL":300},{"modelID":"ba-f4-64-09-bf-cf","modelType":"Wi-SHT10","DATAS":["Temperature","Humidity"],"Temperature":4.5,"Humidity":-959.04,"TIMESTAMP":"2022-11-28T09:02:43.953Z","BATT":100,"INTERVAL":300},{"modelID":"ba-f4-64-09-bf-cf","modelType":"Wi-SHT10","DATAS":["Temperature","Humidity"],"Temperature":4.13,"Humidity":-959.04,"TIMESTAMP":"2022-11-28T08:58:19.222Z","BATT":100,"INTERVAL":300},{"modelID":"ba-f4-64-09-bf-cf","modelType":"Wi-SHT10","DATAS":["Temperature","Humidity"],"Temperature":3.09,"Humidity":-959.04,"TIMESTAMP":"2022-11-28T08:53:01.754Z","BATT":100,"INTERVAL":300},{"modelID":"ba-f4-64-09-bf-cf","modelType":"Wi-SHT10","DATAS":["Temperature","Humidity"],"Temperature":4.03,"Humidity":-959.04,"TIMESTAMP":"2022-11-28T08:48:18.709Z","BATT":100,"INTERVAL":300},{"modelID":"ba-f4-64-09-bf-cf","modelType":"Wi-SHT10","DATAS":["Temperature","Humidity"],"Temperature":4.57,"Humidity":-959.04,"TIMESTAMP":"2022-11-28T08:42:49.807Z","BATT":100,"INTERVAL":300},{"modelID":"ba-f4-64-09-bf-cf","modelType":"Wi-SHT10","DATAS":["Temperature","Humidity"],"Temperature":3.22,"Humidity":-959.04,"TIMESTAMP":"2022-11-28T08:38:02.386Z","BATT":100,"INTERVAL":300},{"modelID":"ba-f4-64-09-bf-cf","modelType":"Wi-SHT10","DATAS":["Temperature","Humidity"],"Temperature":3.63,"Humidity":-959.04,"TIMESTAMP":"2022-11-28T08:32:59.734Z","BATT":100,"INTERVAL":300},{"modelID":"ba-f4-64-09-bf-cf","modelType":"Wi-SHT10","DATAS":["Temperature","Humidity"],"Temperature":4.4,"Humidity":-959.04,"TIMESTAMP":"2022-11-28T08:23:21.699Z","BATT":100,"INTERVAL":300},{"modelID":"ba-f4-64-09-bf-cf","modelType":"Wi-SHT10","DATAS":["Temperature","Humidity"],"Temperature":4.06,"Humidity":-959.04,"TIMESTAMP":"2022-11-28T08:12:49.260Z","BATT":100,"INTERVAL":300},{"modelID":"ba-f4-64-09-bf-cf","modelType":"Wi-SHT10","DATAS":["Temperature","Humidity"],"Temperature":4.6,"Humidity":-959.04,"TIMESTAMP":"2022-11-28T08:08:33.203Z","BATT":100,"INTERVAL":300},{"modelID":"ba-f4-64-09-bf-cf","modelType":"Wi-SHT10","DATAS":["Temperature","Humidity"],"Temperature":3.59,"Humidity":-959.04,"TIMESTAMP":"2022-11-28T08:03:22.498Z","BATT":100,"INTERVAL":300},{"modelID":"ba-f4-64-09-bf-cf","modelType":"Wi-SHT10","DATAS":["Temperature","Humidity"],"Temperature":3.32,"Humidity":-959.04,"TIMESTAMP":"2022-11-28T07:58:37.782Z","BATT":100,"INTERVAL":300},{"modelID":"ba-f4-64-09-bf-cf","modelType":"Wi-SHT10","DATAS":["Temperature","Humidity"],"Temperature":4.33,"Humidity":-959.04,"TIMESTAMP":"2022-11-28T07:53:22.440Z","BATT":100,"INTERVAL":300},{"modelID":"ba-f4-64-09-bf-cf","modelType":"Wi-SHT10","DATAS":["Temperature","Humidity"],"Temperature":3.09,"Humidity":-959.04,"TIMESTAMP":"2022-11-28T07:43:29.193Z","BATT":100,"INTERVAL":300},{"modelID":"ba-f4-64-09-bf-cf","modelType":"Wi-SHT10","DATAS":["Temperature","Humidity"],"Temperature":3.96,"Humidity":-959.04,"TIMESTAMP":"2022-11-28T07:38:03.940Z","BATT":100,"INTERVAL":300},{"modelID":"ba-f4-64-09-bf-cf","modelType":"Wi-SHT10","DATAS":["Temperature","Humidity"],"Temperature":4.67,"Humidity":-959.04,"TIMESTAMP":"2022-11-28T07:33:06.494Z","BATT":100,"INTERVAL":300},{"modelID":"ba-f4-64-09-bf-cf","modelType":"Wi-SHT10","DATAS":["Temperature","Humidity"],"Temperature":3.39,"Humidity":-959.04,"TIMESTAMP":"2022-11-28T07:28:33.968Z","BATT":100,"INTERVAL":300},{"modelID":"ba-f4-64-09-bf-cf","modelType":"Wi-SHT10","DATAS":["Temperature","Humidity"],"Temperature":3.59,"Humidity":-959.04,"TIMESTAMP":"2022-11-28T07:23:21.053Z","BATT":100,"INTERVAL":300},{"modelID":"ba-f4-64-09-bf-cf","modelType":"Wi-SHT10","DATAS":["Temperature","Humidity"],"Temperature":4.43,"Humidity":-959.04,"TIMESTAMP":"2022-11-28T07:18:23.272Z","BATT":100,"INTERVAL":300},{"modelID":"ba-f4-64-09-bf-cf","modelType":"Wi-SHT10","DATAS":["Temperature","Humidity"],"Temperature":4.27,"Humidity":-959.04,"TIMESTAMP":"2022-11-28T07:13:22.054Z","BATT":100,"INTERVAL":300},{"modelID":"ba-f4-64-09-bf-cf","modelType":"Wi-SHT10","DATAS":["Temperature","Humidity"],"Temperature":3.02,"Humidity":-959.04,"TIMESTAMP":"2022-11-28T07:08:18.231Z","BATT":100,"INTERVAL":300},{"modelID":"ba-f4-64-09-bf-cf","modelType":"Wi-SHT10","DATAS":["Temperature","Humidity"],"Temperature":3.93,"Humidity":-959.04,"TIMESTAMP":"2022-11-28T07:03:45.274Z","BATT":100,"INTERVAL":300},{"modelID":"ba-f4-64-09-bf-cf","modelType":"Wi-SHT10","DATAS":["Temperature","Humidity"],"Temperature":4.63,"Humidity":-959.04,"TIMESTAMP":"2022-11-28T06:58:08.317Z","BATT":100,"INTERVAL":300},{"modelID":"ba-f4-64-09-bf-cf","modelType":"Wi-SHT10","DATAS":["Temperature","Humidity"],"Temperature":3.46,"Humidity":-959.04,"TIMESTAMP":"2022-11-28T06:53:08.332Z","BATT":100,"INTERVAL":300},{"modelID":"ba-f4-64-09-bf-cf","modelType":"Wi-SHT10","DATAS":["Temperature","Humidity"],"Temperature":3.46,"Humidity":-959.04,"TIMESTAMP":"2022-11-28T06:48:21.601Z","BATT":100,"INTERVAL":300},{"modelID":"ba-f4-64-09-bf-cf","modelType":"Wi-SHT10","DATAS":["Temperature","Humidity"],"Temperature":4.43,"Humidity":-959.04,"TIMESTAMP":"2022-11-28T06:43:01.333Z","BATT":100,"INTERVAL":300},{"modelID":"ba-f4-64-09-bf-cf","modelType":"Wi-SHT10","DATAS":["Temperature","Humidity"],"Temperature":4.37,"Humidity":-959.04,"TIMESTAMP":"2022-11-28T06:38:10.580Z","BATT":100,"INTERVAL":300},{"modelID":"ba-f4-64-09-bf-cf","modelType":"Wi-SHT10","DATAS":["Temperature","Humidity"],"Temperature":3.06,"Humidity":-959.04,"TIMESTAMP":"2022-11-28T06:33:39.961Z","BATT":100,"INTERVAL":300},{"modelID":"ba-f4-64-09-bf-cf","modelType":"Wi-SHT10","DATAS":["Temperature","Humidity"],"Temperature":4.06,"Humidity":-959.04,"TIMESTAMP":"2022-11-28T06:27:49.691Z","BATT":100,"INTERVAL":300},{"modelID":"ba-f4-64-09-bf-cf","modelType":"Wi-SHT10","DATAS":["Temperature","Humidity"],"Temperature":4.6,"Humidity":-959.04,"TIMESTAMP":"2022-11-28T06:23:08.482Z","BATT":100,"INTERVAL":300},{"modelID":"ba-f4-64-09-bf-cf","modelType":"Wi-SHT10","DATAS":["Temperature","Humidity"],"Temperature":3.46,"Humidity":-959.04,"TIMESTAMP":"2022-11-28T06:18:08.511Z","BATT":100,"INTERVAL":300},{"modelID":"ba-f4-64-09-bf-cf","modelType":"Wi-SHT10","DATAS":["Temperature","Humidity"],"Temperature":3.46,"Humidity":-959.04,"TIMESTAMP":"2022-11-28T06:13:01.528Z","BATT":100,"INTERVAL":300},{"modelID":"ba-f4-64-09-bf-cf","modelType":"Wi-SHT10","DATAS":["Temperature","Humidity"],"Temperature":4.37,"Humidity":-959.04,"TIMESTAMP":"2022-11-28T06:08:02.009Z","BATT":100,"INTERVAL":300},{"modelID":"ba-f4-64-09-bf-cf","modelType":"Wi-SHT10","DATAS":["Temperature","Humidity"],"Temperature":4.47,"Humidity":-959.04,"TIMESTAMP":"2022-11-28T06:03:10.755Z","BATT":100,"INTERVAL":300},{"modelID":"ba-f4-64-09-bf-cf","modelType":"Wi-SHT10","DATAS":["Temperature","Humidity"],"Temperature":3.06,"Humidity":-959.04,"TIMESTAMP":"2022-11-28T05:58:29.579Z","BATT":100,"INTERVAL":300},{"modelID":"ba-f4-64-09-bf-cf","modelType":"Wi-SHT10","DATAS":["Temperature","Humidity"],"Temperature":4,"Humidity":-959.04,"TIMESTAMP":"2022-11-28T05:52:51.015Z","BATT":100,"INTERVAL":300},{"modelID":"ba-f4-64-09-bf-cf","modelType":"Wi-SHT10","DATAS":["Temperature","Humidity"],"Temperature":4.6,"Humidity":-959.04,"TIMESTAMP":"2022-11-28T05:48:31.810Z","BATT":100,"INTERVAL":300},{"modelID":"ba-f4-64-09-bf-cf","modelType":"Wi-SHT10","DATAS":["Temperature","Humidity"],"Temperature":3.56,"Humidity":-959.04,"TIMESTAMP":"2022-11-28T05:43:10.023Z","BATT":100,"INTERVAL":300},{"modelID":"ba-f4-64-09-bf-cf","modelType":"Wi-SHT10","DATAS":["Temperature","Humidity"],"Temperature":3.46,"Humidity":-959.04,"TIMESTAMP":"2022-11-28T05:37:56.422Z","BATT":100,"INTERVAL":300},{"modelID":"ba-f4-64-09-bf-cf","modelType":"Wi-SHT10","DATAS":["Temperature","Humidity"],"Temperature":4.3,"Humidity":-959.04,"TIMESTAMP":"2022-11-28T05:33:24.039Z","BATT":100,"INTERVAL":300},{"modelID":"ba-f4-64-09-bf-cf","modelType":"Wi-SHT10","DATAS":["Temperature","Humidity"],"Temperature":4.5,"Humidity":-959.04,"TIMESTAMP":"2022-11-28T05:28:21.934Z","BATT":100,"INTERVAL":300},{"modelID":"ba-f4-64-09-bf-cf","modelType":"Wi-SHT10","DATAS":["Temperature","Humidity"],"Temperature":3.09,"Humidity":-959.04,"TIMESTAMP":"2022-11-28T05:23:27.341Z","BATT":100,"INTERVAL":300},{"modelID":"ba-f4-64-09-bf-cf","modelType":"Wi-SHT10","DATAS":["Temperature","Humidity"],"Temperature":3.83,"Humidity":-959.04,"TIMESTAMP":"2022-11-28T05:18:46.833Z","BATT":100,"INTERVAL":300},{"modelID":"ba-f4-64-09-bf-cf","modelType":"Wi-SHT10","DATAS":["Temperature","Humidity"],"Temperature":4.63,"Humidity":-959.04,"TIMESTAMP":"2022-11-28T05:12:54.556Z","BATT":100,"INTERVAL":300},{"modelID":"ba-f4-64-09-bf-cf","modelType":"Wi-SHT10","DATAS":["Temperature","Humidity"],"Temperature":3.79,"Humidity":-959.04,"TIMESTAMP":"2022-11-28T05:08:33.654Z","BATT":100,"INTERVAL":300},{"modelID":"ba-f4-64-09-bf-cf","modelType":"Wi-SHT10","DATAS":["Temperature","Humidity"],"Temperature":3.29,"Humidity":-959.04,"TIMESTAMP":"2022-11-28T05:03:23.985Z","BATT":100,"INTERVAL":300},{"modelID":"ba-f4-64-09-bf-cf","modelType":"Wi-SHT10","DATAS":["Temperature","Humidity"],"Temperature":4.27,"Humidity":-959.04,"TIMESTAMP":"2022-11-28T04:58:19.873Z","BATT":100,"INTERVAL":300},{"modelID":"ba-f4-64-09-bf-cf","modelType":"Wi-SHT10","DATAS":["Temperature","Humidity"],"Temperature":4.57,"Humidity":-959.04,"TIMESTAMP":"2022-11-28T04:53:22.741Z","BATT":100,"INTERVAL":300},{"modelID":"ba-f4-64-09-bf-cf","modelType":"Wi-SHT10","DATAS":["Temperature","Humidity"],"Temperature":3.02,"Humidity":-959.04,"TIMESTAMP":"2022-11-28T04:48:16.367Z","BATT":100,"INTERVAL":300},{"modelID":"ba-f4-64-09-bf-cf","modelType":"Wi-SHT10","DATAS":["Temperature","Humidity"],"Temperature":3.76,"Humidity":-959.04,"TIMESTAMP":"2022-11-28T04:43:19.826Z","BATT":100,"INTERVAL":300},{"modelID":"ba-f4-64-09-bf-cf","modelType":"Wi-SHT10","DATAS":["Temperature","Humidity"],"Temperature":4.57,"Humidity":-959.04,"TIMESTAMP":"2022-11-28T04:37:53.710Z","BATT":100,"INTERVAL":300},{"modelID":"ba-f4-64-09-bf-cf","modelType":"Wi-SHT10","DATAS":["Temperature","Humidity"],"Temperature":3.79,"Humidity":-959.04,"TIMESTAMP":"2022-11-28T04:32:56.112Z","BATT":100,"INTERVAL":300},{"modelID":"ba-f4-64-09-bf-cf","modelType":"Wi-SHT10","DATAS":["Temperature","Humidity"],"Temperature":3.16,"Humidity":-959.04,"TIMESTAMP":"2022-11-28T04:28:25.105Z","BATT":100,"INTERVAL":300},{"modelID":"ba-f4-64-09-bf-cf","modelType":"Wi-SHT10","DATAS":["Temperature","Humidity"],"Temperature":4.27,"Humidity":-959.04,"TIMESTAMP":"2022-11-28T04:22:51.318Z","BATT":100,"INTERVAL":300},{"modelID":"ba-f4-64-09-bf-cf","modelType":"Wi-SHT10","DATAS":["Temperature","Humidity"],"Temperature":4.6,"Humidity":-959.04,"TIMESTAMP":"2022-11-28T04:18:24.664Z","BATT":100,"INTERVAL":300},{"modelID":"ba-f4-64-09-bf-cf","modelType":"Wi-SHT10","DATAS":["Temperature","Humidity"],"Temperature":3.32,"Humidity":-959.04,"TIMESTAMP":"2022-11-28T04:13:41.007Z","BATT":100,"INTERVAL":300},{"modelID":"ba-f4-64-09-bf-cf","modelType":"Wi-SHT10","DATAS":["Temperature","Humidity"],"Temperature":3.73,"Humidity":-959.04,"TIMESTAMP":"2022-11-28T04:08:05.573Z","BATT":100,"INTERVAL":300},{"modelID":"ba-f4-64-09-bf-cf","modelType":"Wi-SHT10","DATAS":["Temperature","Humidity"],"Temperature":4.47,"Humidity":-959.04,"TIMESTAMP":"2022-11-28T04:03:31.077Z","BATT":100,"INTERVAL":300},{"modelID":"ba-f4-64-09-bf-cf","modelType":"Wi-SHT10","DATAS":["Temperature","Humidity"],"Temperature":3.06,"Humidity":-959.04,"TIMESTAMP":"2022-11-28T03:53:38.377Z","BATT":100,"INTERVAL":300},{"modelID":"ba-f4-64-09-bf-cf","modelType":"Wi-SHT10","DATAS":["Temperature","Humidity"],"Temperature":3.26,"Humidity":-959.04,"TIMESTAMP":"2022-11-28T03:38:07.610Z","BATT":100,"INTERVAL":300},{"modelID":"ba-f4-64-09-bf-cf","modelType":"Wi-SHT10","DATAS":["Temperature","Humidity"],"Temperature":2.99,"Humidity":-959.04,"TIMESTAMP":"2022-11-28T03:18:17.834Z","BATT":100,"INTERVAL":300},{"modelID":"ba-f4-64-09-bf-cf","modelType":"Wi-SHT10","DATAS":["Temperature","Humidity"],"Temperature":3.9,"Humidity":-959.04,"TIMESTAMP":"2022-11-28T03:13:47.402Z","BATT":100,"INTERVAL":300},{"modelID":"ba-f4-64-09-bf-cf","modelType":"Wi-SHT10","DATAS":["Temperature","Humidity"],"Temperature":4.63,"Humidity":-959.04,"TIMESTAMP":"2022-11-28T03:08:31.638Z","BATT":100,"INTERVAL":300},{"modelID":"ba-f4-64-09-bf-cf","modelType":"Wi-SHT10","DATAS":["Temperature","Humidity"],"Temperature":3.56,"Humidity":-959.04,"TIMESTAMP":"2022-11-28T03:03:24.049Z","BATT":100,"INTERVAL":300},{"modelID":"ba-f4-64-09-bf-cf","modelType":"Wi-SHT10","DATAS":["Temperature","Humidity"],"Temperature":3.32,"Humidity":-959.04,"TIMESTAMP":"2022-11-28T02:58:39.326Z","BATT":100,"INTERVAL":300},{"modelID":"ba-f4-64-09-bf-cf","modelType":"Wi-SHT10","DATAS":["Temperature","Humidity"],"Temperature":4.33,"Humidity":-959.04,"TIMESTAMP":"2022-11-28T02:53:22.383Z","BATT":100,"INTERVAL":300},{"modelID":"ba-f4-64-09-bf-cf","modelType":"Wi-SHT10","DATAS":["Temperature","Humidity"],"Temperature":4.43,"Humidity":-959.04,"TIMESTAMP":"2022-11-28T02:48:12.640Z","BATT":100,"INTERVAL":300},{"modelID":"ba-f4-64-09-bf-cf","modelType":"Wi-SHT10","DATAS":["Temperature","Humidity"],"Temperature":3.06,"Humidity":-959.04,"TIMESTAMP":"2022-11-28T02:43:32.161Z","BATT":100,"INTERVAL":300},{"modelID":"ba-f4-64-09-bf-cf","modelType":"Wi-SHT10","DATAS":["Temperature","Humidity"],"Temperature":3.96,"Humidity":-959.04,"TIMESTAMP":"2022-11-28T02:37:50.828Z","BATT":100,"INTERVAL":300},{"modelID":"ba-f4-64-09-bf-cf","modelType":"Wi-SHT10","DATAS":["Temperature","Humidity"],"Temperature":4.6,"Humidity":-959.04,"TIMESTAMP":"2022-11-28T02:32:45.305Z","BATT":100,"INTERVAL":300},{"modelID":"ba-f4-64-09-bf-cf","modelType":"Wi-SHT10","DATAS":["Temperature","Humidity"],"Temperature":3.53,"Humidity":-959.04,"TIMESTAMP":"2022-11-28T02:27:49.946Z","BATT":100,"INTERVAL":300},{"modelID":"ba-f4-64-09-bf-cf","modelType":"Wi-SHT10","DATAS":["Temperature","Humidity"],"Temperature":3.26,"Humidity":-959.04,"TIMESTAMP":"2022-11-28T02:23:24.729Z","BATT":100,"INTERVAL":300},{"modelID":"ba-f4-64-09-bf-cf","modelType":"Wi-SHT10","DATAS":["Temperature","Humidity"],"Temperature":4.27,"Humidity":-959.04,"TIMESTAMP":"2022-11-28T02:18:20.592Z","BATT":100,"INTERVAL":300},{"modelID":"ba-f4-64-09-bf-cf","modelType":"Wi-SHT10","DATAS":["Temperature","Humidity"],"Temperature":4.57,"Humidity":-959.04,"TIMESTAMP":"2022-11-28T02:13:21.191Z","BATT":100,"INTERVAL":300},{"modelID":"ba-f4-64-09-bf-cf","modelType":"Wi-SHT10","DATAS":["Temperature","Humidity"],"Temperature":3.09,"Humidity":-959.04,"TIMESTAMP":"2022-11-28T02:07:54.546Z","BATT":100,"INTERVAL":300},{"modelID":"ba-f4-64-09-bf-cf","modelType":"Wi-SHT10","DATAS":["Temperature","Humidity"],"Temperature":3.79,"Humidity":-959.04,"TIMESTAMP":"2022-11-28T02:03:00.296Z","BATT":100,"INTERVAL":300},{"modelID":"ba-f4-64-09-bf-cf","modelType":"Wi-SHT10","DATAS":["Temperature","Humidity"],"Temperature":4.53,"Humidity":-959.04,"TIMESTAMP":"2022-11-28T01:58:44.363Z","BATT":100,"INTERVAL":300},{"modelID":"ba-f4-64-09-bf-cf","modelType":"Wi-SHT10","DATAS":["Temperature","Humidity"],"Temperature":3.73,"Humidity":-959.04,"TIMESTAMP":"2022-11-28T01:52:56.962Z","BATT":100,"INTERVAL":300},{"modelID":"ba-f4-64-09-bf-cf","modelType":"Wi-SHT10","DATAS":["Temperature","Humidity"],"Temperature":3.16,"Humidity":-959.04,"TIMESTAMP":"2022-11-28T01:48:24.776Z","BATT":100,"INTERVAL":300},{"modelID":"ba-f4-64-09-bf-cf","modelType":"Wi-SHT10","DATAS":["Temperature","Humidity"],"Temperature":4.27,"Humidity":-959.04,"TIMESTAMP":"2022-11-28T01:42:52.162Z","BATT":100,"INTERVAL":300},{"modelID":"ba-f4-64-09-bf-cf","modelType":"Wi-SHT10","DATAS":["Temperature","Humidity"],"Temperature":3.59,"Humidity":-959.04,"TIMESTAMP":"2022-11-28T01:28:25.271Z","BATT":100,"INTERVAL":300},{"modelID":"ba-f4-64-09-bf-cf","modelType":"Wi-SHT10","DATAS":["Temperature","Humidity"],"Temperature":4.13,"Humidity":-959.04,"TIMESTAMP":"2022-11-28T01:07:52.365Z","BATT":100,"INTERVAL":300},{"modelID":"ba-f4-64-09-bf-cf","modelType":"Wi-SHT10","DATAS":["Temperature","Humidity"],"Temperature":4.6,"Humidity":-959.04,"TIMESTAMP":"2022-11-28T01:02:50.288Z","BATT":100,"INTERVAL":300},{"modelID":"ba-f4-64-09-bf-cf","modelType":"Wi-SHT10","DATAS":["Temperature","Humidity"],"Temperature":3.36,"Humidity":-959.04,"TIMESTAMP":"2022-11-28T00:58:11.164Z","BATT":100,"INTERVAL":300},{"modelID":"ba-f4-64-09-bf-cf","modelType":"Wi-SHT10","DATAS":["Temperature","Humidity"],"Temperature":3.46,"Humidity":-959.04,"TIMESTAMP":"2022-11-28T00:53:23.895Z","BATT":100,"INTERVAL":300},{"modelID":"ba-f4-64-09-bf-cf","modelType":"Wi-SHT10","DATAS":["Temperature","Humidity"],"Temperature":4.43,"Humidity":-959.04,"TIMESTAMP":"2022-11-28T00:48:00.938Z","BATT":100,"INTERVAL":300},{"modelID":"ba-f4-64-09-bf-cf","modelType":"Wi-SHT10","DATAS":["Temperature","Humidity"],"Temperature":4.47,"Humidity":-959.04,"TIMESTAMP":"2022-11-28T00:43:35.866Z","BATT":100,"INTERVAL":300},{"modelID":"ba-f4-64-09-bf-cf","modelType":"Wi-SHT10","DATAS":["Temperature","Humidity"],"Temperature":4.57,"Humidity":-959.04,"TIMESTAMP":"2022-11-28T00:28:06.598Z","BATT":100,"INTERVAL":300},{"modelID":"ba-f4-64-09-bf-cf","modelType":"Wi-SHT10","DATAS":["Temperature","Humidity"],"Temperature":3.66,"Humidity":-959.04,"TIMESTAMP":"2022-11-28T00:23:35.056Z","BATT":100,"INTERVAL":300},{"modelID":"ba-f4-64-09-bf-cf","modelType":"Wi-SHT10","DATAS":["Temperature","Humidity"],"Temperature":3.29,"Humidity":-959.04,"TIMESTAMP":"2022-11-28T00:18:40.865Z","BATT":100,"INTERVAL":300},{"modelID":"ba-f4-64-09-bf-cf","modelType":"Wi-SHT10","DATAS":["Temperature","Humidity"],"Temperature":4.4,"Humidity":-959.04,"TIMESTAMP":"2022-11-28T00:13:00.759Z","BATT":100,"INTERVAL":300},{"modelID":"ba-f4-64-09-bf-cf","modelType":"Wi-SHT10","DATAS":["Temperature","Humidity"],"Temperature":4.53,"Humidity":-959.04,"TIMESTAMP":"2022-11-28T00:08:25.555Z","BATT":100,"INTERVAL":300},{"modelID":"ba-f4-64-09-bf-cf","modelType":"Wi-SHT10","DATAS":["Temperature","Humidity"],"Temperature":3.02,"Humidity":-959.04,"TIMESTAMP":"2022-11-28T00:02:56.165Z","BATT":100,"INTERVAL":300},{"modelID":"ba-f4-64-09-bf-cf","modelType":"Wi-SHT10","DATAS":["Temperature","Humidity"],"Temperature":3.79,"Humidity":-959.04,"TIMESTAMP":"2022-11-27T23:58:22.237Z","BATT":100,"INTERVAL":300},{"modelID":"ba-f4-64-09-bf-cf","modelType":"Wi-SHT10","DATAS":["Temperature","Humidity"],"Temperature":4.57,"Humidity":-959.04,"TIMESTAMP":"2022-11-27T23:53:32.483Z","BATT":100,"INTERVAL":300},{"modelID":"ba-f4-64-09-bf-cf","modelType":"Wi-SHT10","DATAS":["Temperature","Humidity"],"Temperature":3.96,"Humidity":-959.04,"TIMESTAMP":"2022-11-27T23:48:34.151Z","BATT":100,"INTERVAL":300},{"modelID":"ba-f4-64-09-bf-cf","modelType":"Wi-SHT10","DATAS":["Temperature","Humidity"],"Temperature":3.29,"Humidity":-959.04,"TIMESTAMP":"2022-11-27T23:42:55.827Z","BATT":100,"INTERVAL":300},{"modelID":"ba-f4-64-09-bf-cf","modelType":"Wi-SHT10","DATAS":["Temperature","Humidity"],"Temperature":4.2,"Humidity":-959.04,"TIMESTAMP":"2022-11-27T23:38:21.420Z","BATT":100,"INTERVAL":300},{"modelID":"ba-f4-64-09-bf-cf","modelType":"Wi-SHT10","DATAS":["Temperature","Humidity"],"Temperature":4.57,"Humidity":-959.04,"TIMESTAMP":"2022-11-27T23:33:08.646Z","BATT":100,"INTERVAL":300},{"modelID":"ba-f4-64-09-bf-cf","modelType":"Wi-SHT10","DATAS":["Temperature","Humidity"],"Temperature":3.19,"Humidity":-959.04,"TIMESTAMP":"2022-11-27T23:28:05.088Z","BATT":100,"INTERVAL":300},{"modelID":"ba-f4-64-09-bf-cf","modelType":"Wi-SHT10","DATAS":["Temperature","Humidity"],"Temperature":3.63,"Humidity":-959.04,"TIMESTAMP":"2022-11-27T23:23:24.891Z","BATT":100,"INTERVAL":300},{"modelID":"ba-f4-64-09-bf-cf","modelType":"Wi-SHT10","DATAS":["Temperature","Humidity"],"Temperature":4.5,"Humidity":-959.04,"TIMESTAMP":"2022-11-27T23:18:04.844Z","BATT":100,"INTERVAL":300},{"modelID":"ba-f4-64-09-bf-cf","modelType":"Wi-SHT10","DATAS":["Temperature","Humidity"],"Temperature":4.03,"Humidity":-959.04,"TIMESTAMP":"2022-11-27T23:12:52.421Z","BATT":100,"INTERVAL":300},{"modelID":"ba-f4-64-09-bf-cf","modelType":"Wi-SHT10","DATAS":["Temperature","Humidity"],"Temperature":2.99,"Humidity":-959.04,"TIMESTAMP":"2022-11-27T23:08:31.703Z","BATT":100,"INTERVAL":300},{"modelID":"ba-f4-64-09-bf-cf","modelType":"Wi-SHT10","DATAS":["Temperature","Humidity"],"Temperature":3.96,"Humidity":-959.04,"TIMESTAMP":"2022-11-27T23:03:47.618Z","BATT":100,"INTERVAL":300},{"modelID":"ba-f4-64-09-bf-cf","modelType":"Wi-SHT10","DATAS":["Temperature","Humidity"],"Temperature":4.63,"Humidity":-959.04,"TIMESTAMP":"2022-11-27T22:57:59.148Z","BATT":100,"INTERVAL":300},{"modelID":"ba-f4-64-09-bf-cf","modelType":"Wi-SHT10","DATAS":["Temperature","Humidity"],"Temperature":3.42,"Humidity":-959.04,"TIMESTAMP":"2022-11-27T22:53:19.227Z","BATT":100,"INTERVAL":300},{"modelID":"ba-f4-64-09-bf-cf","modelType":"Wi-SHT10","DATAS":["Temperature","Humidity"],"Temperature":3.49,"Humidity":-959.04,"TIMESTAMP":"2022-11-27T22:48:03.677Z","BATT":100,"INTERVAL":300},{"modelID":"ba-f4-64-09-bf-cf","modelType":"Wi-SHT10","DATAS":["Temperature","Humidity"],"Temperature":4.37,"Humidity":-959.04,"TIMESTAMP":"2022-11-27T22:43:23.619Z","BATT":100,"INTERVAL":300},{"modelID":"ba-f4-64-09-bf-cf","modelType":"Wi-SHT10","DATAS":["Temperature","Humidity"],"Temperature":4.43,"Humidity":-959.04,"TIMESTAMP":"2022-11-27T22:38:12.944Z","BATT":100,"INTERVAL":300},{"modelID":"ba-f4-64-09-bf-cf","modelType":"Wi-SHT10","DATAS":["Temperature","Humidity"],"Temperature":3.06,"Humidity":-959.04,"TIMESTAMP":"2022-11-27T22:33:29.412Z","BATT":100,"INTERVAL":300},{"modelID":"ba-f4-64-09-bf-cf","modelType":"Wi-SHT10","DATAS":["Temperature","Humidity"],"Temperature":3.83,"Humidity":-959.04,"TIMESTAMP":"2022-11-27T22:28:47.797Z","BATT":100,"INTERVAL":300},{"modelID":"ba-f4-64-09-bf-cf","modelType":"Wi-SHT10","DATAS":["Temperature","Humidity"],"Temperature":4.63,"Humidity":-959.04,"TIMESTAMP":"2022-11-27T22:22:55.569Z","BATT":100,"INTERVAL":300},{"modelID":"ba-f4-64-09-bf-cf","modelType":"Wi-SHT10","DATAS":["Temperature","Humidity"],"Temperature":3.79,"Humidity":-959.04,"TIMESTAMP":"2022-11-27T22:18:34.677Z","BATT":100,"INTERVAL":300},{"modelID":"ba-f4-64-09-bf-cf","modelType":"Wi-SHT10","DATAS":["Temperature","Humidity"],"Temperature":3.29,"Humidity":-959.04,"TIMESTAMP":"2022-11-27T22:13:25.832Z","BATT":100,"INTERVAL":300},{"modelID":"ba-f4-64-09-bf-cf","modelType":"Wi-SHT10","DATAS":["Temperature","Humidity"],"Temperature":4.27,"Humidity":-959.04,"TIMESTAMP":"2022-11-27T22:08:25.235Z","BATT":100,"INTERVAL":300},{"modelID":"ba-f4-64-09-bf-cf","modelType":"Wi-SHT10","DATAS":["Temperature","Humidity"],"Temperature":4.5,"Humidity":-959.04,"TIMESTAMP":"2022-11-27T22:02:56.952Z","BATT":100,"INTERVAL":300},{"modelID":"ba-f4-64-09-bf-cf","modelType":"Wi-SHT10","DATAS":["Temperature","Humidity"],"Temperature":3.16,"Humidity":-959.04,"TIMESTAMP":"2022-11-27T21:58:46.537Z","BATT":100,"INTERVAL":300},{"modelID":"ba-f4-64-09-bf-cf","modelType":"Wi-SHT10","DATAS":["Temperature","Humidity"],"Temperature":3.86,"Humidity":-959.04,"TIMESTAMP":"2022-11-27T21:52:52.258Z","BATT":100,"INTERVAL":300},{"modelID":"ba-f4-64-09-bf-cf","modelType":"Wi-SHT10","DATAS":["Temperature","Humidity"],"Temperature":4.6,"Humidity":-959.04,"TIMESTAMP":"2022-11-27T21:48:15.912Z","BATT":100,"INTERVAL":300},{"modelID":"ba-f4-64-09-bf-cf","modelType":"Wi-SHT10","DATAS":["Temperature","Humidity"],"Temperature":3.76,"Humidity":-959.04,"TIMESTAMP":"2022-11-27T21:42:57.057Z","BATT":100,"INTERVAL":300},{"modelID":"ba-f4-64-09-bf-cf","modelType":"Wi-SHT10","DATAS":["Temperature","Humidity"],"Temperature":3.16,"Humidity":-959.04,"TIMESTAMP":"2022-11-27T21:38:26.131Z","BATT":100,"INTERVAL":300},{"modelID":"ba-f4-64-09-bf-cf","modelType":"Wi-SHT10","DATAS":["Temperature","Humidity"],"Temperature":4.27,"Humidity":-959.04,"TIMESTAMP":"2022-11-27T21:32:52.314Z","BATT":100,"INTERVAL":300},{"modelID":"ba-f4-64-09-bf-cf","modelType":"Wi-SHT10","DATAS":["Temperature","Humidity"],"Temperature":4.6,"Humidity":-959.04,"TIMESTAMP":"2022-11-27T21:28:09.264Z","BATT":100,"INTERVAL":300},{"modelID":"ba-f4-64-09-bf-cf","modelType":"Wi-SHT10","DATAS":["Temperature","Humidity"],"Temperature":3.19,"Humidity":-959.04,"TIMESTAMP":"2022-11-27T21:23:05.730Z","BATT":100,"INTERVAL":300},{"modelID":"ba-f4-64-09-bf-cf","modelType":"Wi-SHT10","DATAS":["Temperature","Humidity"],"Temperature":3.63,"Humidity":-959.04,"TIMESTAMP":"2022-11-27T21:18:25.565Z","BATT":100,"INTERVAL":300},{"modelID":"ba-f4-64-09-bf-cf","modelType":"Wi-SHT10","DATAS":["Temperature","Humidity"],"Temperature":4.5,"Humidity":-959.04,"TIMESTAMP":"2022-11-27T21:13:05.184Z","BATT":100,"INTERVAL":300},{"modelID":"ba-f4-64-09-bf-cf","modelType":"Wi-SHT10","DATAS":["Temperature","Humidity"],"Temperature":4.03,"Humidity":-959.04,"TIMESTAMP":"2022-11-27T21:07:57.216Z","BATT":100,"INTERVAL":300},{"modelID":"ba-f4-64-09-bf-cf","modelType":"Wi-SHT10","DATAS":["Temperature","Humidity"],"Temperature":3.16,"Humidity":-959.04,"TIMESTAMP":"2022-11-27T21:02:47.604Z","BATT":100,"INTERVAL":300},{"modelID":"ba-f4-64-09-bf-cf","modelType":"Wi-SHT10","DATAS":["Temperature","Humidity"],"Temperature":4.13,"Humidity":-959.04,"TIMESTAMP":"2022-11-27T20:57:52.491Z","BATT":100,"INTERVAL":300},{"modelID":"ba-f4-64-09-bf-cf","modelType":"Wi-SHT10","DATAS":["Temperature","Humidity"],"Temperature":4.6,"Humidity":-959.04,"TIMESTAMP":"2022-11-27T20:53:35.095Z","BATT":100,"INTERVAL":300},{"modelID":"ba-f4-64-09-bf-cf","modelType":"Wi-SHT10","DATAS":["Temperature","Humidity"],"Temperature":3.29,"Humidity":-959.04,"TIMESTAMP":"2022-11-27T20:47:59.776Z","BATT":100,"INTERVAL":300},{"modelID":"ba-f4-64-09-bf-cf","modelType":"Wi-SHT10","DATAS":["Temperature","Humidity"],"Temperature":3.42,"Humidity":-959.04,"TIMESTAMP":"2022-11-27T20:43:41.018Z","BATT":100,"INTERVAL":300},{"modelID":"ba-f4-64-09-bf-cf","modelType":"Wi-SHT10","DATAS":["Temperature","Humidity"],"Temperature":4.4,"Humidity":-959.04,"TIMESTAMP":"2022-11-27T20:38:41.093Z","BATT":100,"INTERVAL":300},{"modelID":"ba-f4-64-09-bf-cf","modelType":"Wi-SHT10","DATAS":["Temperature","Humidity"],"Temperature":4.4,"Humidity":-959.04,"TIMESTAMP":"2022-11-27T20:33:13.459Z","BATT":100,"INTERVAL":300},{"modelID":"ba-f4-64-09-bf-cf","modelType":"Wi-SHT10","DATAS":["Temperature","Humidity"],"Temperature":3.06,"Humidity":-959.04,"TIMESTAMP":"2022-11-27T20:28:33.415Z","BATT":100,"INTERVAL":300},{"modelID":"ba-f4-64-09-bf-cf","modelType":"Wi-SHT10","DATAS":["Temperature","Humidity"],"Temperature":4,"Humidity":-959.04,"TIMESTAMP":"2022-11-27T20:22:52.741Z","BATT":100,"INTERVAL":300},{"modelID":"ba-f4-64-09-bf-cf","modelType":"Wi-SHT10","DATAS":["Temperature","Humidity"],"Temperature":4.6,"Humidity":-959.04,"TIMESTAMP":"2022-11-27T20:18:19.974Z","BATT":100,"INTERVAL":300},{"modelID":"ba-f4-64-09-bf-cf","modelType":"Wi-SHT10","DATAS":["Temperature","Humidity"],"Temperature":3.49,"Humidity":-959.04,"TIMESTAMP":"2022-11-27T20:12:59.965Z","BATT":100,"INTERVAL":300},{"modelID":"ba-f4-64-09-bf-cf","modelType":"Wi-SHT10","DATAS":["Temperature","Humidity"],"Temperature":4.37,"Humidity":-959.04,"TIMESTAMP":"2022-11-27T20:03:01.060Z","BATT":100,"INTERVAL":300},{"modelID":"ba-f4-64-09-bf-cf","modelType":"Wi-SHT10","DATAS":["Temperature","Humidity"],"Temperature":4.53,"Humidity":-959.04,"TIMESTAMP":"2022-11-27T19:58:24.496Z","BATT":100,"INTERVAL":300},{"modelID":"ba-f4-64-09-bf-cf","modelType":"Wi-SHT10","DATAS":["Temperature","Humidity"],"Temperature":3.12,"Humidity":-959.04,"TIMESTAMP":"2022-11-27T19:53:16.407Z","BATT":100,"INTERVAL":300},{"modelID":"ba-f4-64-09-bf-cf","modelType":"Wi-SHT10","DATAS":["Temperature","Humidity"],"Temperature":3.76,"Humidity":-959.04,"TIMESTAMP":"2022-11-27T19:48:22.570Z","BATT":100,"INTERVAL":300},{"modelID":"ba-f4-64-09-bf-cf","modelType":"Wi-SHT10","DATAS":["Temperature","Humidity"],"Temperature":4.57,"Humidity":-959.04,"TIMESTAMP":"2022-11-27T19:42:56.460Z","BATT":100,"INTERVAL":300},{"modelID":"ba-f4-64-09-bf-cf","modelType":"Wi-SHT10","DATAS":["Temperature","Humidity"],"Temperature":3.79,"Humidity":-959.04,"TIMESTAMP":"2022-11-27T19:37:57.677Z","BATT":100,"INTERVAL":300},{"modelID":"ba-f4-64-09-bf-cf","modelType":"Wi-SHT10","DATAS":["Temperature","Humidity"],"Temperature":3.16,"Humidity":-959.04,"TIMESTAMP":"2022-11-27T19:33:26.658Z","BATT":100,"INTERVAL":300},{"modelID":"ba-f4-64-09-bf-cf","modelType":"Wi-SHT10","DATAS":["Temperature","Humidity"],"Temperature":4.27,"Humidity":-959.04,"TIMESTAMP":"2022-11-27T19:27:53.021Z","BATT":100,"INTERVAL":300},{"modelID":"ba-f4-64-09-bf-cf","modelType":"Wi-SHT10","DATAS":["Temperature","Humidity"],"Temperature":4.6,"Humidity":-959.04,"TIMESTAMP":"2022-11-27T19:23:26.208Z","BATT":100,"INTERVAL":300},{"modelID":"ba-f4-64-09-bf-cf","modelType":"Wi-SHT10","DATAS":["Temperature","Humidity"],"Temperature":3.32,"Humidity":-959.04,"TIMESTAMP":"2022-11-27T19:18:36.595Z","BATT":100,"INTERVAL":300},{"modelID":"ba-f4-64-09-bf-cf","modelType":"Wi-SHT10","DATAS":["Temperature","Humidity"],"Temperature":3.59,"Humidity":-959.04,"TIMESTAMP":"2022-11-27T19:13:26.208Z","BATT":100,"INTERVAL":300},{"modelID":"ba-f4-64-09-bf-cf","modelType":"Wi-SHT10","DATAS":["Temperature","Humidity"],"Temperature":4.5,"Humidity":-959.04,"TIMESTAMP":"2022-11-27T19:07:57.119Z","BATT":100,"INTERVAL":300},{"modelID":"ba-f4-64-09-bf-cf","modelType":"Wi-SHT10","DATAS":["Temperature","Humidity"],"Temperature":4.2,"Humidity":-959.04,"TIMESTAMP":"2022-11-27T19:03:13.924Z","BATT":100,"INTERVAL":300},{"modelID":"ba-f4-64-09-bf-cf","modelType":"Wi-SHT10","DATAS":["Temperature","Humidity"],"Temperature":3.06,"Humidity":-959.04,"TIMESTAMP":"2022-11-27T18:58:16.483Z","BATT":100,"INTERVAL":300},{"modelID":"ba-f4-64-09-bf-cf","modelType":"Wi-SHT10","DATAS":["Temperature","Humidity"],"Temperature":3.93,"Humidity":-959.04,"TIMESTAMP":"2022-11-27T18:53:51.115Z","BATT":100,"INTERVAL":300},{"modelID":"ba-f4-64-09-bf-cf","modelType":"Wi-SHT10","DATAS":["Temperature","Humidity"],"Temperature":4.63,"Humidity":-959.04,"TIMESTAMP":"2022-11-27T18:48:00.272Z","INTERVAL":300},{"modelID":"ba-f4-64-09-bf-cf","modelType":"Wi-SHT10","DATAS":["Temperature","Humidity"],"Temperature":3.42,"Humidity":-959.04,"TIMESTAMP":"2022-11-27T18:43:20.473Z","BATT":100,"INTERVAL":300},{"modelID":"ba-f4-64-09-bf-cf","modelType":"Wi-SHT10","DATAS":["Temperature","Humidity"],"Temperature":3.49,"Humidity":-959.04,"TIMESTAMP":"2022-11-27T18:38:04.942Z","BATT":100,"INTERVAL":300},{"modelID":"ba-f4-64-09-bf-cf","modelType":"Wi-SHT10","DATAS":["Temperature","Humidity"],"Temperature":4.37,"Humidity":-959.04,"TIMESTAMP":"2022-11-27T18:33:26.375Z","BATT":100,"INTERVAL":300},{"modelID":"ba-f4-64-09-bf-cf","modelType":"Wi-SHT10","DATAS":["Temperature","Humidity"],"Temperature":4.5,"Humidity":-959.04,"TIMESTAMP":"2022-11-27T18:28:14.162Z","BATT":100,"INTERVAL":300},{"modelID":"ba-f4-64-09-bf-cf","modelType":"Wi-SHT10","DATAS":["Temperature","Humidity"],"Temperature":3.06,"Humidity":-959.04,"TIMESTAMP":"2022-11-27T18:23:16.725Z","BATT":100,"INTERVAL":300},{"modelID":"ba-f4-64-09-bf-cf","modelType":"Wi-SHT10","DATAS":["Temperature","Humidity"],"Temperature":3.93,"Humidity":-959.04,"TIMESTAMP":"2022-11-27T18:17:53.415Z","BATT":100,"INTERVAL":300},{"modelID":"ba-f4-64-09-bf-cf","modelType":"Wi-SHT10","DATAS":["Temperature","Humidity"],"Temperature":4.6,"Humidity":-959.04,"TIMESTAMP":"2022-11-27T18:13:06.707Z","BATT":100,"INTERVAL":300},{"modelID":"ba-f4-64-09-bf-cf","modelType":"Wi-SHT10","DATAS":["Temperature","Humidity"],"Temperature":3.63,"Humidity":-959.04,"TIMESTAMP":"2022-11-27T18:07:58.180Z","BATT":100,"INTERVAL":300},{"modelID":"ba-f4-64-09-bf-cf","modelType":"Wi-SHT10","DATAS":["Temperature","Humidity"],"Temperature":3.16,"Humidity":-959.04,"TIMESTAMP":"2022-11-27T18:03:27.138Z","BATT":100,"INTERVAL":300},{"modelID":"ba-f4-64-09-bf-cf","modelType":"Wi-SHT10","DATAS":["Temperature","Humidity"],"Temperature":4.27,"Humidity":-959.04,"TIMESTAMP":"2022-11-27T17:58:01.737Z","BATT":100,"INTERVAL":300},{"modelID":"ba-f4-64-09-bf-cf","modelType":"Wi-SHT10","DATAS":["Temperature","Humidity"],"Temperature":4.53,"Humidity":-959.04,"TIMESTAMP":"2022-11-27T17:52:54.219Z","BATT":100,"INTERVAL":300},{"modelID":"ba-f4-64-09-bf-cf","modelType":"Wi-SHT10","DATAS":["Temperature","Humidity"],"Temperature":3.22,"Humidity":-959.04,"TIMESTAMP":"2022-11-27T17:48:44.163Z","BATT":100,"INTERVAL":300},{"modelID":"ba-f4-64-09-bf-cf","modelType":"Wi-SHT10","DATAS":["Temperature","Humidity"],"Temperature":3.73,"Humidity":-959.04,"TIMESTAMP":"2022-11-27T17:43:03.039Z","BATT":100,"INTERVAL":300},{"modelID":"ba-f4-64-09-bf-cf","modelType":"Wi-SHT10","DATAS":["Temperature","Humidity"],"Temperature":4.47,"Humidity":-959.04,"TIMESTAMP":"2022-11-27T17:38:40.329Z","BATT":100,"INTERVAL":300},{"modelID":"ba-f4-64-09-bf-cf","modelType":"Wi-SHT10","DATAS":["Temperature","Humidity"],"Temperature":4.1,"Humidity":-959.04,"TIMESTAMP":"2022-11-27T17:33:25.968Z","BATT":100,"INTERVAL":300},{"modelID":"ba-f4-64-09-bf-cf","modelType":"Wi-SHT10","DATAS":["Temperature","Humidity"],"Temperature":3.12,"Humidity":-959.04,"TIMESTAMP":"2022-11-27T17:27:48.638Z","BATT":100,"INTERVAL":300},{"modelID":"ba-f4-64-09-bf-cf","modelType":"Wi-SHT10","DATAS":["Temperature","Humidity"],"Temperature":4.13,"Humidity":-959.04,"TIMESTAMP":"2022-11-27T17:22:53.647Z","BATT":100,"INTERVAL":300},{"modelID":"ba-f4-64-09-bf-cf","modelType":"Wi-SHT10","DATAS":["Temperature","Humidity"],"Temperature":4.6,"Humidity":-959.04,"TIMESTAMP":"2022-11-27T17:18:21.906Z","BATT":100,"INTERVAL":300},{"modelID":"ba-f4-64-09-bf-cf","modelType":"Wi-SHT10","DATAS":["Temperature","Humidity"],"Temperature":3.49,"Humidity":-959.04,"TIMESTAMP":"2022-11-27T17:13:38.510Z","BATT":100,"INTERVAL":300},{"modelID":"ba-f4-64-09-bf-cf","modelType":"Wi-SHT10","DATAS":["Temperature","Humidity"],"Temperature":3.56,"Humidity":-959.04,"TIMESTAMP":"2022-11-27T17:08:03.213Z","BATT":100,"INTERVAL":300},{"modelID":"ba-f4-64-09-bf-cf","modelType":"Wi-SHT10","DATAS":["Temperature","Humidity"],"Temperature":4.47,"Humidity":-959.04,"TIMESTAMP":"2022-11-27T17:03:00.118Z","BATT":100,"INTERVAL":300},{"modelID":"ba-f4-64-09-bf-cf","modelType":"Wi-SHT10","DATAS":["Temperature","Humidity"],"Temperature":4.3,"Humidity":-959.04,"TIMESTAMP":"2022-11-27T16:57:54.382Z","BATT":100,"INTERVAL":300},{"modelID":"ba-f4-64-09-bf-cf","modelType":"Wi-SHT10","DATAS":["Temperature","Humidity"],"Temperature":2.99,"Humidity":-959.04,"TIMESTAMP":"2022-11-27T16:53:20.976Z","BATT":100,"INTERVAL":300},{"modelID":"ba-f4-64-09-bf-cf","modelType":"Wi-SHT10","DATAS":["Temperature","Humidity"],"Temperature":3.9,"Humidity":-959.04,"TIMESTAMP":"2022-11-27T16:48:23.500Z","BATT":100,"INTERVAL":300},{"modelID":"ba-f4-64-09-bf-cf","modelType":"Wi-SHT10","DATAS":["Temperature","Humidity"],"Temperature":4.57,"Humidity":-959.04,"TIMESTAMP":"2022-11-27T16:43:26.054Z","BATT":100,"INTERVAL":300},{"modelID":"ba-f4-64-09-bf-cf","modelType":"Wi-SHT10","DATAS":["Temperature","Humidity"],"Temperature":3.49,"Humidity":-959.04,"TIMESTAMP":"2022-11-27T16:37:56.585Z","BATT":100,"INTERVAL":300},{"modelID":"ba-f4-64-09-bf-cf","modelType":"Wi-SHT10","DATAS":["Temperature","Humidity"],"Temperature":3.16,"Humidity":-959.04,"TIMESTAMP":"2022-11-27T16:18:20.368Z","BATT":100,"INTERVAL":300},{"modelID":"ba-f4-64-09-bf-cf","modelType":"Wi-SHT10","DATAS":["Temperature","Humidity"],"Temperature":3.69,"Humidity":-959.04,"TIMESTAMP":"2022-11-27T16:13:26.976Z","BATT":100,"INTERVAL":300},{"modelID":"ba-f4-64-09-bf-cf","modelType":"Wi-SHT10","DATAS":["Temperature","Humidity"],"Temperature":4.5,"Humidity":-959.04,"TIMESTAMP":"2022-11-27T16:08:33.735Z","BATT":100,"INTERVAL":300}],"DAYHOURS":["21","20","19","18","17","16","15","14","13","12","11","10","9","8","7","6","5","4","3","2","1","0"]}