{"SENSORNAME":"L4-Treatment room(daycare)","SENSORTYPE":"WISENSOR","DTUID":"-1","SENSORID":"BA-EC-6B-77-B9-E6","DATE0":"2022-11-28T12:14:57.221Z","DATE1":"2022-03-22T00:14:40.691Z","DAYDATA":[{"modelID":"ba-ec-6b-77-b9-e6","modelType":"Wi-SHT10A","DATAS":["Temperature","Humidity"],"Temperature":4.58,"Humidity":0,"TIMESTAMP":"2022-11-28T12:14:57.221Z","BATT":100,"INTERVAL":1200},{"modelID":"ba-ec-6b-77-b9-e6","modelType":"Wi-SHT10A","DATAS":["Temperature","Humidity"],"Temperature":4.52,"Humidity":0,"TIMESTAMP":"2022-11-28T11:54:33.211Z","BATT":100,"INTERVAL":1200},{"modelID":"ba-ec-6b-77-b9-e6","modelType":"Wi-SHT10A","DATAS":["Temperature","Humidity"],"Temperature":4.38,"Humidity":0,"TIMESTAMP":"2022-11-28T11:34:07.031Z","BATT":100,"INTERVAL":1200},{"modelID":"ba-ec-6b-77-b9-e6","modelType":"Wi-SHT10A","DATAS":["Temperature","Humidity"],"Temperature":4.31,"Humidity":0,"TIMESTAMP":"2022-11-28T11:14:15.384Z","BATT":100,"INTERVAL":1200},{"modelID":"ba-ec-6b-77-b9-e6","modelType":"Wi-SHT10A","DATAS":["Temperature","Humidity"],"Temperature":4.35,"Humidity":0,"TIMESTAMP":"2022-11-28T10:54:07.225Z","BATT":100,"INTERVAL":1200},{"modelID":"ba-ec-6b-77-b9-e6","modelType":"Wi-SHT10A","DATAS":["Temperature","Humidity"],"Temperature":4.31,"Humidity":0,"TIMESTAMP":"2022-11-28T10:34:15.577Z","BATT":100,"INTERVAL":1200},{"modelID":"ba-ec-6b-77-b9-e6","modelType":"Wi-SHT10A","DATAS":["Temperature","Humidity"],"Temperature":4.35,"Humidity":0,"TIMESTAMP":"2022-11-28T10:14:05.175Z","BATT":100,"INTERVAL":1200},{"modelID":"ba-ec-6b-77-b9-e6","modelType":"Wi-SHT10A","DATAS":["Temperature","Humidity"],"Temperature":4.28,"Humidity":0,"TIMESTAMP":"2022-11-28T09:54:43.973Z","BATT":100,"INTERVAL":1200},{"modelID":"ba-ec-6b-77-b9-e6","modelType":"Wi-SHT10A","DATAS":["Temperature","Humidity"],"Temperature":4.25,"Humidity":0,"TIMESTAMP":"2022-11-28T09:34:44.069Z","BATT":100,"INTERVAL":1200},{"modelID":"ba-ec-6b-77-b9-e6","modelType":"Wi-SHT10A","DATAS":["Temperature","Humidity"],"Temperature":4.25,"Humidity":0,"TIMESTAMP":"2022-11-28T09:14:44.168Z","BATT":100,"INTERVAL":1200},{"modelID":"ba-ec-6b-77-b9-e6","modelType":"Wi-SHT10A","DATAS":["Temperature","Humidity"],"Temperature":4.25,"Humidity":0,"TIMESTAMP":"2022-11-28T08:54:44.270Z","BATT":100,"INTERVAL":1200},{"modelID":"ba-ec-6b-77-b9-e6","modelType":"Wi-SHT10A","DATAS":["Temperature","Humidity"],"Temperature":4.25,"Humidity":0,"TIMESTAMP":"2022-11-28T08:34:37.610Z","BATT":100,"INTERVAL":1200},{"modelID":"ba-ec-6b-77-b9-e6","modelType":"Wi-SHT10A","DATAS":["Temperature","Humidity"],"Temperature":4.18,"Humidity":0,"TIMESTAMP":"2022-11-28T08:14:25.032Z","BATT":100,"INTERVAL":1200},{"modelID":"ba-ec-6b-77-b9-e6","modelType":"Wi-SHT10A","DATAS":["Temperature","Humidity"],"Temperature":4.21,"Humidity":0,"TIMESTAMP":"2022-11-28T07:54:25.149Z","BATT":100,"INTERVAL":1200},{"modelID":"ba-ec-6b-77-b9-e6","modelType":"Wi-SHT10A","DATAS":["Temperature","Humidity"],"Temperature":4.21,"Humidity":0,"TIMESTAMP":"2022-11-28T07:34:08.220Z","BATT":100,"INTERVAL":1200},{"modelID":"ba-ec-6b-77-b9-e6","modelType":"Wi-SHT10A","DATAS":["Temperature","Humidity"],"Temperature":4.31,"Humidity":0,"TIMESTAMP":"2022-11-28T07:14:06.061Z","BATT":100,"INTERVAL":1200},{"modelID":"ba-ec-6b-77-b9-e6","modelType":"Wi-SHT10A","DATAS":["Temperature","Humidity"],"Temperature":4.28,"Humidity":0,"TIMESTAMP":"2022-11-28T06:54:08.401Z","BATT":100,"INTERVAL":1200},{"modelID":"ba-ec-6b-77-b9-e6","modelType":"Wi-SHT10A","DATAS":["Temperature","Humidity"],"Temperature":4.31,"Humidity":0,"TIMESTAMP":"2022-11-28T06:34:25.540Z","BATT":100,"INTERVAL":1200},{"modelID":"ba-ec-6b-77-b9-e6","modelType":"Wi-SHT10A","DATAS":["Temperature","Humidity"],"Temperature":4.21,"Humidity":0,"TIMESTAMP":"2022-11-28T06:14:06.362Z","BATT":100,"INTERVAL":1200},{"modelID":"ba-ec-6b-77-b9-e6","modelType":"Wi-SHT10A","DATAS":["Temperature","Humidity"],"Temperature":4.28,"Humidity":0,"TIMESTAMP":"2022-11-28T05:54:08.695Z","BATT":100,"INTERVAL":1200},{"modelID":"ba-ec-6b-77-b9-e6","modelType":"Wi-SHT10A","DATAS":["Temperature","Humidity"],"Temperature":4.31,"Humidity":0,"TIMESTAMP":"2022-11-28T05:34:08.816Z","BATT":100,"INTERVAL":1200},{"modelID":"ba-ec-6b-77-b9-e6","modelType":"Wi-SHT10A","DATAS":["Temperature","Humidity"],"Temperature":4.31,"Humidity":0,"TIMESTAMP":"2022-11-28T05:14:08.894Z","BATT":100,"INTERVAL":1200},{"modelID":"ba-ec-6b-77-b9-e6","modelType":"Wi-SHT10A","DATAS":["Temperature","Humidity"],"Temperature":4.31,"Humidity":0,"TIMESTAMP":"2022-11-28T04:54:06.747Z","BATT":100,"INTERVAL":1200},{"modelID":"ba-ec-6b-77-b9-e6","modelType":"Wi-SHT10A","DATAS":["Temperature","Humidity"],"Temperature":4.28,"Humidity":0,"TIMESTAMP":"2022-11-28T04:34:06.855Z","BATT":100,"INTERVAL":1200},{"modelID":"ba-ec-6b-77-b9-e6","modelType":"Wi-SHT10A","DATAS":["Temperature","Humidity"],"Temperature":4.28,"Humidity":0,"TIMESTAMP":"2022-11-28T04:14:06.959Z","BATT":100,"INTERVAL":1200},{"modelID":"ba-ec-6b-77-b9-e6","modelType":"Wi-SHT10A","DATAS":["Temperature","Humidity"],"Temperature":4.28,"Humidity":0,"TIMESTAMP":"2022-11-28T03:54:07.056Z","BATT":100,"INTERVAL":1200},{"modelID":"ba-ec-6b-77-b9-e6","modelType":"Wi-SHT10A","DATAS":["Temperature","Humidity"],"Temperature":4.28,"Humidity":0,"TIMESTAMP":"2022-11-28T03:34:07.157Z","BATT":100,"INTERVAL":1200},{"modelID":"ba-ec-6b-77-b9-e6","modelType":"Wi-SHT10A","DATAS":["Temperature","Humidity"],"Temperature":4.28,"Humidity":0,"TIMESTAMP":"2022-11-28T03:14:07.255Z","BATT":100,"INTERVAL":1200},{"modelID":"ba-ec-6b-77-b9-e6","modelType":"Wi-SHT10A","DATAS":["Temperature","Humidity"],"Temperature":4.28,"Humidity":0,"TIMESTAMP":"2022-11-28T02:54:47.161Z","BATT":100,"INTERVAL":1200},{"modelID":"ba-ec-6b-77-b9-e6","modelType":"Wi-SHT10A","DATAS":["Temperature","Humidity"],"Temperature":4.25,"Humidity":0,"TIMESTAMP":"2022-11-28T02:34:09.694Z","BATT":100,"INTERVAL":1200},{"modelID":"ba-ec-6b-77-b9-e6","modelType":"Wi-SHT10A","DATAS":["Temperature","Humidity"],"Temperature":4.31,"Humidity":0,"TIMESTAMP":"2022-11-28T02:14:09.780Z","BATT":100,"INTERVAL":1200},{"modelID":"ba-ec-6b-77-b9-e6","modelType":"Wi-SHT10A","DATAS":["Temperature","Humidity"],"Temperature":4.31,"Humidity":0,"TIMESTAMP":"2022-11-28T01:54:26.095Z","BATT":100,"INTERVAL":1200},{"modelID":"ba-ec-6b-77-b9-e6","modelType":"Wi-SHT10A","DATAS":["Temperature","Humidity"],"Temperature":4.45,"Humidity":0,"TIMESTAMP":"2022-11-28T01:34:55.908Z","BATT":100,"INTERVAL":1200},{"modelID":"ba-ec-6b-77-b9-e6","modelType":"Wi-SHT10A","DATAS":["Temperature","Humidity"],"Temperature":6.53,"Humidity":0,"TIMESTAMP":"2022-11-28T01:14:15.705Z","BATT":100,"INTERVAL":1200},{"modelID":"ba-ec-6b-77-b9-e6","modelType":"Wi-SHT10A","DATAS":["Temperature","Humidity"],"Temperature":5.52,"Humidity":0,"TIMESTAMP":"2022-11-28T00:54:11.955Z","BATT":100,"INTERVAL":1200},{"modelID":"ba-ec-6b-77-b9-e6","modelType":"Wi-SHT10A","DATAS":["Temperature","Humidity"],"Temperature":5.49,"Humidity":0,"TIMESTAMP":"2022-11-28T00:34:14.756Z","BATT":100,"INTERVAL":1200},{"modelID":"ba-ec-6b-77-b9-e6","modelType":"Wi-SHT10A","DATAS":["Temperature","Humidity"],"Temperature":5.52,"Humidity":0,"TIMESTAMP":"2022-11-28T00:14:27.951Z","BATT":100,"INTERVAL":1200},{"modelID":"ba-ec-6b-77-b9-e6","modelType":"Wi-SHT10A","DATAS":["Temperature","Humidity"],"Temperature":5.46,"Humidity":0,"TIMESTAMP":"2022-11-27T23:54:27.272Z","BATT":100,"INTERVAL":1200},{"modelID":"ba-ec-6b-77-b9-e6","modelType":"Wi-SHT10A","DATAS":["Temperature","Humidity"],"Temperature":5.25,"Humidity":0,"TIMESTAMP":"2022-11-27T23:14:16.402Z","BATT":100,"INTERVAL":1200},{"modelID":"ba-ec-6b-77-b9-e6","modelType":"Wi-SHT10A","DATAS":["Temperature","Humidity"],"Temperature":4.99,"Humidity":0,"TIMESTAMP":"2022-11-27T22:54:41.050Z","BATT":100,"INTERVAL":1200},{"modelID":"ba-ec-6b-77-b9-e6","modelType":"Wi-SHT10A","DATAS":["Temperature","Humidity"],"Temperature":4.78,"Humidity":0,"TIMESTAMP":"2022-11-27T22:34:46.066Z","BATT":100,"INTERVAL":1200},{"modelID":"ba-ec-6b-77-b9-e6","modelType":"Wi-SHT10A","DATAS":["Temperature","Humidity"],"Temperature":4.68,"Humidity":0,"TIMESTAMP":"2022-11-27T22:14:40.857Z","BATT":100,"INTERVAL":1200},{"modelID":"ba-ec-6b-77-b9-e6","modelType":"Wi-SHT10A","DATAS":["Temperature","Humidity"],"Temperature":4.65,"Humidity":0,"TIMESTAMP":"2022-11-27T21:54:26.412Z","BATT":100,"INTERVAL":1200},{"modelID":"ba-ec-6b-77-b9-e6","modelType":"Wi-SHT10A","DATAS":["Temperature","Humidity"],"Temperature":4.55,"Humidity":0,"TIMESTAMP":"2022-11-27T21:34:19.598Z","BATT":100,"INTERVAL":1200},{"modelID":"ba-ec-6b-77-b9-e6","modelType":"Wi-SHT10A","DATAS":["Temperature","Humidity"],"Temperature":4.35,"Humidity":0,"TIMESTAMP":"2022-11-27T21:14:47.731Z","BATT":100,"INTERVAL":1200},{"modelID":"ba-ec-6b-77-b9-e6","modelType":"Wi-SHT10A","DATAS":["Temperature","Humidity"],"Temperature":4.25,"Humidity":0,"TIMESTAMP":"2022-11-27T20:54:28.420Z","BATT":100,"INTERVAL":1200},{"modelID":"ba-ec-6b-77-b9-e6","modelType":"Wi-SHT10A","DATAS":["Temperature","Humidity"],"Temperature":4.21,"Humidity":0,"TIMESTAMP":"2022-11-27T20:34:41.180Z","BATT":100,"INTERVAL":1200},{"modelID":"ba-ec-6b-77-b9-e6","modelType":"Wi-SHT10A","DATAS":["Temperature","Humidity"],"Temperature":4.15,"Humidity":0,"TIMESTAMP":"2022-11-27T19:54:37.958Z","BATT":100,"INTERVAL":1200},{"modelID":"ba-ec-6b-77-b9-e6","modelType":"Wi-SHT10A","DATAS":["Temperature","Humidity"],"Temperature":4.38,"Humidity":0,"TIMESTAMP":"2022-11-27T19:34:11.770Z","BATT":100,"INTERVAL":1200},{"modelID":"ba-ec-6b-77-b9-e6","modelType":"Wi-SHT10A","DATAS":["Temperature","Humidity"],"Temperature":4.31,"Humidity":0,"TIMESTAMP":"2022-11-27T19:14:38.160Z","BATT":100,"INTERVAL":1200},{"modelID":"ba-ec-6b-77-b9-e6","modelType":"Wi-SHT10A","DATAS":["Temperature","Humidity"],"Temperature":4.38,"Humidity":0,"TIMESTAMP":"2022-11-27T18:54:47.154Z","BATT":100,"INTERVAL":1200},{"modelID":"ba-ec-6b-77-b9-e6","modelType":"Wi-SHT10A","DATAS":["Temperature","Humidity"],"Temperature":4.68,"Humidity":0,"TIMESTAMP":"2022-11-27T18:34:41.970Z","BATT":100,"INTERVAL":1200},{"modelID":"ba-ec-6b-77-b9-e6","modelType":"Wi-SHT10A","DATAS":["Temperature","Humidity"],"Temperature":4.65,"Humidity":0,"TIMESTAMP":"2022-11-27T18:14:23.338Z","BATT":100,"INTERVAL":1200},{"modelID":"ba-ec-6b-77-b9-e6","modelType":"Wi-SHT10A","DATAS":["Temperature","Humidity"],"Temperature":4.72,"Humidity":0,"TIMESTAMP":"2022-11-27T17:54:42.422Z","BATT":100,"INTERVAL":1200},{"modelID":"ba-ec-6b-77-b9-e6","modelType":"Wi-SHT10A","DATAS":["Temperature","Humidity"],"Temperature":4.78,"Humidity":0,"TIMESTAMP":"2022-11-27T17:34:37.891Z","BATT":100,"INTERVAL":1200},{"modelID":"ba-ec-6b-77-b9-e6","modelType":"Wi-SHT10A","DATAS":["Temperature","Humidity"],"Temperature":4.92,"Humidity":0,"TIMESTAMP":"2022-11-27T17:14:56.302Z","BATT":100,"INTERVAL":1200},{"modelID":"ba-ec-6b-77-b9-e6","modelType":"Wi-SHT10A","DATAS":["Temperature","Humidity"],"Temperature":4.95,"Humidity":0,"TIMESTAMP":"2022-11-27T16:54:39.608Z","BATT":100,"INTERVAL":1200}],"DAYHOURS":["20","19","18","17","16","15","14","13","12","11","10","9","8","7","6","5","4","3","2","1","0"]}