{"SENSORNAME":"COOLING TOWER A - CWR PRESS 1","SENSORTYPE":"WTRPRS(485)","DTUID":"201","SENSORID":"5","DATE0":"2022-11-28T11:56:05.526Z","DATE1":"2022-02-13T09:05:27.433Z","DAYDATA":[{"DTUID":"201","SENSORID":5,"FUNCID":3,"NDATA":2,"SENSORTYPE":"WATER-PRES","RCV_BYTES":["42BC","6666"],"DATAS":[17084,26214],"DATAS1":[],"DATAS2":[],"TIMESTAMP":"2022-11-28T11:56:05.526Z"},{"DTUID":"201","SENSORID":5,"FUNCID":3,"NDATA":2,"SENSORTYPE":"WATER-PRES","RCV_BYTES":["42BC","CDD3"],"DATAS":[17084,-12845],"DATAS1":[],"DATAS2":[],"TIMESTAMP":"2022-11-28T11:25:36.989Z"},{"DTUID":"201","SENSORID":5,"FUNCID":3,"NDATA":2,"SENSORTYPE":"WATER-PRES","RCV_BYTES":["42BB","FC6A"],"DATAS":[17083,-918],"DATAS1":[],"DATAS2":[],"TIMESTAMP":"2022-11-28T11:05:48.569Z"},{"DTUID":"201","SENSORID":5,"FUNCID":3,"NDATA":2,"SENSORTYPE":"WATER-PRES","RCV_BYTES":["42BB","94FE"],"DATAS":[17083,-27394],"DATAS1":[],"DATAS2":[],"TIMESTAMP":"2022-11-28T10:05:31.124Z"},{"DTUID":"201","SENSORID":5,"FUNCID":3,"NDATA":2,"SENSORTYPE":"WATER-PRES","RCV_BYTES":["42BC","6666"],"DATAS":[17084,26214],"DATAS1":[],"DATAS2":[],"TIMESTAMP":"2022-11-28T09:25:26.400Z"},{"DTUID":"201","SENSORID":5,"FUNCID":3,"NDATA":2,"SENSORTYPE":"WATER-PRES","RCV_BYTES":["42BC","6666"],"DATAS":[17084,26214],"DATAS1":[],"DATAS2":[],"TIMESTAMP":"2022-11-28T09:05:25.289Z"},{"DTUID":"201","SENSORID":5,"FUNCID":3,"NDATA":2,"SENSORTYPE":"WATER-PRES","RCV_BYTES":["42BB","FC6A"],"DATAS":[17083,-918],"DATAS1":[],"DATAS2":[],"TIMESTAMP":"2022-11-28T05:28:42.711Z"},{"DTUID":"201","SENSORID":5,"FUNCID":3,"NDATA":2,"SENSORTYPE":"WATER-PRES","RCV_BYTES":["42BB","FC6A"],"DATAS":[17083,-918],"DATAS1":[],"DATAS2":[],"TIMESTAMP":"2022-11-28T04:48:35.217Z"},{"DTUID":"201","SENSORID":5,"FUNCID":3,"NDATA":2,"SENSORTYPE":"WATER-PRES","RCV_BYTES":["42BB","94FE"],"DATAS":[17083,-27394],"DATAS1":[],"DATAS2":[],"TIMESTAMP":"2022-11-28T04:28:37.468Z"},{"DTUID":"201","SENSORID":5,"FUNCID":3,"NDATA":2,"SENSORTYPE":"WATER-PRES","RCV_BYTES":["42BC","6666"],"DATAS":[17084,26214],"DATAS1":[],"DATAS2":[],"TIMESTAMP":"2022-11-28T03:03:13.753Z"},{"DTUID":"201","SENSORID":5,"FUNCID":3,"NDATA":2,"SENSORTYPE":"WATER-PRES","RCV_BYTES":["42BB","94FE"],"DATAS":[17083,-27394],"DATAS1":[],"DATAS2":[],"TIMESTAMP":"2022-11-28T00:59:56.710Z"},{"DTUID":"201","SENSORID":5,"FUNCID":3,"NDATA":2,"SENSORTYPE":"WATER-PRES","RCV_BYTES":["42BB","94FE"],"DATAS":[17083,-27394],"DATAS1":[],"DATAS2":[],"TIMESTAMP":"2022-11-28T00:14:52.413Z"},{"DTUID":"201","SENSORID":5,"FUNCID":3,"NDATA":2,"SENSORTYPE":"WATER-PRES","RCV_BYTES":["42BB","94FE"],"DATAS":[17083,-27394],"DATAS1":[],"DATAS2":[],"TIMESTAMP":"2022-11-27T23:14:47.677Z"},{"DTUID":"201","SENSORID":5,"FUNCID":3,"NDATA":2,"SENSORTYPE":"WATER-PRES","RCV_BYTES":["42BB","FC6A"],"DATAS":[17083,-918],"DATAS1":[],"DATAS2":[],"TIMESTAMP":"2022-11-27T22:34:53.796Z"},{"DTUID":"201","SENSORID":5,"FUNCID":3,"NDATA":2,"SENSORTYPE":"WATER-PRES","RCV_BYTES":["42BB","94FE"],"DATAS":[17083,-27394],"DATAS1":[],"DATAS2":[],"TIMESTAMP":"2022-11-27T21:14:41.981Z"},{"DTUID":"201","SENSORID":5,"FUNCID":3,"NDATA":2,"SENSORTYPE":"WATER-PRES","RCV_BYTES":["42BB","2B85"],"DATAS":[17083,11141],"DATAS1":[],"DATAS2":[],"TIMESTAMP":"2022-11-27T20:34:33.532Z"},{"DTUID":"201","SENSORID":5,"FUNCID":3,"NDATA":2,"SENSORTYPE":"WATER-PRES","RCV_BYTES":["42BB","94FE"],"DATAS":[17083,-27394],"DATAS1":[],"DATAS2":[],"TIMESTAMP":"2022-11-27T20:14:34.612Z"},{"DTUID":"201","SENSORID":5,"FUNCID":3,"NDATA":2,"SENSORTYPE":"WATER-PRES","RCV_BYTES":["42BB","FC6A"],"DATAS":[17083,-918],"DATAS1":[],"DATAS2":[],"TIMESTAMP":"2022-11-27T19:34:28.895Z"},{"DTUID":"201","SENSORID":5,"FUNCID":3,"NDATA":2,"SENSORTYPE":"WATER-PRES","RCV_BYTES":["42BB","94FE"],"DATAS":[17083,-27394],"DATAS1":[],"DATAS2":[],"TIMESTAMP":"2022-11-27T19:14:28.621Z"},{"DTUID":"201","SENSORID":5,"FUNCID":3,"NDATA":2,"SENSORTYPE":"WATER-PRES","RCV_BYTES":["42BB","FC6A"],"DATAS":[17083,-918],"DATAS1":[],"DATAS2":[],"TIMESTAMP":"2022-11-27T18:34:25.852Z"},{"DTUID":"201","SENSORID":5,"FUNCID":3,"NDATA":2,"SENSORTYPE":"WATER-PRES","RCV_BYTES":["42BB","94FE"],"DATAS":[17083,-27394],"DATAS1":[],"DATAS2":[],"TIMESTAMP":"2022-11-27T18:14:27.451Z"},{"DTUID":"201","SENSORID":5,"FUNCID":3,"NDATA":2,"SENSORTYPE":"WATER-PRES","RCV_BYTES":["42BB","94FE"],"DATAS":[17083,-27394],"DATAS1":[],"DATAS2":[],"TIMESTAMP":"2022-11-27T17:14:19.934Z"}],"DAYHOURS":["19","18","17","13","12","11","8","7","6","5","4","3","2","1"]}