{"SENSORNAME":"AIR COMPRESSOR C3","SENSORTYPE":"WTRPRS(485)","DTUID":"215","SENSORID":"42","DATE0":"2022-11-28T09:05:45.420Z","DATE1":"2022-02-13T09:06:07.600Z","DAYDATA":[{"DTUID":"215","SENSORID":42,"FUNCID":3,"NDATA":2,"SENSORTYPE":"AIR-PRES","RCV_BYTES":["3F11","6873"],"DATAS":[16145,26739],"DATAS1":[],"DATAS2":[],"TIMESTAMP":"2022-11-28T09:05:45.420Z"},{"DTUID":"215","SENSORID":42,"FUNCID":3,"NDATA":2,"SENSORTYPE":"AIR-PRES","RCV_BYTES":["BDD9","1687"],"DATAS":[-16935,5767],"DATAS1":[],"DATAS2":[],"TIMESTAMP":"2022-11-28T08:29:18.836Z"},{"DTUID":"215","SENSORID":42,"FUNCID":3,"NDATA":2,"SENSORTYPE":"AIR-PRES","RCV_BYTES":["3F11","6873"],"DATAS":[16145,26739],"DATAS1":[],"DATAS2":[],"TIMESTAMP":"2022-11-28T05:29:02.712Z"},{"DTUID":"215","SENSORID":42,"FUNCID":3,"NDATA":2,"SENSORTYPE":"AIR-PRES","RCV_BYTES":["3F11","6873"],"DATAS":[16145,26739],"DATAS1":[],"DATAS2":[],"TIMESTAMP":"2022-11-28T04:48:55.237Z"},{"DTUID":"215","SENSORID":42,"FUNCID":3,"NDATA":2,"SENSORTYPE":"AIR-PRES","RCV_BYTES":["3F11","6873"],"DATAS":[16145,26739],"DATAS1":[],"DATAS2":[],"TIMESTAMP":"2022-11-28T04:28:57.309Z"},{"DTUID":"215","SENSORID":42,"FUNCID":3,"NDATA":2,"SENSORTYPE":"AIR-PRES","RCV_BYTES":["3F11","6873"],"DATAS":[16145,26739],"DATAS1":[],"DATAS2":[],"TIMESTAMP":"2022-11-28T03:03:33.813Z"},{"DTUID":"215","SENSORID":42,"FUNCID":3,"NDATA":2,"SENSORTYPE":"AIR-PRES","RCV_BYTES":["3F11","6873"],"DATAS":[16145,26739],"DATAS1":[],"DATAS2":[],"TIMESTAMP":"2022-11-28T00:15:12.613Z"},{"DTUID":"215","SENSORID":42,"FUNCID":3,"NDATA":2,"SENSORTYPE":"AIR-PRES","RCV_BYTES":["3F11","6873"],"DATAS":[16145,26739],"DATAS1":[],"DATAS2":[],"TIMESTAMP":"2022-11-27T23:15:07.997Z"},{"DTUID":"215","SENSORID":42,"FUNCID":3,"NDATA":2,"SENSORTYPE":"AIR-PRES","RCV_BYTES":["3F11","6873"],"DATAS":[16145,26739],"DATAS1":[],"DATAS2":[],"TIMESTAMP":"2022-11-27T19:34:48.904Z"},{"DTUID":"215","SENSORID":42,"FUNCID":3,"NDATA":2,"SENSORTYPE":"AIR-PRES","RCV_BYTES":["3F11","6873"],"DATAS":[16145,26739],"DATAS1":[],"DATAS2":[],"TIMESTAMP":"2022-11-27T18:14:47.013Z"}],"DAYHOURS":["17","16","13","12","11","8","7","3","2"]}