{"SENSORNAME":"DH1 - FE/HVC/R&D","SENSORTYPE":"PWRMTR(485)","DTUID":"112","SENSORID":8,"PWRMTR0":"111379","PWRMTR1":"2247","DAYDATA":[{"DTUID":"112","SENSORID":8,"FUNCID":3,"NDATA":2,"SENSORTYPE":"PWR-METER-POWER","RCV_BYTES":["00A9","F394"],"DATAS":[169,-3180],"DATAS1":[],"DATAS2":[],"TIMESTAMP":"2022-11-28T09:26:12.468Z"},{"DTUID":"112","SENSORID":8,"FUNCID":3,"NDATA":2,"SENSORTYPE":"PWR-METER-POWER","RCV_BYTES":["00A9","7F18"],"DATAS":[169,32536],"DATAS1":[],"DATAS2":[],"TIMESTAMP":"2022-11-27T19:35:14.975Z"},{"DTUID":"112","SENSORID":8,"FUNCID":3,"NDATA":2,"SENSORTYPE":"PWR-METER-POWER","RCV_BYTES":["00A9","76BC"],"DATAS":[169,30396],"DATAS1":[],"DATAS2":[],"TIMESTAMP":"2022-11-27T18:35:11.973Z"}],"DAYHOURS":["17","3","2"],"MNTH-2022_11":"111379","WK48":"111379","WK47":"108406","WK46":"104735","WK45":"101037","MNTH-2022_10":"85107","WK41":"85107","WK40":"83047","MNTH-2022_8":"54895","WK33":"54895","WK32":"52451","WK31":"48635","MNTH-2022_7":"47526","WK30":"44837","WK29":"40985","WK28":"37234","WK27":"33397","MNTH-2022_6":"30602","WK26":"29534","WK25":"25790","WK24":"22100","MNTH-2022_5":"4845","WK20":"4845","WK19":"3007"}