{"SENSORNAME":"WCPU OVERALL","SENSORTYPE":"PWRMTR(485)","DTUID":"1","SENSORID":1,"PWRMTR0":"240980","PWRMTR1":"4916","DAYDATA":[{"DTUID":"1","SENSORID":1,"FUNCID":3,"NDATA":2,"SENSORTYPE":"PWR-METER-POWER","RCV_BYTES":["016F","B4D0"],"DATAS":[367,-19248],"DATAS1":[],"DATAS2":[],"TIMESTAMP":"2022-11-28T11:26:48.747Z"},{"DTUID":"1","SENSORID":1,"FUNCID":3,"NDATA":2,"SENSORTYPE":"PWR-METER-POWER","RCV_BYTES":["016F","ADF0"],"DATAS":[367,-21008],"DATAS1":[],"DATAS2":[],"TIMESTAMP":"2022-11-28T11:06:54.508Z"},{"DTUID":"1","SENSORID":1,"FUNCID":3,"NDATA":2,"SENSORTYPE":"PWR-METER-POWER","RCV_BYTES":["016F","8690"],"DATAS":[367,-31088],"DATAS1":[],"DATAS2":[],"TIMESTAMP":"2022-11-28T09:26:38.201Z"},{"DTUID":"1","SENSORID":1,"FUNCID":3,"NDATA":2,"SENSORTYPE":"PWR-METER-POWER","RCV_BYTES":["016F","7E20"],"DATAS":[367,32288],"DATAS1":[],"DATAS2":[],"TIMESTAMP":"2022-11-28T09:06:37.259Z"},{"DTUID":"1","SENSORID":1,"FUNCID":3,"NDATA":2,"SENSORTYPE":"PWR-METER-POWER","RCV_BYTES":["016F","1CF0"],"DATAS":[367,7408],"DATAS1":[],"DATAS2":[],"TIMESTAMP":"2022-11-28T05:30:00.419Z"},{"DTUID":"1","SENSORID":1,"FUNCID":3,"NDATA":2,"SENSORTYPE":"PWR-METER-POWER","RCV_BYTES":["016F","0260"],"DATAS":[367,608],"DATAS1":[],"DATAS2":[],"TIMESTAMP":"2022-11-28T04:29:56.389Z"},{"DTUID":"1","SENSORID":1,"FUNCID":3,"NDATA":2,"SENSORTYPE":"PWR-METER-POWER","RCV_BYTES":["016E","A590"],"DATAS":[366,-23152],"DATAS1":[],"DATAS2":[],"TIMESTAMP":"2022-11-28T01:01:08.642Z"},{"DTUID":"1","SENSORID":1,"FUNCID":3,"NDATA":2,"SENSORTYPE":"PWR-METER-POWER","RCV_BYTES":["016E","92D0"],"DATAS":[366,-27952],"DATAS1":[],"DATAS2":[],"TIMESTAMP":"2022-11-28T00:16:10.713Z"},{"DTUID":"1","SENSORID":1,"FUNCID":3,"NDATA":2,"SENSORTYPE":"PWR-METER-POWER","RCV_BYTES":["016E","6DA0"],"DATAS":[366,28064],"DATAS1":[],"DATAS2":[],"TIMESTAMP":"2022-11-27T22:36:02.116Z"},{"DTUID":"1","SENSORID":1,"FUNCID":3,"NDATA":2,"SENSORTYPE":"PWR-METER-POWER","RCV_BYTES":["016E","54F0"],"DATAS":[366,21744],"DATAS1":[],"DATAS2":[],"TIMESTAMP":"2022-11-27T21:15:59.183Z"},{"DTUID":"1","SENSORID":1,"FUNCID":3,"NDATA":2,"SENSORTYPE":"PWR-METER-POWER","RCV_BYTES":["016E","48C0"],"DATAS":[366,18624],"DATAS1":[],"DATAS2":[],"TIMESTAMP":"2022-11-27T20:35:52.100Z"},{"DTUID":"1","SENSORID":1,"FUNCID":3,"NDATA":2,"SENSORTYPE":"PWR-METER-POWER","RCV_BYTES":["016E","42D0"],"DATAS":[366,17104],"DATAS1":[],"DATAS2":[],"TIMESTAMP":"2022-11-27T20:15:52.278Z"},{"DTUID":"1","SENSORID":1,"FUNCID":3,"NDATA":2,"SENSORTYPE":"PWR-METER-POWER","RCV_BYTES":["016E","3100"],"DATAS":[366,12544],"DATAS1":[],"DATAS2":[],"TIMESTAMP":"2022-11-27T19:15:46.476Z"},{"DTUID":"1","SENSORID":1,"FUNCID":3,"NDATA":2,"SENSORTYPE":"PWR-METER-POWER","RCV_BYTES":["016E","2480"],"DATAS":[366,9344],"DATAS1":[],"DATAS2":[],"TIMESTAMP":"2022-11-27T18:35:43.552Z"},{"DTUID":"1","SENSORID":1,"FUNCID":3,"NDATA":2,"SENSORTYPE":"PWR-METER-POWER","RCV_BYTES":["016E","1E90"],"DATAS":[366,7824],"DATAS1":[],"DATAS2":[],"TIMESTAMP":"2022-11-27T18:15:44.752Z"},{"DTUID":"1","SENSORID":1,"FUNCID":3,"NDATA":2,"SENSORTYPE":"PWR-METER-POWER","RCV_BYTES":["016E","0BD0"],"DATAS":[366,3024],"DATAS1":[],"DATAS2":[],"TIMESTAMP":"2022-11-27T17:15:38.233Z"}],"DAYHOURS":["19","17","13","12","9","8","6","5","4","3","2","1"],"MNTH-2022_11":"240980","WK48":"240980","WK47":"233602","WK46":"225355","WK45":"216335","WK44":"208598","MNTH-2022_10":"207591","WK43":"200058","WK42":"191458","WK41":"183214","WK40":"175322","MNTH-2022_9":"171332","WK39":"167453","WK38":"153818","WK37":"150609","WK36":"142499","MNTH-2022_8":"135658","WK35":"134585","WK34":"126183","WK33":"117738","WK32":"109252","WK31":"101057","MNTH-2022_7":"98730","WK30":"92708","WK29":"84290","WK28":"75654","WK27":"68074","MNTH-2022_6":"62376","WK26":"60119","WK25":"52207","WK24":"44148","WK23":"37285","MNTH-2022_5":"29475","WK22":"29475","WK21":"21445","WK20":"14062","WK19":"6485"}