{"SENSORNAME":"AIR COMPR C3","SENSORTYPE":"PWRMTR(485)","DTUID":"113","SENSORID":6,"PWRMTR0":"77491","PWRMTR1":"1156","DAYDATA":[{"DTUID":"113","SENSORID":6,"FUNCID":3,"NDATA":2,"SENSORTYPE":"PWR-METER-POWER","RCV_BYTES":["0076","3DD8"],"DATAS":[118,15832],"DATAS1":[],"DATAS2":[],"TIMESTAMP":"2022-11-28T11:56:49.568Z"},{"DTUID":"113","SENSORID":6,"FUNCID":3,"NDATA":2,"SENSORTYPE":"PWR-METER-POWER","RCV_BYTES":["0076","3C70"],"DATAS":[118,15472],"DATAS1":[],"DATAS2":[],"TIMESTAMP":"2022-11-28T11:26:21.008Z"},{"DTUID":"113","SENSORID":6,"FUNCID":3,"NDATA":2,"SENSORTYPE":"PWR-METER-POWER","RCV_BYTES":["0076","3BBC"],"DATAS":[118,15292],"DATAS1":[],"DATAS2":[],"TIMESTAMP":"2022-11-28T11:06:26.776Z"},{"DTUID":"113","SENSORID":6,"FUNCID":3,"NDATA":2,"SENSORTYPE":"PWR-METER-POWER","RCV_BYTES":["0076","361C"],"DATAS":[118,13852],"DATAS1":[],"DATAS2":[],"TIMESTAMP":"2022-11-28T08:29:42.725Z"},{"DTUID":"113","SENSORID":6,"FUNCID":3,"NDATA":2,"SENSORTYPE":"PWR-METER-POWER","RCV_BYTES":["0076","2FB4"],"DATAS":[118,12212],"DATAS1":[],"DATAS2":[],"TIMESTAMP":"2022-11-28T05:29:26.658Z"},{"DTUID":"113","SENSORID":6,"FUNCID":3,"NDATA":2,"SENSORTYPE":"PWR-METER-POWER","RCV_BYTES":["0076","2D84"],"DATAS":[118,11652],"DATAS1":[],"DATAS2":[],"TIMESTAMP":"2022-11-28T04:29:21.507Z"},{"DTUID":"113","SENSORID":6,"FUNCID":3,"NDATA":2,"SENSORTYPE":"PWR-METER-POWER","RCV_BYTES":["0076","2618"],"DATAS":[118,9752],"DATAS1":[],"DATAS2":[],"TIMESTAMP":"2022-11-28T01:00:40.743Z"},{"DTUID":"113","SENSORID":6,"FUNCID":3,"NDATA":2,"SENSORTYPE":"PWR-METER-POWER","RCV_BYTES":["0076","2258"],"DATAS":[118,8792],"DATAS1":[],"DATAS2":[],"TIMESTAMP":"2022-11-27T23:15:38.221Z"},{"DTUID":"113","SENSORID":6,"FUNCID":3,"NDATA":2,"SENSORTYPE":"PWR-METER-POWER","RCV_BYTES":["0076","1C90"],"DATAS":[118,7312],"DATAS1":[],"DATAS2":[],"TIMESTAMP":"2022-11-27T20:35:17.932Z"},{"DTUID":"113","SENSORID":6,"FUNCID":3,"NDATA":2,"SENSORTYPE":"PWR-METER-POWER","RCV_BYTES":["0076","1A74"],"DATAS":[118,6772],"DATAS1":[],"DATAS2":[],"TIMESTAMP":"2022-11-27T19:35:12.716Z"},{"DTUID":"113","SENSORID":6,"FUNCID":3,"NDATA":2,"SENSORTYPE":"PWR-METER-POWER","RCV_BYTES":["0076","19C0"],"DATAS":[118,6592],"DATAS1":[],"DATAS2":[],"TIMESTAMP":"2022-11-27T19:15:12.885Z"},{"DTUID":"113","SENSORID":6,"FUNCID":3,"NDATA":2,"SENSORTYPE":"PWR-METER-POWER","RCV_BYTES":["0076","1844"],"DATAS":[118,6212],"DATAS1":[],"DATAS2":[],"TIMESTAMP":"2022-11-27T18:35:09.813Z"},{"DTUID":"113","SENSORID":6,"FUNCID":3,"NDATA":2,"SENSORTYPE":"PWR-METER-POWER","RCV_BYTES":["0076","1628"],"DATAS":[118,5672],"DATAS1":[],"DATAS2":[],"TIMESTAMP":"2022-11-27T17:35:08.062Z"}],"DAYHOURS":["19","16","13","12","9","7","4","3","2","1"],"MNTH-2022_11":"77491","WK48":"77491","WK47":"76972","WK46":"75461","WK45":"72928","WK44":"69873","MNTH-2022_10":"69445","WK43":"67554","WK42":"65122","WK41":"60585","WK40":"56643","MNTH-2022_9":"54048","WK39":"52421","WK38":"51402","WK37":"48728","WK36":"46688","MNTH-2022_8":"44037","WK35":"43628","WK34":"40252","WK33":"37593","WK32":"34890","WK31":"32598","MNTH-2022_7":"31799","WK30":"29847","WK29":"27627","WK28":"24519","WK27":"21834","MNTH-2022_6":"19443","WK26":"18591","WK25":"16023","WK24":"13473","WK23":"11127","MNTH-2022_5":"8926","WK22":"8926","WK21":"6867","WK20":"4367","WK19":"1730"}