{
    "type": "FeatureCollection",
    "features":[
        {
            "type"      : "Feature",
            "geometry"  : {
                "type"          : "Point",
                "coordinates"   : [103.81962774566638,1.4703645587488792]},
            "properties": { 
                "id"        : 101,
                "category"  : "YACHT CLUB",
                "phone"     : "2023879338",
                "name"      : "SAF YACHT CLUB",
                "image"     : "SAF-Yacht-Club.jpg",
                "city"      : "SINGAPORE",
                "country"   : "SINGAPORE" }
        },
        {
            "type"      : "Feature",
            "geometry"  : {
                "type"          : "Point",
                "coordinates"   : [103.97984910849837,1.3943303107600893]},
            "properties": {
                "id"        : 102,
                "category"  : "YACHT CLUB",
                "phone"     : "2023879338",
                "name"      : "CHANGI SAILING CLUB",
                "image"     : "Changi_Sailing_Club.jpg",
                "city"      : "SINGAPORE",
                "country"   : "SINGAPORE" }
        },
        {
            "type"      : "Feature",
            "geometry"  : {
                "type"          : "Point",
                "coordinates"   : [103.83990320421883,1.247093587984531]},
            "properties": {
                "id"        : 103,
                "category"  : "YACHT CLUB",
                "phone"     : "2023879338",
                "name"      : "SINGAPORE YACHT CENTER",
                "image"     : "Singapore_Yatch_Center.jpg",
                "city"      : "SINGAPORE",
                "country"   : "SINGAPORE" }
        },
        {
            "type"      : "Feature",
            "geometry": {
                "type"          : "Point",
                "coordinates"   : [103.76304671891175,1.2940597990451193]},
            "properties": {
                "id"        : 104,
                "category"  : "YACHT CLUB",
                "phone"     : "2023879338",
                "name"      : "POLY MARINA",
                "image"     : "PolyMarina.jpg",
                "city"      : "SINGAPORE",
                "country"   : "SINGAPORE" }
        },
        {
            "type"      : "Feature",
            "geometry"  : {
                "type"          : "Point",
                "coordinates"   : [103.63517453468337,1.342994379976771]},
            "properties": {
                "id"        : 105,
                "category"  : "YACHT CLUB",
                "phone"     : "2023879338",
                "name"      : "RAFFLES MARINA",
                "image"     : "raffles-marina-1.jpg",
                "city"      : "SINGAPORE",
                "country"   : "SINGAPORE" }
        },
        {
            "type"      : "Feature",
            "geometry"  : {
                "type"          : "Point",
                "coordinates"   : [103.98817301547308,1.3156422322811385]},
            "properties": {
                "id"        : 106,
                "category"  : "FERRY TERMINAL",
                "phone"     : "2023879338",
                "name"      : "TANAH MERAH FERRY TERMINAL",
                "image"     : "Tanah-Merah-Ferry-Terminal.jpeg",
                "city"      : "SINGAPORE",
                "country"   : "SINGAPORE" }
        },
        {
            "type"      : "Feature",
            "geometry"  : {
                "type"          : "Point",
                "coordinates"   : [103.81770777872292,1.2623339330660566]},
            "properties": {
                "id"        : 107,
                "category"  : "FERRY TERMINAL",
                "phone"     : "2023879338",
                "name"      : "HARBOUR FRONT CENTER",
                "image"     : "vivocity1.jpg",
                "city"      : "SINGAPORE",
                "country"   : "SINGAPORE" }
        },
        {
            "type"      : "Feature",
            "geometry"  : {
                "type"          : "Point",
                "coordinates"   : [103.86084071735965,1.2239735103390035]},
            "properties": {
                "id"        : 108,
                "category"  : "ISLAND",
                "phone"     : "2023879338",
                "name"      : "KUSO ISLAND",
                "image"     : "kusu-islnd.png",
                "city"      : "SINGAPORE",
                "country"   : "SINGAPORE" }
        },
        {
            "type"      : "Feature",
            "geometry"  : {
                "type"          : "Point",
                "coordinates"   : [103.97015974662384,1.4025038033289177]},
            "properties": {
                "id"        : 109,
                "category"  : "ISLAND",
                "phone"     : "2023879338",
                "name"      : "PULAU UBIN",
                "image"     : "pulau-ubin.jpg",
                "city"      : "SINGAPORE",
                "country"   : "SINGAPORE" }
        },
        {
            "type"      : "Feature",
            "geometry"  : {
                "type"          : "Point",
                "coordinates"   : [103.44162580232371,1.3262173844462999]},
            "properties": {
                "id"        : 201,
                "category"  : "ISLAND",
                "phone"     : "2023879338",
                "name"      : "KUKUP FERRY",
                "image"     : "kukup-1.jpg",
                "city"      : "KUKUP",
                "country"   : "MALAYSIA" }
        },
        {
            "type"      : "Feature",
            "geometry"  : {
                "type"          : "Point",
                "coordinates"   : [104.15793647711445,2.819500527289706]},
            "properties": {
                "id"        : 202,
                "category"  : "ISLAND",
                "phone"     : "2023879338",
                "name"      : "TIOMAN",
                "image"     : "tioman-1.jpg",
                "city"      : "TIOMAN",
                "country"   : "MALAYSIA" }
        },
        {
            "type"      : "Feature",
            "geometry"  : {
                "type"          : "Point",
                "coordinates"   : [102.32796257153497,2.113628488042799]},
            "properties": {
                "id"        : 203,
                "category"  : "ISLAND",
                "phone"     : "2023879338",
                "name"      : "PULAU BESAR",
                "image"     : "Pulau-Besar.jpg",
                "city"      : "TIOMAN",
                "country"   : "MALAYSIA" }
        },
        {
            "type"      : "Feature",
            "geometry"  : {
                "type"          : "Point",
                "coordinates"   : [104.32021164627562,1.160738062822681]},
            "properties": {
                "id"        : 301,
                "category"  : "ISLAND",
                "phone"     : "2023879338",
                "name"      : "BANDAR BINTAN",
                "image"     : "bintan-resorts-marina.jpg",
                "city"      : "BINTAN",
                "country"   : "INDONESIA" }
        },
        {
            "type"      : "Feature",
            "geometry"  : {
                "type"          : "Point",
                "coordinates"   : [103.99677606796953,1.153376108033807]},
            "properties": {
                "id"        : 302,
                "category"  : "ISLAND",
                "phone"     : "2023879338",
                "image"     : "Batam-Island.jpg",
                "name"      : "BATAM",
                "city"      : "BATAM",
                "country"   : "INDONESIA" }
        }
    ]
}